anio_acci,nro_acci,fecha,desc_dia,hora_aprox,desc_ruta,km,cant_participantes,desc_participante,calle_avenida_km,total,heridos_leves,heridos_graves,heridos_gravisimos,ilesos,fallecidos,sin_datos,posicion_XY,desc_tipo_via,desc_ruta_ori,desc_loc,desc_dpto,desc_tipo_calzada,desc_tipo_banquina,desc_unidad_regional,desc_lugar_calzada,desc_zona,desc_prioridad,desc_estado_semaforo,desc_lugar_via,desc_estado_via,desc_estado_visibilidad,desc_luminosidad,desc_estado_clima,desc_tipo_colision,desc_tipo_atropello,desc_tipo_hecho,desc_pres_calzada,desc_senializacion,desc_separacion_via,desc_restriccion
2020,132,2020-01-08,Miercoles,21:45:00,,0,2,"Moto/Ciclomotor,Automóvil",Av Pe�aloza Y Gorostiaga,2,1,0,0,1,0,0,"-31.60823, -60.71298",Avenida,,SANTA FE,La Capital,Asfalto,No existe,I,S/D,Urbana,Semáforo,Funciona,Intersección,Bueno,Buena,Con luz artificial,Buen Tiempo,Lateral,S/D,Colisión,S/D,Vertical,S/D,Sin restricción
2020,133,2020-01-17,Viernes,20:30:00,,0,2,"Camión c / Semirremolque,Peatón",Esperanza Y 9 de Julio,2,0,1,0,1,0,0,"-31.58212, -60.93936",Calle,,FRANCK,Las Colonias,Asfalto,No existe,XI,Dentro,Urbana,Ninguna,No existe,Intersección,Bueno,Buena,Nocturna,Buen Tiempo,S/D,Peatón,Atropello,Ninguna,Faltante,Ninguna,Sin restricción
2020,134,2020-01-01,Miercoles,14:35:00,,0,2,"Moto/Ciclomotor,Moto/Ciclomotor",Pbro Martinez Y Estanislao Lopez,2,2,0,0,0,0,0,"-31.48729, -60.73889",S/D,,RECREO,La Capital,S/D,S/D,I,S/D,Urbana,S/D,S/D,S/D,S/D,S/D,Diurna,S/D,S/D,S/D,S/D,S/D,S/D,S/D,S/D
2020,135,2020-01-11,Sabado,,,0,2,"Moto/Ciclomotor,Automóvil",Av Lopez y Planes Y Bolivia,3,2,0,0,0,0,1,"-31.62388, -60.71344",Avenida,,SANTA FE,La Capital,Asfalto,No existe,I,S/D,Urbana,Semáforo,Funciona,Intersección,Bueno,Buena,Diurna,Buen Tiempo,Lateral,S/D,Colisión,S/D,Vertical,S/D,Sin restricción
2020,136,2020-01-05,Domingo,8:00:00,Ruta Provincial 70,0,1,Moto/Ciclomotor,Av de Circunvalacion,1,1,0,0,0,0,0,"-31.49788, -60.75224",Ruta,70,RECREO,La Capital,Asfalto,No existe,I,S/D,S/D,Ninguna,No existe,Curva,Otro,Buena,Diurna,Otro,S/D,S/D,Despiste,Ninguna,Faltante,Ninguna,Sin restricción
2020,137,2020-01-17,Viernes,9:25:00,,0,2,"Moto/Ciclomotor,Moto/Ciclomotor",Juan Jose Paso Y G Lehmann,2,2,0,0,0,0,0,"-31.44837, -60.94091",Calle,,ESPERANZA,Las Colonias,Asfalto,No existe,XI,Dentro,Urbana,Ninguna,No existe,Intersección,Bueno,Buena,Diurna,Buen Tiempo,Lateral,S/D,Colisión,Ninguna,Vertical,Ninguna,Sin restricción
2020,138,2020-01-28,Martes,18:20:00,Ruta Provincial 1,14.5,1,Moto/Ciclomotor,Calle 68 Y Ruta Nac 1,1,0,1,0,0,0,0,"    -31.55414, -60.51555",Ruta,1,ARROYO LEYES,La Capital,Asfalto,Natural,I,S/D,Rural,Marca Vial,No existe,Cruce,Bueno,Buena,Diurna,Buen Tiempo,Atropello animal,S/D,Colisión,Ninguna,Vertical,Línea divisoria pintada,Sin restricción
2020,139,2020-01-11,Sabado,,,0,2,"Peatón,Automóvil",Iturraspe Y Sebastian Gaboto,2,1,0,0,0,0,1,"-31.62536, -60.72137",Calle,,SANTA FE,La Capital,Asfalto,No existe,I,S/D,Urbana,Semáforo,Funciona,Intersección,Bueno,Buena,Diurna,Buen Tiempo,S/D,Peatón,Atropello,S/D,Vertical,S/D,Sin restricción
2020,140,2020-01-01,Miercoles,3:15:00,,0,2,"Automóvil,Automóvil",Av Blas Parera Y Callejon Aguirre,5,3,0,0,2,0,0,"-31.59051, -60.72447",Avenida,,SANTA FE,La Capital,Asfalto,No existe,I,S/D,Urbana,Ninguna,No existe,Recta,Bueno,Buena,Nocturna,Buen Tiempo,S/D,S/D,S/D,Ninguna,Horizontal,Ninguna,S/D
2020,141,2020-01-12,Domingo,,,0,1,Moto/Ciclomotor,Av Blas Parera Y Derqui,1,1,0,0,0,0,0,"-31.61246, -60.71841",Avenida,,SANTA FE,La Capital,Asfalto,No existe,I,S/D,Urbana,Semáforo,Funciona,Intersección,Bueno,Buena,Diurna,Buen Tiempo,S/D,S/D,Cañda ocupante,S/D,Vertical,Línea divisoria pintada,Sin restricción
2020,142,2020-01-29,Miercoles,10:10:00,,0,2,"Moto/Ciclomotor,Pickup/Utilitario",Avenida General Bartolome Mitr Y Cristobal Colon,4,3,0,0,1,0,0,"    -31.6698, -60.75391",Avenida,,SANTO TOMÉ,La Capital,Asfalto,S/D,I,Dentro,Urbana,Ninguna,No existe,Intersección,Bueno,Buena,"Diurna,Con luz artificial",Buen Tiempo,Lateral,S/D,Colisión,Ninguna,"Horizontal,Vertical",Ninguna,Obra en Construcción
2020,143,2020-01-17,Viernes,15:34:00,,0,1,Moto/Ciclomotor,Av Cordoba Y M M T de Hoenfels,1,1,0,0,0,0,0,"-31.44597, -60.94309",Calle,,ESPERANZA,Las Colonias,Asfalto,No existe,XI,S/D,Urbana,Ninguna,No existe,Intersección,Bueno,Buena,Diurna,Buen Tiempo,S/D,S/D,Despiste,Ninguna,Vertical,Ninguna,Sin restricción
2020,144,2020-01-08,Miercoles,23:55:00,,0,2,"Automóvil,Moto/Ciclomotor",9 de Julio Y Hipolito Yrigoyen,2,1,0,0,1,0,0,"-31.64177, -60.70789",Calle,,SANTA FE,La Capital,S/D,S/D,I,Dentro,Urbana,Ninguna,No existe,Intersección,Bueno,Buena,"Nocturna,Con luz artificial",Buen Tiempo,Lateral,S/D,Colisión,Ninguna,Faltante,Ninguna,Sin restricción
2020,145,2020-01-01,Miercoles,20:20:00,,0,2,"Moto/Ciclomotor,Automóvil",,3,2,0,0,1,0,0,"-31.61385, -60.69612",Calle,,SANTA FE,La Capital,Asfalto,No existe,I,S/D,Urbana,Ninguna,No existe,Intersección,Con baches,Reducida,Nocturna,Buen Tiempo,De alcance,S/D,Colisión,Material Suelto,Faltante,Ninguna,Sin restricción
2020,146,2020-01-17,Viernes,19:25:00,,0,2,"Pickup/Utilitario,Moto/Ciclomotor",Bartolome Mitre Y Av Cordoba,7,2,0,0,4,0,1,"-31.44744, -60.93678",Calle,,ESPERANZA,Las Colonias,Asfalto,No existe,XI,Dentro,Urbana,Ninguna,No existe,Intersección,Bueno,Buena,Atardecer,Buen Tiempo,S/D,S/D,Colisión,Ninguna,Vertical,Ninguna,Sin restricción
2020,147,2020-01-14,Martes,22:55:00,,0,2,"Pickup/Utilitario,Moto/Ciclomotor",Bv Pellegrini Y 9 de Julio,2,1,0,0,1,0,0,"-31.6351, -60.70588",Calle,,SANTA FE,La Capital,Asfalto,Pavimento,I,Dentro,Urbana,Ninguna,Funciona,Intersección,Bueno,Buena,"Nocturna,Con luz artificial",Buen Tiempo,Lateral,S/D,Colisión,S/D,Faltante,Ninguna,Sin restricción
2020,148,2020-01-07,Martes,9:50:00,,0,2,"Automóvil,Moto/Ciclomotor",Av Blas Parera Y Florencio Fernandez,2,1,0,0,1,0,0,"-31.57624, -60.72815",Avenida,,SANTA FE,La Capital,Asfalto,No existe,I,S/D,Urbana,Semáforo,Funciona,Intersección,Bueno,Buena,Diurna,Buen Tiempo,De alcance,S/D,Colisión,Ninguna,Horizontal,Ninguna,Sin restricción
2020,149,2020-01-14,Martes,20:20:00,,0,2,"Peatón,Automóvil",Av Urquiza Y Candido Pujato,2,1,0,0,1,0,0,"-31.63278, -60.70951",Calle,,SANTA FE,La Capital,S/D,Pavimento,I,Dentro,Urbana,Ninguna,S/D,Intersección,S/D,S/D,Nocturna,Buen Tiempo,S/D,Peatón,Atropello,S/D,Faltante,Ninguna,Sin restricción
2020,150,2020-01-02,Jueves,11:35:00,,0,2,"Automóvil,Otros",Rivadavia Y Azcuenaga,2,1,0,0,1,0,0,"-31.59514, -60.68903",Calle,,SANTA FE,La Capital,Asfalto,S/D,I,S/D,Urbana,S/D,S/D,Otro,Bueno,S/D,Diurna,Otro,Otro,S/D,Otro,Otro,S/D,Cordón divisorio,Sin restricción
2020,151,2020-01-25,Sabado,8:10:00,,0,1,Otros,Pres Domingo Faustino Sarmient Y Juan Jose Paso,1,1,0,0,0,0,0,"    -31.65962, -60.77447",Calle,,SANTO TOMÉ,La Capital,Asfalto,No existe,I,Dentro,Urbana,Ninguna,No existe,Intersección,Bueno,Buena,Diurna,Buen Tiempo,S/D,S/D,Colisión,Ninguna,Faltante,Ninguna,Sin restricción
2020,152,2020-01-15,Miercoles,13:25:00,,0,2,"Moto/Ciclomotor,Automóvil",San Jeronimo 3300,2,1,0,0,1,0,0,"-31.63759, -60.7054",Calle,,SANTA FE,La Capital,Asfalto,Pavimento,I,Dentro,Urbana,S/D,No existe,Recta,Bueno,Buena,Diurna,Buen Tiempo,Lateral,S/D,Colisión,Ninguna,Faltante,Ninguna,Sin restricción
2020,153,2020-01-28,Martes,22:05:00,,0,2,"Moto/Ciclomotor,Pickup/Utilitario",Juan Bautista Alberdi Y General Manuel Belgrano,2,0,1,0,1,0,0,"    -31.68198, -60.76425",Calle,,SANTO TOMÉ,La Capital,Asfalto,No existe,I,Dentro,Urbana,Ninguna,Funciona,Intersección,Bueno,Buena,Nocturna,Buen Tiempo,Lateral,S/D,Colisión,S/D,S/D,Ninguna,Sin restricción
2020,154,2020-01-17,Viernes,23:30:00,Autopista Nacional Gral. Juan Jose Valle,273,2,"Automóvil,Automóvil",,6,2,0,0,4,0,0,"-33.02677, -60.66398",Autopista,Gral. Juan Jose Valle,GENERAL LAGOS,Rosario,Asfalto,Natural,II,Dentro,Rural,Ninguna,No existe,Recta,Bueno,Reducida,Nocturna,Buen Tiempo,De alcance,S/D,Colisión,Ninguna,"Horizontal,Vertical",Vegetación,Sin restricción
2020,155,2020-01-27,Lunes,16:00:00,,0,2,"Pickup/Utilitario,Moto/Ciclomotor",Malvinas Argentinas Y Panama,3,1,1,0,1,0,0,"    -31.78368, -60.83754",Calle,,SAUCE VIEJO,La Capital,Ripio,No existe,I,Dentro,Urbana,Ninguna,No existe,Intersección,Bueno,Buena,Diurna,Buen Tiempo,Lateral,S/D,Colisión,Ninguna,Faltante,Ninguna,Sin restricción
2020,156,2020-01-10,Viernes,21:55:00,,0,2,"Bicicleta,Pickup/Utilitario",4 de Enero Y Mariano Comas,2,1,0,0,1,0,0,"-31.63181, -60.7078",Calle,,SANTA FE,La Capital,Asfalto,Pavimento,I,Dentro,Urbana,Ninguna,No existe,Intersección,Bueno,Buena,"Nocturna,Con luz artificial",Buen Tiempo,S/D,Ciclista,Atropello,Ninguna,S/D,Ninguna,Sin restricción
2020,157,2020-01-11,Sabado,22:50:00,,0,2,"Moto/Ciclomotor,Automóvil",Bv Pellegrini Y 1ro de Mayo,2,1,0,0,1,0,0,"-31.63488, -60.70709",Calle,,SANTA FE,La Capital,S/D,Pavimento,I,Dentro,Urbana,Ninguna,S/D,Intersección,Bueno,Buena,"Nocturna,Con luz artificial",Buen Tiempo,Lateral,S/D,Colisión,Ninguna,S/D,Ninguna,Sin restricción
2020,158,2020-01-17,Viernes,17:40:00,,0,2,"Bicicleta,Automóvil",Uruguay Y Av. C.Casado,2,1,0,0,1,0,0,"-32.9722, -60.67272",Calle,,ROSARIO,Rosario,Asfalto,No existe,II,S/D,Urbana,S/D,S/D,Intersección,Bueno,Buena,Atardecer,Buen Tiempo,S/D,Ciclista,Atropello,Ninguna,S/D,Ninguna,Sin restricción
2020,159,2020-01-25,Sabado,14:00:00,,0,1,Moto/Ciclomotor,Juan Diaz de Solis,1,1,0,0,0,0,0,"    -31.50739, -60.72037",Calle,,RECREO,La Capital,Ripio,No existe,I,Dentro,Urbana,Ninguna,No existe,Recta,Ahuellamiento,Buena,Diurna,Otro,S/D,S/D,Despiste,Ninguna,Faltante,Ninguna,Sin restricción
2020,160,2020-01-13,Lunes,16:40:00,,0,2,"Moto/Ciclomotor,Automóvil",Rivadavia Y Suipacha,2,1,0,0,1,0,0,"-31.64058, -60.7025",Calle,,SANTA FE,La Capital,Asfalto,Pavimento,I,Dentro,Urbana,Ninguna,S/D,Intersección,Bueno,Buena,Diurna,Buen Tiempo,Lateral,S/D,Colisión,Ninguna,Faltante,Ninguna,Sin restricción
2020,163,2020-01-24,Viernes,16:00:00,,0,2,"Moto/Ciclomotor,Automóvil",25 de Mayo Y 9 de Julio,2,1,0,0,1,0,0,"    -31.268, -60.76174",Calle,,NELSON,La Capital,Asfalto,No existe,I,Dentro,Urbana,Ninguna,No existe,Intersección,Bueno,Buena,Diurna,Buen Tiempo,Lateral,S/D,Colisión,Ninguna,Faltante,Ninguna,Sin restricción
2020,164,2020-01-25,Sabado,6:30:00,,0,2,"Peatón,Otros",Pavon Y Necochea,2,1,0,0,1,0,0,"    -31.59829, -60.68297",Calle,,SANTA FE,La Capital,Asfalto,No existe,I,Dentro,Urbana,Otra Señal,No existe,Intersección,Otro,Reducida,Amanecer,Otro,Otro,S/D,Otro,Ninguna,Faltante,Ninguna,Sin restricción
2020,165,2020-01-18,Sabado,23:05:00,,0,2,"Moto/Ciclomotor,Pickup/Utilitario",Santa Fe Y Av. Corrientes,2,0,0,1,1,0,0,"-32.94432, -60.642",Calle,,ROSARIO,Rosario,Asfalto,No existe,II,S/D,Urbana,Semáforo,Funciona,Intersección,Bueno,Buena,"Nocturna,Con luz artificial",Buen Tiempo,S/D,S/D,Colisión,Ninguna,Vertical,Ninguna,Sin restricción
2020,166,2020-01-10,Viernes,14:30:00,,0,2,"Automóvil,Moto/Ciclomotor",4 de Enero Y Bv Pellegrini,2,1,0,0,1,0,0,"-31.63454, -60.70858",Calle,,SANTA FE,La Capital,Asfalto,S/D,I,S/D,Urbana,S/D,S/D,Intersección,Bueno,Buena,Diurna,Buen Tiempo,S/D,S/D,Colisión,Ninguna,Faltante,Ninguna,Sin restricción
2020,167,2020-01-25,Sabado,14:50:00,Autopista Nacional A008,5,1,Moto/Ciclomotor,Av. Circunvalacion Y Mendoza,1,1,0,0,0,0,0,"    -32.94046, -60.72248",Autopista,A008,ROSARIO,Rosario,Asfalto,Pavimento,II,Dentro,Urbana,Otra Señal,No existe,Recta,Bueno,Buena,"Nocturna,Con luz artificial",Buen Tiempo,Otro,S/D,Despiste,Ninguna,Horizontal,"Barrera de hormigón,Guardarrail",Sin restricción
2020,168,2020-01-14,Martes,9:20:00,,0,2,"Moto/Ciclomotor,Automóvil",4 de Enero Y Gdor Crespo,2,1,0,0,1,0,0,"-31.64012, -60.71013",Calle,,SANTA FE,La Capital,Asfalto,Pavimento,I,Dentro,Urbana,Ninguna,S/D,Intersección,Bueno,Buena,Diurna,Buen Tiempo,Lateral,S/D,Colisión,Ninguna,Faltante,Ninguna,Sin restricción
2020,169,2020-01-18,Sabado,12:00:00,,0,2,"Moto/Ciclomotor,Automóvil",Av. Uriburu Y Rvdo.J.Margis,3,2,0,0,1,0,0,"-32.99122, -60.66206",Avenida,,ROSARIO,Rosario,Asfalto,No existe,II,Dentro,Urbana,Ninguna,No existe,Intersección,Bueno,Buena,Diurna,Buen Tiempo,Lateral,S/D,Colisión,Ninguna,Faltante,Ninguna,Sin restricción
2020,170,2020-01-26,Domingo,18:30:00,Autopista Nacional A008,8,1,Automóvil,Av. Circunvalacion Y Av. Pellegrini,2,2,0,0,0,0,0,"    -32.94882, -60.7219",Autopista,A008,ROSARIO,Rosario,Asfalto,Pavimento,II,Dentro,Urbana,Señal Ceda el Paso,No existe,Curva,Bueno,Buena,Diurna,Buen Tiempo,S/D,S/D,Despiste,Ninguna,Vertical,Guardarrail,Sin restricción
2020,171,2020-01-17,Viernes,11:00:00,,0,2,"Moto/Ciclomotor,Pickup/Utilitario",Mendoza Y Rivadavia,2,1,0,0,1,0,0,"-33.05979, -60.62222",Calle,,SANTA FE,La Capital,Asfalto,Pavimento,I,Dentro,Urbana,Ninguna,S/D,Intersección,Bueno,Buena,Diurna,Buen Tiempo,Lateral,S/D,Colisión,Ninguna,Faltante,Ninguna,Sin restricción
2020,172,2020-01-26,Domingo,23:00:00,Autopista Nacional A008,8,1,Moto/Ciclomotor,Av. Pellegrini Y Av. Circunvalacion,1,1,0,0,0,0,0,"    -32.94882, -60.7219",Autopista,A008,ROSARIO,Rosario,Asfalto,Pavimento,II,Dentro,Urbana,Señal Ceda el Paso,No existe,Curva,Bueno,Buena,Nocturna,S/D,S/D,S/D,Cañda ocupante,Ninguna,S/D,Guardarrail,Sin restricción
2020,173,2020-01-12,Domingo,12:55:00,,0,2,"Pickup/Utilitario,Automóvil",San Jeronimo Y Gdor Crespo,2,1,0,0,1,0,0,"-31.64091, -60.7064",Calle,,SANTA FE,La Capital,Asfalto,Pavimento,I,S/D,Urbana,S/D,No existe,Intersección,Bueno,Buena,Diurna,Buen Tiempo,Lateral,S/D,Colisión,Ninguna,S/D,Ninguna,Sin restricción
2020,174,2020-01-18,Sabado,20:10:00,Ruta Provincial 2,15,1,Automóvil,,4,3,0,0,1,0,0,"-31.45113, -60.6711",Ruta,2,MONTE VERA,La Capital,Tierra,Natural,I,Fuera,Rural,Ninguna,No existe,Recta,Bueno,Buena,Nocturna,Buen Tiempo,Contra objeto fijo,S/D,Colisión,Ninguna,Faltante,Ninguna,Sin restricción
2020,175,2020-01-13,Lunes,13:40:00,,0,2,"Moto/Ciclomotor,Automóvil",Av 27 de Febrero Y La Rioja,2,1,0,0,1,0,0,"-31.64683, -60.70209",Avenida,,SANTA FE,La Capital,Asfalto,S/D,I,S/D,Urbana,Ninguna,Funciona,Intersección,Bueno,Buena,Diurna,Buen Tiempo,Lateral,S/D,Colisión,Ninguna,S/D,Ninguna,Sin restricción
2020,176,2020-01-29,Miercoles,22:35:00,Autopista Nacional A008,7,2,"Moto/Ciclomotor,Automóvil",Av. Circunvalacion Y Av. Sorrento,2,2,0,0,0,0,0,"    -32.90838, -60.72404",Autopista,A008,ROSARIO,Rosario,Asfalto,S/D,II,Dentro,Urbana,S/D,S/D,Recta,Bueno,S/D,Nocturna,Lluvia,S/D,S/D,Colisión,Ninguna,S/D,S/D,S/D
2020,177,2020-01-18,Sabado,10:15:00,,0,2,"Moto/Ciclomotor,Automóvil",Balcarce Y J Macia,2,1,0,0,1,0,0,"-31.67819, -60.75893",Calle,,SANTO TOMÉ,La Capital,Asfalto,No existe,I,S/D,Urbana,Ninguna,No existe,Intersección,Bueno,Buena,Diurna,Buen Tiempo,De alcance,S/D,Colisión,Ninguna,Faltante,Ninguna,Sin restricción
2020,178,2020-01-09,Jueves,16:00:00,,0,2,"Bicicleta,Automóvil",La Rioja Y Rivadavia,2,1,0,0,1,0,0,"-31.64614,-60.70421",Calle,,SANTA FE,La Capital,Asfalto,Pavimento,I,Dentro,Urbana,Semáforo,Funciona,Intersección,Bueno,Buena,Diurna,Buen Tiempo,S/D,Ciclista,Atropello,Ninguna,Faltante,Ninguna,Sin restricción
2020,179,2020-01-26,Domingo,15:45:00,,0,2,"Moto/Ciclomotor,Pickup/Utilitario",Av A del Valle 8300,2,1,0,0,1,0,0,"    -31.59172, -60.69202",Avenida,,SANTA FE,La Capital,S/D,Ripio,I,Dentro,Urbana,Ninguna,No existe,Intersección,Otro,Reducida,"Diurna,Con luz artificial",Otro,Otro,S/D,Otro,Otro,Faltante,Ninguna,Sin restricción
2020,180,2020-01-18,Sabado,10:20:00,,0,2,"Automóvil,Moto/Ciclomotor",Risso Y 9 de Julio,2,1,0,0,1,0,0,"-31.60037, -60.6957",Calle,,SANTA FE,La Capital,Asfalto,No existe,I,Dentro,Urbana,Ninguna,S/D,Intersección,Otro,S/D,Diurna,S/D,S/D,S/D,Colisión,Otro,Faltante,Ninguna,Sin restricción
2020,181,2020-01-11,Sabado,5:40:00,Autopista Nacional A008,0,2,"Automóvil,Automóvil",Av. Uriburu Y Av. Circunvalacion,4,3,1,0,0,0,0,"-32.99223, -60.70194",Autopista,A008,ROSARIO,Rosario,Asfalto,Pavimento,II,S/D,Urbana,Ninguna,No funciona,Otro,Bueno,Buena,Nocturna,Buen Tiempo,Otro,S/D,Colisión,Ninguna,S/D,Ninguna,Sin restricción
2020,182,2020-01-18,Sabado,10:00:00,,0,2,"Moto/Ciclomotor,Pickup/Utilitario",Necochea Y Av Galicia,2,1,0,0,1,0,0,"-31.60693, -60.68542",Calle,,SANTA FE,La Capital,Asfalto,No existe,I,S/D,Urbana,Ninguna,No existe,Intersección,Bueno,Buena,Diurna,Buen Tiempo,Lateral,S/D,Colisión,Ninguna,S/D,Ninguna,Sin restricción
2020,183,2020-01-30,Jueves,18:50:00,,0,2,"Moto/Ciclomotor,Automóvil",Matheu Y Rivadavia,3,1,0,0,2,0,0,"    -31.59414, -60.68878",Avenida,,SANTA FE,La Capital,S/D,No existe,I,Dentro,Urbana,S/D,No existe,Intersección,Otro,Reducida,Atardecer,Otro,Otro,S/D,Otro,Otro,S/D,Ninguna,Sin restricción
2020,184,2020-01-18,Sabado,,,0,2,"Moto/Ciclomotor,Automóvil",Pedro Ferre Y San Lorenzo,3,2,0,0,1,0,0,"-31.6244, -60.71113",Calle,,SANTA FE,La Capital,Asfalto,No existe,I,S/D,Urbana,Semáforo,Funciona,Intersección,Bueno,Buena,Diurna,Buen Tiempo,Lateral,S/D,Colisión,S/D,Vertical,Línea divisoria pintada,Sin restricción
2020,185,2020-01-13,Lunes,16:10:00,Ruta Nacional 34,0,3,"Automóvil,Automóvil,Automóvil",Bv. J.Granel Y Ruta Nac 34,6,1,0,0,5,0,0,"-32.89176, -60.72221",Ruta,34,ROSARIO,Rosario,Asfalto,No existe,II,S/D,Urbana,Semáforo,Funciona,Intersección,Bueno,Buena,Atardecer,Buen Tiempo,Múltiple,S/D,Colisión,Ninguna,"Horizontal,Vertical",Cordón divisorio,Sin restricción
2020,186,2020-01-27,Lunes,,,0,2,"Moto/Ciclomotor,Moto/Ciclomotor",Av A del Valle Y French,3,3,0,0,0,0,0,"    -31.59253, -60.69198",Avenida,,SANTA FE,La Capital,Asfalto,Pavimento,I,S/D,Urbana,Semáforo,Funciona,Intersección,Bueno,Buena,Diurna,Buen Tiempo,Otro,S/D,Colisión,Ninguna,Horizontal,Ninguna,Sin restricción
2020,187,2020-01-18,Sabado,14:55:00,,0,2,"Moto/Ciclomotor,Pickup/Utilitario",Av Freyre Y Junin,2,0,0,0,0,0,2,"-31.63638, -60.71569",Calle,,SANTA FE,La Capital,Asfalto,No existe,I,Dentro,Urbana,Ninguna,Funciona,Intersección,Bueno,Buena,Diurna,Buen Tiempo,S/D,S/D,Colisión,Ninguna,Vertical,Ninguna,Sin restricción
2020,188,2020-01-18,Sabado,16:00:00,,0,2,"Moto/Ciclomotor,Automóvil",Mendoza 4000,2,0,0,0,0,0,2,"-31.64455, -60.72538",Calle,,SANTA FE,La Capital,Asfalto,No existe,I,Dentro,Urbana,S/D,No existe,Recta,Bueno,Buena,Diurna,Buen Tiempo,S/D,S/D,Colisión,Ninguna,Vertical,Ninguna,Sin restricción
2020,189,2020-01-09,Jueves,14:35:00,,0,2,"Automóvil,Pickup/Utilitario",Pte Roca,5,2,0,0,3,0,0,"-31.55955, -60.70657",Camino Rural,,RECREO,La Capital,Tierra,No existe,I,Dentro,Rural,Ninguna,No existe,Intersección,Bueno,Buena,Diurna,Buen Tiempo,Lateral,S/D,Colisión,Ninguna,Faltante,Ninguna,Sin restricción
2020,190,2020-01-18,Sabado,14:10:00,,0,2,"Moto/Ciclomotor,Automóvil",Irigoyen Y Ledesma,2,1,0,0,1,0,0,"-32.72787, -60.73517",Calle,,SAN LORENZO,San Lorenzo,Hormig{on,Natural,XVII,S/D,Urbana,S/D,No existe,Intersección,Bueno,Buena,Diurna,S/D,Lateral,S/D,Colisión,Ninguna,S/D,S/D,S/D
2020,191,2020-01-25,Sabado,1:30:00,,0,2,"Moto/Ciclomotor,Bicicleta",Av A del Valle Y J Castelli,2,2,0,0,0,0,0,"    -31.60675, -60.69303",Calle,,SANTA FE,La Capital,Asfalto,No existe,I,S/D,Urbana,Ninguna,No existe,Intersección,Bueno,Buena,Nocturna,Buen Tiempo,Lateral,S/D,Colisión,Ninguna,S/D,Ninguna,Sin restricción
2020,192,2020-01-11,Sabado,10:00:00,,0,2,"Pickup/Utilitario,Moto/Ciclomotor",España Y Brasil,2,1,0,0,1,0,0,"-31.49623, -60.72192",Calle,,RECREO,La Capital,Ripio,No existe,I,S/D,Urbana,Ninguna,No existe,Intersección,"Deteriorada,Ahuellamiento",Buena,Diurna,Otro,S/D,S/D,Colisión,Otro,Faltante,Ninguna,Sin restricción
2020,193,2020-01-18,Sabado,16:00:00,Ruta Nacional 9,330,2,"Automóvil,Moto/Ciclomotor",,2,1,0,0,1,0,0,"-32.85858, -61.17243",Ruta,9,CARCARAÑÁ,San Lorenzo,Asfalto,S/D,XVII,S/D,Urbana,S/D,S/D,Recta,Bueno,S/D,Diurna,S/D,S/D,S/D,Colisión,Ninguna,S/D,S/D,S/D
2020,194,2020-01-11,Sabado,19:00:00,,0,1,Moto/Ciclomotor,España Y San Martin,1,1,0,0,0,0,0,"-31.49738, -60.72986",Calle,,RECREO,La Capital,Ripio,No existe,II,S/D,Urbana,Ninguna,No existe,Intersección,"Ahuellamiento,Otro",Reducida,Nocturna,Otro,S/D,S/D,Despiste,Ninguna,Faltante,Ninguna,Sin restricción
2020,195,2020-01-18,Sabado,4:30:00,Ruta Provincial 1,226,1,Moto/Ciclomotor,,2,2,0,0,0,0,0,"-29.90738, -59.83288",Ruta,1,ALEJANDRA,San Javier,Asfalto,Natural,XIV,S/D,Urbana,Ninguna,No existe,Recta,Bueno,Reducida,Nocturna,Buen Tiempo,S/D,S/D,S/D,Ninguna,Faltante,Vegetación,Sin restricción
2020,196,2020-01-13,Lunes,10:25:00,,0,2,"Bicicleta,Moto/Ciclomotor",Vicente Lopez y Planes Y Mariano Candioti,2,1,0,0,1,0,0,"-31.68048, -60.75706",Calle,,SANTO TOMÉ,La Capital,"Asfalto,Ripio",No existe,I,S/D,Urbana,Ninguna,No existe,Intersección,Bueno,Buena,Diurna,Buen Tiempo,S/D,Ciclista,Atropello,Ninguna,Faltante,Ninguna,Sin restricción
2020,197,2020-01-24,Viernes,22:30:00,,0,2,"Moto/Ciclomotor,Pickup/Utilitario",Dorrego Y Regis Martinez,2,1,0,0,1,0,0,"    -31.62265, -60.68214",Calle,,SANTA FE,La Capital,Asfalto,No existe,I,Dentro,Urbana,Ninguna,No existe,Intersección,Bueno,Buena,Nocturna,Buen Tiempo,Lateral,S/D,Colisión,S/D,S/D,Ninguna,Sin restricción