anio_acci,nro_acci,fecha,desc_dia,hora_aprox,desc_ruta,km,cant_participantes,desc_participante,calle_avenida_km,total,heridos_leves,heridos_graves,heridos_gravisimos,ilesos,fallecidos,sin_datos,posicion_XY,desc_tipo_via,desc_ruta_ori,desc_loc,desc_dpto,desc_tipo_calzada,desc_tipo_banquina,desc_unidad_regional,desc_lugar_calzada,desc_zona,desc_prioridad,desc_estado_semaforo,desc_lugar_via,desc_estado_via,desc_estado_visibilidad,desc_luminosidad,desc_estado_clima,desc_tipo_colision,desc_tipo_atropello,desc_tipo_hecho,desc_pres_calzada,desc_senializacion,desc_separacion_via,desc_restriccion
2020,399,2020-01-30,Jueves,17:45:00,,0,1,Moto/Ciclomotor,Venezuela Y Alois Tabernig,2,2,0,0,0,0,0,"    -31.45251, -60.90768",Calle,,ESPERANZA,Las Colonias,Asfalto,No existe,XI,Dentro,Urbana,Ninguna,No existe,Intersección,Bueno,Buena,Diurna,Buen Tiempo,Atropello animal,S/D,Colisión,Ninguna,Faltante,Ninguna,Sin restricción
2020,400,2020-01-05,Domingo,11:20:00,,0,1,Moto/Ciclomotor,A F Temporelli,1,1,0,0,0,0,0,"-33.03646, -60.64707",S/D,,VILLA GOBERNADOR GÁLVEZ,Rosario,Asfalto,S/D,II,Dentro,Urbana,Ninguna,No existe,Recta,Deteriorada,Buena,Diurna,Viento Fuerte,Atropello animal,S/D,Colisión,Material Suelto,Faltante,S/D,Sin restricción
2020,401,2020-01-14,Martes,8:00:00,,0,2,"Automóvil,Moto/Ciclomotor",Sarmiento Y Las Heras,2,1,0,0,1,0,0,"-32.47124, -61.57489",Calle,,LAS ROSAS,Belgrano,Asfalto,No existe,III,S/D,Urbana,Ninguna,No existe,Intersección,Bueno,Buena,Diurna,Buen Tiempo,De alcance,S/D,Colisión,Ninguna,Vertical,Ninguna,Sin restricción
2020,402,2020-01-02,Jueves,14:25:00,Ruta Provincial 21,0,2,"Moto/Ciclomotor,Automóvil",,2,1,0,0,1,0,0,"-33.04684, -60.6067",Ruta,21,ALVEAR,Rosario,Asfalto,Ripio,II,S/D,S/D,Semáforo,No existe,Recta,Bueno,Buena,Diurna,Buen Tiempo,Lateral,S/D,Colisión,Ninguna,Horizontal,Línea divisoria pintada,Sin restricción
2020,403,2020-01-10,Viernes,19:00:00,Ruta Nacional 11,0,2,"Pickup/Utilitario,Moto/Ciclomotor",Independencia Y Ruta Nacional 11,2,0,1,0,1,0,0,"-30.78859, -60.60038",Ruta,11,SAN JUSTO,San Justo,Asfalto,Ripio,XVI,Dentro,Urbana,Marca Vial,No existe,Intersección,Bueno,Buena,Atardecer,Buen Tiempo,De alcance,S/D,Colisión,Ninguna,Horizontal,Ninguna,Sin restricción
2020,404,2020-01-04,Sabado,9:30:00,,0,2,"Automóvil,Automóvil",ALBERDI 1400,2,1,0,0,1,0,0,"-33.07353, -60.57803",S/D,,PUEBLO ESTHER,Rosario,Asfalto,S/D,II,S/D,S/D,S/D,S/D,S/D,S/D,S/D,Diurna,S/D,De alcance,S/D,S/D,S/D,S/D,S/D,S/D
2020,405,2020-01-14,Martes,19:25:00,,0,1,Moto/Ciclomotor,9 de Julio Y Fco Angeloni,2,2,0,0,0,0,0,"-30.7894, -60.58804",Calle,,SAN JUSTO,San Justo,Asfalto,No existe,XVI,Dentro,Urbana,Ninguna,No existe,Intersección,Bueno,Reducida,"Atardecer,Con luz artificial",Lluvia,S/D,S/D,Cañda ocupante,Agua,Faltante,Ninguna,Sin restricción
2020,406,2020-01-07,Martes,12:00:00,,0,2,"Moto/Ciclomotor,Automóvil",Tucuman 2550,2,1,0,0,1,0,0,"-33.02986, -60.61932",S/D,,VILLA GOBERNADOR GÁLVEZ,Rosario,Asfalto,No existe,II,S/D,Urbana,Ninguna,No existe,Intersección,Bueno,Buena,Diurna,Buen Tiempo,Lateral,S/D,Colisión,Ninguna,Faltante,Ninguna,Sin restricción
2020,407,2020-01-14,Martes,11:50:00,,0,2,"Moto/Ciclomotor,Pickup/Utilitario",2 de Abril Y Catamarca,3,2,0,0,1,0,0,"-29.22574, -61.76721",Calle,,TOSTADO,9 de Julio,Ripio,No existe,XII,S/D,Urbana,Ninguna,No existe,Intersección,Bueno,Buena,Diurna,Buen Tiempo,S/D,S/D,Colisión,Ninguna,Faltante,Ninguna,Sin restricción
2020,408,2020-01-08,Miercoles,0:50:00,Ruta Nacional 98,0,1,Camión c / Acoplado,,1,1,0,0,0,0,0,"-29.22364, -61.77888",Ruta,98,TOSTADO,9 de Julio,Asfalto,Natural,XII,S/D,Rural,Ninguna,No existe,Recta,Bueno,Buena,Nocturna,Buen Tiempo,Otro,S/D,Vuelco,Ninguna,Faltante,Ninguna,S/D
2020,409,2020-01-30,Jueves,17:10:00,,0,2,"Pickup/Utilitario,Moto/Ciclomotor",Peru Y Libertad,2,0,1,0,1,0,0,"    -31.45147, -60.90833",Calle,,ESPERANZA,Las Colonias,Asfalto,Pavimento,XI,Dentro,Urbana,Ninguna,No existe,Intersección,Bueno,Buena,Diurna,Buen Tiempo,Frontal,S/D,Colisión,Ninguna,Vertical,S/D,Sin restricción
2020,410,2020-01-15,Miercoles,14:15:00,Ruta Provincial 70,12,1,Pickup/Utilitario,Ruta provincial 70,1,1,0,0,0,0,0,"-31.45751, -60.87578",Ruta,70,ESPERANZA,Las Colonias,Ripio,Natural,XI,Fuera,Urbana,Ninguna,No existe,Recta,Bueno,Buena,Diurna,Buen Tiempo,Otro,S/D,Despiste,Ninguna,Faltante,Vegetación,Sin restricción
2020,411,2020-01-28,Martes,22:00:00,,0,1,Automóvil,,1,1,0,0,0,0,0,"    -31.60485, -61.12479",Camino Rural,,SAN JERÓNIMO DEL SAUCE,Las Colonias,Ripio,No existe,XI,Dentro,Rural,Ninguna,No existe,Recta,Ahuellamiento,Buena,Nocturna,Buen Tiempo,S/D,S/D,Vuelco,Ninguna,S/D,Vegetación,Sin restricción
2020,412,2020-01-03,Viernes,14:50:00,,0,2,"Moto/Ciclomotor,Automóvil",Av Gral San Martin,2,1,0,0,1,0,0,"-33.03188, -60.61862",Calle,,VILLA GOBERNADOR GÁLVEZ,Rosario,Asfalto,No existe,II,Dentro,Urbana,Ninguna,No existe,Intersección,Bueno,Buena,Diurna,Buen Tiempo,Lateral,S/D,Colisión,Ninguna,Faltante,Ninguna,Sin restricción
2020,413,2020-01-12,Domingo,10:25:00,,0,2,"Moto/Ciclomotor,Pickup/Utilitario",America Y Peru,3,1,0,0,2,0,0,"-31.45213, -60.90566",Calle,,ESPERANZA,Las Colonias,Asfalto,Pavimento,XI,Dentro,Urbana,Ninguna,No existe,Intersección,Bueno,Buena,Diurna,Buen Tiempo,Frontal,S/D,Colisión,Ninguna,Vertical,Ninguna,Sin restricción
2020,414,2020-01-27,Lunes,22:30:00,,0,1,Moto/Ciclomotor,,1,0,1,0,0,0,0,"    -31.39746, -61.1026",Camino Rural,,HUMBOLDT,Las Colonias,Ripio,Natural,XI,Dentro,Rural,Ninguna,No existe,Recta,S/D,Buena,Nocturna,Buen Tiempo,Atropello animal,S/D,Colisión,Ninguna,S/D,Ninguna,Sin restricción
2020,415,2020-01-04,Sabado,,,0,2,"Bicicleta,Moto/Ciclomotor",Alberdi Y Belgrano,2,1,0,0,1,0,0,"-33.02999, -60.6247",Calle,,VILLA GOBERNADOR GÁLVEZ,Rosario,Asfalto,No existe,II,Dentro,Urbana,Ninguna,No existe,Intersección,Bueno,Buena,S/D,Buen Tiempo,Lateral,Ciclista,Atropello,Ninguna,Faltante,Ninguna,S/D
2020,416,2020-01-09,Jueves,16:00:00,Ruta Secundaria 64-s,0,2,"Pickup/Utilitario,Pickup/Utilitario",,3,2,0,0,1,0,0,"-30.985622790136, -61.039411185045",Ruta,64-s,PROVIDENCIA,Las Colonias,Asfalto,Natural,XI,Dentro,Urbana,Ninguna,No existe,Intersección,Bueno,Buena,Diurna,Buen Tiempo,Lateral,S/D,Colisión,Ninguna,Faltante,Ninguna,Sin restricción
2020,417,2020-01-14,Martes,0:35:00,,0,2,"Moto/Ciclomotor,Moto/Ciclomotor",Av Lopez y Planes Y Candido Pujato,2,0,0,0,0,0,2,"-31.63156, -60.71393",Calle,,SANTA FE,La Capital,Asfalto,No existe,I,Dentro,Urbana,Ninguna,Funciona,Intersección,Bueno,Buena,Nocturna,Buen Tiempo,Otro,S/D,Colisión,Ninguna,Vertical,Ninguna,Sin restricción
2020,418,2020-01-04,Sabado,17:20:00,,0,2,"Taxi/Remis,Moto/Ciclomotor",J J Paso Y Chubut,3,2,0,0,1,0,0,"-33.03381, -60.62973",Calle,,VILLA GOBERNADOR GÁLVEZ,Rosario,Asfalto,No existe,II,S/D,Urbana,Ninguna,No existe,Intersección,Con baches,Buena,Diurna,Buen Tiempo,S/D,S/D,S/D,S/D,S/D,Ninguna,S/D
2020,419,2020-01-13,Lunes,21:00:00,,0,2,"Automóvil,Automóvil",Larrea 1200,2,1,0,0,0,0,1,"-31.59872, -60.67631",Calle,,SANTA FE,La Capital,S/D,S/D,I,Dentro,Urbana,S/D,S/D,Intersección,Ahuellamiento,S/D,Nocturna,Otro,Otro,S/D,Otro,Otro,Faltante,Ninguna,Sin restricción
2020,420,2020-01-27,Lunes,19:20:00,,0,2,"Automóvil,Moto/Ciclomotor",Estanislao Lopez Y Juan de Garay,2,0,1,0,1,0,0,"    -31.54486, -61.07749",Calle,,SAN JERÓNIMO NORTE,Las Colonias,Asfalto,No existe,XI,Dentro,Urbana,Ninguna,No existe,Intersección,Bueno,Buena,Diurna,Buen Tiempo,Frontal,S/D,Colisión,Ninguna,Faltante,Línea divisoria pintada,Sin restricción
2020,421,2020-01-04,Sabado,20:10:00,,0,3,"Transporte de Pasajeros Urbano (> 8 asientos),Moto/Ciclomotor,Bicicleta",Av Filipini Y Lavalle,3,2,0,0,1,0,0,"-33.02691, -60.63706",Calle,,VILLA GOBERNADOR GÁLVEZ,Rosario,Asfalto,No existe,II,Dentro,Urbana,Ninguna,No existe,Recta,Con baches,Buena,Atardecer,Buen Tiempo,Lateral,Ciclista,Atropello,Ninguna,S/D,Ninguna,S/D
2020,422,2020-01-10,Viernes,18:00:00,,0,2,"Automóvil,Moto/Ciclomotor",Mitre Y Rivadavia,2,1,0,0,1,0,0,"-31.60317, -60.68092",Avenida,,SANTA FE,La Capital,S/D,S/D,I,Dentro,Urbana,Ninguna,S/D,Intersección,Otro,S/D,Diurna,Otro,Otro,S/D,Otro,Otro,Faltante,Ninguna,Sin restricción
2020,423,2020-01-03,Viernes,18:30:00,,0,2,"Peatón,Moto/Ciclomotor",Magallanes 1812,2,1,0,0,1,0,0,"-33.02264, -60.64229",Calle,,VILLA GOBERNADOR GÁLVEZ,Rosario,Asfalto,S/D,II,Dentro,Urbana,S/D,S/D,Recta,Con baches,S/D,Diurna,S/D,S/D,Peatón,Atropello,Ninguna,Faltante,S/D,S/D
2020,425,2020-01-04,Sabado,8:00:00,,0,1,Pickup/Utilitario,Alvarez Condarco Y Av. Azcuenaga,2,2,0,0,0,0,0,"-32.92475, -60.75671",Calle,,ROSARIO,Rosario,Asfalto,S/D,II,Dentro,Urbana,Ninguna,S/D,Recta,Bueno,S/D,Diurna,Otro,S/D,S/D,Despiste,Otro,S/D,Ninguna,Sin restricción
2020,426,2020-01-26,Domingo,20:10:00,,0,1,Moto/Ciclomotor,Soler Y Rafaela,1,1,0,0,0,0,0,"    -31.46374, -60.92105",Calle,,ESPERANZA,Las Colonias,Asfalto,No existe,XI,S/D,Urbana,Ninguna,No existe,Intersección,Bueno,Buena,Nocturna,Buen Tiempo,S/D,S/D,Despiste,Ninguna,Vertical,Ninguna,Sin restricción
2020,427,2020-01-15,Miercoles,17:30:00,,0,1,Pickup/Utilitario,9 de Julio Y General Lopez,1,1,0,0,0,0,0,"-31.06132, -61.16948",Calle,,SARMIENTO,Las Colonias,Asfalto,Pavimento,XI,S/D,Urbana,Semáforo,Funciona,Recta,Bueno,Buena,Diurna,Buen Tiempo,S/D,S/D,Despiste,Ninguna,Faltante,Cordón divisorio,Sin restricción
2020,428,2020-01-10,Viernes,,Autovía Nacional 19,0,1,Pickup/Utilitario,,2,2,0,0,0,0,0,"-31.65251, -60.88352",Autovía,19,SAN AGUSTÍN,Las Colonias,Asfalto,Natural,XI,Dentro,Urbana,Ninguna,No existe,Recta,Bueno,Buena,Diurna,Lluvia,S/D,S/D,"Vuelco,Despiste",Agua,Faltante,Vegetación,Sin restricción
2020,429,2020-01-13,Lunes,21:00:00,Ruta Provincial 6,0,2,"Moto/Ciclomotor,Pickup/Utilitario",San Martin Y Corrientes,2,1,0,0,1,0,0,"-31.74312, -61.0969",Ruta,6,SAN CARLOS CENTRO,Las Colonias,Asfalto,No existe,XI,Dentro,Urbana,Ninguna,No existe,Intersección,Bueno,Buena,"Nocturna,Con luz artificial",Buen Tiempo,De alcance,S/D,Colisión,Ninguna,Vertical,Ninguna,Sin restricción
2020,430,2020-01-13,Lunes,10:25:00,,0,2,"Moto/Ciclomotor,Automóvil",Mariano Moreno,3,2,0,0,1,0,0,"-31.73546, -61.09077",Calle,,SAN CARLOS CENTRO,Las Colonias,Asfalto,No existe,XI,Dentro,Urbana,Ninguna,No existe,Intersección,Bueno,Buena,Diurna,Buen Tiempo,De alcance,S/D,Colisión,Ninguna,Vertical,Ninguna,Sin restricción
2020,431,2020-01-14,Martes,8:55:00,,0,2,"Automóvil,Moto/Ciclomotor",Pueyrredon Y General Manuel Belgrano,3,2,0,0,1,0,0,"-31.44573, -60.92836",Calle,,ESPERANZA,Las Colonias,Asfalto,No existe,XI,Dentro,Urbana,Ninguna,No existe,Intersección,Bueno,Buena,Amanecer,Buen Tiempo,Lateral,S/D,Colisión,Ninguna,Vertical,S/D,Sin restricción
2020,432,2020-01-13,Lunes,16:30:00,,0,1,Moto/Ciclomotor,Lopez y Planes Y Juan Jose Paso,3,2,0,0,1,0,0,"-31.45346, -60.94248",Calle,,ESPERANZA,Las Colonias,Asfalto,No existe,XI,Dentro,Urbana,Ninguna,No existe,Intersección,Bueno,Buena,Atardecer,Buen Tiempo,S/D,S/D,Cañda ocupante,Ninguna,Vertical,S/D,Sin restricción
2020,433,2020-01-14,Martes,10:25:00,,0,1,Moto/Ciclomotor,Alberdi Y Aaron Castellanos,1,1,0,0,0,0,0,"-31.45046, -60.92767",Calle,,ESPERANZA,Las Colonias,Asfalto,No existe,XI,S/D,Urbana,Ninguna,No existe,Intersección,Bueno,Buena,Amanecer,Buen Tiempo,S/D,S/D,Cañda ocupante,Ninguna,Vertical,S/D,Sin restricción
2020,434,2020-01-10,Viernes,20:30:00,,0,2,"Moto/Ciclomotor,Automóvil",Aaron Castellanos 1000,2,1,0,0,1,0,0,"-31.45097, -60.92529",Calle,,ESPERANZA,Las Colonias,Asfalto,No existe,XI,S/D,Urbana,S/D,No existe,Recta,Bueno,Buena,Nocturna,Buen Tiempo,S/D,S/D,Colisión,Ninguna,Vertical,Ninguna,S/D
2020,435,2020-01-13,Lunes,17:00:00,Ruta Provincial 1,0,2,"Automóvil,Camión Chasis",,3,2,0,0,1,0,0,"-30.96669, -60.06455",Ruta,1,EL LAUREL,Garay,Asfalto,No existe,VII,Dentro,Rural,Ninguna,No existe,Curva,Otro,Buena,Diurna,Buen Tiempo,Lateral,S/D,Colisión,Ninguna,Vertical,Línea divisoria pintada,Sin restricción
2020,436,2020-01-18,Sabado,20:10:00,,0,2,"Automóvil,Moto/Ciclomotor",Ituzaingo Y Ceferino Namucura,2,0,1,0,1,0,0,"-32.85459, -60.71529",Calle,,GRANADERO BAIGORRIA,Rosario,Asfalto,No existe,II,Dentro,Urbana,Ninguna,No existe,Intersección,Bueno,Buena,Atardecer,Buen Tiempo,Lateral,S/D,Colisión,Ninguna,Faltante,Ninguna,Sin restricción
2020,437,2020-01-11,Sabado,10:10:00,,0,2,"Automóvil,Moto/Ciclomotor",El Algarrobo Y Las Gaviotas,2,1,0,0,1,0,0,"-32.966572322549, -60.734912276504",Calle,,PEREZ,Rosario,Asfalto,S/D,II,S/D,Urbana,S/D,No existe,Intersección,Bueno,Buena,Diurna,S/D,S/D,S/D,Colisión,Ninguna,S/D,S/D,Sin restricción
2020,438,2020-01-11,Sabado,12:30:00,Ruta Provincial 16,0,2,"Moto/Ciclomotor,Automóvil",JUAN MANUEL DE ROSAS,2,1,0,0,0,0,1,"-33.085604345171, -60.571937202464",Ruta,16,PUEBLO ESTHER,Rosario,Asfalto,S/D,II,S/D,Rural,S/D,S/D,Recta,S/D,S/D,Diurna,S/D,S/D,S/D,Colisión,S/D,S/D,S/D,S/D
2020,439,2020-02-01,Sabado,0:05:00,,0,2,"Automóvil,Moto/Ciclomotor",Santiago Y 3 De Febrero,3,1,0,0,2,0,0,"-32.949615, -60.657588",Calle,,ROSARIO,Rosario,Asfalto,No existe,II,Dentro,Urbana,Ninguna,No existe,Intersección,S/D,Buena,"Nocturna,Con luz artificial",Buen Tiempo,Lateral,S/D,Colisión,Agua,Faltante,Ninguna,Sin restricción
2020,440,2020-01-05,Domingo,6:25:00,,0,2,"Automóvil,Otros",Mendoza Y Sanchez de Loria,3,0,2,0,1,0,0,"-32.94023, -60.73173",Avenida,,ROSARIO,Rosario,Asfalto,S/D,II,Dentro,Urbana,Semáforo,Funciona,Curva,Bueno,Buena,"Nocturna,Con luz artificial",Buen Tiempo,Frontal,S/D,Colisión,Ninguna,Horizontal,Cordón divisorio,Sin restricción
2020,441,2020-02-01,Sabado,15:40:00,Ruta Provincial 6,48.5,1,Automóvil,,3,2,0,0,1,0,0,"-31.60843, -60.94549",Ruta,6,FRANCK,Las Colonias,Asfalto,Natural,XI,Dentro,Rural,Ninguna,No existe,Recta,Bueno,Buena,Diurna,Buen Tiempo,S/D,S/D,Despiste,Ninguna,Horizontal,Ninguna,Sin restricción
2020,442,2020-02-06,Jueves,23:15:00,,0,2,"Pickup/Utilitario,Bicicleta",,2,1,0,0,1,0,0,"-32.941070, -60.641172",Calle,,ROSARIO,Rosario,Asfalto,No existe,II,Dentro,Urbana,Semáforo,Funciona,Intersección,Bueno,Buena,"Nocturna,Con luz artificial",Buen Tiempo,S/D,Ciclista,Atropello,Ninguna,"Horizontal,Vertical",Ninguna,Sin restricción
2020,443,2020-01-23,Jueves,,,0,1,Transporte de Pasajeros Urbano (> 8 asientos),Entre Rios 2586,2,1,0,0,1,0,0,"-32.96686, -60.64622",Calle,,ROSARIO,Rosario,Asfalto,No existe,II,S/D,Urbana,Semáforo,Funciona,Recta,Bueno,Buena,S/D,Buen Tiempo,S/D,S/D,Cañda ocupante,Ninguna,Vertical,Ninguna,Sin restricción
2020,444,2020-01-23,Jueves,8:00:00,,0,2,"Moto/Ciclomotor,Automóvil",Melincue Y Av. Battle y Ordo�ez,3,2,0,0,1,0,0,"-33.00889, -60.64758",Calle,,ROSARIO,Rosario,Asfalto,No existe,II,Dentro,Urbana,Ninguna,No existe,Intersección,Con baches,Buena,Diurna,Buen Tiempo,Lateral,S/D,Colisión,Ninguna,Faltante,Ninguna,Sin restricción
2020,445,2020-02-12,Miercoles,15:10:00,,0,2,"Moto/Ciclomotor,Automóvil",9 de Julio Y Los Andes,4,1,0,0,3,0,0,"-31.593328780726,-60.942942911283",Calle,,FRANCK,Las Colonias,Hormigón,No existe,XI,Dentro,Urbana,Ninguna,No existe,Intersección,Bueno,Buena,Diurna,Buen Tiempo,Lateral,S/D,Colisión,Ninguna,Faltante,Ninguna,Sin restricción
2020,446,2020-01-07,Martes,21:15:00,,0,2,"Automóvil,Pickup/Utilitario",Bme Mitre 700,3,2,0,0,1,0,0,"-32.0279, -61.22048",Calle,,GÁLVEZ,San JERÓNIMO,Asfalto,S/D,XV,S/D,Urbana,S/D,No existe,Recta,Bueno,Buena,Diurna,S/D,Otro,S/D,Colisión,Ninguna,S/D,Cordón divisorio,Sin restricción
2020,447,2020-02-21,Viernes,8:30:00,,0,2,"Moto/Ciclomotor,Automóvil",España Y Riobamba,2,1,0,0,1,0,0,"-32.961552, -60.650775",Calle,,ROSARIO,Rosario,Asfalto,No existe,II,Dentro,Urbana,Ninguna,No existe,Intersección,S/D,Buena,Diurna,Buen Tiempo,Lateral,S/D,Colisión,Ninguna,Faltante,Ninguna,Sin restricción
2020,448,2020-02-03,Lunes,16:30:00,,0,2,"Automóvil,Moto/Ciclomotor",Calle 48 Y Calle 53,2,0,1,0,1,0,0,"-34.005666003689,-61.603705983794",Calle,,VILLA CAÑAS,General LÓPEZ,Asfalto,No existe,VIII,Dentro,Urbana,Ninguna,No existe,Intersección,Bueno,Buena,Diurna,Buen Tiempo,Lateral,S/D,Colisión,Ninguna,Faltante,Ninguna,Sin restricción
2020,449,2020-01-23,Jueves,18:05:00,,0,2,"Moto/Ciclomotor,Automóvil",Av. Arijon Y Av. Castro Barros,3,2,0,0,1,0,0,"-33.00245, -60.62942",Avenida,,ROSARIO,Rosario,Asfalto,No existe,II,Dentro,Urbana,Ninguna,No existe,Intersección,Bueno,Buena,Diurna,Buen Tiempo,Lateral,S/D,Colisión,Ninguna,Faltante,Ninguna,Sin restricción
2020,450,2020-02-25,Martes,3:35:00,,0,2,"Moto/Ciclomotor,Moto/Ciclomotor",9 de Julio Y Rosario,2,2,0,0,0,0,0,"-31.58130437926,-60.939076788427",Calle,,FRANCK,Las Colonias,Hormigón,No existe,XI,Dentro,Urbana,Ninguna,No existe,Intersección,Bueno,Buena,Nocturna,Buen Tiempo,S/D,S/D,Colisión,Ninguna,Faltante,Ninguna,Sin restricción
2020,451,2020-02-24,Lunes,20:50:00,Ruta Provincial 94,0,2,"Moto/Ciclomotor,Automóvil",Av 51,2,0,1,0,1,0,0,"-34.034206867218025,-61.57944738864",Ruta,94,VILLA CAÑAS,General LÓPEZ,Asfalto,Natural,VIII,Dentro,Rural,Ninguna,No existe,Intersección,Bueno,Buena,"Nocturna,Con luz artificial",Buen Tiempo,Frontal,S/D,Colisión,Ninguna,Horizontal,Línea divisoria pintada,Sin restricción
2020,452,2020-01-23,Jueves,14:00:00,,0,2,"Moto/Ciclomotor,Automóvil",Dorrego Y Biedma,4,3,0,0,1,0,0,"-32.97939, -60.65802",Calle,,ROSARIO,Rosario,Asfalto,No existe,II,Dentro,Urbana,Ninguna,No existe,Intersección,Bueno,Buena,Diurna,Buen Tiempo,Lateral,S/D,Colisión,Ninguna,Faltante,Ninguna,Sin restricción
2020,453,2020-02-21,Viernes,14:50:00,,0,2,"Bicicleta,Automóvil",Buenos Aires Y 9 De Julio,2,1,0,0,1,0,0,"-32.954912, -60.634634",Calle,,ROSARIO,Rosario,Asfalto,No existe,II,Dentro,Urbana,Ninguna,No existe,Intersección,Bueno,Buena,Diurna,S/D,S/D,Ciclista,Atropello,Ninguna,Faltante,Ninguna,Sin restricción
2020,454,2020-02-20,Jueves,21:20:00,Autovía Nacional 19,19,2,"Bicicleta,Moto/Ciclomotor",,2,2,0,0,0,0,0,"-31.63882, -60.95617",Autovía,19,SAN AGUSTÍN,Las Colonias,Asfalto,No existe,XI,Dentro,Urbana,Otra Señal,No existe,Intersección,Bueno,Buena,Nocturna,Buen Tiempo,S/D,Ciclista,Atropello,Ninguna,Vertical,Cordón divisorio,Sin restricción
2020,455,2020-02-23,Domingo,17:40:00,,0,2,"Automóvil,Moto/Ciclomotor",Av Cobos Y Posadas,2,1,0,0,1,0,0,"-34.271738202993,-62.713999373491",Avenida,,RUFINO,General LÓPEZ,Asfalto,No existe,VIII,Dentro,Urbana,Ninguna,No existe,Intersección,Bueno,Buena,Diurna,Buen Tiempo,S/D,S/D,Colisión,Ninguna,Faltante,Ninguna,Sin restricción
2020,456,2020-01-23,Jueves,9:45:00,,0,2,"Moto/Ciclomotor,Moto/Ciclomotor",Callejon Mendez Y Av Blas Parera,3,1,0,0,2,0,0,"-31.5773, -60.72793",Avenida,,SANTA FE,La Capital,Asfalto,No existe,I,S/D,Urbana,Ninguna,Funciona,Intersección,Bueno,Buena,Diurna,Buen Tiempo,De alcance,S/D,Colisión,Ninguna,Horizontal,Ninguna,Sin restricción
2020,457,2020-01-05,Domingo,7:45:00,,0,2,"Moto/Ciclomotor,Otros",San Martin Y Rivadavia,3,2,0,0,1,0,0,"-32.03125, -61.22153",Calle,,GÁLVEZ,San JERÓNIMO,Asfalto,S/D,XV,Dentro,Urbana,S/D,S/D,Intersección,Bueno,S/D,Diurna,Buen Tiempo,Otro,S/D,Colisión,Ninguna,S/D,Cordón divisorio,Sin restricción
2020,458,2020-02-29,Sabado,22:15:00,,0,2,"Automóvil,Moto/Ciclomotor",Bartolome Mitre Y Guemes,2,1,0,0,1,0,0,"-31.451695744463,-60.938065349893",Calle,,ESPERANZA,Las Colonias,Asfalto,No existe,XI,Dentro,Urbana,S/D,S/D,Intersección,Bueno,Buena,Nocturna,Buen Tiempo,Lateral,S/D,Colisión,Ninguna,Horizontal,Línea divisoria pintada,S/D
2020,459,2020-01-06,Lunes,22:00:00,,0,1,Moto/Ciclomotor,Gregoria Matorras Y Aconcagua,1,0,1,0,0,0,0,"-32.02671, -61.20521",Calle,,GÁLVEZ,San JERÓNIMO,Asfalto,Natural,XV,S/D,Urbana,Ninguna,No existe,Recta,Bueno,Reducida,Con luz artificial,Buen Tiempo,S/D,S/D,"Cañda ocupante,Vuelco",Ninguna,Faltante,Ninguna,Sin restricción
2020,460,2020-02-02,Domingo,19:30:00,Ruta Provincial 6,0,2,"Moto/Ciclomotor,Moto/Ciclomotor",Justo Jose de Urquiza Y Leandro N Alem,2,2,0,0,0,0,0,"-31.440219730138782,-60.91375261545",Ruta,6,ESPERANZA,Las Colonias,Asfalto,Pavimento,XI,Dentro,Urbana,Ninguna,No existe,Intersección,Bueno,Buena,Diurna,Buen Tiempo,Lateral,S/D,Colisión,Ninguna,Faltante,Ninguna,Sin restricción
2020,461,2020-01-06,Lunes,13:00:00,,0,2,"Moto/Ciclomotor,Moto/Ciclomotor",Bvard Pasteur Y Hipolito Irigoyen,2,1,0,0,1,0,0,"-32.03197, -61.22528",S/D,,GÁLVEZ,San JERÓNIMO,Hormigón,No existe,XV,S/D,S/D,Semáforo,Funciona,Intersección,Bueno,Buena,Diurna,Buen Tiempo,De alcance,S/D,Colisión,Ninguna,S/D,Ninguna,Sin restricción
2020,462,2020-02-22,Sabado,13:35:00,,0,2,"Moto/Ciclomotor,Automóvil",Mariano Moreno Y Bv. 27 De Febrero,2,2,0,0,0,0,0,"-32.965433, -60.656013",Avenida,,ROSARIO,Rosario,Asfalto,No existe,II,Dentro,Urbana,Ninguna,No existe,Recta,Bueno,Buena,Diurna,Buen Tiempo,Lateral,S/D,Colisión,Ninguna,Faltante,Ninguna,Sin restricción
2020,464,2020-01-02,Jueves,21:00:00,,0,2,"Moto/Ciclomotor,Automóvil",Bv Pte Roca Y Suipacha Av,2,1,0,0,0,0,1,"-31.25176, -61.49849",Calle,,RAFAELA,Castellanos,Asfalto,Pavimento,V,S/D,Urbana,Semáforo,Funciona,Intersección,Bueno,Buena,Nocturna,Buen Tiempo,Lateral,S/D,Colisión,Ninguna,Vertical,Ninguna,Sin restricción
2020,465,2020-02-03,Lunes,8:20:00,,0,2,"Moto/Ciclomotor,Moto/Ciclomotor",1 de Mayo Y 9 de Julio,2,2,0,0,0,0,0,"-31.456567780013,-60.924758059576",Calle,,ESPERANZA,Las Colonias,Asfalto,No existe,XI,Dentro,Urbana,S/D,S/D,Intersección,Bueno,Buena,Diurna,Buen Tiempo,Lateral,S/D,Colisión,Ninguna,S/D,Ninguna,Sin restricción