anio_acci,nro_acci,fecha,desc_dia,hora_aprox,desc_ruta,km,cant_participantes,desc_participante,calle_avenida_km,total,heridos_leves,heridos_graves,heridos_gravisimos,ilesos,fallecidos,sin_datos,posicion_XY,desc_tipo_via,desc_ruta_ori,desc_loc,desc_dpto,desc_tipo_calzada,desc_tipo_banquina,desc_unidad_regional,desc_lugar_calzada,desc_zona,desc_prioridad,desc_estado_semaforo,desc_lugar_via,desc_estado_via,desc_estado_visibilidad,desc_luminosidad,desc_estado_clima,desc_tipo_colision,desc_tipo_atropello,desc_tipo_hecho,desc_pres_calzada,desc_senializacion,desc_separacion_via,desc_restriccion
2020,593,2020-02-24,Lunes,15:00:00,Autovía Nacional 19,60.5,2,"Pickup/Utilitario,Automóvil",,3,1,0,0,2,0,0,"-31.5771, -61.38217",Autovía,19,SA PEREIRA,Las Colonias,Asfalto,Pavimento,XI,Dentro,Rural,Marca Vial,No existe,Recta,Bueno,Buena,Diurna,Buen Tiempo,Frontal,S/D,Colisión,Ninguna,Horizontal,"Vegetación,Línea divisoria pintada",Desvío Provisorio
2020,594,2020-01-15,Miercoles,22:40:00,Ruta Provincial 21,0,1,Moto/Ciclomotor,Av Gral San Martin Y Av Juan Domingo Peron,1,1,0,0,0,0,0,"-33.02552, -60.62476",Ruta,21,VILLA GOBERNADOR GÁLVEZ,Rosario,Asfalto,No existe,II,Dentro,Urbana,Semáforo,Funciona,Intersección,Bueno,Buena,"Nocturna,Con luz artificial",Buen Tiempo,Atropello animal,S/D,Colisión,Ninguna,Faltante,Ninguna,Sin restricción
2020,595,2020-01-02,Jueves,,,0,2,"Moto/Ciclomotor,Pickup/Utilitario",,3,2,0,0,1,0,0,"-31.44985, -60.93",S/D,,ESPERANZA,Las Colonias,S/D,S/D,XI,S/D,S/D,S/D,S/D,S/D,S/D,S/D,S/D,S/D,S/D,S/D,S/D,S/D,S/D,S/D,S/D
2020,596,2020-01-15,Miercoles,15:40:00,,0,3,"Peatón,Peatón,Moto/Ciclomotor",Velez Sarfield,3,2,0,0,1,0,0,"-33.01548, -60.62062",Calle,,VILLA GOBERNADOR GÁLVEZ,Rosario,Asfalto,No existe,II,Dentro,Urbana,Ninguna,No existe,Intersección,Bueno,S/D,Diurna,Buen Tiempo,S/D,Peatón,Atropello,Ninguna,Faltante,Ninguna,Sin restricción
2020,597,2020-01-27,Lunes,9:50:00,,0,2,"Automóvil,Moto/Ciclomotor",17 de Octubre Y 3 de Febrero,2,0,1,0,1,0,0,"    -33.01256, -60.60937",Calle,,VILLA GOBERNADOR GÁLVEZ,Rosario,Asfalto,No existe,II,S/D,Urbana,Ninguna,No existe,Recta,S/D,S/D,Diurna,Buen Tiempo,De alcance,S/D,Colisión,Ninguna,S/D,Ninguna,Sin restricción
2020,598,2020-01-11,Sabado,23:10:00,,0,1,Moto/Ciclomotor,Andreu Y J Ingenieros,1,1,0,0,0,0,0,"-33.02561, -60.61337",Calle,,VILLA GOBERNADOR GÁLVEZ,Rosario,Asfalto,Ripio,II,Dentro,Urbana,Ninguna,No existe,Intersección,Con baches,Reducida,"Nocturna,Con luz artificial",Buen Tiempo,S/D,S/D,Cañda ocupante,Ninguna,Faltante,Ninguna,Sin restricción
2020,599,2020-01-09,Jueves,9:30:00,Ruta Provincial 21,0,2,"Automóvil,Camión c / Acoplado",Av Gral San Martin Y Lisandro de la Torre,2,1,0,0,1,0,0,"-33.02928, -60.62043",Ruta,21,VILLA GOBERNADOR GÁLVEZ,Rosario,Asfalto,No existe,II,Dentro,Urbana,Ninguna,No existe,Intersección,Bueno,Buena,Diurna,Buen Tiempo,Lateral,S/D,Colisión,Ninguna,Faltante,Ninguna,Sin restricción
2020,600,2020-02-07,Viernes,20:30:00,,0,2,"Bicicleta,Moto/Ciclomotor",Pje. R.Platini 1000,2,2,0,0,0,0,0,"-33.01488161087038,-60.652116537094",Calle,,ROSARIO,Rosario,Asfalto,No existe,II,Dentro,Urbana,Semáforo,Funciona,Recta,Bueno,Buena,Diurna,Buen Tiempo,S/D,Ciclista,Atropello,Ninguna,"Horizontal,Vertical",Ninguna,Sin restricción
2020,601,2020-01-02,Jueves,,,0,2,"Moto/Ciclomotor,Pickup/Utilitario",Maciel Y Independencia,2,1,0,0,1,0,0,"-31.60804, -60.56631",S/D,,ROLDÁN,San Lorenzo,S/D,S/D,XVII,S/D,S/D,S/D,S/D,S/D,S/D,S/D,S/D,S/D,S/D,S/D,S/D,S/D,S/D,S/D,S/D
2020,602,2020-01-30,Jueves,14:00:00,,0,2,"Automóvil,Automóvil",San Lorenzo Y Matienzo,2,2,0,0,0,0,0,"-32.93402, -60.69494",Calle,,ROSARIO,Rosario,Asfalto,Pavimento,II,Dentro,Urbana,S/D,S/D,Recta,Bueno,S/D,Diurna,Buen Tiempo,Lateral,S/D,Colisión,S/D,S/D,S/D,Sin restricción
2020,603,2020-01-14,Martes,17:20:00,,0,2,"Automóvil,Moto/Ciclomotor",Belgrano Y Pasteur,2,1,0,0,1,0,0,"-33.02849, -60.62306",Calle,,VILLA GOBERNADOR GÁLVEZ,Rosario,Asfalto,No existe,II,Dentro,Urbana,Ninguna,No existe,Recta,Con baches,S/D,Diurna,Buen Tiempo,Lateral,S/D,Colisión,Ninguna,Faltante,Ninguna,S/D
2020,604,2020-02-03,Lunes,15:45:00,,0,2,"Moto/Ciclomotor,Automóvil",Av. Arijon Y Ayacucho,2,1,0,0,1,0,0,"-33.0026229637,-60.635980351083",Avenida,,ROSARIO,Rosario,Asfalto,No existe,II,Dentro,Urbana,Semáforo,Funciona,Intersección,Bueno,Buena,Diurna,Buen Tiempo,Lateral,S/D,Colisión,Ninguna,"Horizontal,Vertical",Línea divisoria pintada,Sin restricción
2020,605,2020-01-11,Sabado,1:10:00,,0,2,"Moto/Ciclomotor,Moto/Ciclomotor",Mitre Y P Opicci,2,2,0,0,0,0,0,"-33.02451, -60.63449",Calle,,VILLA GOBERNADOR GÁLVEZ,Rosario,Asfalto,No existe,II,Dentro,Urbana,Ninguna,Intermitente,Recta,Bueno,Buena,Nocturna,Buen Tiempo,Lateral,S/D,Colisión,Ninguna,S/D,Ninguna,S/D
2020,606,2020-02-10,Lunes,13:00:00,Ruta Provincial 4,0,1,Automóvil,,5,2,0,0,3,0,0,"-31.20172, -60.92311",Ruta,4,CULULÚ,Las Colonias,Asfalto,Natural,XI,Fuera,Rural,Marca Vial,No existe,Recta,Bueno,Buena,Diurna,Buen Tiempo,S/D,S/D,Vuelco,Ninguna,Horizontal,Línea divisoria pintada,Sin restricción
2020,607,2020-01-03,Viernes,,,0,1,Automóvil,,2,2,0,0,0,0,0,"-31.45127, -60.93222",S/D,,ESPERANZA,Las Colonias,S/D,S/D,XI,S/D,S/D,S/D,S/D,S/D,S/D,S/D,S/D,S/D,S/D,S/D,S/D,S/D,S/D,S/D,S/D
2020,609,2020-02-04,Martes,19:00:00,,0,2,"Peatón,Automóvil",Sarmiento 3100,2,1,0,0,1,0,0,"-32.973335869716,-60.644921362694",Calle,,ROSARIO,Rosario,Asfalto,No existe,II,Dentro,Urbana,Señal Pare,No existe,Intersección,Bueno,Buena,Atardecer,Buen Tiempo,S/D,Peatón,Atropello,Ninguna,Vertical,Ninguna,Sin restricción
2020,610,2020-01-03,Viernes,11:30:00,,0,2,"Automóvil,Camión",Av. Uriburu,3,3,0,0,0,0,0,"-32.99137, -60.66651",S/D,,ROSARIO,Rosario,S/D,S/D,II,S/D,S/D,S/D,S/D,S/D,S/D,S/D,Diurna,S/D,S/D,S/D,Colisión,S/D,S/D,S/D,S/D
2020,612,2020-02-16,Domingo,20:40:00,,0,2,"Moto/Ciclomotor,Automóvil",Ayacucho 4700,3,2,0,0,1,0,0,"-32.991462058069,-60.636944107136",Calle,,ROSARIO,Rosario,Asfalto,No existe,II,Dentro,Urbana,Ninguna,No existe,Intersección,Bueno,Buena,Nocturna,Buen Tiempo,Lateral,S/D,Colisión,Ninguna,"Horizontal,Vertical",Línea divisoria pintada,Sin restricción
2020,614,2020-01-04,Sabado,,,0,2,"Bicicleta,Automóvil",San Martin Y Pueyrredon,2,0,1,0,1,0,0,"-31.44552, -60.92928",S/D,,ESPERANZA,Las Colonias,S/D,S/D,XI,S/D,S/D,S/D,S/D,S/D,S/D,S/D,S/D,S/D,S/D,Ciclista,Atropello,S/D,S/D,S/D,S/D
2020,615,2020-01-12,Domingo,20:30:00,Ruta Provincial 1,17,1,Moto/Ciclomotor,,2,1,1,0,0,0,0,"-31.54637, -60.50734",Ruta,1,ARROYO LEYES,La Capital,Asfalto,Natural,I,S/D,Urbana,Marca Vial,No existe,Recta,Bueno,Buena,Nocturna,Buen Tiempo,S/D,S/D,Cañda ocupante,Ninguna,Vertical,Línea divisoria pintada,Sin restricción
2020,616,2020-02-12,Miercoles,12:30:00,,0,3,"Bicicleta,Bicicleta,Bicicleta",Ameghino Y San Martin,3,1,0,0,2,0,0,"-32.987539684356,-60.645946332267",Calle,,ROSARIO,Rosario,Asfalto,No existe,II,Dentro,Urbana,Semáforo,Funciona,Recta,Bueno,Buena,Diurna,Buen Tiempo,S/D,S/D,Colisión,Ninguna,"Horizontal,Vertical",Línea divisoria pintada,Sin restricción
2020,617,2020-01-04,Sabado,17:30:00,Ruta Provincial 31,0,1,Pickup/Utilitario,,1,1,0,0,0,0,0,"-28.66515, -59.86245",Ruta,31,TARTAGAL,Vera,S/D,S/D,XIX,S/D,S/D,S/D,S/D,S/D,S/D,S/D,Diurna,S/D,S/D,S/D,"Vuelco,Despiste",S/D,S/D,S/D,S/D
2020,618,2020-01-08,Miercoles,5:05:00,Autopista Nacional Rosario -Cordoba,0,2,"Camión c / Acoplado,Camión c / Acoplado",,2,0,1,0,1,0,0,"-32.77237, -61.81894",Autopista,Rosario -Cordoba,TORTUGAS,Belgrano,Hormigón,Pavimento,III,Dentro,Rural,Ninguna,No existe,Recta,Bueno,Buena,Nocturna,Buen Tiempo,De alcance,S/D,Colisión,Ninguna,"Horizontal,Vertical",Vegetación,Sin restricción
2020,619,2020-01-01,Miercoles,,,0,2,"Taxi/Remis,Peatón",,2,0,0,0,1,0,1,"-31.60491, -60.67128",S/D,,SANTA FE,La Capital,S/D,S/D,I,S/D,S/D,Ninguna,Intermitente,Otro,Otro,Reducida,Atardecer,Otro,Otro,Peatón,Atropello,Otro,Faltante,Ninguna,Sin restricción
2020,620,2020-01-27,Lunes,19:30:00,,0,2,"Moto/Ciclomotor,Moto/Ciclomotor",Urquiza Y P.L.Funes,2,1,0,0,1,0,0,"    -32.93313, -60.7015",Calle,,ROSARIO,Rosario,Asfalto,S/D,II,Dentro,Urbana,S/D,S/D,Recta,Bueno,S/D,Atardecer,Buen Tiempo,S/D,S/D,Colisión,Ninguna,S/D,Cordón divisorio,Sin restricción
2020,621,2020-01-05,Domingo,17:30:00,Ruta Provincial Brigadier E.LÓPEZ,73,1,Pickup/Utilitario,,3,3,0,0,0,0,0,"-32.19727, -60.99393",Ruta,Brigadier E.LÓPEZ,BARRANCAS,San JERÓNIMO,S/D,S/D,XV,S/D,S/D,S/D,S/D,S/D,S/D,S/D,Diurna,S/D,S/D,S/D,S/D,S/D,S/D,S/D,S/D
2020,622,2020-01-25,Sabado,0:30:00,,0,2,"Moto/Ciclomotor,Pickup/Utilitario",Mendoza Y Tte.Agneta,2,1,0,0,1,0,0,"    -32.94083, -60.69981",Calle,,ROSARIO,Rosario,Asfalto,Pavimento,II,Dentro,Urbana,Paso Peatonal,Funciona,Intersección,Bueno,Buena,Nocturna,Buen Tiempo,Lateral,S/D,Colisión,Ninguna,S/D,Línea divisoria pintada,Sin restricción
2020,624,2020-01-26,Domingo,1:05:00,,0,2,"Moto/Ciclomotor,Automóvil",Ecuador Y San Lorenzo,5,2,0,0,3,0,0,"    -32.93462, -60.71527",Calle,,ROSARIO,Rosario,Asfalto,No existe,II,Dentro,Urbana,Ninguna,No existe,Intersección,Otro,Buena,Nocturna,Buen Tiempo,Lateral,S/D,Colisión,Ninguna,Faltante,Ninguna,Sin restricción
2020,625,2020-02-11,Martes,15:30:00,Ruta Secundaria 225-s,0,2,"Automóvil,Automóvil",Platon Y San Martin,2,1,0,0,1,0,0,"-33.020122323568,-60.65305604165",Ruta,225-s,ROSARIO,Rosario,Asfalto,No existe,II,Dentro,Urbana,Ninguna,No existe,Intersección,Bueno,Buena,Diurna,Buen Tiempo,Lateral,S/D,Colisión,Ninguna,Horizontal,Línea divisoria pintada,Sin restricción
2020,626,2020-01-30,Jueves,13:15:00,,0,2,"Moto/Ciclomotor,Camión Chasis",Donado Y Bv. Argentino,2,1,0,0,1,0,0,"    -32.92419, -60.72765",Avenida,,ROSARIO,Rosario,S/D,S/D,II,Dentro,Urbana,S/D,S/D,Intersección,S/D,S/D,Diurna,S/D,S/D,S/D,Colisión,S/D,S/D,S/D,S/D
2020,627,2020-01-05,Domingo,,,0,2,"Moto/Ciclomotor,Moto/Ciclomotor",Sarmiento Y Hipolito Irigoyen,2,1,0,0,0,0,1,"-31.8973, -61.85881",S/D,,SAN JORGE,San MARTÍN,S/D,S/D,XVIII,S/D,S/D,S/D,S/D,S/D,S/D,S/D,S/D,S/D,S/D,S/D,S/D,S/D,S/D,S/D,S/D
2020,628,2020-01-06,Lunes,,,0,2,"Peatón,Automóvil",Belgrano 2135,2,0,1,0,1,0,0,"-31.97784, -60.92258",S/D,,CORONDA,San JERÓNIMO,S/D,S/D,XV,S/D,S/D,S/D,S/D,S/D,S/D,S/D,S/D,S/D,S/D,Peatón,Atropello,S/D,S/D,S/D,S/D
2020,629,2020-01-06,Lunes,21:00:00,,0,2,"Moto/Ciclomotor,Automóvil",Lamberto La Fuente,4,1,2,0,1,0,0,"-31.9736, -60.92029",S/D,,CORONDA,San JERÓNIMO,S/D,S/D,XV,S/D,S/D,S/D,S/D,S/D,S/D,S/D,Nocturna,S/D,S/D,S/D,S/D,S/D,S/D,S/D,S/D
2020,630,2020-01-24,Viernes,17:05:00,,0,2,"Moto/Ciclomotor,Bicicleta",J.M.de Rosas 272,3,3,0,0,0,0,0,"    -32.96875, -60.63656",Calle,,ROSARIO,Rosario,Asfalto,Pavimento,II,Dentro,Urbana,Ninguna,S/D,Recta,Bueno,Buena,Atardecer,Otro,S/D,S/D,Colisión,Otro,S/D,Ninguna,Sin restricción
2020,631,2020-01-06,Lunes,22:30:00,,0,1,Moto/Ciclomotor,G Brown 2376,1,0,1,0,0,0,0,"-31.97956, -60.92581",S/D,,CORONDA,San JERÓNIMO,S/D,S/D,XV,S/D,S/D,S/D,S/D,S/D,S/D,S/D,Nocturna,S/D,Contra objeto fijo,S/D,S/D,S/D,S/D,S/D,S/D
2020,632,2020-01-06,Lunes,,,0,2,"Peatón,Moto/Ciclomotor",Belgrano Y Juan Semino,3,2,0,0,1,0,0,"-32.85616, -61.15613",S/D,,CARCARAÑÁ,San Lorenzo,S/D,S/D,XVII,S/D,S/D,S/D,S/D,S/D,S/D,S/D,S/D,S/D,S/D,Peatón,Atropello,S/D,S/D,S/D,S/D
2020,633,2020-01-06,Lunes,,,0,2,"Automóvil,Moto/Ciclomotor",Av Gral Lopez Y San Salvador,2,1,0,0,1,0,0,"-32.81758, -60.72234",S/D,,CAPITÁN BERMÚDEZ,San Lorenzo,S/D,S/D,XVII,S/D,S/D,S/D,S/D,S/D,S/D,S/D,S/D,S/D,S/D,S/D,S/D,S/D,S/D,S/D,S/D
2020,634,2020-01-06,Lunes,9:40:00,,0,1,Moto/Ciclomotor,,1,1,0,0,0,0,0,"-29.05569, -60.41832",S/D,,FORTÍN OLMOS,Vera,S/D,S/D,XIX,S/D,S/D,S/D,S/D,S/D,S/D,S/D,Diurna,S/D,S/D,S/D,S/D,S/D,S/D,S/D,S/D
2020,635,2020-01-26,Domingo,0:00:00,Ruta Provincial 39,0,2,"Pickup/Utilitario,Otros",,6,3,0,0,3,0,0,"    -30.29573, -61.2502",Ruta,39,VILLA TRINIDAD,San CRISTÓBAL,Ripio,Natural,XIII,Dentro,Rural,Ninguna,No existe,Intersección,Deteriorada,Reducida polvo,Nocturna,Buen Tiempo,Frontal,S/D,Colisión,Otro,Faltante,Ninguna,S/D
2020,636,2020-01-02,Jueves,12:30:00,Autopista Provincial Brigadier E.LÓPEZ,0,1,Pickup/Utilitario,,1,1,0,0,0,0,0,"-31.62513, -60.76427",Autopista,Brigadier E.LÓPEZ,SANTA FE,La Capital,S/D,S/D,I,S/D,S/D,S/D,S/D,S/D,S/D,S/D,Diurna,S/D,S/D,S/D,S/D,S/D,S/D,S/D,S/D
2020,637,2020-01-06,Lunes,13:00:00,,0,3,"Camión,Camión c / Acoplado,Pickup/Utilitario",,5,5,0,0,0,0,0,"-33.10891, -60.80565",S/D,,PIÑERO,Rosario,S/D,S/D,II,S/D,S/D,S/D,S/D,S/D,S/D,S/D,Diurna,S/D,S/D,S/D,S/D,S/D,S/D,S/D,S/D
2020,638,2020-01-31,Viernes,19:50:00,,0,2,"Automóvil,Moto/Ciclomotor",Avenida Centenario Y Doctor Oscar Ramirez,2,0,1,0,1,0,0,"    -30.01552, -61.5779",Avenida,,AMBROSETTI,San CRISTÓBAL,Asfalto,S/D,XIII,Dentro,Urbana,Ninguna,No existe,Recta,Bueno,Buena,Diurna,Buen Tiempo,Otro,S/D,Colisión,Ninguna,Horizontal,Cordón divisorio,Sin restricción
2020,639,2020-01-27,Lunes,22:30:00,Ruta Provincial 4,7,3,"Camión c / Acoplado,Camión c / Acoplado,Camión c / Acoplado",,4,2,2,0,0,0,0,"    -30.37597, -61.22015",Ruta,4,SAN CRISTÓBAL,San CRISTÓBAL,S/D,Natural,XIII,Dentro,Rural,Ninguna,No existe,Recta,S/D,Buena,Nocturna,S/D,Múltiple,S/D,Colisión,S/D,Faltante,Guardarrail,Desvío Provisorio
2020,640,2020-01-26,Domingo,8:30:00,Ruta Provincial 23,0,1,Automóvil,,1,1,0,0,0,0,0,"-30.41469, -61.92357",Ruta,23,SAN GUILLERMO,San CRISTÓBAL,Asfalto,Natural,XIII,Dentro,Rural,Ninguna,No existe,Recta,Bueno,Buena,Diurna,Buen Tiempo,Atropello animal,S/D,Colisión,Ninguna,Faltante,S/D,Sin restricción
2020,641,2020-01-27,Lunes,18:50:00,,0,2,"Moto/Ciclomotor,Automóvil",Bme Mitre Y Capitan Bermudez,3,2,0,0,1,0,0,"    -32.02375, -61.22334",Calle,,GÁLVEZ,San JERÓNIMO,S/D,No existe,XV,Dentro,Urbana,Ninguna,No existe,Recta,Bueno,Buena,Atardecer,Buen Tiempo,Lateral,S/D,Colisión,Ninguna,Faltante,Cordón divisorio,Sin restricción
2020,642,2020-01-12,Domingo,16:00:00,,0,1,Moto/Ciclomotor,,2,2,0,0,0,0,0,"-33.11902, -60.58822",S/D,,GENERAL LAGOS,Rosario,S/D,S/D,II,S/D,Urbana,S/D,S/D,S/D,S/D,S/D,Diurna,S/D,S/D,S/D,Cañda ocupante,S/D,S/D,S/D,S/D
2020,643,2020-01-10,Viernes,,Ruta Nacional Rosario -Cordoba,0,2,"Automóvil,Automóvil",,8,3,1,0,4,0,0,"-32.94838, -60.74708",Ruta,Rosario -Cordoba,ROSARIO,Rosario,Asfalto,S/D,II,S/D,Urbana,S/D,S/D,S/D,S/D,S/D,S/D,S/D,S/D,S/D,Colisión,S/D,S/D,S/D,S/D
2020,644,2020-01-30,Jueves,9:20:00,,0,2,"Moto/Ciclomotor,Automóvil",Avda 25 de Mayo Y Sarmiento,2,1,0,0,1,0,0,"    -32.0295, -61.22102",Avenida,,GÁLVEZ,San JERÓNIMO,Asfalto,No existe,XV,Dentro,Urbana,Ninguna,No existe,Intersección,Bueno,S/D,Diurna,Buen Tiempo,Lateral,S/D,Colisión,Ninguna,S/D,Ninguna,Sin restricción
2020,645,2020-01-08,Miercoles,,,0,2,"Moto/Ciclomotor,Automóvil",Belgrano Y San Luis,2,1,0,0,1,0,0,"-31.89373, -61.86245",Calle,,SAN JORGE,San MARTÍN,Asfalto,S/D,XVIII,S/D,Urbana,S/D,S/D,Intersección,S/D,S/D,S/D,S/D,S/D,S/D,Colisión,S/D,S/D,S/D,S/D
2020,646,2020-01-10,Viernes,7:00:00,,0,2,"Automóvil,Moto/Ciclomotor",Av. Pte.Peron Y Lima,2,0,1,0,1,0,0,"-32.95818, -60.68825",Avenida,,ROSARIO,Rosario,Asfalto,S/D,II,S/D,Urbana,S/D,S/D,Intersección,S/D,S/D,Nocturna,S/D,S/D,S/D,Colisión,S/D,S/D,S/D,S/D
2020,647,2020-01-10,Viernes,,,0,1,Moto/Ciclomotor,España Y Italia,1,1,0,0,0,0,0,"-31.978485198743, -60.915676317700",Calle,,CORONDA,San JERÓNIMO,Asfalto,S/D,XV,S/D,Urbana,S/D,S/D,Intersección,S/D,S/D,S/D,S/D,S/D,S/D,Cañda ocupante,S/D,S/D,S/D,S/D
2020,648,2020-01-08,Miercoles,9:10:00,Ruta Nacional 95,0,2,"Camión,Moto/Ciclomotor",,2,0,0,0,0,1,1,"-28.23198, -61.423",Ruta,95,GREGORIA P. DE DENIS,9 de Julio,Asfalto,S/D,XII,Dentro,Rural,S/D,S/D,Recta,Bueno,S/D,Diurna,Buen Tiempo,S/D,S/D,Colisión,S/D,S/D,"Línea divisoria pintada,S/D",S/D
2020,649,2020-01-10,Viernes,,,0,2,"Moto/Ciclomotor,Pickup/Utilitario",Belgrano Y Colon,3,2,0,0,0,0,1,"-29.45695, -60.21134",Calle,,VERA,Vera,Asfalto,S/D,XIX,S/D,Urbana,S/D,S/D,Intersección,S/D,S/D,S/D,S/D,S/D,S/D,Colisión,S/D,S/D,S/D,S/D
2020,650,2020-01-11,Sabado,,,0,2,"Automóvil,Moto/Ciclomotor",,2,1,0,0,1,0,0,"-31.45155, -60.92903",S/D,,ESPERANZA,Las Colonias,S/D,S/D,XI,S/D,S/D,S/D,S/D,S/D,S/D,S/D,S/D,S/D,S/D,S/D,Colisión,S/D,S/D,S/D,S/D
2020,651,2020-01-12,Domingo,,,0,2,"Moto/Ciclomotor,Automóvil",,2,1,0,0,1,0,0,"-32.81599, -61.39843",S/D,,CAÑADA DE GÓMEZ,Iriondo,S/D,S/D,X,S/D,S/D,S/D,S/D,S/D,S/D,S/D,S/D,S/D,S/D,S/D,Colisión,S/D,S/D,S/D,S/D
2020,652,2020-01-12,Domingo,,,0,1,Moto/Ciclomotor,,1,1,0,0,0,0,0,"-31.58633, -60.93979",S/D,,FRANCK,Las Colonias,S/D,S/D,XI,S/D,S/D,S/D,S/D,S/D,S/D,S/D,S/D,S/D,S/D,S/D,Cañda ocupante,S/D,S/D,S/D,S/D
2020,653,2020-01-12,Domingo,,,0,2,"Pickup/Utilitario,Peatón",Solis 300,5,3,0,0,2,0,0,"-32.43496, -60.81649",Calle,,GABOTO,San JERÓNIMO,Asfalto,S/D,XV,S/D,Urbana,S/D,S/D,Recta,S/D,S/D,S/D,S/D,S/D,Peatón,Atropello,S/D,S/D,S/D,S/D
2020,654,2020-11-12,Jueves,,Ruta Provincial 3,0,1,Moto/Ciclomotor,,1,1,0,0,0,0,0,"-28.94964, -60.13356",Ruta,3,GARABATO,Vera,Asfalto,S/D,XIX,S/D,Urbana,S/D,S/D,Recta,S/D,S/D,S/D,S/D,Atropello animal,S/D,Colisión,S/D,S/D,S/D,S/D
2020,655,2020-01-13,Lunes,,,0,1,Moto/Ciclomotor,Avenida Nuestra Se�ora del Luj Y San Luis,1,1,0,0,0,0,0,"-31.67362, -60.76954",Calle,,SANTO TOMÉ,La Capital,Asfalto,S/D,I,S/D,Urbana,S/D,S/D,Intersección,S/D,S/D,S/D,S/D,S/D,S/D,Cañda ocupante,S/D,S/D,S/D,S/D
2020,656,2020-01-13,Lunes,,,0,2,"Moto/Ciclomotor,Automóvil",Bv. Argentino 7800,3,2,0,0,1,0,0,"-32.92427, -60.73004",Avenida,,ROSARIO,Rosario,Asfalto,S/D,II,S/D,Urbana,S/D,S/D,Recta,S/D,S/D,S/D,S/D,S/D,S/D,Colisión,S/D,S/D,S/D,S/D
2020,657,2020-01-13,Lunes,,Ruta Nacional 34,0,1,Moto/Ciclomotor,Ruta Nacional 34,2,2,0,0,0,0,0,"-31.84538, -61.58146",Ruta,34,SAN MARTIN DE LAS ESCOBAS,San MARTÍN,S/D,S/D,XVIII,S/D,Urbana,S/D,S/D,S/D,S/D,S/D,S/D,S/D,S/D,S/D,Cañda ocupante,S/D,S/D,S/D,S/D
2020,658,2020-01-14,Martes,,,0,1,Moto/Ciclomotor,Estrada Y J Castelli,1,1,0,0,0,0,0,"-31.60134, -60.71808",Calle,,SANTA FE,La Capital,Asfalto,S/D,I,S/D,Urbana,S/D,S/D,Intersección,S/D,S/D,S/D,S/D,Contra objeto fijo,S/D,Colisión,S/D,S/D,S/D,S/D
2020,659,2020-01-14,Martes,,,0,2,"Automóvil,Moto/Ciclomotor",,3,2,0,0,1,0,0,"-33.0435, -61.16706",S/D,,CASILDA,Caseros,S/D,S/D,IV,S/D,S/D,S/D,S/D,S/D,S/D,S/D,S/D,S/D,S/D,S/D,Colisión,S/D,S/D,S/D,S/D
2020,660,2020-01-12,Domingo,,Ruta Provincial 6,0,2,"Automóvil,Peatón",,3,2,0,0,1,0,0,"-31.43373, -60.91179",Ruta,6,ESPERANZA,Las Colonias,S/D,S/D,XI,S/D,S/D,S/D,S/D,S/D,S/D,S/D,S/D,S/D,S/D,Peatón,Atropello,S/D,S/D,S/D,S/D
2020,661,2020-01-24,Viernes,8:05:00,Ruta Provincial 80,0,2,"Moto/Ciclomotor,Automóvil",,2,0,1,0,1,0,0,"    -32.00778, -61.20815",Ruta,80,GÁLVEZ,San JERÓNIMO,Asfalto,Natural,XV,Dentro,Urbana,Ninguna,No existe,Recta,Bueno,Buena,Diurna,Buen Tiempo,Lateral,S/D,Colisión,Ninguna,Faltante,S/D,S/D
2020,662,2020-01-28,Martes,9:45:00,,0,2,"Bicicleta,Automóvil",25 de Mayo Y Mariano Moreno,2,2,0,0,0,0,0,"    -31.25157, -61.49257",Calle,,RAFAELA,Castellanos,Asfalto,Pavimento,V,Dentro,Urbana,Ninguna,No existe,Intersección,Bueno,Buena,Diurna,Buen Tiempo,S/D,Ciclista,Atropello,Ninguna,Vertical,Ninguna,Sin restricción
2020,663,2020-01-30,Jueves,11:55:00,,0,2,"Bicicleta,Automóvil",Calle 22- 25 de Mayo Y Calle 23-Gral lopez,2,1,0,0,1,0,0,"    -29.14825, -59.64915",Calle,,RECONQUISTA,General Obligado,Asfalto,No existe,IX,Dentro,Urbana,Ninguna,No existe,Intersección,Bueno,Buena,Diurna,Buen Tiempo,Lateral,Ciclista,Atropello,Ninguna,Vertical,Ninguna,Sin restricción
2020,664,2020-01-18,Sabado,1:30:00,Ruta Nacional 33,529,1,Camión c / Acoplado,,1,0,0,0,0,1,0,"-34.24636,-62.65152",Ruta,33,RUFINO,General LÓPEZ,Asfalto,Natural,VIII,Dentro,Rural,Ninguna,No existe,Recta,Con baches,Reducida,Nocturna,Buen Tiempo,S/D,S/D,Vuelco,Ninguna,Vertical,Línea divisoria pintada,Sin restricción
2020,665,2020-01-18,Sabado,5:50:00,Ruta Nacional 33,783,1,Moto/Ciclomotor,Av Pueyrredon,1,0,0,0,0,1,0,"-33.00668,-60.7888",Ruta,33,PEREZ,Rosario,Asfalto,Pavimento,II,Dentro,Urbana,Ninguna,No existe,Curva,Bueno,Buena,Nocturna,Buen Tiempo,Contra objeto fijo,S/D,Colisión,Ninguna,Faltante,Ninguna,Sin restricción
2020,666,2020-02-28,Viernes,20:00:00,Ruta Nacional 11,0,2,"Moto/Ciclomotor,Automóvil",B de Tucuman Y Ruta Nacional 11,2,1,0,0,1,0,0,"-30.786029528589,-60.599784693356",Ruta,11,SAN JUSTO,San Justo,Asfalto,Ripio,XVI,Dentro,Urbana,Ninguna,No existe,Intersección,Bueno,Buena,Atardecer,Buen Tiempo,Lateral,S/D,Colisión,Ninguna,Horizontal,Línea divisoria pintada,Sin restricción
2020,667,2020-02-07,Viernes,10:00:00,,0,2,"Automóvil,Moto/Ciclomotor",9 de Julio Y Gdor Cabal,3,1,0,0,2,0,0,"-30.788365672616,-60.593896376337",Calle,,SAN JUSTO,San Justo,Asfalto,No existe,XVI,Dentro,Urbana,Señal Pare,No existe,Intersección,Bueno,Buena,Diurna,Buen Tiempo,S/D,S/D,Colisión,Agua,Vertical,Ninguna,Sin restricción
2020,668,2020-02-24,Lunes,2:00:00,,0,1,Moto/Ciclomotor,Rivadavia B,1,0,1,0,0,0,0,"-30.780450078847,-60.593090358701",Calle,,SAN JUSTO,San Justo,Asfalto,No existe,XVI,Dentro,Urbana,S/D,S/D,Intersección,Bueno,Buena,"Nocturna,Con luz artificial",Buen Tiempo,Atropello animal,S/D,Colisión,Ninguna,S/D,S/D,Sin restricción