anio_acci,nro_acci,fecha,desc_dia,hora_aprox,desc_ruta,km,cant_participantes,desc_participante,calle_avenida_km,total,heridos_leves,heridos_graves,heridos_gravisimos,ilesos,fallecidos,sin_datos,posicion_XY,desc_tipo_via,desc_ruta_ori,desc_loc,desc_dpto,desc_tipo_calzada,desc_tipo_banquina,desc_unidad_regional,desc_lugar_calzada,desc_zona,desc_prioridad,desc_estado_semaforo,desc_lugar_via,desc_estado_via,desc_estado_visibilidad,desc_luminosidad,desc_estado_clima,desc_tipo_colision,desc_tipo_atropello,desc_tipo_hecho,desc_pres_calzada,desc_senializacion,desc_separacion_via,desc_restriccion
2020,733,2020-02-01,Sabado,16:55:00,,0,2,"Bicicleta,Automóvil",Av. Pte.Peron Y Roullon,2,1,0,0,1,0,0,"-32.963027, -60.701375",Avenida,,ROSARIO,Rosario,Asfalto,No existe,II,Dentro,Urbana,Semáforo,Funciona,Intersección,Bueno,Buena,Diurna,Buen Tiempo,S/D,Ciclista,Atropello,Ninguna,"Horizontal,Vertical",Ninguna,Sin restricción
2020,734,2020-02-23,Domingo,13:30:00,,0,1,Moto/Ciclomotor,,4,3,1,0,0,0,0,"-31.1538, -60.99329",Camino Rural,,PROGRESO,Las Colonias,Ripio,Natural,XI,Dentro,Rural,Ninguna,No existe,Recta,Bueno,Buena,Diurna,Buen Tiempo,S/D,S/D,Cañda ocupante,Ninguna,Faltante,Ninguna,Sin restricción
2020,735,2020-02-07,Viernes,,,0,1,Moto/Ciclomotor,Domingo Faustino Sarmineto Y Guemes,2,1,0,0,1,0,0,"-31.55068672427,-61.07805826225",Calle,,SAN JERÓNIMO NORTE,Las Colonias,Hormigón,No existe,XI,Dentro,Urbana,Ninguna,No existe,Intersección,Bueno,Buena,"Nocturna,Con luz artificial",Buen Tiempo,S/D,S/D,Cañda ocupante,Ninguna,Faltante,Ninguna,Sin restricción
2020,736,2020-02-01,Sabado,3:00:00,,0,2,"Moto/Ciclomotor,Moto/Ciclomotor",Campbell Y Gaboto,4,1,1,0,0,0,2,"-32.964997, -60.707022",Calle,,ROSARIO,Rosario,Asfalto,No existe,II,Dentro,Urbana,Ninguna,No existe,Intersección,Bueno,Buena,Diurna,Buen Tiempo,"Contra objeto fijo,Lateral",S/D,Colisión,Ninguna,Faltante,Ninguna,Sin restricción
2020,737,2020-02-03,Lunes,14:40:00,,0,2,"Automóvil,Moto/Ciclomotor",Av. Pellegrini Y Cullen,2,0,1,0,1,0,0,"-32.948470, -60.708729",Avenida,,ROSARIO,Rosario,Asfalto,No existe,II,Dentro,Urbana,Semáforo,Funciona,Recta,Bueno,Buena,Diurna,Buen Tiempo,Frontal,S/D,Colisión,Ninguna,"Horizontal,Vertical",Cordón divisorio,Sin restricción
2020,738,2020-02-08,Sabado,8:15:00,Ruta Secundaria 67-s,0,2,"Bicicleta,Bicicleta",,2,1,0,0,1,0,0,"-31.5425, -61.10407",Ruta,67-s,SAN JERÓNIMO NORTE,Las Colonias,Hormigón,Natural,XI,Dentro,Rural,Ninguna,No existe,Intersección,Deteriorada,Buena,Diurna,Buen Tiempo,S/D,Ciclista,Atropello,Ninguna,Faltante,Ninguna,Sin restricción
2020,739,2020-02-04,Martes,21:10:00,,0,2,"Automóvil,Moto/Ciclomotor",Bv. Segui Y Camilo Aldao,3,2,0,0,1,0,0,"-32.970610, -60.694817",Avenida,,ROSARIO,Rosario,Asfalto,No existe,II,Dentro,Urbana,Semáforo,Intermitente,Intersección,Bueno,Reducida,"Nocturna,Con luz artificial",Buen Tiempo,Lateral,S/D,Colisión,Ninguna,"Horizontal,Vertical",Cordón divisorio,Sin restricción
2020,740,2020-02-17,Lunes,10:50:00,Ruta Provincial 4,35,1,Pickup/Utilitario,,1,1,0,0,0,0,0,"-31.14736, -60.91957",Ruta,4,CULULÚ,Las Colonias,Asfalto,Natural,XI,Fuera,Rural,Marca Vial,No existe,Recta,Bueno,Buena,Diurna,Buen Tiempo,S/D,S/D,Vuelco,Ninguna,Horizontal,Línea divisoria pintada,Sin restricción
2020,741,2020-02-05,Miercoles,9:15:00,,0,2,"Automóvil,Moto/Ciclomotor",Amenabar Y Roullon,2,1,0,0,1,0,0,"-32.963684, -60.701302",Avenida,,ROSARIO,Rosario,Asfalto,No existe,II,Dentro,Urbana,Ninguna,No existe,Intersección,Bueno,Buena,Diurna,Buen Tiempo,Lateral,S/D,Colisión,Ninguna,Faltante,"Cordón divisorio,Vegetación",Sin restricción
2020,742,2020-02-18,Martes,12:00:00,Ruta Provincial 1,19.5,2,"Automóvil,Automóvil",,4,2,0,0,2,0,0,"-31.53179, -60.48749",Ruta,1,ARROYO LEYES,La Capital,Asfalto,Natural,I,Dentro,Rural,Marca Vial,No existe,Recta,Bueno,Buena,Diurna,Buen Tiempo,Frontal,S/D,Colisión,Ninguna,Horizontal,Línea divisoria pintada,Sin restricción
2020,743,2020-02-08,Sabado,21:50:00,,0,2,"Moto/Ciclomotor,Automóvil",Av. Provincias Unidas Y Pasco,2,0,1,0,1,0,0,"-32.950969, -60.712263",Avenida,,ROSARIO,Rosario,Asfalto,No existe,II,Dentro,Urbana,Semáforo,Funciona,Intersección,Bueno,Buena,"Nocturna,Con luz artificial",Buen Tiempo,De alcance,S/D,Colisión,Ninguna,"Horizontal,Vertical",Cordón divisorio,Sin restricción
2020,744,2020-02-11,Martes,13:40:00,,0,2,"Moto/Ciclomotor,Pickup/Utilitario",Roullon 4300,2,0,1,0,1,0,0,"-32.979611, -60.700822",Avenida,,ROSARIO,Rosario,Asfalto,No existe,II,Dentro,Urbana,Ninguna,No existe,Intersección,Bueno,Buena,Diurna,Buen Tiempo,Lateral,S/D,Colisión,Ninguna,Faltante,Ninguna,Sin restricción
2020,745,2020-02-14,Viernes,23:00:00,Ruta Provincial 1,1,2,"Moto/Ciclomotor,Automóvil",,2,1,0,0,1,0,0,"-31.63369, -60.61816",Ruta,1,COLASTINE,La Capital,Asfalto,Natural,I,Dentro,Urbana,Semáforo,Funciona,Intersección,Bueno,Buena,Nocturna,Buen Tiempo,Otro,S/D,Colisión,Ninguna,Vertical,Cordón divisorio,Sin restricción
2020,746,2020-02-22,Sabado,13:10:00,,0,2,"Moto/Ciclomotor,Moto/Ciclomotor",SAN FRANCISCO DE ASIS  Y VIRGEN DE GUADALUPE,3,1,0,0,0,0,2,"-31.640932, -60.615055",Calle,,COLASTINE,La Capital,Tierra,No existe,I,Dentro,Urbana,Ninguna,No existe,Intersección,Con baches,Buena,Diurna,Buen Tiempo,Otro,S/D,Colisión,Ninguna,Faltante,Ninguna,Sin restricción
2020,748,2020-02-01,Sabado,2:15:00,,0,1,Automóvil,Av. Provincias Unidas Y Bv. 27 De Febrero,1,0,1,0,0,0,0,"-32.95927941799165,-60.711798369884",Avenida,,ROSARIO,Rosario,Asfalto,No existe,II,Dentro,Urbana,Semáforo,Funciona,Recta,Otro,Reducida,Nocturna,Otro,Contra objeto fijo,S/D,Colisión,Otro,"Horizontal,Vertical",Cordón divisorio,Sin restricción
2020,749,2020-02-03,Lunes,9:00:00,,0,2,"Moto/Ciclomotor,Automóvil",Bv. Rondeau 2100,2,1,0,0,1,0,0,"-32.893284850536,-60.692488683521",Avenida,,ROSARIO,Rosario,Asfalto,No existe,II,Dentro,Urbana,Ninguna,No existe,Intersección,Bueno,Buena,Diurna,Buen Tiempo,S/D,S/D,Cañda ocupante,Ninguna,Faltante,Ninguna,Sin restricción
2020,750,2020-01-29,Miercoles,12:00:00,,0,2,"Moto/Ciclomotor,Automóvil",Calle 23-Gral lopez Y Calle 28-San lorenzo,2,1,0,0,1,0,0,"    -29.14786, -59.65277",Calle,,RECONQUISTA,General Obligado,Asfalto,No existe,IX,Dentro,Urbana,Ninguna,No existe,Intersección,Bueno,Buena,Diurna,Buen Tiempo,Lateral,S/D,Colisión,Ninguna,Vertical,Ninguna,Sin restricción
2020,751,2020-02-09,Domingo,22:35:00,,0,1,Moto/Ciclomotor,AV PTE PERON  Y JUAN PABLO II,2,0,2,0,0,0,0,"-32.970335, -60.715933",Avenida,,ROSARIO,Rosario,Asfalto,No existe,II,Dentro,Urbana,Semáforo,Funciona,Intersección,Bueno,Reducida,Nocturna,Buen Tiempo,S/D,S/D,Vuelco,Ninguna,"Horizontal,Vertical","Cordón divisorio,Vegetación",Sin restricción
2020,752,2020-02-02,Domingo,14:30:00,,0,2,"Moto/Ciclomotor,Moto/Ciclomotor",1 de mayo Y Pres Domingo Faustino Sarmient,3,2,0,0,1,0,0,"-31.659412967206,-60.775689462567",Calle,,SANTO TOMÉ,La Capital,Asfalto,No existe,I,Dentro,Urbana,Ninguna,No existe,Intersección,Bueno,Buena,Diurna,Buen Tiempo,Lateral,S/D,Colisión,Ninguna,Faltante,Ninguna,Sin restricción
2020,753,2020-01-24,Viernes,20:00:00,,0,2,"Moto/Ciclomotor,Automóvil",,4,2,0,0,2,0,0,"    -29.14408, -59.64342",Calle,,RECONQUISTA,General Obligado,Asfalto,No existe,IX,Dentro,Urbana,Semáforo,Funciona,Intersección,Bueno,Buena,Atardecer,Buen Tiempo,Lateral,S/D,Colisión,Ninguna,Vertical,Ninguna,Sin restricción
2020,754,2020-01-05,Domingo,5:20:00,,0,2,"Pickup/Utilitario,Moto/Ciclomotor",Junin Y Guillermo Brown,2,0,1,0,1,0,0,"-33.73853, -61.98015",S/D,,VENADO TUERTO,General LÓPEZ,S/D,S/D,VIII,S/D,S/D,S/D,S/D,S/D,S/D,S/D,Nocturna,S/D,S/D,S/D,S/D,S/D,S/D,S/D,S/D
2020,755,2020-01-05,Domingo,8:30:00,,0,1,Pickup/Utilitario,Lisandro de la Torre Y Roque Saenz Pe�a,4,2,2,0,0,0,0,"-33.73891, -61.98085",S/D,,VENADO TUERTO,General LÓPEZ,S/D,S/D,VIII,S/D,S/D,S/D,S/D,S/D,S/D,S/D,Diurna,S/D,S/D,S/D,Despiste,S/D,S/D,S/D,S/D
2020,756,2020-01-05,Domingo,,Ruta Nacional 34,202,1,Pickup/Utilitario,,5,1,0,0,4,0,0,"-31.3567, -61.52998",Ruta,34,SUSANA,Castellanos,S/D,S/D,V,S/D,S/D,S/D,S/D,S/D,S/D,S/D,S/D,S/D,S/D,S/D,S/D,S/D,S/D,S/D,S/D
2020,757,2020-02-05,Miercoles,11:10:00,,0,2,"Automóvil,Bicicleta",Liniers Y Pje. Estudiante Aguilar,3,1,0,0,2,0,0,"-32.955926, -60.697917",Calle,,ROSARIO,Rosario,Asfalto,No existe,II,Dentro,Urbana,Ninguna,No existe,Recta,Con baches,Buena,Diurna,Buen Tiempo,S/D,Peatón,Atropello,Ninguna,Faltante,Ninguna,Sin restricción
2020,758,2020-01-06,Lunes,15:17:00,,0,2,"Bicicleta,Pickup/Utilitario",Cristobal Colon Y España,2,1,0,0,1,0,0,"-33.73914, -61.96626",S/D,,VENADO TUERTO,General LÓPEZ,S/D,S/D,VIII,S/D,S/D,S/D,S/D,S/D,S/D,S/D,Diurna,S/D,S/D,Ciclista,Atropello,S/D,S/D,S/D,S/D
2020,759,2020-01-06,Lunes,19:10:00,,0,2,"Automóvil,Moto/Ciclomotor",Roque Saenz Pe�a Y Av Estrugamou,2,1,0,0,1,0,0,"-33.73804, -61.97457",S/D,,VENADO TUERTO,General LÓPEZ,S/D,S/D,VIII,S/D,S/D,S/D,S/D,S/D,S/D,S/D,Nocturna,S/D,S/D,S/D,S/D,S/D,S/D,S/D,S/D
2020,760,2020-02-23,Domingo,23:10:00,Ruta Nacional 11,153,2,"Automóvil,Automóvil",,3,2,0,0,0,0,1,"-31.65547, -60.70535",Ruta,11,SANTO TOMÉ,La Capital,Asfalto,Natural,I,Dentro,Rural,Ninguna,No existe,Recta,Bueno,Reducida,Nocturna,Buen Tiempo,De alcance,S/D,Colisión,Ninguna,Faltante,Guardarrail,Sin restricción
2020,761,2020-01-06,Lunes,,Ruta Nacional 19,0,2,"Moto/Ciclomotor,Automóvil",,2,0,1,0,1,0,0,"-31.42122, -62.05923",Ruta,19,FRONTERA,Castellanos,S/D,S/D,V,S/D,S/D,S/D,S/D,S/D,S/D,S/D,S/D,S/D,S/D,S/D,S/D,S/D,S/D,S/D,S/D
2020,762,2020-02-06,Jueves,19:45:00,,0,2,"Peatón,Otros",Juan Antonio Alvarez de Arenal 1747,2,1,0,0,1,0,0,"-31.678559959251,-60.761832918153",Calle,,SANTO TOMÉ,La Capital,Ripio,No existe,I,Dentro,Urbana,Ninguna,No existe,Recta,Deteriorada,Buena,Atardecer,Buen Tiempo,S/D,Peatón,Atropello,Ninguna,Faltante,Ninguna,Sin restricción
2020,763,2020-01-07,Martes,19:00:00,Ruta Secundaria 97-s,0,2,"Camión,Camión c / Acoplado",,3,2,1,0,0,0,0,"-28.83932, -59.62665",Ruta,97-s,LANTERI,General Obligado,S/D,S/D,IX,S/D,S/D,S/D,S/D,S/D,S/D,S/D,Diurna,S/D,S/D,S/D,S/D,S/D,S/D,S/D,S/D
2020,764,2020-02-05,Miercoles,7:00:00,Ruta Nacional 11,0,2,"Automóvil,Moto/Ciclomotor",Calle 14 Y Ruta Nac 11,2,0,1,0,1,0,0,"-31.698952, -60.798905",Ruta,11,SAUCE VIEJO,La Capital,Asfalto,Natural,I,Dentro,Urbana,Marca Vial,No existe,Intersección,Bueno,Buena,Diurna,Buen Tiempo,Lateral,S/D,Colisión,Ninguna,Faltante,Línea divisoria pintada,Sin restricción
2020,765,2020-02-10,Lunes,17:05:00,,0,2,"Automóvil,Moto/Ciclomotor",Iriondo 1859,3,0,2,0,1,0,0,"-32.953485, -60.672857",Calle,,ROSARIO,Rosario,Asfalto,No existe,II,Dentro,Urbana,Ninguna,No existe,Recta,Bueno,Buena,Diurna,Buen Tiempo,Lateral,S/D,Colisión,Ninguna,Faltante,Ninguna,Sin restricción
2020,766,2020-01-07,Martes,20:00:00,Ruta Nacional 11,0,2,"Bicicleta,Camión",,2,1,0,0,1,0,0,"-29.12772, -59.65376",Ruta,11,AVELLANEDA,General Obligado,S/D,S/D,IX,S/D,S/D,S/D,S/D,S/D,S/D,S/D,Nocturna,S/D,S/D,Ciclista,Atropello,S/D,S/D,S/D,S/D
2020,767,2020-02-03,Lunes,12:55:00,,0,2,"Moto/Ciclomotor,Automóvil",Frenguelli Y Primera Junta,2,1,0,0,1,0,0,"-31.688581284159,-60.793503006757",Calle,,SANTO TOMÉ,La Capital,Asfalto,Natural,I,Dentro,Urbana,Ninguna,No existe,Intersección,Bueno,Buena,Diurna,Buen Tiempo,Lateral,S/D,Colisión,Ninguna,Faltante,Línea divisoria pintada,Sin restricción
2020,768,2020-01-07,Martes,19:45:00,,0,1,Moto/Ciclomotor,Mitre Y Tucuman,1,1,0,0,0,0,0,"-31.73391, -61.09752",S/D,,SAN CARLOS CENTRO,Las Colonias,S/D,S/D,XI,S/D,S/D,S/D,S/D,S/D,S/D,S/D,Nocturna,S/D,S/D,S/D,"Vuelco,Despiste",S/D,S/D,S/D,S/D
2020,769,2020-02-20,Jueves,8:00:00,,0,2,"Bicicleta,Otros",Juan Bautista Alberdi Y Mariano Candioti,2,1,0,0,1,0,0,"-31.683041537031,-60.757577628869",Calle,,SANTO TOMÉ,La Capital,Asfalto,No existe,I,Dentro,Urbana,Semáforo,Funciona,Recta,Bueno,Buena,Diurna,Buen Tiempo,S/D,Ciclista,Atropello,Ninguna,Vertical,Ninguna,Sin restricción
2020,770,2020-01-27,Lunes,20:10:00,,0,2,"Moto/Ciclomotor,Moto/Ciclomotor",Av. Uriburu Y Rodriguez,3,1,0,0,2,0,0,"    -32.99151, -60.67101",Calle,,ROSARIO,Rosario,Hormigón,No existe,II,S/D,Urbana,Ninguna,S/D,Recta,Con baches,Buena,Nocturna,Buen Tiempo,Otro,S/D,Colisión,Ninguna,S/D,Ninguna,Sin restricción
2020,771,2020-02-12,Miercoles,16:30:00,,0,2,"Moto/Ciclomotor,Pickup/Utilitario",Tte.Agneta 2500,2,1,0,0,1,0,0,"-32.957697, -60.699161",Calle,,ROSARIO,Rosario,Asfalto,No existe,II,Dentro,Urbana,Ninguna,No existe,Intersección,Bueno,Buena,Diurna,Buen Tiempo,Lateral,S/D,Colisión,Otro,Faltante,Ninguna,Sin restricción
2020,772,2020-02-01,Sabado,12:30:00,,0,2,"Moto/Ciclomotor,Automóvil",Balcarce Y Mariano Candioti,2,1,0,0,1,0,0,"-31.678555833476,-60.756665905564",Calle,,SANTO TOMÉ,La Capital,Asfalto,No existe,I,Dentro,Urbana,Ninguna,No existe,Recta,Bueno,Buena,Diurna,Buen Tiempo,Otro,S/D,Colisión,Ninguna,Faltante,Ninguna,Sin restricción
2020,773,2020-02-09,Domingo,20:55:00,,0,2,"Bicicleta,Automóvil",Hipolito Irigoyen Y Lisandro de La Torre,2,1,0,0,1,0,0,"-31.67978048427,-60.766040570428",Calle,,SANTO TOMÉ,La Capital,Asfalto,No existe,I,Dentro,Urbana,Ninguna,No existe,Intersección,Bueno,Buena,Nocturna,Buen Tiempo,S/D,Ciclista,Atropello,Ninguna,Faltante,Ninguna,Sin restricción
2020,774,2020-02-12,Miercoles,21:05:00,,0,2,"Moto/Ciclomotor,Automóvil",AV CISNEROS  Y CALLE 1814,2,1,0,0,1,0,0,"-32.978459, -60.693916",Avenida,,ROSARIO,Rosario,Asfalto,No existe,II,Dentro,Urbana,Ninguna,No existe,Intersección,Con baches,Reducida,"Nocturna,Con luz artificial",Buen Tiempo,Lateral,S/D,Colisión,Otro,Faltante,S/D,Sin restricción
2020,775,2020-02-15,Sabado,17:15:00,,0,2,"Moto/Ciclomotor,Automóvil",Hernandarias Y J Macia,3,2,0,0,1,0,0,"-31.674657830115,-60.757778458573",Calle,,SANTO TOMÉ,La Capital,Asfalto,No existe,I,Dentro,Urbana,Ninguna,No existe,Intersección,Bueno,Buena,Diurna,Buen Tiempo,De alcance,S/D,Colisión,Ninguna,Faltante,Ninguna,Sin restricción
2020,776,2020-02-13,Jueves,12:10:00,,0,2,"Bicicleta,Pickup/Utilitario",Av. Pellegrini 5600,2,1,0,0,1,0,0,"-32.948311, -60.699451",Avenida,,ROSARIO,Rosario,Asfalto,No existe,II,Dentro,Urbana,Ninguna,No existe,Recta,Bueno,Buena,Diurna,Buen Tiempo,S/D,Ciclista,Atropello,Ninguna,Horizontal,Ninguna,Sin restricción
2020,777,2020-02-24,Lunes,15:10:00,,0,2,"Moto/Ciclomotor,Automóvil",Grl Brig Estanislao Lopez Y Hipolito Irigoyen,4,3,0,0,1,0,0,"-31.671293948159,-60.764589516679",Calle,,SANTO TOMÉ,La Capital,Asfalto,No existe,I,Dentro,Urbana,Ninguna,No existe,Intersección,Bueno,Buena,Diurna,Buen Tiempo,S/D,S/D,Colisión,Ninguna,Faltante,Ninguna,Sin restricción
2020,778,2020-02-18,Martes,15:00:00,,0,2,"Moto/Ciclomotor,Automóvil",Hernandarias Y Presidente Bernardino Rivadavi,2,1,0,0,1,0,0,"-31.673304872674,-60.766119219716",Calle,,SANTO TOMÉ,La Capital,Asfalto,No existe,I,Dentro,Urbana,Ninguna,No existe,Intersección,Bueno,Buena,Diurna,Buen Tiempo,S/D,S/D,Colisión,Ninguna,Faltante,Ninguna,Sin restricción
2020,779,2020-02-14,Viernes,7:00:00,,0,2,"Moto/Ciclomotor,Pickup/Utilitario",Av. Pte.Peron 6100,2,0,1,0,1,0,0,"-32.965150, -60.705855",Avenida,,ROSARIO,Rosario,Asfalto,S/D,II,Dentro,Urbana,Semáforo,Funciona,Intersección,Bueno,Buena,Diurna,Buen Tiempo,Lateral,S/D,Colisión,Ninguna,Vertical,Ninguna,Sin restricción
2020,780,2020-02-18,Martes,19:00:00,,0,2,"Moto/Ciclomotor,Pickup/Utilitario",Juan Bautista Alberdi Y Mariano Moreno,2,1,0,0,1,0,0,"-31.681078936369,-60.769816158015",Calle,,SANTO TOMÉ,La Capital,"Asfalto,Ripio",No existe,I,Dentro,Urbana,Ninguna,No existe,Intersección,Bueno,Buena,Diurna,Buen Tiempo,De alcance,S/D,Colisión,Ninguna,Faltante,Ninguna,Sin restricción
2020,781,2020-04-02,Jueves,16:30:00,,0,2,"Moto/Ciclomotor,Pickup/Utilitario",San Martin Y Jose Terragni,4,0,1,0,3,0,0,"-31.4633, -60.93476",Avenida,,ESPERANZA,Las Colonias,Ripio,Pavimento,XI,Dentro,Urbana,Ninguna,No existe,Intersección,Bueno,Buena,Diurna,Buen Tiempo,Lateral,S/D,Colisión,Ninguna,S/D,Ninguna,Sin restricción
2020,782,2020-02-20,Jueves,17:30:00,,0,2,"Moto/Ciclomotor,Automóvil",Libertad Y Rca Oriental del Uruguay,3,1,0,0,2,0,0,"-31.68362001541,-60.763409160421",Calle,,SANTO TOMÉ,La Capital,Asfalto,No existe,I,Dentro,Urbana,Ninguna,No existe,Intersección,Bueno,Buena,Diurna,Buen Tiempo,Lateral,S/D,Colisión,Ninguna,Faltante,Ninguna,Sin restricción
2020,783,2020-04-04,Sabado,18:25:00,,0,1,Moto/Ciclomotor,27 de Febrero 2200,2,2,0,0,0,0,0,"-31.46528, -60.94222",S/D,,ESPERANZA,Las Colonias,Asfalto,Natural,XI,S/D,S/D,S/D,No existe,Recta,Bueno,Buena,Diurna,Buen Tiempo,Atropello animal,S/D,Colisión,Ninguna,S/D,Ninguna,Sin restricción
2020,784,2020-02-14,Viernes,7:35:00,,0,2,"Automóvil,Moto/Ciclomotor",Cafferata Y Bv. 27 De Febrero,2,0,1,0,1,0,0,"-32.961700, -60.676284",Avenida,,ROSARIO,Rosario,Asfalto,No existe,II,Dentro,Urbana,Semáforo,Funciona,Intersección,Bueno,Buena,Diurna,Buen Tiempo,Lateral,S/D,Colisión,Ninguna,"Horizontal,Vertical",Ninguna,Sin restricción
2020,785,2020-02-14,Viernes,,,0,2,"Moto/Ciclomotor,Automóvil",J Macia Y La Rioja,2,1,0,0,1,0,0,"-31.67581073991,-60.75801982112",Calle,,SANTO TOMÉ,La Capital,Asfalto,No existe,I,Dentro,Urbana,Ninguna,No existe,Intersección,Bueno,Buena,Diurna,Buen Tiempo,Lateral,S/D,Colisión,Ninguna,Faltante,Ninguna,Sin restricción
2020,786,2020-04-04,Sabado,16:30:00,,0,2,"Moto/Ciclomotor,Automóvil",Peru Y Carlos Pellegrini,2,1,0,0,1,0,0,"-31.24593, -61.5042",Calle,,RAFAELA,Castellanos,Asfalto,Pavimento,V,Dentro,Urbana,Ninguna,No existe,Intersección,Bueno,Buena,Diurna,Buen Tiempo,Lateral,S/D,Colisión,Ninguna,Vertical,Ninguna,Sin restricción
2020,787,2020-04-02,Jueves,10:10:00,,0,2,"Moto/Ciclomotor,Automóvil",9 de Julio Y Gdor Cabal,2,1,0,0,1,0,0,"-30.78844, -60.59393",Calle,,SAN JUSTO,San Justo,Asfalto,No existe,XVI,Dentro,Urbana,Señal Pare,No existe,Intersección,Deteriorada,Buena,Diurna,Buen Tiempo,De alcance,S/D,Colisión,Ninguna,Horizontal,Ninguna,Sin restricción
2020,788,2020-02-16,Domingo,16:30:00,,0,2,"Moto/Ciclomotor,Pickup/Utilitario",Lima Y Bv. 27 De Febrero,2,1,0,0,1,0,0,"-32.959594, -60.688589",Avenida,,ROSARIO,Rosario,Asfalto,No existe,II,Dentro,Urbana,Ninguna,No existe,Intersección,Bueno,Buena,Diurna,Buen Tiempo,Lateral,S/D,Colisión,Ninguna,Faltante,Cordón divisorio,Sin restricción
2020,789,2020-02-13,Jueves,13:30:00,,0,2,"Moto/Ciclomotor,Automóvil",Dante Alighieri Y Falucho,2,1,0,0,1,0,0,"-31.256561808108,-61.497212889993",Calle,,RAFAELA,Castellanos,Asfalto,No existe,V,Dentro,Urbana,Paso Peatonal,No existe,Intersección,Bueno,Buena,Diurna,Buen Tiempo,Lateral,S/D,Colisión,Ninguna,Horizontal,Ninguna,Sin restricción
2020,790,2020-01-27,Lunes,10:30:00,,0,2,"Moto/Ciclomotor,Peatón",Av. Arijon Y Bv. Oro�o,2,2,0,0,0,0,0,"    -33.00354, -60.66482",Avenida,,ROSARIO,Rosario,Asfalto,S/D,II,Dentro,Urbana,Ninguna,S/D,Recta,Bueno,Buena,Diurna,Buen Tiempo,Otro,S/D,Colisión,S/D,S/D,Ninguna,Sin restricción
2020,791,2020-04-03,Viernes,5:35:00,,0,2,"Pickup/Utilitario,Moto/Ciclomotor",Santa Rosa Y San Martin,2,1,0,0,1,0,0,"-31.41968, -60.33418",Calle,,SANTA ROSA DE CALCHINES,Garay,Hormigón,Natural,VII,Dentro,Urbana,Ninguna,No existe,Intersección,Bueno,Reducida,Amanecer,Buen Tiempo,Frontal,S/D,Colisión,Ninguna,Faltante,Ninguna,Sin restricción
2020,792,2020-02-03,Lunes,22:00:00,,0,2,"Pickup/Utilitario,Peatón",E Poggi 303,2,1,0,0,1,0,0,"-31.247078996463,-61.510712918351",Calle,,RAFAELA,Castellanos,Asfalto,No existe,V,Dentro,Urbana,Ninguna,No existe,Recta,Bueno,Buena,Nocturna,Buen Tiempo,S/D,Peatón,Atropello,Ninguna,Faltante,Ninguna,Sin restricción
2020,793,2020-02-17,Lunes,17:05:00,,0,2,"Bicicleta,Moto/Ciclomotor",Ocampo Y Tte.Agneta,2,0,1,0,1,0,0,"-32.957681, -60.699155",Calle,,ROSARIO,Rosario,Asfalto,No existe,II,Dentro,Urbana,Ninguna,No existe,Intersección,Bueno,Buena,Diurna,Otro,S/D,Ciclista,Atropello,Ninguna,Faltante,Ninguna,Sin restricción
2020,794,2020-01-24,Viernes,,,0,2,"Pickup/Utilitario,Moto/Ciclomotor",Av. Ovidio Lagos 6800,2,1,0,0,1,0,0,"    -33.0172, -60.67913",Avenida,,ROSARIO,Rosario,Asfalto,No existe,II,S/D,Urbana,Otra Señal,S/D,Recta,Bueno,Buena,Diurna,Buen Tiempo,Otro,S/D,Colisión,Ninguna,S/D,Ninguna,Sin restricción
2020,795,2020-02-14,Viernes,10:20:00,Ruta Provincial 13,126,3,"Automóvil,Automóvil,Camión c / Acoplado",,4,0,1,0,3,0,0,"-31.42893433570864,-61.704202294349",Ruta,13,CLUCELLAS,Castellanos,Asfalto,Natural,V,Dentro,Rural,Ninguna,No existe,Recta,Bueno,Buena,Diurna,Buen Tiempo,Múltiple,S/D,Colisión,Ninguna,Faltante,Ninguna,Sin restricción
2020,796,2020-02-06,Jueves,5:10:00,Ruta Nacional 95,854,2,"Pickup/Utilitario,Automóvil",,7,4,2,0,1,0,0,"-28.57976317405702,-61.513486504554",Ruta,95,VILLA MINETTI,9 de Julio,Asfalto,Natural,XII,Dentro,Urbana,Ninguna,No existe,Recta,"Con baches,Resbaladiza,Deteriorada",Reducida,Nocturna,Lluvia,De alcance,S/D,Colisión,Agua,Horizontal,Línea divisoria pintada,Sin restricción
2020,797,2020-02-12,Miercoles,14:20:00,Ruta Secundaria 91-s,70,2,"Pickup/Utilitario,Moto/Ciclomotor",,3,1,1,0,1,0,0,"-28.6079639196396,-61.6193372011185",Ruta,91-s,VILLA MINETTI,9 de Julio,Tierra,Natural,XII,Dentro,Rural,Ninguna,No existe,Recta,Con baches,Reducida polvo,Diurna,Buen Tiempo,Frontal,S/D,Colisión,Ninguna,Faltante,Ninguna,Sin restricción