anio_acci,nro_acci,fecha,desc_dia,hora_aprox,desc_ruta,km,cant_participantes,desc_participante,calle_avenida_km,total,heridos_leves,heridos_graves,heridos_gravisimos,ilesos,fallecidos,sin_datos,posicion_XY,desc_tipo_via,desc_ruta_ori,desc_loc,desc_dpto,desc_tipo_calzada,desc_tipo_banquina,desc_unidad_regional,desc_lugar_calzada,desc_zona,desc_prioridad,desc_estado_semaforo,desc_lugar_via,desc_estado_via,desc_estado_visibilidad,desc_luminosidad,desc_estado_clima,desc_tipo_colision,desc_tipo_atropello,desc_tipo_hecho,desc_pres_calzada,desc_senializacion,desc_separacion_via,desc_restriccion
2020,798,2020-02-29,Sabado,11:00:00,Ruta Secundaria 292-s,8,1,Moto/Ciclomotor,,1,1,0,0,0,0,0,"-28.62531781196591,-61.611649990081",Ruta,292-s,VILLA MINETTI,9 de Julio,Asfalto,Natural,XII,Dentro,Urbana,Ninguna,No existe,Intersección,Bueno,Buena,Diurna,Buen Tiempo,S/D,S/D,Despiste,Ninguna,Faltante,Ninguna,Sin restricción
2020,799,2020-02-21,Viernes,22:00:00,,0,2,"Pickup/Utilitario,Bicicleta",6 de Caballeria Y Gobernador Crespo,2,0,1,0,1,0,0,"-29.238099412563,-61.76757754864",Calle,,TOSTADO,9 de Julio,Hormigón,No existe,XII,Dentro,Urbana,Ninguna,No existe,Intersección,Bueno,Buena,"Nocturna,Con luz artificial",Buen Tiempo,S/D,S/D,Cañda ocupante,Ninguna,Faltante,Ninguna,Sin restricción
2020,800,2020-02-22,Sabado,22:45:00,,0,2,"Moto/Ciclomotor,Camión Chasis",Guemes Y Pte Juan D Peron,3,2,0,0,1,0,0,"-29.224611216114,-61.768533459979",Calle,,TOSTADO,9 de Julio,Asfalto,No existe,XII,Dentro,Urbana,Ninguna,No existe,Intersección,Bueno,Buena,"Nocturna,Con luz artificial",Buen Tiempo,Frontal,S/D,Colisión,Ninguna,Faltante,Ninguna,Sin restricción
2020,801,2020-02-08,Sabado,0:30:00,Ruta Nacional 11,0,2,"Peatón,Camión Chasis",Av Brig Lopez Y Ruta Nac 11,2,1,0,0,1,0,0,"-32.679029407649,-60.783563726805",Ruta,11,TIMBÚES,San Lorenzo,Asfalto,Ripio,XVII,Dentro,Urbana,Ninguna,No existe,Intersección,Bueno,Buena,Nocturna,Buen Tiempo,S/D,Peatón,Atropello,Ninguna,Horizontal,Línea divisoria pintada,Sin restricción
2020,802,2020-02-21,Viernes,11:15:00,,0,2,"Moto/Ciclomotor,Pickup/Utilitario",Av. Sorrento Y Calvo,2,1,0,0,1,0,0,"-32.907488175235,-60.70264588827",Avenida,,ROSARIO,Rosario,Asfalto,No existe,II,Dentro,Urbana,Ninguna,No existe,Intersección,Bueno,Buena,Diurna,Buen Tiempo,Lateral,S/D,Colisión,Ninguna,Horizontal,Línea divisoria pintada,Sin restricción
2020,803,2020-02-21,Viernes,6:05:00,,0,2,"Bicicleta,Moto/Ciclomotor",Bv. Rondeau Y Nansen,2,2,0,0,0,0,0,"-32.90933796527,-60.687952668543",Avenida,,ROSARIO,Rosario,Asfalto,No existe,II,Dentro,Urbana,Semáforo,Funciona,Recta,Bueno,Buena,Diurna,Buen Tiempo,S/D,Ciclista,Atropello,Ninguna,"Horizontal,Vertical","Cordón divisorio,Vegetación,Línea divisoria pintada",Sin restricción
2020,804,2020-02-09,Domingo,15:15:00,,0,2,"Moto/Ciclomotor,Moto/Ciclomotor",Formosa Y G.Carrasco,2,1,0,0,1,0,0,"-32.92036973997,-60.691575541911",Calle,,ROSARIO,Rosario,Asfalto,Pavimento,II,Dentro,Urbana,Ninguna,No existe,Intersección,Bueno,Buena,Diurna,Buen Tiempo,Frontal,S/D,Colisión,Ninguna,Faltante,Ninguna,Sin restricción
2020,805,2020-02-21,Viernes,19:20:00,,0,1,Moto/Ciclomotor,Calle 1345 2400,2,2,0,0,0,0,0,"-32.894622894058,-60.714040328465",Calle,,ROSARIO,Rosario,Asfalto,No existe,II,Dentro,Urbana,Ninguna,No existe,Intersección,Bueno,Buena,Diurna,Buen Tiempo,Contra objeto fijo,S/D,Colisión,Ninguna,Faltante,Ninguna,Sin restricción
2020,806,2020-02-12,Miercoles,10:45:00,,0,2,"Moto/Ciclomotor,Automóvil",Bv. J.Granel Y Nicolas Laguna,2,0,1,0,0,0,1,"-32.890186108052,-60.724008492015",Avenida,,ROSARIO,Rosario,Asfalto,No existe,II,Dentro,Urbana,Otra Señal,No existe,Recta,Bueno,Buena,Diurna,Buen Tiempo,Lateral,S/D,Colisión,Ninguna,Vertical,Ninguna,Sin restricción
2020,807,2020-02-27,Jueves,10:20:00,Ruta Nacional 9,0,2,"Automóvil,Moto/Ciclomotor",Amenabar Y Ruta Nacional 9,2,1,0,0,1,0,0,"-32.90650705041,-60.903271629509",Ruta,9,ROLDÁN,San Lorenzo,Asfalto,No existe,XVII,Dentro,Urbana,Ninguna,No existe,Intersección,Bueno,Buena,Diurna,Buen Tiempo,Lateral,S/D,Colisión,Ninguna,Horizontal,Línea divisoria pintada,Sin restricción
2020,808,2020-02-24,Lunes,20:30:00,,0,2,"Moto/Ciclomotor,Moto/Ciclomotor",,2,2,0,0,0,0,0,"-32.90018074759292,-60.904927648564",Calle,,ROLDÁN,San Lorenzo,Asfalto,No existe,XVII,Dentro,Urbana,Ninguna,No existe,Intersección,Con baches,Buena,"Nocturna,Con luz artificial",Buen Tiempo,Lateral,S/D,Colisión,Ninguna,Faltante,Ninguna,Sin restricción
2020,809,2020-02-19,Miercoles,17:30:00,,0,2,"Moto/Ciclomotor,Pickup/Utilitario",Av. Pellegrini Y Liniers,2,1,0,0,1,0,0,"-32.948290, -60.698268",Avenida,,ROSARIO,Rosario,Asfalto,No existe,II,Dentro,Urbana,Semáforo,Funciona,Intersección,Bueno,Buena,Diurna,Buen Tiempo,De alcance,S/D,Colisión,Ninguna,"Horizontal,Vertical",Cordón divisorio,Sin restricción
2020,810,2020-02-20,Jueves,18:00:00,Ruta Nacional 9,0,2,"Pickup/Utilitario,Moto/Ciclomotor",Sgto. J Cabral Y Ruta Nacional 9,3,1,0,0,2,0,0,"-32.904819318664,-60.912810034026",Ruta,9,ROLDÁN,San Lorenzo,Asfalto,Ripio,XVII,Dentro,Urbana,Ninguna,No existe,Distribuidor,Bueno,Buena,Diurna,Buen Tiempo,Lateral,S/D,Colisión,Ninguna,Horizontal,Ninguna,Sin restricción
2020,811,2020-02-20,Jueves,9:15:00,Ruta Nacional 9,0,2,"Pickup/Utilitario,Moto/Ciclomotor",Amenabar Y Ruta Nacional 9,2,0,1,0,1,0,0,"-32.90650705041,-60.903271629509",Ruta,9,ROLDÁN,San Lorenzo,Asfalto,Pavimento,XVII,Dentro,Urbana,Otra Señal,No existe,Intersección,Bueno,Buena,Diurna,Buen Tiempo,Lateral,S/D,Colisión,Ninguna,"Horizontal,Vertical",Línea divisoria pintada,Sin restricción
2020,812,2020-02-18,Martes,19:50:00,,0,1,Moto/Ciclomotor,Av. Uriburu Y Bv. Avellaneda,1,0,1,0,0,0,0,"-32.992008, -60.688749",Avenida,,ROSARIO,Rosario,Asfalto,No existe,II,Dentro,Urbana,Semáforo,Funciona,Recta,Bueno,Buena,Atardecer,Buen Tiempo,Contra objeto fijo,S/D,Colisión,Ninguna,"Horizontal,Vertical","Cordón divisorio,Vegetación",Sin restricción
2020,813,2020-02-19,Miercoles,12:15:00,,0,2,"Moto/Ciclomotor,Pickup/Utilitario",Av. Provincias Unidas Y La Paz,3,2,0,0,1,0,0,"-32.955708, -60.711915",Avenida,,ROSARIO,Rosario,Asfalto,No existe,II,Dentro,Urbana,Ninguna,No existe,Intersección,Bueno,Buena,Diurna,Buen Tiempo,Lateral,S/D,Colisión,Ninguna,Faltante,Cordón divisorio,Sin restricción
2020,814,2020-02-16,Domingo,19:00:00,Autopista Nacional A012,40,2,"Pickup/Utilitario,Pickup/Utilitario",,7,2,0,0,5,0,0,"-32.97007799148556,-60.909318923950",Autopista,A012,ROLDÁN,San Lorenzo,Asfalto,Natural,XVII,Dentro,Urbana,Ninguna,No existe,Recta,Bueno,Buena,Diurna,Buen Tiempo,S/D,S/D,Colisión,Ninguna,Horizontal,Línea divisoria pintada,Sin restricción
2020,815,2020-02-19,Miercoles,19:20:00,,0,2,"Moto/Ciclomotor,Moto/Ciclomotor",Antartida Argentina Y Bv San Martin,2,2,0,0,0,0,0,"-32.899906786716,-60.909521191603",Avenida,,ROLDÁN,San Lorenzo,Asfalto,No existe,XVII,Dentro,Urbana,Ninguna,No existe,Intersección,Bueno,Buena,"Atardecer,Con luz artificial",Buen Tiempo,De alcance,S/D,Colisión,Ninguna,Faltante,"Cordón divisorio,Vegetación",Sin restricción
2020,816,2020-02-20,Jueves,9:15:00,,0,2,"Camión,Moto/Ciclomotor",Alsina Y Av. Pte.Peron,2,1,0,0,1,0,0,"-32.957290, -60.680865",Avenida,,ROSARIO,Rosario,Asfalto,No existe,II,Dentro,Urbana,Semáforo,Funciona,Intersección,S/D,Buena,Diurna,Buen Tiempo,Lateral,S/D,Colisión,Ninguna,"Horizontal,Vertical",Ninguna,Sin restricción
2020,817,2020-02-21,Viernes,11:45:00,,0,2,"Moto/Ciclomotor,Bicicleta",Bv. 27 De Febrero Y Magallanes,2,1,1,0,0,0,0,"-32.959245, -60.703770",Avenida,,ROSARIO,Rosario,Asfalto,No existe,II,Dentro,Urbana,Ninguna,No existe,Intersección,Bueno,Buena,Diurna,Buen Tiempo,S/D,Ciclista,Atropello,Ninguna,Faltante,Cordón divisorio,Sin restricción
2020,818,2020-02-09,Domingo,15:20:00,,0,2,"Automóvil,Moto/Ciclomotor",Rivarola 7900,4,3,0,0,1,0,0,"-32.966458, -60.729716",Avenida,,ROSARIO,Rosario,Asfalto,No existe,II,Dentro,Urbana,Ninguna,No existe,Intersección,Bueno,Buena,Diurna,Buen Tiempo,Lateral,S/D,Colisión,Ninguna,Faltante,Ninguna,Sin restricción
2020,819,2020-02-22,Sabado,22:35:00,,0,2,"Moto/Ciclomotor,Automóvil",La Paz Y P.L.Funes,2,1,1,0,0,0,0,"-32.955423, -60.700594",Calle,,ROSARIO,Rosario,Asfalto,No existe,II,Dentro,Urbana,Ninguna,No existe,Intersección,Deteriorada,Reducida,"Nocturna,Con luz artificial",Buen Tiempo,Lateral,S/D,Colisión,Otro,Faltante,Ninguna,Sin restricción
2020,820,2020-02-02,Domingo,20:00:00,,0,2,"Automóvil,Moto/Ciclomotor",Av. Pellegrini Y Dorrego,2,1,0,0,1,0,0,"-32.955411, -60.651966",Avenida,,ROSARIO,Rosario,Asfalto,No existe,II,Dentro,Urbana,Semáforo,Funciona,Recta,Bueno,Buena,"Nocturna,Con luz artificial",Buen Tiempo,De alcance,S/D,Colisión,Ninguna,"Horizontal,Vertical","Cordón divisorio,Vegetación",Sin restricción
2020,821,2020-02-03,Lunes,12:45:00,,0,2,"Moto/Ciclomotor,Taxi/Remis",Av. Francia Y Jujuy,3,2,0,0,1,0,0,"-32.933362, -60.663560",Avenida,,ROSARIO,Rosario,Asfalto,No existe,II,Dentro,Urbana,Señal Pare,No existe,Intersección,Bueno,Buena,Diurna,Buen Tiempo,Lateral,S/D,Colisión,Ninguna,Vertical,"Cordón divisorio,Vegetación",Sin restricción
2020,822,2020-02-03,Lunes,8:50:00,,0,2,"Taxi/Remis,Peatón",Balcarce Y Virasoro,2,1,0,0,1,0,0,"-32.967445, -60.657869",Calle,,ROSARIO,Rosario,Asfalto,No existe,II,Dentro,Urbana,S/D,No existe,Intersección,Bueno,Buena,Diurna,S/D,S/D,Peatón,Atropello,Ninguna,Faltante,Ninguna,S/D
2020,823,2020-02-14,Viernes,15:35:00,,0,2,"Automóvil,Moto/Ciclomotor",Neuquen 6800,3,2,0,0,1,0,0,"-31.570201180404,-60.742622562652",Calle,,SANTA FE,La Capital,Tierra,No existe,I,Dentro,Urbana,Ninguna,No existe,Recta,Con baches,Buena,Diurna,Buen Tiempo,De alcance,S/D,Colisión,Material Suelto,Faltante,Ninguna,Sin restricción
2020,824,2020-02-07,Viernes,8:00:00,,0,1,Pickup/Utilitario,Hugo Wast 6700,1,1,0,0,0,0,0,"-31.574140236742,-60.741416044971",Calle,,SANTA FE,La Capital,Tierra,No existe,I,Dentro,Urbana,Ninguna,No existe,Recta,Con baches,Buena,Diurna,Buen Tiempo,Contra objeto fijo,S/D,Colisión,Material Suelto,Faltante,Ninguna,Sin restricción
2020,825,2020-02-07,Viernes,14:30:00,,0,2,"Moto/Ciclomotor,Automóvil",Av Blas Parera Y Callejon Mendez,2,1,0,0,1,0,0,"-31.577315149394,-60.728009887786",Avenida,,SANTA FE,La Capital,Asfalto,No existe,I,Dentro,Urbana,Semáforo,Funciona,Intersección,Bueno,Buena,Diurna,Buen Tiempo,De alcance,S/D,Colisión,Ninguna,"Horizontal,Vertical",Cordón divisorio,Sin restricción
2020,826,2020-02-07,Viernes,19:00:00,,0,2,"Moto/Ciclomotor,Moto/Ciclomotor",Av Santa Fe Y Pje Chubut,4,3,1,0,0,0,0,"-31.568797069623,-60.741368495329",Avenida,,SANTA FE,La Capital,Asfalto,No existe,I,Dentro,Urbana,Ninguna,No existe,Intersección,Con baches,Reducida,Atardecer,Buen Tiempo,Lateral,S/D,Colisión,Material Suelto,Faltante,Ninguna,Sin restricción
2020,827,2020-02-08,Sabado,18:30:00,,0,2,"Moto/Ciclomotor,Automóvil",Los Teros Y Neuquen,2,1,0,0,1,0,0,"-31.567545315562,-60.753779903013",Calle,,SANTA FE,La Capital,Tierra,No existe,I,Dentro,Urbana,Ninguna,No existe,Intersección,Con baches,Buena,Diurna,Buen Tiempo,Frontal,S/D,Colisión,Material Suelto,Faltante,Ninguna,Sin restricción
2020,828,2020-02-22,Sabado,22:30:00,,0,2,"Pickup/Utilitario,Moto/Ciclomotor",Cafferata 8700,2,1,0,0,1,0,0,"-31.577466651577,-60.733845666429",Calle,,SANTA FE,La Capital,Asfalto,No existe,I,Dentro,Urbana,Ninguna,No existe,Intersección,Con baches,Reducida,Nocturna,Buen Tiempo,De alcance,S/D,Colisión,Ninguna,Faltante,Ninguna,Sin restricción
2020,829,2020-02-23,Domingo,12:15:00,,0,2,"Automóvil,Moto/Ciclomotor",Hugo Wast 6400,2,1,0,0,1,0,0,"-31.574868595146,-60.73710811099",Calle,,SANTA FE,La Capital,Asfalto,No existe,I,Dentro,Urbana,Ninguna,No existe,Recta,Con baches,Buena,Diurna,Buen Tiempo,Frontal,S/D,Colisión,Material Suelto,Faltante,Ninguna,Sin restricción
2020,830,2020-02-18,Martes,21:00:00,,0,2,"Moto/Ciclomotor,Moto/Ciclomotor",Arenales Y Millan Medina,3,3,0,0,0,0,0,"-31.592743512092,-60.722045257229",Calle,,SANTA FE,La Capital,Asfalto,No existe,I,Dentro,Urbana,Ninguna,No existe,Intersección,Bueno,Reducida,Nocturna,Buen Tiempo,S/D,S/D,Colisión,Ninguna,Faltante,Ninguna,Sin restricción
2020,831,2020-02-15,Sabado,23:30:00,,0,2,"Moto/Ciclomotor,Moto/Ciclomotor",Av Blas Parera Y Don Guanella,3,1,0,0,1,0,1,"-31.594368301904,-60.723380092765",Avenida,,SANTA FE,La Capital,Asfalto,No existe,I,Dentro,Urbana,Semáforo,Funciona,Intersección,Bueno,Buena,"Nocturna,Con luz artificial",Buen Tiempo,De alcance,S/D,Colisión,Ninguna,"Horizontal,Vertical",Cordón divisorio,Sin restricción
2020,832,2020-02-05,Miercoles,14:45:00,,0,1,Moto/Ciclomotor,Av Pe�aloza Y Reg 12 de Infanteria,1,1,0,0,0,0,0,"-31.593822618937,-60.712154803106",Avenida,,SANTA FE,La Capital,Asfalto,No existe,I,Dentro,Urbana,Semáforo,Funciona,Intersección,Bueno,Buena,Diurna,Buen Tiempo,S/D,S/D,Cañda ocupante,Ninguna,Vertical,Cordón divisorio,Sin restricción
2020,833,2020-02-06,Jueves,22:40:00,,0,2,"Bicicleta,Moto/Ciclomotor",,2,1,0,0,1,0,0,"-31.594378, -60.709698",S/D,,SANTA FE,La Capital,S/D,S/D,I,S/D,S/D,S/D,S/D,S/D,S/D,S/D,Nocturna,S/D,S/D,Ciclista,Atropello,S/D,S/D,S/D,S/D
2020,834,2020-02-08,Sabado,23:45:00,,0,2,"Moto/Ciclomotor,Pickup/Utilitario",Estrada Y Reg 12 de Infanteria,2,1,0,0,1,0,0,"-31.593050241662,-60.715615315568",Calle,,SANTA FE,La Capital,Asfalto,No existe,I,Dentro,Urbana,Semáforo,Funciona,Intersección,Bueno,Buena,"Nocturna,Con luz artificial",Buen Tiempo,De alcance,S/D,Colisión,Ninguna,Vertical,Ninguna,Sin restricción
2020,835,2020-02-18,Martes,18:05:00,,0,2,"Moto/Ciclomotor,Automóvil",Entre Rios,2,1,0,0,1,0,0,"-31.658176, -60.721610",Calle,,SANTA FE,La Capital,Asfalto,No existe,I,Dentro,Urbana,Ninguna,No existe,Intersección,Bueno,Buena,Atardecer,Buen Tiempo,Lateral,S/D,Colisión,S/D,S/D,Ninguna,Sin restricción
2020,836,2020-02-11,Martes,0:30:00,,0,2,"Automóvil,Moto/Ciclomotor",Av Pe�aloza Y Gorriti,4,3,0,0,1,0,0,"-31.586340218022,-60.71162906314",Avenida,,SANTA FE,La Capital,Asfalto,No existe,I,Dentro,Urbana,Semáforo,Intermitente,Intersección,Bueno,Reducida,Nocturna,Buen Tiempo,S/D,S/D,Colisión,Ninguna,Vertical,Cordón divisorio,Sin restricción
2020,837,2020-02-29,Sabado,6:50:00,,0,2,"Automóvil,Automóvil",2 de Abril Y Guatemala,2,1,0,0,1,0,0,"-32.818175, -60.719049",Calle,,CAPITÁN BERMÚDEZ,San Lorenzo,Asfalto,No existe,XVII,Dentro,Urbana,Ninguna,No existe,Intersección,Bueno,Buena,Diurna,Buen Tiempo,S/D,S/D,Colisión,Ninguna,Faltante,Ninguna,Sin restricción
2020,838,2020-02-20,Jueves,15:00:00,,0,2,"Moto/Ciclomotor,Peatón",ENTRE RIOS  Y PJE MARSARENGO,2,0,1,0,0,0,1,"-31.658472, -60.720379",Calle,,SANTA FE,La Capital,Asfalto,No existe,I,Dentro,Urbana,Ninguna,No existe,Recta,Bueno,Buena,Diurna,Buen Tiempo,S/D,Peatón,Atropello,Ninguna,Faltante,Ninguna,Sin restricción
2020,839,2020-02-29,Sabado,12:30:00,Ruta Nacional 11,0,2,"Automóvil,Moto/Ciclomotor",Av San Lorenzo Y Misiones,2,1,1,0,0,0,0,"-32.813484226313,-60.717194203481",Ruta,11,CAPITÁN BERMÚDEZ,San Lorenzo,Asfalto,Pavimento,XVII,Dentro,Urbana,Ninguna,No existe,Intersección,Bueno,Buena,Diurna,Buen Tiempo,S/D,S/D,Colisión,Ninguna,Faltante,Ninguna,Sin restricción
2020,840,2020-02-28,Viernes,21:45:00,,0,2,"Pickup/Utilitario,Moto/Ciclomotor",Roca 1450,2,1,0,0,1,0,0,"-32.708000576654,-60.765438357402",Calle,,PUERTO SAN MARTÍN,San Lorenzo,Asfalto,No existe,XVII,Dentro,Urbana,Ninguna,No existe,Recta,Bueno,Buena,Nocturna,Buen Tiempo,Lateral,S/D,Colisión,Ninguna,Faltante,Ninguna,Sin restricción
2020,842,2020-02-12,Miercoles,17:40:00,,0,2,"Moto/Ciclomotor,Automóvil",Av. Luis Carballo Y Echeverria Bis,3,1,0,0,2,0,0,"-32.921932260059,-60.67225002714",Avenida,,ROSARIO,Rosario,Asfalto,No existe,II,Dentro,Urbana,Semáforo,Funciona,Intersección,Bueno,Buena,Diurna,Buen Tiempo,Otro,S/D,Colisión,Ninguna,"Horizontal,Vertical",Cordón divisorio,S/D
2020,843,2020-02-14,Viernes,,Ruta Nacional 11,0,1,Moto/Ciclomotor,,2,2,0,0,0,0,0,"-31.663661, -60.732561",Ruta,11,SANTA FE,La Capital,Asfalto,Natural,I,Dentro,Urbana,Señal Pare,No existe,Curva,Bueno,S/D,S/D,S/D,S/D,S/D,Cañda ocupante,Ninguna,"Horizontal,Vertical",Guardarrail,Sin restricción
2020,844,2020-02-25,Martes,11:50:00,,0,2,"Moto/Ciclomotor,Automóvil",Ing.Thedy Bis Y Junin,2,1,0,0,1,0,0,"-32.92635076288,-60.665867123219",Calle,,ROSARIO,Rosario,Asfalto,No existe,II,Dentro,Urbana,S/D,Funciona,Intersección,Bueno,S/D,Diurna,Buen Tiempo,Frontal,S/D,Colisión,S/D,"Horizontal,Vertical",Cordón divisorio,S/D
2020,845,2020-02-27,Jueves,20:40:00,Ruta Nacional 11,0,2,"Moto/Ciclomotor,Otros",,2,1,0,0,0,0,1,"-31.663606, -60.732695",Ruta,11,SANTA FE,La Capital,Asfalto,No existe,I,Dentro,Urbana,Ninguna,No existe,Cruce,Bueno,Buena,Nocturna,Buen Tiempo,Frontal,S/D,Colisión,Ninguna,Faltante,Guardarrail,Sin restricción
2020,846,2020-02-18,Martes,15:45:00,,0,2,"Moto/Ciclomotor,Automóvil",Av. Francia Y Av. Luis Carballo,2,1,0,0,1,0,0,"-32.925407691939,-60.661592643448",Avenida,,ROSARIO,Rosario,Asfalto,No existe,II,Dentro,Urbana,Semáforo,Funciona,Curva,S/D,Buena,Diurna,Buen Tiempo,Lateral,S/D,"Cañda ocupante,Colisión",S/D,Vertical,Cordón divisorio,S/D
2020,847,2020-02-16,Domingo,8:45:00,,0,2,"Moto/Ciclomotor,Automóvil",Corrientes Y San Jose,2,1,0,0,1,0,0,"-31.651011, -60.724318",Calle,,SANTA FE,La Capital,Asfalto,No existe,I,Dentro,Urbana,Ninguna,No existe,Intersección,Con baches,S/D,Diurna,Buen Tiempo,Lateral,S/D,Colisión,Agua,Faltante,Ninguna,Sin restricción
2020,848,2020-02-05,Miercoles,13:30:00,,0,2,"Moto/Ciclomotor,Automóvil",J J Paso Y Saavedra,2,1,0,0,1,0,0,"-31.662048, -60.720676",Avenida,,SANTA FE,La Capital,Asfalto,No existe,I,Dentro,Urbana,Ninguna,No existe,Intersección,Bueno,Buena,Diurna,Buen Tiempo,Lateral,S/D,Colisión,Ninguna,"Horizontal,Vertical",Ninguna,Sin restricción
2020,849,2020-02-20,Jueves,16:10:00,,0,2,"Moto/Ciclomotor,Moto/Ciclomotor",Albert Sabin Y French,2,1,0,0,1,0,0,"-32.921051165895,-60.687646019274",Calle,,ROSARIO,Rosario,Asfalto,No existe,II,Dentro,Urbana,Semáforo,No existe,Intersección,Bueno,Buena,Diurna,Buen Tiempo,Lateral,S/D,Colisión,Ninguna,"Horizontal,Vertical",Barrera de hormigón,Sin restricción
2020,850,2020-02-11,Martes,8:51:00,,0,2,"Automóvil,Moto/Ciclomotor",Av. Luis Carballo Y Rawson Bis,2,1,0,0,1,0,0,"-32.921688679719,-60.669418543262",Avenida,,ROSARIO,Rosario,Asfalto,No existe,II,Dentro,Urbana,Semáforo,Funciona,Recta,Bueno,Buena,Diurna,Buen Tiempo,De alcance,S/D,Colisión,S/D,"Horizontal,Vertical",Cordón divisorio,S/D
2020,851,2020-02-13,Jueves,7:00:00,,0,2,"Moto/Ciclomotor,Pickup/Utilitario",Amenabar Y San Jose,2,1,0,0,0,0,1,"-31.656494, -60.726070",Calle,,SANTA FE,La Capital,Asfalto,No existe,I,Dentro,Urbana,Ninguna,No existe,Intersección,Con baches,Buena,Diurna,Buen Tiempo,Lateral,S/D,Colisión,Agua,Faltante,Ninguna,Sin restricción
2020,852,2020-08-20,Jueves,17:00:00,,0,2,"Moto/Ciclomotor,Automóvil",CULLEN Y UGARTE  Y MORROW,4,2,0,0,2,0,0,"-32.878174822023,-60.735512845608",Calle,,ROSARIO,Rosario,Asfalto,No existe,II,Dentro,Urbana,Ninguna,No existe,Recta,Bueno,Buena,Diurna,Buen Tiempo,Lateral,S/D,Colisión,Ninguna,Faltante,Ninguna,Sin restricción
2020,853,2020-02-18,Martes,,,0,2,"Moto/Ciclomotor,Automóvil",Calle 7 Y Calle 12,2,1,0,0,1,0,0,"-28.848729065143,-59.500666632428",Calle,,LAS GARZAS,General Obligado,Ripio,No existe,IX,Dentro,Urbana,Ninguna,No existe,Intersección,Bueno,Buena,Diurna,Buen Tiempo,Lateral,S/D,Colisión,S/D,S/D,Ninguna,Sin restricción
2020,854,2020-02-04,Martes,12:30:00,,0,2,"Pickup/Utilitario,Automóvil",HIPOLITO IRIGOYEN,2,1,0,0,1,0,0,"-31.637725, -60.728807",Calle,,SANTA FE,La Capital,Asfalto,No existe,I,Dentro,Urbana,Ninguna,No existe,Intersección,Bueno,Buena,Diurna,Buen Tiempo,Lateral,S/D,Colisión,Ninguna,S/D,Ninguna,Sin restricción
2020,855,2020-02-10,Lunes,7:35:00,,0,2,"Moto/Ciclomotor,Automóvil",1ro de Mayo Y Gral Lopez,2,0,1,0,1,0,0,"-34.257893536317,-62.711307842269",Calle,,RUFINO,General LÓPEZ,Asfalto,No existe,VIII,Dentro,Urbana,Ninguna,No existe,Intersección,Bueno,Buena,Amanecer,Buen Tiempo,Lateral,S/D,Colisión,Ninguna,Faltante,Ninguna,Sin restricción
2020,856,2020-02-10,Lunes,15:00:00,,0,2,"Moto/Ciclomotor,Automóvil",Av Gral Lopez Y San Lorenzo,3,2,0,0,1,0,0,"-31.655279, -60.720220",Avenida,,SANTA FE,La Capital,Asfalto,No existe,I,Dentro,Urbana,Ninguna,No existe,Intersección,Bueno,Buena,Diurna,Buen Tiempo,Lateral,S/D,Colisión,Ninguna,Faltante,Ninguna,Sin restricción
2020,857,2020-02-28,Viernes,18:10:00,,0,2,"Bicicleta,Automóvil",9 de julio Y Sarmiento,2,1,0,0,1,0,0,"-29.349386412454,-59.969529221843",Calle,,MALABRIGO,General Obligado,Asfalto,No existe,IX,Dentro,Urbana,Ninguna,No existe,Intersección,Bueno,Buena,Diurna,Buen Tiempo,S/D,Ciclista,Atropello,Ninguna,Faltante,Ninguna,Sin restricción
2020,858,2020-02-17,Lunes,19:35:00,,0,2,"Pickup/Utilitario,Moto/Ciclomotor",Sarmiento 857,2,1,0,0,1,0,0,"-29.354700877346,-59.970263181221",Calle,,MALABRIGO,General Obligado,Asfalto,No existe,IX,Dentro,Urbana,Ninguna,No existe,Recta,Bueno,Buena,Diurna,Buen Tiempo,S/D,S/D,Colisión,Ninguna,Faltante,Ninguna,Sin restricción