anio_acci,nro_acci,fecha,desc_dia,hora_aprox,desc_ruta,km,cant_participantes,desc_participante,calle_avenida_km,total,heridos_leves,heridos_graves,heridos_gravisimos,ilesos,fallecidos,sin_datos,posicion_XY,desc_tipo_via,desc_ruta_ori,desc_loc,desc_dpto,desc_tipo_calzada,desc_tipo_banquina,desc_unidad_regional,desc_lugar_calzada,desc_zona,desc_prioridad,desc_estado_semaforo,desc_lugar_via,desc_estado_via,desc_estado_visibilidad,desc_luminosidad,desc_estado_clima,desc_tipo_colision,desc_tipo_atropello,desc_tipo_hecho,desc_pres_calzada,desc_senializacion,desc_separacion_via,desc_restriccion
2020,996,2020-01-20,Lunes,11:20:00,,0,2,"Bicicleta,Pickup/Utilitario",Av. Luis Carballo Y Av. Francia Bis,2,1,0,0,1,0,0,"-32.9254, -60.6616",Avenida,,ROSARIO,Rosario,S/D,S/D,II,S/D,Urbana,S/D,S/D,Rotonda,S/D,S/D,Diurna,S/D,S/D,Ciclista,Atropello,S/D,S/D,S/D,S/D
2020,997,2020-02-12,Miercoles,16:40:00,,0,2,"Moto/Ciclomotor,Peatón",Cordoba Y Dorrego,2,2,0,0,0,0,0,"-32.944454, -60.649236",Calle,,ROSARIO,Rosario,Asfalto,No existe,II,Dentro,Urbana,Ninguna,No existe,Intersección,Bueno,Buena,Diurna,Buen Tiempo,S/D,Peatón,Atropello,Ninguna,Faltante,Ninguna,Sin restricción
2020,998,2020-04-03,Viernes,11:30:00,,0,2,"Moto/Ciclomotor,Automóvil",Irigoyen Y Ledesma,2,1,0,0,1,0,0,"-32.72792, -60.73515",S/D,,SAN LORENZO,San Lorenzo,Hormigón,S/D,XVII,S/D,Urbana,S/D,No existe,Intersección,S/D,S/D,S/D,S/D,S/D,S/D,Colisión,S/D,S/D,S/D,S/D
2020,999,2020-01-20,Lunes,,,0,2,"Moto/Ciclomotor,Automóvil",,2,1,0,0,0,0,1,"-31.44898, -60.93036",S/D,,ESPERANZA,Las Colonias,S/D,S/D,XI,S/D,S/D,S/D,S/D,S/D,S/D,S/D,S/D,S/D,S/D,S/D,Colisión,S/D,S/D,S/D,S/D
2020,1000,2020-02-12,Miercoles,17:30:00,,0,2,"Moto/Ciclomotor,Peatón",Italia Y San Lorenzo,2,2,0,0,0,0,0,"-32.942411, -60.647310",Calle,,ROSARIO,Rosario,Asfalto,No existe,II,Dentro,Urbana,Ninguna,Funciona,Intersección,Bueno,Buena,Diurna,S/D,S/D,Peatón,Atropello,Ninguna,"Horizontal,Vertical",Ninguna,Sin restricción
2020,1001,2020-04-07,Martes,,,0,2,"Automóvil,Bicicleta",Bartolome Mitre Y Corrientes,3,2,0,0,1,0,0,"-32.57285, -60.84807",Calle,,ROLDÁN,San Lorenzo,Asfalto,Pavimento,XVII,Dentro,Urbana,Ninguna,No existe,Intersección,Bueno,Buena,Diurna,Buen Tiempo,S/D,Ciclista,Atropello,Ninguna,Faltante,Ninguna,Sin restricción
2020,1002,2020-01-19,Domingo,0:50:00,Ruta Secundaria 96-s,25,1,Moto/Ciclomotor,,2,1,0,0,0,1,0,"-28.95379, -59.84589",Ruta,96-s,LA SARITA,General Obligado,Asfalto,S/D,IX,Fuera,Rural,S/D,S/D,Recta,Bueno,S/D,Nocturna,Buen Tiempo,S/D,S/D,Cañda ocupante,Ninguna,S/D,S/D,Sin restricción
2020,1003,2020-01-20,Lunes,,,0,2,"Automóvil,Automóvil",,3,1,0,0,2,0,0,"-31.44898, -60.93036",S/D,,ESPERANZA,Las Colonias,S/D,S/D,XI,S/D,S/D,S/D,S/D,S/D,S/D,S/D,S/D,S/D,S/D,S/D,Colisión,S/D,S/D,S/D,S/D
2020,1004,2020-02-11,Martes,13:30:00,,0,2,"Moto/Ciclomotor,Pickup/Utilitario",Constitucion Y Santa Fe,2,1,0,0,1,0,0,"-32.938677, -60.673388",Calle,,ROSARIO,Rosario,Asfalto,No existe,II,Dentro,Urbana,Ninguna,No existe,Recta,Bueno,Buena,Diurna,Buen Tiempo,De alcance,S/D,Colisión,Ninguna,Faltante,Ninguna,Sin restricción
2020,1005,2020-04-07,Martes,22:15:00,Ruta Nacional 11,0,2,"Moto/Ciclomotor,Automóvil",Genaro Roldan,3,2,0,0,1,0,0,"-32.73145, -60.74258",Ruta,11,SAN LORENZO,San Lorenzo,S/D,S/D,XVII,S/D,S/D,S/D,S/D,S/D,S/D,S/D,S/D,S/D,S/D,S/D,S/D,S/D,S/D,S/D,S/D
2020,1006,2020-01-20,Lunes,1:50:00,,0,2,"Moto/Ciclomotor,Automóvil",,2,0,0,0,1,1,0,"-28.34036, -59.22978",Camino Rural,,LAS TOSCAS,General Obligado,"Tierra,Arena",No existe,IX,Dentro,Rural,S/D,No existe,Recta,Bueno,Reducida,Nocturna,Buen Tiempo,Frontal,S/D,Colisión,S/D,Vertical,S/D,Sin restricción
2020,1007,2020-02-12,Miercoles,12:05:00,,0,2,"Taxi/Remis,Moto/Ciclomotor",Mariano Moreno Y San Lorenzo,2,1,0,0,1,0,0,"-32.941937, -60.649978",Calle,,ROSARIO,Rosario,Asfalto,No existe,II,Dentro,Urbana,Ninguna,No existe,Intersección,Bueno,Buena,Diurna,Buen Tiempo,Lateral,S/D,Colisión,Ninguna,Horizontal,Ninguna,Sin restricción
2020,1008,2020-04-02,Jueves,6:00:00,,0,1,Moto/Ciclomotor,Bv Oroño Y C Escalada,1,1,0,0,0,0,0,"-32.73328, -60.74639",Calle,,SAN LORENZO,San Lorenzo,S/D,S/D,XVII,S/D,S/D,S/D,S/D,S/D,S/D,S/D,S/D,S/D,S/D,S/D,S/D,S/D,S/D,S/D,S/D
2020,1009,2020-01-20,Lunes,2:10:00,Ruta Nacional 11,108,2,"Moto/Ciclomotor,Automóvil",,2,1,0,0,1,0,0,"-31.97831, -60.92787",Ruta,11,CORONDA,San JERÓNIMO,S/D,S/D,XV,S/D,Urbana,S/D,S/D,Intersección,S/D,S/D,Nocturna,S/D,S/D,S/D,Colisión,S/D,S/D,S/D,S/D
2020,1010,2020-04-06,Lunes,14:22:00,,0,2,"Moto/Ciclomotor,Automóvil",Urquiza Y Mario Rodriguez,3,1,0,0,2,0,0,"-32.74743, -60.7548",Calle,,SAN LORENZO,San Lorenzo,S/D,S/D,XVII,S/D,S/D,S/D,S/D,S/D,S/D,S/D,S/D,S/D,S/D,S/D,S/D,S/D,S/D,S/D,S/D
2020,1011,2020-02-18,Martes,10:30:00,,0,2,"Pickup/Utilitario,Moto/Ciclomotor",Av. Eva Peron Y F.More,2,1,0,0,0,0,1,"-32.936498, -60.693596",Avenida,,ROSARIO,Rosario,Asfalto,No existe,II,Dentro,Urbana,Ninguna,Funciona,Intersección,Bueno,Buena,Diurna,Buen Tiempo,Lateral,S/D,Colisión,Ninguna,"Horizontal,Vertical",Ninguna,Sin restricción
2020,1012,2020-04-04,Sabado,13:35:00,,0,2,"Automóvil,Pickup/Utilitario",Belgrano Y Av Carlos A Poucel,2,2,0,0,0,0,0,"-32.74677, -60.7383",S/D,,SAN LORENZO,San Lorenzo,S/D,S/D,XVII,S/D,S/D,S/D,S/D,S/D,S/D,S/D,S/D,S/D,S/D,S/D,S/D,S/D,S/D,S/D,S/D
2020,1013,2020-02-18,Martes,6:00:00,,0,2,"Moto/Ciclomotor,Automóvil",Balcarce Y Montevideo,3,2,0,0,1,0,0,"-32.953697, -60.654379",Calle,,ROSARIO,Rosario,Asfalto,No existe,II,Dentro,Urbana,Ninguna,No existe,Intersección,Bueno,Buena,Diurna,Buen Tiempo,Lateral,S/D,Colisión,Ninguna,Faltante,Ninguna,Sin restricción
2020,1014,2020-02-18,Martes,17:45:00,,0,2,"Moto/Ciclomotor,Automóvil",Av. Lugones Y Bv. Oro�o,3,1,0,0,2,0,0,"-32.958292, -60.656876",Avenida,,ROSARIO,Rosario,Asfalto,No existe,II,Dentro,Urbana,Ninguna,No existe,Recta,Bueno,Buena,Diurna,Buen Tiempo,Lateral,S/D,Colisión,Ninguna,Faltante,Ninguna,Sin restricción
2020,1015,2020-02-19,Miercoles,10:45:00,,0,2,"Camión Chasis,Peatón",Av. Belgrano Y Laprida,2,1,0,0,1,0,0,"-32.944953, -60.632779",Avenida,,ROSARIO,Rosario,Asfalto,No existe,II,Dentro,Urbana,Ninguna,Funciona,Intersección,Bueno,Buena,Diurna,Buen Tiempo,S/D,Peatón,Atropello,Ninguna,"Horizontal,Vertical",Ninguna,Sin restricción
2020,1016,2020-02-17,Lunes,13:15:00,Ruta Provincial 18,5.5,3,"Automóvil,Automóvil,Automóvil",,7,2,0,0,5,0,0,"-33.09591, -60.70176",Ruta,18,PIÑERO,Rosario,Asfalto,Ripio,II,Dentro,Urbana,Marca Vial,No existe,Recta,Ahuellamiento,Buena,Diurna,S/D,Múltiple,S/D,Colisión,Ninguna,Horizontal,Línea divisoria pintada,Sin restricción
2020,1017,2020-01-30,Jueves,18:00:00,,0,2,"Moto/Ciclomotor,Automóvil",25 de Diciembre Y Humberto Primo,2,1,0,0,1,0,0,"-33.158288992039,-60.507115295782",Calle,,ARROYO SECO,Rosario,Asfalto,No existe,II,Dentro,Urbana,Ninguna,No existe,Intersección,Deteriorada,Reducida,Diurna,Buen Tiempo,Lateral,S/D,Colisión,Ninguna,Faltante,Ninguna,Sin restricción
2020,1018,2020-02-13,Jueves,14:30:00,Ruta Provincial 21,0,2,"Moto/Ciclomotor,Pickup/Utilitario",Int Jose Constantini 275,3,2,0,0,1,0,0,"-33.155269628732,-60.502996042973",Ruta,21,ARROYO SECO,Rosario,Asfalto,Ripio,II,Dentro,Urbana,Ninguna,No existe,Recta,"Deteriorada,Ahuellamiento",Buena,Diurna,Buen Tiempo,Lateral,S/D,Colisión,Ninguna,Faltante,Ninguna,Sin restricción
2020,1019,2020-02-15,Sabado,15:20:00,Ruta Nacional 9,258,2,"Automóvil,Pickup/Utilitario",,6,3,0,0,3,0,0,"-33.18796, -60.50845",Ruta,9,FIGHIERA,Rosario,Asfalto,Natural,II,Dentro,Rural,Marca Vial,No existe,Recta,Bueno,Buena,Diurna,Buen Tiempo,Lateral,S/D,Colisión,S/D,Horizontal,Vegetación,Sin restricción
2020,1020,2020-02-28,Viernes,3:20:00,Ruta Nacional 9,0,2,"Pickup/Utilitario,Moto/Ciclomotor",Los Tizones Y Ruta Nacional 9,3,0,0,1,2,0,0,"-32.915595, -60.848821",Ruta,9,FUNES,Rosario,Asfalto,Ripio,II,Dentro,Urbana,Marca Vial,No existe,Recta,Bueno,Buena,"Nocturna,Con luz artificial",Buen Tiempo,S/D,S/D,Colisión,Ninguna,Horizontal,Línea divisoria pintada,Sin restricción
2020,1021,2020-02-20,Jueves,11:20:00,Ruta Nacional 11,0,2,"Moto/Ciclomotor,Automóvil",Bv Oroño Y Dorrego,6,2,0,0,4,0,0,"-32.73484356627,-60.736737608724",Ruta,11,SAN LORENZO,San Lorenzo,Asfalto,No existe,XVII,Dentro,Urbana,Semáforo,Funciona,Intersección,Bueno,Buena,Diurna,Buen Tiempo,Lateral,S/D,Colisión,Ninguna,"Horizontal,Vertical","Cordón divisorio,Vegetación,Línea divisoria pintada",Sin restricción
2020,1022,2020-01-20,Lunes,21:35:00,Ruta Nacional 11,71,1,Pickup/Utilitario,,1,1,0,0,0,0,0,"-32.28823, -60.96769",Ruta,11,BARRANCAS,San JERÓNIMO,S/D,S/D,XV,S/D,Rural,S/D,S/D,Recta,S/D,S/D,Nocturna,S/D,S/D,S/D,Vuelco,S/D,S/D,S/D,S/D
2020,1023,2020-02-10,Lunes,20:35:00,,0,1,Moto/Ciclomotor,Silverio Cordoba Y Tte. roca,1,1,0,0,0,0,0,"-32.735709919096,-60.738910437398",Calle,,SAN LORENZO,San Lorenzo,Asfalto,No existe,XVII,Dentro,Urbana,Otra Señal,No existe,Recta,Bueno,Buena,Diurna,Buen Tiempo,Contra objeto fijo,S/D,Colisión,Ninguna,Vertical,Ninguna,Sin restricción
2020,1024,2020-02-14,Viernes,17:50:00,Ruta Nacional 33,779,2,"Automóvil,Camión c / Acoplado",,2,1,0,0,1,0,0,"-33.00733, -60.79038",Ruta,33,ZAVALLA,Rosario,Asfalto,Pavimento,II,Dentro,Rural,Marca Vial,No existe,Recta,Bueno,Buena,Atardecer,Buen Tiempo,Lateral,S/D,Colisión,Ninguna,Horizontal,Línea divisoria pintada,Sin restricción
2020,1025,2020-02-15,Sabado,17:20:00,,0,1,Moto/Ciclomotor,Islas Malvinas 3955,1,1,0,0,0,0,0,"-32.722223102684,-60.737654273124",Calle,,SAN LORENZO,San Lorenzo,Asfalto,No existe,XVII,Dentro,Urbana,Ninguna,No existe,Recta,Deteriorada,Buena,Diurna,Buen Tiempo,S/D,S/D,Despiste,Ninguna,Faltante,Ninguna,Sin restricción
2020,1026,2020-02-27,Jueves,9:50:00,,0,2,"Bicicleta,Automóvil",Guemes Y Necochea,2,1,0,0,1,0,0,"-33.022160089968,-60.880539548562",Calle,,ZAVALLA,Rosario,Hormigón,No existe,II,Dentro,Urbana,Ninguna,No existe,Intersección,Bueno,Buena,Diurna,Buen Tiempo,S/D,Ciclista,Atropello,Ninguna,Faltante,Ninguna,Sin restricción
2020,1027,2020-02-22,Sabado,13:50:00,,0,2,"Camión c / Semirremolque,Moto/Ciclomotor",Bv B Mitre Y Clemente Albelo,2,1,0,0,1,0,0,"-32.721473542403,-60.738702335204",Avenida,,SAN LORENZO,San Lorenzo,Hormigón,No existe,XVII,Dentro,Urbana,Ninguna,No existe,Intersección,Bueno,Buena,Diurna,Buen Tiempo,De alcance,S/D,Colisión,Ninguna,Faltante,Ninguna,Sin restricción
2020,1028,2020-02-21,Viernes,15:20:00,,0,1,Moto/Ciclomotor,Granadero Baigorria Y Islas Malvinas,1,1,0,0,0,0,0,"-32.733424838018,-60.739558345077",Calle,,SAN LORENZO,San Lorenzo,Asfalto,No existe,XVII,Dentro,Urbana,Ninguna,No existe,Intersección,Bueno,Buena,Diurna,Buen Tiempo,S/D,S/D,Cañda ocupante,Ninguna,Faltante,Ninguna,Sin restricción
2020,1029,2020-02-07,Viernes,17:00:00,Autopista Nacional Rosario -Cordoba,325,2,"Pickup/Utilitario,Moto/Ciclomotor",,3,2,0,0,1,0,0,"-32.90419059322682, -61.01453905973",Autopista,Rosario -Cordoba,SAN JERÓNIMO SUR,San Lorenzo,Asfalto,Natural,XVII,Dentro,Urbana,Marca Vial,No existe,Recta,Bueno,Buena,Diurna,Buen Tiempo,S/D,S/D,Colisión,Ninguna,Horizontal,Vegetación,Sin restricción
2020,1030,2020-02-29,Sabado,10:10:00,Autopista Nacional A012,0,2,"Camión c / Acoplado,Tren",Ruta Nac 11,3,1,0,0,2,0,0,"-32.768701065321,-60.730662132264",Autopista,A012,SAN LORENZO,San Lorenzo,Asfalto,Pavimento,XVII,Dentro,Urbana,Otra Señal,No existe,Paso a Nivel FFCC,Bueno,Buena,Diurna,Buen Tiempo,Lateral,S/D,Colisión,Ninguna,"Horizontal,Vertical",Línea divisoria pintada,Sin restricción
2020,1031,2020-01-20,Lunes,,,0,2,"Bicicleta,Moto/Ciclomotor",Udino Galetto Y Buschiazzo,3,3,0,0,0,0,0,"-32.37112, -61.35933",Calle,,SAN GENARO,San JERÓNIMO,S/D,S/D,XV,S/D,Urbana,S/D,S/D,Intersección,S/D,S/D,S/D,S/D,S/D,Ciclista,Atropello,S/D,S/D,S/D,S/D
2020,1032,2020-02-28,Viernes,21:05:00,Ruta Nacional 11,0,2,"Moto/Ciclomotor,Automóvil",Av San Martin Y Rivadavia,2,0,1,0,1,0,0,"-32.750511649446,-60.734204338831",Ruta,11,SAN LORENZO,San Lorenzo,Asfalto,No existe,XVII,Dentro,Urbana,Paso Peatonal,No existe,Intersección,Bueno,Buena,Diurna,Buen Tiempo,S/D,S/D,Colisión,Ninguna,Horizontal,Cordón divisorio,Sin restricción
2020,1033,2020-01-21,Martes,,,0,2,"Peatón,Moto/Ciclomotor",,2,1,0,0,1,0,0,"-31.44898, -60.93036",S/D,,ESPERANZA,Las Colonias,S/D,S/D,XI,S/D,S/D,S/D,S/D,S/D,S/D,S/D,S/D,S/D,S/D,Peatón,Atropello,S/D,S/D,S/D,S/D
2020,1034,2020-02-27,Jueves,8:15:00,,0,2,"Moto/Ciclomotor,Pickup/Utilitario",Dorrego Y Tucuman,2,0,1,0,1,0,0,"-32.742135732151,-60.737155033943",Calle,,SAN LORENZO,San Lorenzo,Asfalto,No existe,XVII,Dentro,Urbana,Ninguna,No existe,Intersección,Bueno,Buena,Diurna,Buen Tiempo,S/D,S/D,Colisión,Ninguna,Faltante,Ninguna,Sin restricción
2020,1035,2020-02-03,Lunes,14:10:00,Ruta Nacional 9,0,2,"Automóvil,Moto/Ciclomotor",A J PAZ  Y RUTA NACIONAL,3,1,1,0,1,0,0,"-32.923082, -60.777282",Ruta,9,FUNES,Rosario,Asfalto,No existe,II,Dentro,Urbana,Marca Vial,S/D,Distribuidor,Bueno,Buena,Diurna,Buen Tiempo,S/D,S/D,Colisión,Ninguna,Horizontal,Guardarrail,Sin restricción
2020,1036,2020-01-21,Martes,18:30:00,,0,2,"Moto/Ciclomotor,Automóvil",Hipolito Irigoyen Y Moreno,2,1,0,0,1,0,0,"-31.89671, -61.86205",Calle,,SAN JORGE,San MARTÍN,S/D,S/D,XVIII,S/D,Urbana,S/D,S/D,Intersección,S/D,S/D,Diurna,S/D,S/D,S/D,Colisión,S/D,S/D,S/D,S/D
2020,1037,2020-02-27,Jueves,16:30:00,,0,2,"Automóvil,Bicicleta",Balcarce Y N Pe�a,2,1,0,0,1,0,0,"-32.772573940869,-60.73143438461",Calle,,SAN LORENZO,San Lorenzo,Asfalto,No existe,XVII,Dentro,Urbana,Ninguna,No existe,Intersección,Bueno,Buena,Diurna,Buen Tiempo,S/D,Ciclista,Atropello,Ninguna,Faltante,Ninguna,Sin restricción
2020,1038,2020-02-04,Martes,11:55:00,,0,2,"Automóvil,Moto/Ciclomotor",Peron Y Sarmiento,2,1,0,0,1,0,0,"-32.91983630884,-60.808005965408",Calle,,FUNES,Rosario,Asfalto,No existe,II,Dentro,Urbana,Ninguna,No existe,Intersección,Bueno,Buena,Diurna,Buen Tiempo,S/D,S/D,Colisión,Ninguna,Faltante,Ninguna,Sin restricción
2020,1039,2020-02-23,Domingo,0:01:00,Autopista Nacional A012,0,1,Moto/Ciclomotor,Republica de Chile,2,1,0,0,1,0,0,"-32.76656270027162,-60.742673277854",Autopista,A012,SAN LORENZO,San Lorenzo,Asfalto,No existe,XVII,Dentro,Urbana,Otra Señal,No existe,Paso a Nivel FFCC,Bueno,Buena,Diurna,Buen Tiempo,S/D,S/D,Despiste,Ninguna,Vertical,Ninguna,Sin restricción
2020,1040,2020-02-04,Martes,18:20:00,Ruta Nacional 9,0,2,"Automóvil,Moto/Ciclomotor",A J PAZ Y RUTA NACIONAL 9,2,1,0,0,1,0,0,"-32.923079, -60.777284",Ruta,9,FUNES,Rosario,Asfalto,Natural,II,Dentro,Urbana,Ninguna,No existe,Intersección,Bueno,Buena,Diurna,Buen Tiempo,S/D,S/D,Colisión,Ninguna,Faltante,Ninguna,Sin restricción
2020,1041,2020-01-22,Miercoles,21:30:00,Ruta Secundaria 17-s,23,1,Moto/Ciclomotor,,1,0,1,0,0,0,0,"-33.16605, -61.0763",Ruta,17-s,FUENTES,San Lorenzo,S/D,S/D,XVII,S/D,Urbana,S/D,S/D,Cruce,S/D,S/D,Nocturna,S/D,S/D,S/D,Cañda ocupante,S/D,S/D,S/D,S/D
2020,1042,2020-02-21,Viernes,11:45:00,,0,2,"Moto/Ciclomotor,Pickup/Utilitario",Brown Y Salta,2,1,0,0,1,0,0,"-32.744756301973,-60.741540461164",Calle,,SAN LORENZO,San Lorenzo,Asfalto,No existe,XVII,Dentro,Urbana,Ninguna,No existe,Intersección,Bueno,Buena,Diurna,Buen Tiempo,S/D,S/D,Colisión,Ninguna,Faltante,Ninguna,Sin restricción
2020,1043,2020-02-05,Miercoles,12:40:00,,0,2,"Bicicleta,Automóvil",Av Fuerza Aerea Y Catamarca,2,1,0,0,1,0,0,"-32.928887,-60.804602",Avenida,,FUNES,Rosario,Asfalto,No existe,II,Dentro,Urbana,Ninguna,No existe,Intersección,Bueno,Buena,Diurna,Buen Tiempo,S/D,Ciclista,Atropello,Ninguna,Faltante,Ninguna,Sin restricción
2020,1044,2020-02-18,Martes,11:15:00,Ruta Nacional 11,0,1,Moto/Ciclomotor,Ruta Nac 11 Y S Gaboto,4,1,0,0,2,0,1,"-32.765948474407196,-60.73146969079",Ruta,11,SAN LORENZO,San Lorenzo,Asfalto,Pavimento,XVII,Dentro,Urbana,Ninguna,No existe,Intersección,Bueno,Buena,Diurna,Buen Tiempo,S/D,S/D,Cañda ocupante,Ninguna,"Horizontal,Vertical","Guardarrail,Línea divisoria pintada",Sin restricción
2020,1045,2020-01-22,Miercoles,16:35:00,,0,2,"Moto/Ciclomotor,Automóvil",Falucho Y Av San Martin,3,1,0,0,2,0,0,"-32.73767, -60.73395",Calle,,SAN LORENZO,San Lorenzo,S/D,S/D,XVII,S/D,Urbana,S/D,S/D,Intersección,S/D,S/D,Atardecer,S/D,S/D,S/D,Colisión,S/D,S/D,S/D,S/D
2020,1046,2020-02-27,Jueves,21:30:00,,0,2,"Automóvil,Moto/Ciclomotor",El Algarrobo Y Las Corbatitas,2,1,0,0,1,0,0,"-32.968625682367,-60.734821499925",Calle,,PEREZ,Rosario,Asfalto,No existe,II,Dentro,Urbana,Ninguna,No existe,Intersección,S/D,Buena,Nocturna,Buen Tiempo,Lateral,S/D,Colisión,Ninguna,Faltante,Ninguna,Sin restricción
2020,1047,2020-02-17,Lunes,9:20:00,Ruta Nacional 11,0,2,"Automóvil,Bicicleta",Buenos aires Y Av San Martin,2,0,1,0,1,0,0,"-32.756710537815,-60.734233859949",Ruta,11,SAN LORENZO,San Lorenzo,Asfalto,No existe,XVII,Dentro,Urbana,Ninguna,No existe,Intersección,Bueno,Buena,Diurna,Buen Tiempo,S/D,Ciclista,Atropello,Ninguna,Faltante,Cordón divisorio,Sin restricción
2020,1048,2020-02-11,Martes,13:30:00,,0,2,"Automóvil,Moto/Ciclomotor",Av Belgrano Y Rivadavia,3,0,2,0,1,0,0,"-32.996494760762,-60.76939322824",Avenida,,PEREZ,Rosario,Asfalto,No existe,II,Dentro,Urbana,Ninguna,No existe,Intersección,Bueno,Buena,Diurna,Buen Tiempo,De alcance,S/D,Colisión,Ninguna,Faltante,Ninguna,Sin restricción
2020,1049,2020-02-15,Sabado,12:40:00,Ruta Nacional 11,0,2,"Automóvil,Moto/Ciclomotor",Av San Martin Y D Gurel,2,1,0,0,1,0,0,"-32.77639153218,-60.728514437401",Ruta,11,SAN LORENZO,San Lorenzo,Asfalto,No existe,XVII,Dentro,Urbana,Semáforo,Funciona,Intersección,Bueno,Buena,Diurna,Buen Tiempo,S/D,S/D,Colisión,Ninguna,Vertical,Ninguna,Sin restricción
2020,1050,2020-02-09,Domingo,21:30:00,,0,2,"Automóvil,Moto/Ciclomotor",Olavarria Y Patricios,3,1,1,0,1,0,0,"-32.903190, -60.861399",Calle,,FUNES,Rosario,Asfalto,No existe,II,Dentro,Urbana,Ninguna,No existe,Intersección,Bueno,Buena,Con luz artificial,Buen Tiempo,S/D,S/D,Colisión,Ninguna,Faltante,Ninguna,Sin restricción
2020,1051,2020-01-23,Jueves,,,0,2,"Moto/Ciclomotor,Pickup/Utilitario",,2,1,0,0,1,0,0,"-33.04453, -61.16502",S/D,,CASILDA,Caseros,S/D,S/D,IV,S/D,S/D,S/D,S/D,S/D,S/D,S/D,S/D,S/D,S/D,S/D,Colisión,S/D,S/D,S/D,S/D
2020,1052,2020-02-13,Jueves,18:00:00,,0,2,"Moto/Ciclomotor,Automóvil",Avda del Combate Y Sargento Cabral,2,0,1,0,1,0,0,"-32.744937365568,-60.730669660785",Avenida,,SAN LORENZO,San Lorenzo,Asfalto,No existe,XVII,Dentro,Urbana,Paso Peatonal,No existe,Intersección,Bueno,Buena,Diurna,Buen Tiempo,S/D,S/D,Colisión,Ninguna,"Horizontal,Vertical",Cordón divisorio,Sin restricción
2020,1053,2020-02-11,Martes,19:50:00,Ruta Nacional 11,0,2,"Peatón,Moto/Ciclomotor",Av San Martin Y Dr Ghio,2,1,0,0,1,0,0,"-32.749659913283,-60.734144000676",Ruta,11,SAN LORENZO,San Lorenzo,Asfalto,No existe,XVII,Dentro,Urbana,Semáforo,Funciona,Intersección,Bueno,Buena,Diurna,Buen Tiempo,S/D,Peatón,Atropello,Ninguna,"Horizontal,Vertical",Cordón divisorio,Sin restricción
2020,1054,2020-02-10,Lunes,15:00:00,,0,2,"Moto/Ciclomotor,Automóvil",3 de Febrero Y Morris W,2,1,0,0,1,0,0,"-32.743799526276,-60.744749370188",Calle,,SAN LORENZO,San Lorenzo,Asfalto,No existe,XVII,Dentro,Urbana,Ninguna,No existe,Intersección,Bueno,Buena,Diurna,Buen Tiempo,S/D,S/D,Colisión,Ninguna,Faltante,Ninguna,Sin restricción
2020,1055,2020-01-23,Jueves,16:15:00,,0,2,"Bicicleta,Moto/Ciclomotor",L de la Torre Y Rivadavia,2,0,1,0,1,0,0,"-29.46472, -60.21066",Calle,,VERA,Vera,S/D,S/D,XIX,S/D,Urbana,S/D,S/D,Intersección,S/D,S/D,Diurna,S/D,S/D,Ciclista,Atropello,S/D,S/D,S/D,S/D
2020,1056,2020-02-09,Domingo,12:30:00,,0,2,"Automóvil,Moto/Ciclomotor",B de Astrada Y La Rioja,2,1,0,0,1,0,0,"-32.738036637702,-60.745698959777",Calle,,SAN LORENZO,San Lorenzo,Asfalto,No existe,XVII,Dentro,Urbana,Ninguna,No existe,Intersección,Bueno,Buena,Diurna,Buen Tiempo,S/D,S/D,Colisión,Ninguna,Faltante,Ninguna,Sin restricción
2020,1057,2020-02-15,Sabado,22:15:00,Autopista Nacional Rosario -Cordoba,0,1,Automóvil,Galindo,2,1,1,0,0,0,0,"-32.939659, -60.819732",Autopista,Rosario -Cordoba,FUNES,Rosario,Asfalto,Natural,II,Dentro,Urbana,Ninguna,No existe,Recta,Bueno,Buena,Nocturna,Buen Tiempo,Contra objeto fijo,S/D,Colisión,Ninguna,Faltante,"Guardarrail,Vegetación",Sin restricción
2020,1058,2020-02-07,Viernes,18:20:00,,0,2,"Moto/Ciclomotor,Automóvil",Irigoyen Y Salta,2,1,0,0,1,0,0,"-32.744850739104,-60.736227800003",Calle,,SAN LORENZO,San Lorenzo,Asfalto,No existe,XVII,Dentro,Urbana,Ninguna,No existe,Intersección,Bueno,Buena,Diurna,Buen Tiempo,S/D,S/D,Colisión,Ninguna,Faltante,Ninguna,Sin restricción
2020,1059,2020-01-23,Jueves,,,0,2,"Moto/Ciclomotor,Automóvil",Simon de Iriondo Y Hernandarias,2,1,0,0,1,0,0,"-31.67435, -60.7599",Calle,,SANTO TOMÉ,La Capital,S/D,S/D,I,S/D,Urbana,S/D,S/D,Intersección,S/D,S/D,S/D,S/D,S/D,S/D,Colisión,S/D,S/D,S/D,S/D
2020,1060,2020-02-03,Lunes,17:30:00,,0,1,Moto/Ciclomotor,Bv Oroño Y Fray Garcia,3,3,0,0,0,0,0,"-32.733009268355,-60.747294655569",Avenida,,SAN LORENZO,San Lorenzo,Asfalto,No existe,XVII,Dentro,Urbana,Ninguna,No existe,Intersección,Bueno,Buena,Diurna,Buen Tiempo,S/D,S/D,Despiste,Ninguna,Faltante,Ninguna,Sin restricción