anio_acci,nro_acci,fecha,desc_dia,hora_aprox,desc_ruta,km,cant_participantes,desc_participante,calle_avenida_km,total,heridos_leves,heridos_graves,heridos_gravisimos,ilesos,fallecidos,sin_datos,posicion_XY,desc_tipo_via,desc_ruta_ori,desc_loc,desc_dpto,desc_tipo_calzada,desc_tipo_banquina,desc_unidad_regional,desc_lugar_calzada,desc_zona,desc_prioridad,desc_estado_semaforo,desc_lugar_via,desc_estado_via,desc_estado_visibilidad,desc_luminosidad,desc_estado_clima,desc_tipo_colision,desc_tipo_atropello,desc_tipo_hecho,desc_pres_calzada,desc_senializacion,desc_separacion_via,desc_restriccion
2020,1061,2020-02-21,Viernes,22:15:00,Ruta Nacional 9,0,2,"Pickup/Utilitario,Moto/Ciclomotor",GUSTAVO COCHET  Y RUTA NACIONAL 9,4,1,0,0,3,0,0,"-32.922411, -60.806050",Ruta,9,ROSARIO,Rosario,Asfalto,Ripio,II,Dentro,Urbana,Ninguna,No existe,Intersección,Bueno,Buena,"Nocturna,Con luz artificial",Buen Tiempo,S/D,S/D,Colisión,Ninguna,Faltante,Ninguna,Sin restricción
2020,1062,2020-01-23,Jueves,8:00:00,,0,1,Moto/Ciclomotor,Balcarce 1332,1,0,1,0,0,0,0,"-32.1824, -61.71491",Calle,,EL TRÉBOL,San MARTÍN,S/D,S/D,XVIII,S/D,Urbana,S/D,S/D,Recta,S/D,S/D,Diurna,S/D,Atropello animal,S/D,Colisión,S/D,S/D,S/D,S/D
2020,1063,2020-02-22,Sabado,13:45:00,,0,2,"Automóvil,Moto/Ciclomotor",Elorza Y San Jose,2,1,0,0,1,0,0,"-32.919785491541,-60.814446491173",Calle,,FUNES,Rosario,Asfalto,No existe,II,Dentro,Urbana,Ninguna,No existe,Intersección,Bueno,Buena,Diurna,Buen Tiempo,S/D,S/D,Colisión,Ninguna,Faltante,Ninguna,Sin restricción
2020,1064,2020-02-22,Sabado,18:30:00,Ruta Nacional 9,0,2,"Automóvil,Moto/Ciclomotor",SAN JOSE  Y RUTA NACIONAL 9,2,2,0,0,0,0,0,"-32.919222539778,-60.823987825485",Ruta,9,FUNES,Rosario,Asfalto,Ripio,II,Dentro,Urbana,Marca Vial,No existe,Intersección,Bueno,Buena,Diurna,Buen Tiempo,S/D,S/D,Colisión,Ninguna,Horizontal,Ninguna,Sin restricción
2020,1065,2020-01-22,Miercoles,5:00:00,Ruta Nacional 33,690,2,"Camión c / Acoplado,Camión c / Acoplado",,3,2,0,0,0,1,0," -33.42264, -61.48244",Ruta,33,FIRMAT,General LÓPEZ,Asfalto,Natural,VIII,Dentro,Rural,Ninguna,No existe,Recta,Bueno,Buena,Nocturna,Buen Tiempo,Frontal,S/D,Colisión,Agua,S/D,Línea divisoria pintada,Sin restricción
2020,1066,2020-01-24,Viernes,23:00:00,,0,1,Automóvil,Av. Illia 1500,1,0,0,0,0,1,0,"-32.93632, -60.64137",Avenida,,ROSARIO,Rosario,Asfalto,No existe,II,Dentro,Urbana,Ninguna,No existe,Recta,Bueno,Buena,Nocturna,Buen Tiempo,Contra objeto fijo,S/D,Colisión,Ninguna,Faltante,"Ninguna,S/D",Sin restricción
2020,1067,2020-01-24,Viernes,10:30:00,Ruta Provincial 36,0,2,"Moto/Ciclomotor,Pickup/Utilitario",Ruta Prov 1,3,0,1,0,1,1,0,"-29.51068, -59.76278",Ruta,36,ROMANG,San Javier,Asfalto,Natural,XIV,Dentro,Rural,Ninguna,No existe,Recta,Bueno,Buena,Diurna,Buen Tiempo,De alcance,S/D,Colisión,Ninguna,S/D,Línea divisoria pintada,Sin restricción
2020,1068,2020-01-25,Sabado,14:00:00,Ruta Nacional 11,363,2,"Moto/Ciclomotor,Automóvil",RUTA PROVINCIAL 95,3,0,0,0,2,1,0,"-32.4661, -60.88748",Ruta,11,OLIVEROS,Iriondo,Asfalto,Natural,X,Dentro,Rural,Ninguna,No existe,Cruce,Bueno,Buena,Diurna,Buen Tiempo,Lateral,S/D,Colisión,Ninguna,Faltante,"Ninguna,S/D",Sin restricción
2020,1069,2020-02-21,Viernes,13:20:00,,0,2,"Automóvil,Automóvil",Cochabamba Y Italia,2,1,0,0,1,0,0,"-32.956692, -60.650883",Calle,,ROSARIO,Rosario,Asfalto,No existe,II,Dentro,Urbana,Señal Pare,No existe,Intersección,Bueno,Buena,Diurna,Buen Tiempo,Lateral,S/D,Colisión,Ninguna,Vertical,Ninguna,Sin restricción
2020,1070,2020-02-18,Martes,11:55:00,,0,3,"Transporte de Pasajeros Urbano (> 8 asientos),Automóvil,Pickup/Utilitario",Valparaiso Y 3 De Febrero,6,2,0,0,4,0,0,"-32.944947, -60.683485",Calle,,ROSARIO,Rosario,Asfalto,No existe,II,Dentro,Urbana,Ninguna,No existe,Intersección,Bueno,Buena,Diurna,Buen Tiempo,Múltiple,S/D,Colisión,Ninguna,Faltante,Ninguna,Sin restricción
2020,1071,2020-02-19,Miercoles,16:40:00,,0,2,"Pickup/Utilitario,Automóvil",Av. Ovidio Lagos Y Montevideo,3,2,0,0,1,0,0,"-32.951973, -60.663930",Avenida,,ROSARIO,Rosario,Asfalto,No existe,II,Dentro,Urbana,Semáforo,Funciona,Intersección,Bueno,Buena,Diurna,Buen Tiempo,Lateral,S/D,"Colisión,Vuelco",Ninguna,"Horizontal,Vertical",Ninguna,Sin restricción
2020,1072,2020-02-19,Miercoles,10:30:00,,0,2,"Moto/Ciclomotor,Automóvil",Cerrito Y 1 de Mayo,2,1,0,0,1,0,0,"-32.963393, -60.633671",Calle,,ROSARIO,Rosario,Asfalto,No existe,II,Dentro,Urbana,Ninguna,No existe,Intersección,Deteriorada,Buena,Diurna,Buen Tiempo,Lateral,S/D,Colisión,S/D,Faltante,Ninguna,Sin restricción
2020,1073,2020-02-21,Viernes,22:35:00,,0,3,"Moto/Ciclomotor,Transporte de Pasajeros Urbano (> 8 asientos),Pickup/Utilitario",Mendoza Y Pascual Rosas,7,2,0,0,5,0,0,"-32.943028, -60.687234",Calle,,ROSARIO,Rosario,Asfalto,No existe,II,Dentro,Urbana,Semáforo,Funciona,Intersección,Bueno,Buena,"Nocturna,Con luz artificial",Buen Tiempo,Múltiple,S/D,Colisión,Ninguna,"Horizontal,Vertical",Ninguna,Sin restricción
2020,1074,2020-02-01,Sabado,16:15:00,,0,3,"Taxi/Remis,Automóvil,Automóvil",Av. Ovidio Lagos Y Guemes,4,2,0,0,2,0,0,"-32.931772, -60.658825",Avenida,,ROSARIO,Rosario,Asfalto,No existe,II,Dentro,Urbana,Semáforo,Funciona,Intersección,Bueno,Buena,Diurna,Buen Tiempo,Múltiple,S/D,Colisión,Ninguna,"Horizontal,Vertical",Ninguna,Sin restricción
2020,1075,2020-02-12,Miercoles,12:00:00,,0,2,"Moto/Ciclomotor,Peatón",Entre Rios 655,4,1,0,0,3,0,0,"-32.944131, -60.640470",Calle,,ROSARIO,Rosario,Asfalto,No existe,II,Dentro,Urbana,Marca Vial,No existe,Recta,Bueno,Buena,Diurna,Buen Tiempo,S/D,Peatón,Atropello,Ninguna,Horizontal,Ninguna,Sin restricción
2020,1076,2020-02-13,Jueves,13:50:00,,0,2,"Moto/Ciclomotor,Automóvil",Bv. Oroño Y Rivadavia,2,1,0,0,0,0,1,"-32.932122, -60.650304",Avenida,,ROSARIO,Rosario,Asfalto,No existe,II,Dentro,Urbana,Semáforo,Funciona,Intersección,Bueno,Buena,Diurna,Buen Tiempo,Lateral,S/D,Colisión,Ninguna,"Horizontal,Vertical","Cordón divisorio,Vegetación",Sin restricción
2020,1077,2020-02-19,Miercoles,15:00:00,,0,2,"Bicicleta,Automóvil",Entre Rios Y Viamonte,2,1,0,0,0,0,1,"-32.964789, -60.645729",Calle,,ROSARIO,Rosario,Asfalto,No existe,II,Dentro,Urbana,Semáforo,Funciona,Intersección,Bueno,Buena,Diurna,Buen Tiempo,S/D,Ciclista,Atropello,Ninguna,"Horizontal,Vertical",Ninguna,Sin restricción
2020,1078,2020-02-06,Jueves,8:45:00,,0,2,"Pickup/Utilitario,Automóvil",AV LAS PALMERAS  Y BV ORO�O,2,1,0,0,1,0,0,"-32.960360, -60.657634",Avenida,,ROSARIO,Rosario,Asfalto,No existe,II,Dentro,Urbana,Ninguna,No existe,Recta,Bueno,Buena,Diurna,Buen Tiempo,De alcance,S/D,Colisión,Ninguna,Faltante,"Cordón divisorio,Vegetación",Sin restricción
2020,1079,2020-02-05,Miercoles,8:30:00,,0,2,"Automóvil,Bicicleta",J Castelli Y Lavalle,2,1,0,0,1,0,0,"-31.609224, -60.681589",Calle,,SANTA FE,La Capital,Asfalto,No existe,I,Dentro,Urbana,Ninguna,No existe,Intersección,Bueno,Buena,Diurna,Buen Tiempo,S/D,Ciclista,Atropello,Ninguna,Faltante,Ninguna,Sin restricción
2020,1080,2020-02-02,Domingo,22:30:00,Ruta Provincial 2,12,2,"Moto/Ciclomotor,Moto/Ciclomotor",,2,2,0,0,0,0,0,"-31.452773809433005,-60.67131578922",Ruta,2,MONTE VERA,La Capital,Hormigón,Natural,I,Dentro,Urbana,Ninguna,No existe,Recta,Bueno,Buena,"Nocturna,Con luz artificial",Buen Tiempo,De alcance,S/D,Colisión,Ninguna,Horizontal,Línea divisoria pintada,Sin restricción
2020,1081,2020-02-25,Martes,0:25:00,,0,2,"Pickup/Utilitario,Moto/Ciclomotor",Montevideo Y Peron,6,2,0,0,4,0,0,"-32.914219270175,-60.80657060174",Calle,,FUNES,Rosario,Asfalto,No existe,II,Dentro,Urbana,Ninguna,No existe,Intersección,Bueno,Buena,"Nocturna,Con luz artificial",Buen Tiempo,S/D,S/D,Colisión,Ninguna,Faltante,"Ninguna,S/D",Sin restricción
2020,1082,2020-02-05,Miercoles,13:30:00,,0,2,"Automóvil,Moto/Ciclomotor",Av Galicia Y Guemes,2,1,0,0,1,0,0,"-31.607937, -60.680093",Avenida,,SANTA FE,La Capital,Asfalto,No existe,I,Dentro,Urbana,Ninguna,No existe,Intersección,Bueno,Buena,Diurna,Buen Tiempo,Lateral,S/D,Colisión,Ninguna,Faltante,Ninguna,Sin restricción
2020,1083,2020-01-25,Sabado,,,0,2,"Automóvil,Moto/Ciclomotor",Doctor Estanislao Zeballos Sev Y Casado,2,1,0,0,1,0,0,"    -33.04578, -61.16179",Calle,,CASILDA,Caseros,Asfalto,S/D,IV,Dentro,Urbana,S/D,S/D,Intersección,Bueno,S/D,Diurna,S/D,Lateral,S/D,Colisión,S/D,S/D,S/D,S/D
2020,1084,2020-01-20,Lunes,11:45:00,Ruta Nacional 34,201,2,"Pickup/Utilitario,Transporte de Pasajeros Larga Distancia (> 8 asientos)",,2,1,0,0,1,0,0,"-31.42391, -61.54651",Ruta,34,SUSANA,Castellanos,S/D,S/D,V,S/D,Rural,S/D,S/D,Recta,S/D,S/D,Diurna,Lluvia,De alcance,S/D,Colisión,Agua,S/D,S/D,S/D
2020,1085,2020-02-08,Sabado,5:40:00,Ruta Provincial 2,19,1,Automóvil,,2,1,0,0,1,0,0,"-31.39248311519625,-60.662544965744",Ruta,2,CONSTITUYENTE,La Capital,Hormigón,Natural,I,Dentro,Rural,S/D,No existe,Recta,Bueno,Buena,Amanecer,S/D,Atropello animal,S/D,Colisión,Ninguna,Horizontal,Línea divisoria pintada,Sin restricción
2020,1086,2020-02-05,Miercoles,15:30:00,,0,2,"Automóvil,Moto/Ciclomotor",Llerena Y Necochea,2,1,0,0,1,0,0,"-31.615576, -60.687897",Calle,,SANTA FE,La Capital,Asfalto,No existe,I,Dentro,Urbana,Ninguna,No existe,Intersección,Bueno,Buena,Diurna,Buen Tiempo,Lateral,S/D,Colisión,Ninguna,Faltante,Ninguna,Sin restricción
2020,1087,2020-01-25,Sabado,,,0,2,"Moto/Ciclomotor,Moto/Ciclomotor",Entre Rios Y Av 25 de Mayo,2,2,0,0,0,0,0,"    -30.99709, -61.42695",Calle,,ATALIVA,Castellanos,Asfalto,S/D,V,Dentro,Urbana,S/D,No existe,Intersección,S/D,S/D,S/D,S/D,Lateral,S/D,Colisión,S/D,S/D,S/D,S/D
2020,1088,2020-01-20,Lunes,19:15:00,Autopista Provincial Brigadier E.LÓPEZ,146,1,Camión c / Acoplado,,1,1,0,0,0,0,0,"-31.66733, -60.79963",Autopista,Brigadier E.LÓPEZ,SANTO TOMÉ,La Capital,S/D,S/D,I,S/D,Urbana,S/D,S/D,Intersección,S/D,S/D,Atardecer,S/D,S/D,S/D,Vuelco,S/D,S/D,S/D,S/D
2020,1089,2020-04-01,Miercoles,9:20:00,,0,2,"Automóvil,Moto/Ciclomotor",Mendoza 7000,2,1,0,0,1,0,0,"-32.94029, -60.71617",S/D,,ROSARIO,Rosario,S/D,S/D,II,S/D,S/D,S/D,S/D,S/D,S/D,S/D,S/D,S/D,S/D,S/D,S/D,S/D,S/D,S/D,S/D
2020,1090,2020-02-26,Miercoles,1:10:00,Ruta Nacional 9,0,2,"Moto/Ciclomotor,Transporte de Pasajeros Larga Distancia (> 8 asientos)",Maiztegui Y Ruta Nacional 9,2,0,1,0,1,0,0,"-32.913717792163,-60.862114978217",Ruta,9,FUNES,Rosario,Asfalto,Ripio,II,Dentro,Urbana,Semáforo,Funciona,Recta,Bueno,Buena,"Nocturna,Con luz artificial",Buen Tiempo,De alcance,S/D,Colisión,Ninguna,"Horizontal,Vertical",Línea divisoria pintada,Sin restricción
2020,1091,2020-01-22,Miercoles,18:30:00,Ruta Nacional 11,142,1,Moto/Ciclomotor,,1,1,0,0,0,0,0,"-31.69359, -60.7961",Ruta,11,SANTO TOMÉ,La Capital,S/D,S/D,I,S/D,Urbana,S/D,S/D,Intersección,S/D,S/D,Atardecer,S/D,S/D,S/D,Despiste,S/D,S/D,S/D,S/D
2020,1092,2020-02-10,Lunes,18:30:00,Ruta Provincial 2,6,2,"Automóvil,Automóvil",,3,2,0,0,1,0,0,"-31.498199701309204,-60.67641735076",Ruta,2,MONTE VERA,La Capital,Hormigón,Natural,I,Dentro,Urbana,Ninguna,No existe,Recta,Bueno,Buena,Diurna,Buen Tiempo,Frontal,S/D,Colisión,Ninguna,Horizontal,Línea divisoria pintada,Sin restricción
2020,1093,2020-04-03,Viernes,15:30:00,,0,2,"Moto/Ciclomotor,Automóvil",Bv. Am�rica 1091,2,1,0,0,1,0,0,"-32.20008, -61.70069",S/D,,EL TRÉBOL,San MARTÍN,S/D,S/D,XVIII,S/D,S/D,S/D,S/D,S/D,S/D,S/D,S/D,S/D,S/D,S/D,S/D,S/D,S/D,S/D,S/D
2020,1094,2020-02-02,Domingo,18:30:00,,0,2,"Automóvil,Moto/Ciclomotor",Av Almte Brown Y Derqui,3,2,0,0,1,0,0,"-31.620655, -60.677920",Avenida,,SANTA FE,La Capital,Asfalto,No existe,I,Dentro,Urbana,Otra Señal,No existe,Intersección,Bueno,Buena,Diurna,Buen Tiempo,De alcance,S/D,Colisión,Ninguna,"Horizontal,Vertical","Cordón divisorio,Vegetación",Sin restricción
2020,1095,2020-01-22,Miercoles,7:20:00,Autopista Nacional A007,4,1,Moto/Ciclomotor,,1,1,0,0,0,0,0,"-31.65291, -60.70515",Autopista,A007,SANTA FE,La Capital,S/D,S/D,I,S/D,Urbana,S/D,S/D,Recta,S/D,S/D,Amanecer,S/D,S/D,S/D,Cañda ocupante,S/D,S/D,S/D,S/D
2020,1096,2020-02-24,Lunes,21:50:00,,0,2,"Moto/Ciclomotor,Taxi/Remis",Av. Eudoro Carrasco Y Martin Fierro,2,1,0,0,1,0,0,"-32.876059613517,-60.688254343803",Avenida,,ROSARIO,Rosario,Asfalto,No existe,II,Dentro,Urbana,Semáforo,Funciona,Recta,Bueno,S/D,Nocturna,S/D,S/D,S/D,Colisión,S/D,Vertical,Cordón divisorio,S/D
2020,1097,2020-02-17,Lunes,17:15:00,,0,2,"Moto/Ciclomotor,Automóvil",Santa Fe 1700,2,1,0,0,1,0,0,"-31.515892344995,-60.674953723904",Calle,,MONTE VERA,La Capital,Ripio,No existe,I,Dentro,Urbana,Ninguna,No existe,Intersección,Bueno,Buena,Diurna,Buen Tiempo,Lateral,S/D,Colisión,Ninguna,Faltante,Ninguna,Sin restricción
2020,1098,2020-01-22,Miercoles,,Autopista Nacional Rosario -Cordoba,310,1,Automóvil,,1,1,0,0,0,0,0,"-32.90151, -61.02998",Autopista,Rosario -Cordoba,ROSARIO,Rosario,S/D,S/D,II,S/D,Rural,S/D,S/D,Recta,S/D,S/D,S/D,S/D,S/D,S/D,Vuelco,S/D,S/D,S/D,S/D
2020,1099,2020-02-14,Viernes,4:00:00,Ruta Provincial 2,0,1,Moto/Ciclomotor,Av L de la Torre Y Salta,1,1,0,0,0,0,0,"-31.293947255083,-60.65627907942",Ruta,2,LAGUNA PAIVA,La Capital,Asfalto,Natural,I,Dentro,Urbana,Ninguna,No existe,Intersección,Bueno,Reducida,Nocturna,Buen Tiempo,S/D,S/D,Cañda ocupante,Ninguna,Faltante,Ninguna,Sin restricción
2020,1100,2020-01-27,Lunes,,,0,2,"Automóvil,Moto/Ciclomotor",Ferreyra Y J.B.Justo,3,2,0,0,1,0,0,"    -32.91395, -60.68041",Calle,,ROSARIO,Rosario,Asfalto,S/D,II,Dentro,Urbana,S/D,S/D,Intersección,S/D,S/D,S/D,S/D,Lateral,S/D,Colisión,S/D,S/D,S/D,S/D
2020,1101,2020-04-03,Viernes,19:50:00,,0,2,"Automóvil,Moto/Ciclomotor",Av Alberdi Y Sargento Cabral,3,2,0,0,1,0,0,"-31.89793, -61.84969",S/D,,SAN JORGE,San MARTÍN,S/D,S/D,XVIII,S/D,S/D,S/D,S/D,S/D,S/D,S/D,S/D,S/D,S/D,S/D,S/D,S/D,S/D,S/D,S/D
2020,1103,2020-02-09,Domingo,5:15:00,,0,2,"Moto/Ciclomotor,Pickup/Utilitario",Salvador del Carril 1800,3,2,0,0,1,0,0,"-31.619908, -60.689360",Avenida,,SANTA FE,La Capital,Asfalto,No existe,I,Dentro,Urbana,Ninguna,No existe,Recta,Bueno,Reducida,"Nocturna,Con luz artificial",Buen Tiempo,De alcance,S/D,Colisión,Ninguna,Faltante,Línea divisoria pintada,Sin restricción
2020,1104,2020-02-20,Jueves,13:30:00,,0,2,"Automóvil,Peatón",Maipu 1969,2,1,0,0,1,0,0,"-31.310928759334,-60.660813521213",Calle,,LAGUNA PAIVA,La Capital,Hormigón,No existe,I,Dentro,Urbana,Ninguna,No existe,Recta,Bueno,Buena,Diurna,Buen Tiempo,S/D,Peatón,Atropello,Ninguna,Faltante,Ninguna,Sin restricción
2020,1105,2020-01-27,Lunes,,Ruta Provincial 18,1,1,Moto/Ciclomotor,,1,0,1,0,0,0,0,"    -33.02813, -60.68173",Ruta,18,ROSARIO,Rosario,Asfalto,S/D,II,Dentro,Urbana,S/D,No existe,Recta,Bueno,S/D,S/D,S/D,S/D,S/D,Cañda ocupante,S/D,S/D,S/D,S/D
2020,1106,2020-01-22,Miercoles,17:15:00,Ruta Nacional 33,691,2,"Camión c / Acoplado,Camión",,3,0,0,0,0,0,3,"-33.40461, -61.48103",Ruta,33,FIRMAT,General LÓPEZ,S/D,S/D,VIII,S/D,Rural,S/D,S/D,Recta,S/D,S/D,Diurna,S/D,S/D,S/D,Colisión,S/D,S/D,S/D,S/D
2020,1107,2020-04-03,Viernes,12:00:00,,0,2,"Moto/Ciclomotor,Pickup/Utilitario",Urquiza Y Leiva M,3,1,1,0,1,0,0,"-29.46653, -60.22072",S/D,,VERA,Vera,S/D,S/D,XIX,S/D,S/D,S/D,S/D,S/D,S/D,S/D,S/D,S/D,S/D,S/D,S/D,S/D,S/D,S/D,S/D
2020,1108,2020-02-16,Domingo,4:30:00,Ruta Nacional 9,343,2,"Automóvil,Automóvil",,5,2,0,0,3,0,0,"-32.87653, -61.06762",Ruta,9,SAN JERÓNIMO SUR,San Lorenzo,Asfalto,Pavimento,XVII,Dentro,Urbana,Ninguna,No existe,Recta,Bueno,Reducida,Nocturna,Niebla,De alcance,S/D,Colisión,Ninguna,Horizontal,Ninguna,Sin restricción
2020,1109,2020-01-27,Lunes,,,0,2,"Automóvil,Automóvil",,2,1,0,0,1,0,0,"    -31.44885, -60.93045",S/D,,ESPERANZA,Las Colonias,S/D,S/D,XI,S/D,S/D,S/D,S/D,S/D,S/D,S/D,S/D,S/D,S/D,S/D,Colisión,S/D,S/D,S/D,S/D
2020,1111,2020-02-16,Domingo,10:10:00,,0,1,Moto/Ciclomotor,H Irigoyen,1,1,0,0,0,0,0,"-31.292530353412,-60.654693869812",Calle,,LAGUNA PAIVA,La Capital,Asfalto,No existe,I,Dentro,Urbana,Ninguna,No existe,Recta,Bueno,Buena,Diurna,Buen Tiempo,S/D,S/D,Cañda ocupante,Ninguna,Faltante,Ninguna,Sin restricción
2020,1112,2020-02-12,Miercoles,16:30:00,,0,2,"Bicicleta,Automóvil",Av Gral Paz Y J M Zuviria,2,1,0,0,1,0,0,"-31.619940, -60.685648",Avenida,,SANTA FE,La Capital,Asfalto,No existe,I,Dentro,Urbana,Ninguna,No existe,Intersección,Bueno,Buena,Diurna,Buen Tiempo,S/D,Ciclista,Atropello,Ninguna,Faltante,"Cordón divisorio,Vegetación",Sin restricción
2020,1113,2020-04-05,Domingo,21:30:00,,0,2,"Taxi/Remis,Moto/Ciclomotor",Bv. Avellaneda Y Dr.Rivas,2,0,0,0,1,1,0,"-32.97635, -60.68859",Calle,,ROSARIO,Rosario,Asfalto,No existe,II,Dentro,Urbana,Ninguna,No existe,Intersección,Bueno,S/D,Nocturna,Buen Tiempo,S/D,S/D,Colisión,Ninguna,Faltante,"Ninguna,S/D",Sin restricción
2020,1114,2020-01-16,Jueves,4:30:00,Autovía Nacional 19,13,1,Automóvil,,1,1,0,0,0,0,0,"-31.65664, -60.85667",Autovía,19,COLONIA SAN JOSÉ,Las Colonias,S/D,S/D,XI,S/D,Rural,S/D,S/D,Recta,S/D,S/D,Nocturna,S/D,S/D,S/D,Vuelco,S/D,S/D,Ninguna,S/D
2020,1115,2020-02-28,Viernes,19:50:00,Autopista Provincial Brigadier E.LÓPEZ,11,1,Moto/Ciclomotor,,3,3,0,0,0,0,0,"-32.78804719448091,-60.744100213050",Autopista,Brigadier E.LÓPEZ,FRAY LUIS BELTRÁN,San Lorenzo,Asfalto,Natural,XVII,Dentro,Rural,Marca Vial,No existe,Recta,Con baches,Buena,Atardecer,Buen Tiempo,S/D,S/D,Cañda ocupante,Ninguna,Horizontal,Vegetación,Sin restricción
2020,1116,2020-01-17,Viernes,,Ruta Provincial 90,126,1,Automóvil,,3,3,0,0,0,0,0,"-33.70306, -61.6001",Ruta,90,ELORTONDO,General LÓPEZ,S/D,S/D,VIII,S/D,Urbana,S/D,S/D,Recta,S/D,S/D,Nocturna,S/D,Contra objeto fijo,S/D,Colisión,S/D,S/D,S/D,S/D
2020,1117,2020-04-05,Domingo,16:50:00,,0,1,Moto/Ciclomotor,Vera Y Bv Oro�o,1,1,0,0,0,0,0,"-31.95687, -60.92111",S/D,,CORONDA,San JERÓNIMO,S/D,S/D,XV,S/D,S/D,S/D,S/D,S/D,S/D,S/D,S/D,S/D,S/D,S/D,Despiste,S/D,S/D,S/D,S/D
2020,1118,2020-02-14,Viernes,21:20:00,,0,2,"Moto/Ciclomotor,Pickup/Utilitario",Las Heras Y Quintana,3,2,0,0,1,0,0,"-31.623989, -60.693848",Calle,,SANTA FE,La Capital,Asfalto,No existe,I,Dentro,Urbana,Ninguna,No existe,Intersección,Bueno,Reducida,Nocturna,Buen Tiempo,Lateral,S/D,Colisión,Ninguna,Faltante,Ninguna,Sin restricción
2020,1119,2020-01-28,Martes,5:00:00,,0,1,Moto/Ciclomotor,Dante Alighieri Y Vicente Lopez,1,1,0,0,0,0,0,"    -33.05008, -61.17186",Calle,,CASILDA,Caseros,S/D,S/D,IV,Dentro,Urbana,S/D,S/D,S/D,S/D,S/D,Nocturna,S/D,S/D,S/D,Cañda ocupante,S/D,S/D,S/D,S/D
2020,1120,2020-02-28,Viernes,19:50:00,Autopista Provincial Brigadier E.LÓPEZ,11,4,"Moto/Ciclomotor,Automóvil,Peatón,Peatón",,6,4,1,0,1,0,0,"-32.78804719448091,-60.744100213050",Autopista,Brigadier E.LÓPEZ,FRAY LUIS BELTRÁN,San Lorenzo,Asfalto,Natural,XVII,Dentro,Rural,Marca Vial,No existe,Recta,Bueno,Buena,Atardecer,Buen Tiempo,S/D,S/D,"Colisión,Atropello",Ninguna,Horizontal,"Vegetación,Línea divisoria pintada",Accidente Previo
2020,1121,2020-01-17,Viernes,13:00:00,,0,2,"Moto/Ciclomotor,Pickup/Utilitario",Sarmiento Y Bv. Balcarce,2,0,0,0,1,0,1,"-32.82207, -61.39227",Avenida,,CAÑADA DE GÓMEZ,Iriondo,S/D,S/D,X,S/D,Urbana,S/D,S/D,Intersección,S/D,S/D,Diurna,S/D,S/D,S/D,Colisión,S/D,S/D,S/D,S/D
2020,1122,2020-04-05,Domingo,11:15:00,,0,2,"Moto/Ciclomotor,Moto/Ciclomotor",Rivadavia Y Colon,2,1,0,0,0,0,1,"-29.45731, -60.20885",S/D,,VERA,Vera,S/D,S/D,XIX,S/D,S/D,S/D,S/D,S/D,S/D,S/D,S/D,S/D,S/D,S/D,S/D,S/D,S/D,S/D,S/D
2020,1123,2020-02-11,Martes,21:15:00,Autopista Provincial Brigadier E.LÓPEZ,22,2,"Automóvil,Peatón",,3,1,0,0,2,0,0,"-32.6794, -60.80306",Autopista,Brigadier E.LÓPEZ,TIMBÚES,San Lorenzo,Hormigón,Pavimento,XVII,Dentro,Rural,Semáforo,Funciona,Recta,Bueno,Buena,Nocturna,Buen Tiempo,S/D,Peatón,Atropello,Ninguna,"Horizontal,Vertical",Barrera de hormigón,Sin restricción
2020,1124,2020-04-06,Lunes,1:40:00,,0,1,Moto/Ciclomotor,,1,1,0,0,0,0,0,"-32.02949, -61.22433",S/D,,GÁLVEZ,San JERÓNIMO,S/D,S/D,XV,S/D,S/D,S/D,S/D,S/D,S/D,S/D,S/D,S/D,S/D,S/D,Despiste,S/D,S/D,S/D,S/D
2020,1125,2020-02-22,Sabado,15:30:00,,0,2,"Moto/Ciclomotor,Automóvil",J Castelli Y Las Heras,2,1,0,0,1,0,0,"-31.607654, -60.689050",Calle,,SANTA FE,La Capital,Asfalto,No existe,I,Dentro,Urbana,Ninguna,No existe,Intersección,Bueno,Buena,Diurna,Buen Tiempo,Lateral,S/D,Colisión,Ninguna,Faltante,Ninguna,Sin restricción
2020,1126,2020-01-17,Viernes,,,0,2,"Moto/Ciclomotor,Automóvil",Bv. Avellaneda Y Gaboto,3,0,2,0,1,0,0,"-32.96599, -60.68598",Avenida,,ROSARIO,Rosario,S/D,S/D,II,S/D,Urbana,S/D,S/D,Intersección,S/D,S/D,S/D,S/D,S/D,S/D,Colisión,S/D,S/D,S/D,S/D
2020,1127,2020-01-28,Martes,,,0,2,"Automóvil,Moto/Ciclomotor",Chacabuco Y Joaquin V Gonzalez,2,1,0,0,1,0,0,"    -31.25272, -61.50309",Calle,,RAFAELA,Castellanos,S/D,S/D,V,Dentro,Urbana,Ninguna,No existe,Intersección,S/D,Buena,S/D,S/D,Lateral,S/D,Colisión,S/D,S/D,S/D,S/D
2020,1128,2020-02-14,Viernes,19:40:00,,0,2,"Automóvil,Bicicleta",Candioti Y Castellanos,2,1,0,0,1,0,0,"-31.636248654149,-60.695190658845",Calle,,SANTA FE,La Capital,Hormigón,No existe,I,Dentro,Urbana,Paso Peatonal,No existe,Intersección,Bueno,Buena,Diurna,Buen Tiempo,S/D,Ciclista,Atropello,Ninguna,Horizontal,Ninguna,Sin restricción