anio_acci,nro_acci,fecha,desc_dia,hora_aprox,desc_ruta,km,cant_participantes,desc_participante,calle_avenida_km,total,heridos_leves,heridos_graves,heridos_gravisimos,ilesos,fallecidos,sin_datos,posicion_XY,desc_tipo_via,desc_ruta_ori,desc_loc,desc_dpto,desc_tipo_calzada,desc_tipo_banquina,desc_unidad_regional,desc_lugar_calzada,desc_zona,desc_prioridad,desc_estado_semaforo,desc_lugar_via,desc_estado_via,desc_estado_visibilidad,desc_luminosidad,desc_estado_clima,desc_tipo_colision,desc_tipo_atropello,desc_tipo_hecho,desc_pres_calzada,desc_senializacion,desc_separacion_via,desc_restriccion
2020,1260,2020-04-08,Miercoles,12:20:00,,0,2,"Pickup/Utilitario,Moto/Ciclomotor",Lavalle Y Urquiza,2,1,0,0,1,0,0,"-32.93583, -60.6769",Calle,,ROSARIO,Rosario,Asfalto,S/D,II,Dentro,Urbana,Ninguna,No existe,Intersección,S/D,Buena,Diurna,S/D,Lateral,S/D,Colisión,S/D,S/D,S/D,S/D
2020,1261,2020-02-05,Miercoles,13:00:00,,0,2,"Moto/Ciclomotor,Camión c / Acoplado",Tucuman 4000,2,1,0,0,1,0,0,"-31.642372, -60.724678",Calle,,SANTA FE,La Capital,Asfalto,No existe,I,Dentro,Urbana,Ninguna,No existe,Recta,Bueno,Buena,Diurna,Buen Tiempo,S/D,S/D,Colisión,Ninguna,Faltante,Ninguna,Sin restricción
2020,1262,2020-02-07,Viernes,12:20:00,,0,2,"Automóvil,Moto/Ciclomotor",Gdor Freyre Y Salta,2,1,0,0,1,0,0,"-31.647944, -60.719304",Avenida,,SANTA FE,La Capital,Asfalto,No existe,I,Dentro,Urbana,Otra Señal,No existe,Intersección,Bueno,Buena,Diurna,Buen Tiempo,Lateral,S/D,Colisión,Ninguna,Vertical,Ninguna,Sin restricción
2020,1263,2020-02-12,Miercoles,11:20:00,,0,2,"Automóvil,Bicicleta",Gdor Freyre Y Vera,2,1,0,0,1,0,0,"-31.641241, -60.717364",Avenida,,SANTA FE,La Capital,Asfalto,No existe,I,Dentro,Urbana,S/D,No existe,Intersección,Bueno,Buena,Diurna,S/D,S/D,Ciclista,Atropello,Ninguna,Faltante,"Cordón divisorio,Vegetación",Sin restricción
2020,1264,2020-02-12,Miercoles,19:40:00,Ruta Nacional 9,0,2,"Automóvil,Camión c / Acoplado",,4,1,0,0,3,0,0,"-33.05966, -60.65218",Ruta,9,ALVEAR,Rosario,Asfalto,No existe,II,Dentro,Rural,Ninguna,No existe,S/D,Deteriorada,Buena,"Atardecer,Con luz artificial",Buen Tiempo,De alcance,S/D,Colisión,Ninguna,Faltante,Guardarrail,Sin restricción
2020,1265,2020-02-20,Jueves,6:00:00,,0,1,Moto/Ciclomotor,Alvear Y Corrientes,1,1,0,0,0,0,0,"-33.009926534478,-60.611808361439",Calle,,VILLA GOBERNADOR GÁLVEZ,Rosario,Asfalto,No existe,II,Dentro,Urbana,Ninguna,No existe,Intersección,Bueno,Buena,Diurna,Buen Tiempo,S/D,S/D,Cañda ocupante,Ninguna,Faltante,Ninguna,S/D
2020,1266,2020-02-08,Sabado,15:25:00,,0,2,"Moto/Ciclomotor,Peatón",Cordoba 354,2,1,0,0,1,0,0,"-33.014256070628,-60.610561799996",Calle,,ROSARIO,Rosario,Asfalto,No existe,II,Dentro,Urbana,Ninguna,No existe,Recta,Bueno,Buena,Diurna,Buen Tiempo,S/D,Peatón,Atropello,Ninguna,Faltante,Ninguna,Sin restricción
2020,1268,2020-02-01,Sabado,12:00:00,Ruta Provincial 21,0,4,"Automóvil,Automóvil,Automóvil,Automóvil",J.B.Justo Y San Martin,5,1,0,0,4,0,0,"-33.02618236236,-60.62384428913",Ruta,21,VILLA GOBERNADOR GÁLVEZ,Rosario,Asfalto,No existe,II,Dentro,Urbana,Semáforo,Funciona,Intersección,Bueno,Buena,Diurna,Buen Tiempo,Múltiple,S/D,Colisión,Ninguna,"Horizontal,Vertical",Cordón divisorio,Sin restricción
2020,1270,2020-02-06,Jueves,19:00:00,,0,2,"Bicicleta,Moto/Ciclomotor",Emilio Zola Y La Rioja,2,1,0,0,1,0,0,"-33.027340652073,-60.620293507002",Calle,,VILLA GOBERNADOR GÁLVEZ,Rosario,Asfalto,No existe,II,Dentro,Urbana,Ninguna,No existe,Intersección,Bueno,Buena,"Atardecer,Con luz artificial",Buen Tiempo,S/D,Ciclista,Atropello,Ninguna,Faltante,Ninguna,Sin restricción
2020,1271,2020-02-23,Domingo,21:20:00,,0,2,"Moto/Ciclomotor,Automóvil",Av Juan Domingo Peron Y Garay,3,1,0,0,2,0,0,"-33.022421632485,-60.622206997856",Avenida,,VILLA GOBERNADOR GÁLVEZ,Rosario,Asfalto,No existe,II,Dentro,Urbana,Ninguna,No existe,Intersección,Bueno,Buena,"Nocturna,Con luz artificial",Buen Tiempo,Lateral,S/D,Colisión,Ninguna,Faltante,Ninguna,Sin restricción
2020,1272,2020-02-12,Miercoles,18:00:00,,0,2,"Automóvil,Automóvil",Av Freyre Y La Rioja,3,3,0,0,0,0,0,"-31.642918, -60.717925",Avenida,,SANTA FE,La Capital,Asfalto,No existe,I,Dentro,Urbana,Otra Señal,No existe,Intersección,Bueno,Buena,Diurna,Buen Tiempo,Lateral,S/D,Colisión,Ninguna,"Horizontal,Vertical","Cordón divisorio,Vegetación",Sin restricción
2020,1273,2020-02-05,Miercoles,13:50:00,,0,2,"Moto/Ciclomotor,Moto/Ciclomotor",Alvear Y J A Roca,3,1,0,0,2,0,0,"-33.022291091414,-60.611219471863",Calle,,VILLA GOBERNADOR GÁLVEZ,Rosario,Asfalto,No existe,II,Dentro,Urbana,Ninguna,No existe,Intersección,Bueno,Buena,Diurna,Buen Tiempo,Lateral,S/D,Colisión,Ninguna,Faltante,Ninguna,Sin restricción
2020,1275,2020-02-02,Domingo,11:30:00,,0,2,"Otros,Otros",Santa Rosa de Lima,2,1,0,0,0,0,1,"-31.591901, -60.561320",Calle,,SAN JOSÉ DEL RINCÓN,La Capital,Arena,No existe,I,Dentro,Urbana,Ninguna,No existe,Intersección,Bueno,Reducida,Diurna,Buen Tiempo,Lateral,S/D,Colisión,Ninguna,Faltante,Ninguna,Sin restricción
2020,1276,2020-02-09,Domingo,19:00:00,Ruta Provincial 1,5,1,Otros,,1,1,0,0,0,0,0,"-31.588405, -60.562520",Ruta,1,SANTA FE,La Capital,Asfalto,Natural,I,Dentro,Rural,Ninguna,No existe,Recta,S/D,Buena,Diurna,Buen Tiempo,S/D,S/D,Cañda ocupante,S/D,S/D,Ninguna,Sin restricción
2020,1277,2020-02-17,Lunes,15:40:00,Ruta Nacional 9,271,2,"Automóvil,Peatón",,2,1,0,0,1,0,0,"-33.12883, -60.57823",Ruta,9,GENERAL LAGOS,Rosario,Asfalto,Pavimento,II,Dentro,Urbana,Semáforo,Intermitente,Recta,Bueno,Buena,Atardecer,Buen Tiempo,S/D,Peatón,Atropello,Ninguna,"Horizontal,Vertical",Vegetación,Sin restricción
2020,1278,2020-02-23,Domingo,10:50:00,Ruta Secundaria 22-s,0,2,"Automóvil,Automóvil",Bordabhere Y Ruta Prov 22 S,4,1,0,0,3,0,0,"-33.02863597869875,-60.655477344989",Ruta,22-s,VILLA GOBERNADOR GÁLVEZ,Rosario,Asfalto,No existe,II,Dentro,Urbana,Marca Vial,No existe,Intersección,Bueno,Buena,Diurna,Buen Tiempo,Frontal,S/D,Colisión,Ninguna,Horizontal,Línea divisoria pintada,Sin restricción
2020,1279,2020-02-21,Viernes,22:35:00,,0,2,"Moto/Ciclomotor,Automóvil",Av Filipini Y Guido y Spano,2,1,0,0,1,0,0,"-33.02220940589906,-60.637203454971",Avenida,,VILLA GOBERNADOR GÁLVEZ,Rosario,Asfalto,No existe,II,Dentro,Urbana,Ninguna,No existe,Intersección,Con baches,Buena,Nocturna,Buen Tiempo,Lateral,S/D,Colisión,Ninguna,Faltante,Ninguna,S/D
2020,1280,2020-04-14,Martes,8:20:00,Ruta Provincial 14,0,1,Pickup/Utilitario,Ruta Prov 14,1,1,0,0,0,0,0,"-33.9678, -61.88208",Ruta,14,MARÍA TERESA,General LÓPEZ,Asfalto,Natural,VIII,S/D,Rural,Otra Señal,No existe,Curva,Bueno,Buena,Diurna,Buen Tiempo,S/D,S/D,Vuelco,S/D,Vertical,Línea divisoria pintada,Sin restricción
2020,1281,2020-02-04,Martes,11:35:00,,0,2,"Moto/Ciclomotor,Camión c / Acoplado",Bv. Avellaneda Y Lamadrid,2,1,0,0,1,0,0,"-32.998373425436,-60.68895128411",Avenida,,ROSARIO,Rosario,Asfalto,No existe,II,Dentro,Urbana,Ninguna,No existe,Intersección,Bueno,Buena,Diurna,Buen Tiempo,S/D,S/D,Colisión,Ninguna,Faltante,Ninguna,Sin restricción
2020,1282,2020-04-09,Jueves,15:10:00,,0,2,"Automóvil,Moto/Ciclomotor",San Lorenzo Y Paraguay,2,1,0,0,1,0,0,"-32.94315, -60.64311",Calle,,ROSARIO,Rosario,Asfalto,S/D,II,Dentro,Urbana,Ninguna,S/D,Intersección,S/D,Buena,Diurna,S/D,Lateral,S/D,Colisión,S/D,S/D,S/D,S/D
2020,1283,2020-04-09,Jueves,7:00:00,,0,2,"Automóvil,Moto/Ciclomotor",Entre Rios Y Montevideo,2,1,0,0,1,0,0,"-32.95563, -60.6434",Calle,,ROSARIO,Rosario,S/D,S/D,II,Dentro,Urbana,Semáforo,Funciona,Intersección,S/D,Buena,Diurna,S/D,Lateral,S/D,Colisión,S/D,S/D,S/D,S/D
2020,1284,2020-02-03,Lunes,5:45:00,,0,2,"Bicicleta,Moto/Ciclomotor",Ing Mosconi Y Magallanes,2,1,0,0,1,0,0,"-33.025829239681,-60.640159126923",Calle,,VILLA GOBERNADOR GÁLVEZ,Rosario,Asfalto,No existe,II,Dentro,Urbana,Otra Señal,No existe,Intersección,Con baches,Buena,"Nocturna,Con luz artificial",Buen Tiempo,S/D,Ciclista,Atropello,S/D,Vertical,Ninguna,S/D
2020,1285,2020-04-09,Jueves,15:40:00,,0,2,"Automóvil,Moto/Ciclomotor",1 de Mayo Y 3 De Febrero,2,1,0,0,1,0,0,"-32.95421, -60.6313",Calle,,ROSARIO,Rosario,"Asfalto,Hormigón",S/D,II,Dentro,Urbana,S/D,S/D,Intersección,S/D,S/D,Diurna,S/D,Lateral,S/D,Colisión,S/D,S/D,S/D,S/D
2020,1286,2020-02-13,Jueves,16:45:00,,0,2,"Pickup/Utilitario,Bicicleta",Av Filipini Y Guido y Spano,2,1,0,0,1,0,0,"-33.022253, -60.637269",Avenida,,VILLA GOBERNADOR GÁLVEZ,Rosario,Asfalto,No existe,II,Dentro,Urbana,Ninguna,No existe,Intersección,Bueno,Buena,Diurna,Buen Tiempo,S/D,Ciclista,Atropello,Ninguna,Faltante,Ninguna,Sin restricción
2020,1287,2020-02-03,Lunes,19:30:00,,0,2,"Moto/Ciclomotor,Bicicleta",Bv. Avellaneda Y Garibaldi,3,2,0,0,1,0,0,"-32.978725433349574,-60.68864822387",Avenida,,ROSARIO,Rosario,Asfalto,No existe,II,Dentro,Urbana,Ninguna,No existe,Intersección,Bueno,Buena,Diurna,Buen Tiempo,S/D,Ciclista,Atropello,Ninguna,Faltante,"Cordón divisorio,Vegetación",Sin restricción
2020,1288,2020-04-09,Jueves,12:10:00,,0,3,"Automóvil,Automóvil,Peatón",San Juan Y Sarmiento,3,1,0,0,2,0,0,"-32.95016, -60.6391",Calle,,ROSARIO,Rosario,"Asfalto,Hormigón",S/D,II,Dentro,Urbana,S/D,S/D,Intersección,S/D,S/D,Diurna,S/D,S/D,Peatón,Atropello,S/D,S/D,S/D,S/D
2020,1289,2020-02-20,Jueves,17:10:00,,0,2,"Moto/Ciclomotor,Moto/Ciclomotor",Libertad Y P Opicci,2,1,0,0,1,0,0,"-33.02122883675,-60.634367749617",Calle,,VILLA GOBERNADOR GÁLVEZ,Rosario,Asfalto,No existe,II,Dentro,Urbana,Ninguna,No existe,Intersección,Con baches,Buena,Diurna,Buen Tiempo,De alcance,S/D,Colisión,Ninguna,Faltante,Ninguna,S/D
2020,1290,2020-02-19,Miercoles,17:00:00,,0,2,"Automóvil,Moto/Ciclomotor",Av Caferata Y Soldado Aguirre,2,1,0,0,1,0,0,"-33.029435, -60.641101",Avenida,,VILLA GOBERNADOR GÁLVEZ,Rosario,Asfalto,No existe,II,Dentro,Urbana,Ninguna,No existe,Intersección,Bueno,Buena,Diurna,Buen Tiempo,Lateral,S/D,Colisión,Ninguna,Faltante,Cordón divisorio,Sin restricción
2020,1291,2020-04-08,Miercoles,18:15:00,,0,2,"Bicicleta,Pickup/Utilitario",Peru 3470,3,1,0,0,2,0,0,"-32.72694, -60.73728",Calle,,SAN LORENZO,San Lorenzo,Asfalto,S/D,XVII,S/D,Urbana,S/D,S/D,Recta,S/D,S/D,S/D,S/D,S/D,Ciclista,Atropello,S/D,S/D,S/D,S/D
2020,1292,2020-01-26,Domingo,17:15:00,Ruta Provincial 21,0,2,"Taxi/Remis,Automóvil",Av Gral San Martin Y Av Juan Domingo Peron,3,1,0,0,2,0,0,"-33.025461050261,-60.624743641357",Ruta,21,VILLA GOBERNADOR GÁLVEZ,Rosario,Asfalto,No existe,II,Dentro,Urbana,Semáforo,Funciona,Intersección,Con baches,Buena,Diurna,Buen Tiempo,De alcance,S/D,Colisión,Ninguna,Vertical,Cordón divisorio,S/D
2020,1293,2020-04-10,Viernes,13:00:00,Ruta Nacional 11,0,2,"Taxi/Remis,Moto/Ciclomotor",Av San Martin Y Pte Illia -Ex. Entre Rios,2,1,0,0,0,0,1,"-32.79143, -60.72383",Ruta,11,FRAY LUIS BELTRÁN,San Lorenzo,S/D,S/D,XVII,S/D,Urbana,S/D,S/D,S/D,S/D,S/D,S/D,S/D,S/D,S/D,Colisión,S/D,S/D,S/D,S/D
2020,1294,2020-02-03,Lunes,10:15:00,,0,2,"Automóvil,Moto/Ciclomotor",Bv. Avellaneda Y Garibaldi,2,1,0,0,1,0,0,"-32.97831237316133,-60.688873529434",Avenida,,ROSARIO,Rosario,Asfalto,No existe,II,Dentro,Urbana,Ninguna,No existe,Intersección,Bueno,Buena,Diurna,Buen Tiempo,S/D,S/D,Colisión,Ninguna,Faltante,"Cordón divisorio,Vegetación",Sin restricción
2020,1295,2020-02-14,Viernes,16:59:00,,0,2,"Peatón,Moto/Ciclomotor",Almte Brown Y Eva Peron,4,2,0,0,0,0,2,"-33.030070, -60.626487",Calle,,VILLA GOBERNADOR GÁLVEZ,Rosario,Asfalto,No existe,II,Dentro,Urbana,Ninguna,No existe,Recta,Bueno,Buena,Diurna,Buen Tiempo,S/D,Peatón,Atropello,Ninguna,Faltante,Ninguna,Sin restricción
2020,1296,2020-04-14,Martes,10:20:00,,0,2,"Moto/Ciclomotor,Automóvil",R Richieri,2,0,0,0,0,0,2,"-32.74872, -60.73544",Calle,,SAN LORENZO,San Lorenzo,S/D,S/D,XVII,S/D,Urbana,S/D,S/D,S/D,S/D,S/D,S/D,S/D,S/D,S/D,Colisión,S/D,S/D,S/D,S/D
2020,1297,2020-02-04,Martes,22:45:00,,0,2,"Moto/Ciclomotor,Automóvil",Av Caferata Y Soldado Aguirre,4,3,0,0,1,0,0,"-33.029421716335,-60.641153795041",Avenida,,VILLA GOBERNADOR GÁLVEZ,Rosario,Asfalto,No existe,II,Dentro,Urbana,Ninguna,No existe,Intersección,Con baches,Buena,Nocturna,Buen Tiempo,Lateral,S/D,Colisión,Ninguna,Faltante,Cordón divisorio,S/D
2020,1298,2020-02-02,Domingo,21:00:00,,0,1,Moto/Ciclomotor,Bv. Avellaneda 4500,2,2,0,0,0,0,0,"-32.983563796386,-60.688788193304",Avenida,,ROSARIO,Rosario,Asfalto,No existe,II,Dentro,Urbana,Ninguna,No existe,Intersección,Bueno,Buena,Nocturna,Buen Tiempo,Contra objeto fijo,S/D,Colisión,Ninguna,Faltante,Ninguna,Sin restricción
2020,1299,2020-02-06,Jueves,18:35:00,,0,2,"Moto/Ciclomotor,Moto/Ciclomotor",Pellegrini Y San Nicolas,3,1,0,0,0,0,2,"-33.031759, -60.639704",Calle,,VILLA GOBERNADOR GÁLVEZ,Rosario,Asfalto,No existe,II,Dentro,Urbana,Ninguna,No existe,Intersección,Bueno,Buena,Diurna,Buen Tiempo,Lateral,S/D,Colisión,Ninguna,Faltante,Ninguna,Sin restricción
2020,1300,2020-02-04,Martes,12:30:00,,0,2,"Automóvil,Automóvil",Av Juan Domingo Peron Y Pasteur,2,1,0,0,1,0,0,"-33.026344292288,-60.625718535959",Avenida,,VILLA GOBERNADOR GÁLVEZ,Rosario,Asfalto,No existe,II,Dentro,Urbana,Semáforo,No funciona,Intersección,Con baches,Buena,Diurna,Buen Tiempo,Lateral,S/D,Colisión,Ninguna,Vertical,Ninguna,S/D
2020,1301,2020-02-15,Sabado,15:45:00,,0,2,"Moto/Ciclomotor,Automóvil",Entre Rios Y Gaboto,5,1,0,0,4,0,0,"-32.972833361875,-60.647729198937",Calle,,ROSARIO,Rosario,Asfalto,No existe,II,Dentro,Urbana,Señal Pare,No existe,Intersección,Bueno,Buena,Diurna,Buen Tiempo,Lateral,S/D,Colisión,Ninguna,"Horizontal,Vertical",Línea divisoria pintada,Sin restricción
2020,1302,2020-02-16,Domingo,20:15:00,Ruta Provincial 21,0,3,"Automóvil,Pickup/Utilitario,Automóvil",ALBERDI  Y SAN MARTIN,10,1,0,0,9,0,0,"-33.073807146064,-60.578060908924",Ruta,21,PUEBLO ESTHER,Rosario,Asfalto,No existe,II,Dentro,Urbana,Marca Vial,No existe,Intersección,Bueno,Reducida,Nocturna,Lluvia,Múltiple,S/D,Colisión,Agua,Horizontal,Línea divisoria pintada,Sin restricción
2020,1303,2020-02-08,Sabado,20:20:00,,0,2,"Moto/Ciclomotor,Automóvil",Eva Peron Y Pasteur,2,1,0,0,1,0,0,"-33.027777, -60.623933",Calle,,VILLA GOBERNADOR GÁLVEZ,Rosario,Asfalto,No existe,II,Dentro,Urbana,Ninguna,No existe,Intersección,Con baches,Buena,Nocturna,Buen Tiempo,Lateral,S/D,Colisión,Ninguna,Faltante,Ninguna,Sin restricción
2020,1304,2020-02-18,Martes,13:10:00,,0,2,"Pickup/Utilitario,Bicicleta",Alberdi Y Emilio Zola,2,1,0,0,1,0,0,"-33.030546, -60.623954",Calle,,VILLA GOBERNADOR GÁLVEZ,Rosario,Asfalto,No existe,II,Dentro,Urbana,Ninguna,No existe,Intersección,Con baches,Buena,Diurna,Buen Tiempo,S/D,Ciclista,Atropello,Ninguna,Faltante,Ninguna,Sin restricción
2020,1305,2020-04-08,Miercoles,,,0,1,Moto/Ciclomotor,Dean Funes,1,1,0,0,0,0,0,"-32.97056, -60.67394",Calle,,ROSARIO,Rosario,Asfalto,S/D,II,S/D,Urbana,S/D,S/D,Recta,S/D,S/D,S/D,S/D,S/D,S/D,Cañda ocupante,S/D,S/D,S/D,S/D
2020,1306,2020-02-16,Domingo,9:30:00,,0,2,"Moto/Ciclomotor,Taxi/Remis",Benito Juarez Y Sarmiento,2,1,0,0,1,0,0,"-32.992916137076,-60.649323391353",Calle,,ROSARIO,Rosario,Asfalto,No existe,II,Dentro,Urbana,Ninguna,No existe,Intersección,Bueno,Buena,Diurna,Buen Tiempo,Lateral,S/D,Colisión,Ninguna,Faltante,Ninguna,Sin restricción
2020,1307,2020-04-06,Lunes,20:20:00,,0,2,"Pickup/Utilitario,Camión c / Acoplado",,2,0,1,0,1,0,0,"-33.44876, -62.06732",S/D,,CAFFERATA,General LÓPEZ,S/D,S/D,VIII,S/D,Rural,S/D,S/D,S/D,S/D,S/D,S/D,S/D,S/D,S/D,Colisión,S/D,S/D,S/D,S/D
2020,1308,2020-02-14,Viernes,10:30:00,,0,2,"Camión Chasis,Automóvil",Oroño  Y RIOBAMBA,4,1,0,0,3,0,0,"-33.067461904179,-60.583362948171",Calle,,PUEBLO ESTHER,Rosario,Ripio,No existe,II,Dentro,Urbana,Ninguna,No existe,Intersección,Bueno,Buena,Diurna,Buen Tiempo,De alcance,S/D,Colisión,Ninguna,Faltante,Ninguna,Sin restricción
2020,1309,2020-02-14,Viernes,21:45:00,,0,2,"Moto/Ciclomotor,Automóvil",Lamadrid Y Pje. Directorio,3,2,0,0,1,0,0,"-32.997031955506,-60.646814769665",Calle,,ROSARIO,Rosario,Asfalto,No existe,II,Dentro,Urbana,Ninguna,No existe,Intersección,Bueno,Buena,Diurna,Buen Tiempo,Lateral,S/D,Colisión,Ninguna,Faltante,Ninguna,Sin restricción
2020,1310,2020-04-09,Jueves,,,0,1,Moto/Ciclomotor,Suipacha,1,1,0,0,0,0,0,"-32.77082, -60.73496",Calle,,SAN LORENZO,San Lorenzo,Asfalto,S/D,XVII,S/D,Urbana,S/D,S/D,Intersección,S/D,S/D,S/D,S/D,Contra objeto fijo,S/D,Colisión,S/D,S/D,S/D,S/D
2020,1311,2020-02-15,Sabado,19:22:00,,0,1,Pickup/Utilitario,Bv San diego Y Caseros,5,2,0,0,3,0,0,"-33.019758, -60.642649",Calle,,VILLA GOBERNADOR GÁLVEZ,Rosario,Asfalto,No existe,II,Dentro,Urbana,Ninguna,No existe,Curva,Con baches,Buena,Diurna,Buen Tiempo,S/D,S/D,Vuelco,Ninguna,Faltante,Ninguna,Sin restricción
2020,1312,2020-02-29,Sabado,17:00:00,,0,6,"Peatón,Peatón,Peatón,Peatón,Peatón,Transporte de Pasajeros Urbano (> 8 asientos)",Av. Francia Y Biedma,6,3,0,0,3,0,0,"-32.976483499171,-60.67422744766",Avenida,,ROSARIO,Rosario,Asfalto,No existe,II,Dentro,Urbana,Paso Peatonal,No existe,Intersección,Bueno,Buena,Diurna,Buen Tiempo,S/D,Peatón,Atropello,Ninguna,"Horizontal,Vertical",Línea divisoria pintada,Sin restricción
2020,1313,2020-04-09,Jueves,,Ruta Provincial 66,58,2,"Camión c / Acoplado,Camión c / Acoplado",,2,2,0,0,0,0,0,"-32.0406, -61.73446",Ruta,66,CARLOS PELLEGRINI,San MARTÍN,Asfalto,S/D,XVIII,S/D,Urbana,S/D,S/D,Recta,S/D,S/D,S/D,S/D,S/D,S/D,Colisión,S/D,S/D,S/D,S/D
2020,1314,2020-04-09,Jueves,,,0,2,"Pickup/Utilitario,Moto/Ciclomotor",,2,1,0,0,1,0,0,"-29.88508, -60.28415",S/D,,CALCHAQUÍ,Vera,S/D,S/D,XIX,S/D,S/D,S/D,S/D,S/D,S/D,S/D,S/D,S/D,S/D,S/D,Colisión,S/D,S/D,S/D,S/D
2020,1315,2020-02-14,Viernes,5:05:00,,0,2,"Moto/Ciclomotor,Pickup/Utilitario",San Martin 3700,2,1,0,0,1,0,0,"-32.980581792878,-60.644636517044",Avenida,,ROSARIO,Rosario,Asfalto,No existe,II,Dentro,Urbana,Paso Peatonal,No existe,Intersección,Bueno,Buena,Amanecer,Buen Tiempo,De alcance,S/D,Colisión,Ninguna,"Horizontal,Vertical",Cordón divisorio,Sin restricción
2020,1316,2020-02-26,Miercoles,,,0,2,"Taxi/Remis,Moto/Ciclomotor",Av. Arijon Y Bv. Oro�o,2,1,0,0,1,0,0,"-33.003533657294,-60.66479024171",Avenida,,ROSARIO,Rosario,Asfalto,No existe,II,Dentro,Urbana,Semáforo,Funciona,Intersección,Bueno,Buena,Diurna,Buen Tiempo,S/D,S/D,Colisión,Ninguna,"Horizontal,Vertical","Cordón divisorio,Vegetación,Línea divisoria pintada",Sin restricción
2020,1317,2020-04-10,Viernes,,,0,2,"Moto/Ciclomotor,Automóvil",Rueda Y Alvear,2,1,0,0,1,0,0,"-32.96809, -60.66086",Calle,,ROSARIO,Rosario,Asfalto,S/D,II,S/D,Urbana,S/D,S/D,Intersección,S/D,S/D,S/D,S/D,S/D,S/D,Colisión,S/D,S/D,S/D,S/D
2020,1318,2020-04-10,Viernes,,,0,1,Moto/Ciclomotor,Av Falucho 1100,1,0,1,0,0,0,0,"-31.89502, -61.84558",Calle,,SAN JORGE,San MARTÍN,Asfalto,S/D,XVIII,S/D,Urbana,S/D,S/D,Recta,S/D,S/D,S/D,S/D,Contra objeto fijo,S/D,Colisión,S/D,S/D,S/D,S/D
2020,1319,2020-02-22,Sabado,13:15:00,,0,2,"Automóvil,Bicicleta",Bv. Segui Y Castellanos,2,1,0,0,1,0,0,"-32.972542212297,-60.683297262965",Avenida,,ROSARIO,Rosario,Asfalto,No existe,II,Dentro,Urbana,Paso Peatonal,No existe,Intersección,Bueno,Buena,Diurna,Buen Tiempo,Otro,Ciclista,Atropello,Ninguna,Faltante,"Cordón divisorio,Línea divisoria pintada",Sin restricción
2020,1320,2020-02-12,Miercoles,15:20:00,,0,3,"Moto/Ciclomotor,Taxi/Remis,Transporte de Pasajeros (H/ 8 asientos)",Paraguay 4500,3,1,0,0,2,0,0,"-32.988383, -60.654680",Calle,,ROSARIO,Rosario,Asfalto,No existe,II,Dentro,Urbana,Ninguna,No existe,Intersección,Bueno,Buena,Diurna,Buen Tiempo,Múltiple,S/D,Colisión,Ninguna,Horizontal,Ninguna,Sin restricción
2020,1321,2020-02-13,Jueves,6:20:00,,0,2,"Moto/Ciclomotor,Automóvil",Bv. Segui Y Laprida,2,1,0,0,1,0,0,"-32.979867334251,-60.642481809167",Avenida,,ROSARIO,Rosario,Asfalto,No existe,II,Dentro,Urbana,Señal Pare,No existe,Intersección,S/D,Buena,Amanecer,Buen Tiempo,Lateral,S/D,Colisión,Ninguna,Vertical,Cordón divisorio,Sin restricción
2020,1322,2020-02-21,Viernes,22:10:00,,0,2,"Moto/Ciclomotor,Automóvil",Av. Arijon 2700,3,2,0,0,1,0,0,"-33.003650689482,-60.67129413923",Avenida,,ROSARIO,Rosario,Asfalto,No existe,II,Dentro,Urbana,Semáforo,Funciona,Intersección,Bueno,Buena,Nocturna,Buen Tiempo,Lateral,S/D,Colisión,Ninguna,"Horizontal,Vertical",Línea divisoria pintada,Sin restricción
2020,1323,2020-04-13,Lunes,,Ruta Nacional A012,0,1,Moto/Ciclomotor,,1,0,1,0,0,0,0,"-33.09071, -60.76291",Ruta,A012,PIÑERO,Rosario,Asfalto,S/D,II,S/D,Urbana,S/D,S/D,Recta,S/D,S/D,S/D,S/D,S/D,S/D,S/D,S/D,S/D,S/D,S/D
2020,1324,2020-04-13,Lunes,,,0,2,"Automóvil,Moto/Ciclomotor",25 de Mayo Y Sarmiento D,2,1,0,0,1,0,0,"-29.45966, -60.2156",Calle,,VERA,Vera,Asfalto,S/D,XIX,S/D,Urbana,S/D,S/D,Intersección,S/D,S/D,S/D,S/D,S/D,S/D,Colisión,S/D,S/D,S/D,S/D
2020,1325,2020-04-14,Martes,16:20:00,,0,2,"Automóvil,Moto/Ciclomotor",,2,1,0,0,1,0,0,"-33.45681, -61.48154",S/D,,FIRMAT,General LÓPEZ,S/D,S/D,VIII,S/D,S/D,S/D,S/D,S/D,S/D,S/D,S/D,S/D,S/D,S/D,Colisión,S/D,S/D,S/D,S/D
2020,1326,2020-04-14,Martes,,,0,1,Moto/Ciclomotor,,1,1,0,0,0,0,0,"-31.90025, -61.39872",S/D,,COLONIA BELGRANO,San MARTÍN,S/D,S/D,XVIII,S/D,S/D,S/D,S/D,S/D,S/D,S/D,S/D,S/D,Atropello animal,S/D,Colisión,S/D,S/D,S/D,S/D