anio_acci,nro_acci,fecha,desc_dia,hora_aprox,desc_ruta,km,cant_participantes,desc_participante,calle_avenida_km,total,heridos_leves,heridos_graves,heridos_gravisimos,ilesos,fallecidos,sin_datos,posicion_XY,desc_tipo_via,desc_ruta_ori,desc_loc,desc_dpto,desc_tipo_calzada,desc_tipo_banquina,desc_unidad_regional,desc_lugar_calzada,desc_zona,desc_prioridad,desc_estado_semaforo,desc_lugar_via,desc_estado_via,desc_estado_visibilidad,desc_luminosidad,desc_estado_clima,desc_tipo_colision,desc_tipo_atropello,desc_tipo_hecho,desc_pres_calzada,desc_senializacion,desc_separacion_via,desc_restriccion
2020,1464,2020-05-10,Domingo,21:10:00,,0,2,"Moto/Ciclomotor,Moto/Ciclomotor",San Martin Y Guemes,2,2,0,0,0,0,0,"-31.45319, -60.93167",Calle,,ESPERANZA,Las Colonias,Asfalto,No existe,XI,S/D,Urbana,Ninguna,No existe,Intersección,Bueno,Buena,"Nocturna,Con luz artificial",Buen Tiempo,De alcance,S/D,Colisión,Ninguna,Faltante,Ninguna,Sin restricción
2020,1465,2020-05-07,Jueves,10:50:00,,0,2,"Moto/Ciclomotor,Automóvil",Cafferata 8700,2,1,0,0,1,0,0,"-32.98757, -60.68281",S/D,,SANTA FE,La Capital,Asfalto,No existe,I,S/D,S/D,Ninguna,No existe,Recta,Bueno,Buena,Diurna,Buen Tiempo,De alcance,S/D,Colisión,Ninguna,Faltante,Ninguna,Sin restricción
2020,1466,2020-05-06,Miercoles,14:30:00,,0,2,"Moto/Ciclomotor,Automóvil",Alvear Y J M Zuviria,2,1,0,0,1,0,0,"-31.61878, -60.69118",Calle,,SANTA FE,La Capital,Asfalto,S/D,I,S/D,Urbana,S/D,S/D,Intersección,Bueno,S/D,S/D,S/D,S/D,S/D,S/D,Ninguna,S/D,S/D,S/D
2020,1467,2020-05-11,Lunes,11:10:00,,0,2,"Automóvil,Moto/Ciclomotor",San Martin,2,1,0,0,1,0,0,"-31.45235, -60.93141",Calle,,ESPERANZA,Las Colonias,Hormigón,Pavimento,XI,S/D,Urbana,Ninguna,No existe,Intersección,Bueno,Buena,Diurna,Buen Tiempo,Lateral,S/D,Colisión,Ninguna,Horizontal,Línea divisoria pintada,Sin restricción
2020,1468,2020-05-04,Lunes,20:10:00,,0,2,"Peatón,Moto/Ciclomotor",Gdor Freyre Y Azcuenaga,2,1,0,0,0,0,1,"-31.59197, -60.703",Calle,,SANTA FE,La Capital,Tierra,No existe,I,S/D,Urbana,S/D,No existe,Intersección,Con baches,Buena,S/D,S/D,S/D,Peatón,Atropello,Ninguna,Faltante,S/D,S/D
2020,1469,2020-05-16,Sabado,11:30:00,,0,2,"Moto/Ciclomotor,Automóvil",Chacabuco Y Catamarca,2,1,0,0,1,0,0,"-34.26764, -62.70744",Calle,,RUFINO,General LÓPEZ,Asfalto,Natural,VIII,S/D,Urbana,Ninguna,No existe,Intersección,Bueno,Buena,Diurna,Buen Tiempo,Lateral,S/D,Colisión,Ninguna,Faltante,Ninguna,S/D
2020,1470,2020-05-12,Martes,8:30:00,Ruta Secundaria 50-s,0,2,"Automóvil,Moto/Ciclomotor",Bv Belgrano Y Centenario,2,2,0,0,0,0,0,"-34.26086, -62.71351",Ruta,50-s,RUFINO,General LÓPEZ,Asfalto,No existe,VIII,Dentro,Urbana,Ninguna,No existe,Intersección,Bueno,Buena,Amanecer,Buen Tiempo,Lateral,S/D,Colisión,Ninguna,Faltante,Ninguna,Sin restricción
2020,1473,2020-05-10,Domingo,22:30:00,Ruta Provincial 1,0,1,Moto/Ciclomotor,Ruta Prov 1,2,2,0,0,0,0,0,"-29.91033, -59.83375",Ruta,1,ALEJANDRA,San Javier,Asfalto,Natural,XIV,S/D,Urbana,Ninguna,No existe,Recta,Bueno,Buena,Nocturna,Buen Tiempo,Atropello animal,S/D,Colisión,Ninguna,Faltante,Vegetación,Sin restricción
2020,1476,2020-05-12,Martes,10:45:00,,0,2,"Moto/Ciclomotor,Pickup/Utilitario",Av Pe�aloza Y R Godoy,2,1,0,0,1,0,0,"-31.61204, -60.71321",Avenida,,SANTA FE,La Capital,Asfalto,No existe,I,S/D,Urbana,Semáforo,Funciona,Intersección,Bueno,Buena,Diurna,Buen Tiempo,Lateral,S/D,Colisión,Ninguna,Vertical,Ninguna,Sin restricción
2020,1477,2020-05-02,Sabado,10:55:00,,0,2,"Bicicleta,Pickup/Utilitario",Zavalia Y Gdor Mariano Cabal,2,1,0,0,1,0,0,"-31.66422, -60.72149",Calle,,SANTA FE,La Capital,Asfalto,Pavimento,I,S/D,Urbana,Ninguna,No existe,Intersección,Bueno,S/D,Diurna,Buen Tiempo,S/D,Ciclista,Atropello,Ninguna,Faltante,Ninguna,Sin restricción
2020,1478,2020-05-02,Sabado,12:30:00,,0,2,"Moto/Ciclomotor,Pickup/Utilitario",Roque Saenz Pe�a Y Aras General Belgrano,2,1,0,0,1,0,0,"-31.66244, -60.72969",Calle,,SANTA FE,La Capital,Asfalto,Pavimento,I,Dentro,Urbana,S/D,No existe,Intersección,Bueno,Buena,Diurna,Buen Tiempo,S/D,S/D,Colisión,Ninguna,Faltante,Ninguna,Sin restricción
2020,1479,2020-01-31,Viernes,23:40:00,Ruta Nacional 8,0,2,"Peatón,Moto/Ciclomotor",Jose Aufranc Y Marcos Ciani,2,2,0,0,0,0,0,"    -33.73649, -61.98857",Ruta,8,VENADO TUERTO,General LÓPEZ,Asfalto,S/D,VIII,Dentro,Urbana,S/D,S/D,Intersección,S/D,S/D,Nocturna,S/D,S/D,Peatón,Atropello,S/D,S/D,S/D,S/D
2020,1480,2020-05-14,Jueves,20:30:00,Autopista Nacional A007,0,1,Moto/Ciclomotor,Av Circunvalaci�n Y Gorostiaga,2,2,0,0,0,0,0,"-31.60677, -60.72508",Autopista,A007,SANTA FE,La Capital,Asfalto,Natural,I,S/D,Urbana,Otra Señal,No existe,Intersección,Bueno,Buena,Con luz artificial,Buen Tiempo,S/D,S/D,Cañda ocupante,Ninguna,Vertical,S/D,Sin restricción
2020,1481,2020-05-16,Sabado,11:30:00,,0,2,"Moto/Ciclomotor,Automóvil",La Paz Y Artigas,3,2,0,0,1,0,0,"-31.62109, -60.71497",Calle,,SANTA FE,La Capital,Asfalto,No existe,I,S/D,Urbana,Semáforo,Funciona,Intersección,Bueno,Buena,Diurna,Buen Tiempo,Lateral,S/D,Colisión,Ninguna,Vertical,Línea divisoria pintada,Sin restricción
2020,1482,2020-01-31,Viernes,22:55:00,Ruta Nacional 8,0,2,"Moto/Ciclomotor,Automóvil",Vuelta de Obligado Y Ruta Nac 8,2,1,0,0,1,0,0,"    -33.76749, -61.96436",Ruta,8,VENADO TUERTO,General LÓPEZ,S/D,S/D,VIII,Dentro,Urbana,S/D,S/D,Intersección,S/D,S/D,Nocturna,S/D,S/D,S/D,Colisión,S/D,S/D,S/D,S/D
2020,1483,2020-02-03,Lunes,8:05:00,Ruta Provincial 92,0,2,"Automóvil,Automóvil",9 de julio Y Rivadavia,6,1,0,0,5,0,0,"-33.107511498446,-61.702624674267",Ruta,92,SAN JOSÉ DE LA ESQUINA,Caseros,Asfalto,No existe,IV,Dentro,Urbana,Ninguna,No existe,Intersección,Bueno,Buena,Diurna,Buen Tiempo,Lateral,S/D,Colisión,Ninguna,Horizontal,Línea divisoria pintada,Sin restricción
2020,1484,2020-05-16,Sabado,21:15:00,,0,2,"Automóvil,Pickup/Utilitario",Calle 18-Belgrano Y Calle 33-Pueyrredon,3,3,0,0,0,0,0,"-29.15389, -59.64741",Calle,,RECONQUISTA,General Obligado,Asfalto,No existe,IX,Dentro,Urbana,Ninguna,No existe,Intersección,Bueno,Buena,Con luz artificial,Buen Tiempo,Lateral,S/D,Colisión,Ninguna,Faltante,Ninguna,Sin restricción
2020,1485,2020-05-11,Lunes,18:50:00,,0,2,"Automóvil,Bicicleta",Calle 22- 25 de Mayo Y Calle 15-Patricio Diez,2,1,0,0,1,0,0,"-29.14393, -59.64856",Calle,,RECONQUISTA,General Obligado,Asfalto,No existe,IX,Dentro,Urbana,Ninguna,No existe,Recta,Bueno,Buena,Atardecer,Buen Tiempo,Otro,Ciclista,Atropello,Ninguna,Horizontal,Ninguna,Sin restricción
2020,1486,2020-02-02,Domingo,2:25:00,,0,2,"Automóvil,Automóvil",Entre Rios Y Ocampo,5,2,0,0,3,0,0,"-32.965969, -60.645995",Calle,,ROSARIO,Rosario,Asfalto,S/D,II,Dentro,Urbana,Ninguna,No existe,Intersección,Bueno,Buena,"Nocturna,Con luz artificial",Buen Tiempo,Lateral,S/D,Colisión,Ninguna,Faltante,Ninguna,Sin restricción
2020,1487,2020-01-31,Viernes,17:00:00,,0,1,Moto/Ciclomotor,Calle 111 Y Calle 104,2,2,0,0,0,0,0,"    -29.11649, -59.66732",Calle,,AVELLANEDA,General Obligado,S/D,S/D,IX,Dentro,Urbana,S/D,S/D,Intersección,S/D,S/D,Diurna,S/D,Contra objeto fijo,S/D,Colisión,S/D,S/D,S/D,S/D
2020,1488,2020-01-31,Viernes,,,0,2,"Moto/Ciclomotor,Moto/Ciclomotor",Chaco,2,2,0,0,0,0,0,"    -28.41799, -59.25393",Calle,,TACUARENDÍ,General Obligado,S/D,S/D,IX,Dentro,Urbana,Ninguna,No existe,Recta,S/D,S/D,S/D,S/D,S/D,S/D,Colisión,S/D,S/D,S/D,S/D
2020,1489,2020-05-13,Miercoles,11:15:00,,0,2,"Moto/Ciclomotor,Automóvil",Calle 31-Newbery Y Calle 30-Lucas Funes,2,1,0,0,1,0,0,"-29.15204, -59.65462",Calle,,RECONQUISTA,General Obligado,Asfalto,No existe,IX,S/D,Urbana,Ninguna,No existe,Intersección,Bueno,Buena,Diurna,Buen Tiempo,Lateral,S/D,Colisión,Ninguna,Vertical,Ninguna,Sin restricción
2020,1490,2020-05-13,Miercoles,10:25:00,,0,2,"Moto/Ciclomotor,Automóvil",Calle 18-Belgrano Y Calle 9-Mariano Moreno,2,1,0,0,1,0,0,"-29.141, -59.64569",Calle,,RECONQUISTA,General Obligado,Asfalto,No existe,IX,Dentro,Urbana,Ninguna,No existe,Intersección,Bueno,Buena,Diurna,Buen Tiempo,Otro,S/D,Colisión,Ninguna,Horizontal,Ninguna,Sin restricción
2020,1491,2020-05-15,Viernes,17:35:00,,0,2,"Moto/Ciclomotor,Automóvil",Calle 20-9 de Julio Y Calle 25-Rivadavia,3,2,0,0,1,0,0,"-29.14945, -59.64805",Calle,,RECONQUISTA,General Obligado,Hormigón,No existe,IX,S/D,Urbana,Ninguna,No existe,Intersección,Bueno,Buena,Diurna,Buen Tiempo,Otro,S/D,Colisión,Ninguna,Vertical,Ninguna,Sin restricción
2020,1492,2020-02-03,Lunes,13:00:00,Ruta Nacional 11,22,1,Pickup/Utilitario,,2,2,0,0,0,0,0,"-32.69721150398256,-60.769441723823",Ruta,11,PUERTO SAN MARTÍN,San Lorenzo,Asfalto,Natural,XVII,Dentro,Rural,Ninguna,No existe,Recta,Bueno,Buena,Diurna,Buen Tiempo,S/D,S/D,Vuelco,Ninguna,Horizontal,Línea divisoria pintada,Sin restricción
2020,1493,2020-05-13,Miercoles,15:55:00,,0,1,Moto/Ciclomotor,Rivadavia 100,1,1,0,0,0,0,0,"-32.78537, -61.60187",Calle,,ARMSTRONG,Belgrano,Asfalto,Natural,III,S/D,Urbana,Ninguna,No existe,Recta,Bueno,Buena,Diurna,Buen Tiempo,Atropello animal,S/D,Colisión,Ninguna,Faltante,Ninguna,Sin restricción
2020,1494,2020-02-18,Martes,17:00:00,,0,2,"Automóvil,Bicicleta",Lisandro De La Torre Y 9 de Julio,2,0,1,0,1,0,0,"-33.019180, -61.043769",Calle,,PUJATO,San Lorenzo,Asfalto,No existe,XVII,Dentro,Urbana,Ninguna,No existe,Intersección,Bueno,Buena,Diurna,S/D,S/D,Ciclista,Atropello,Ninguna,Faltante,Ninguna,Sin restricción
2020,1495,2020-02-03,Lunes,10:20:00,Ruta Secundaria 49-s,0,2,"Automóvil,Bicicleta",Av Alberdi Y Sarmiento,2,1,0,0,1,0,0,"-31.89633141863,-61.858557773922",Ruta,49-s,SAN JORGE,San MARTÍN,Asfalto,No existe,XVIII,Dentro,Urbana,Paso Peatonal,No existe,Intersección,Bueno,Buena,Diurna,Buen Tiempo,S/D,Ciclista,Atropello,Ninguna,Horizontal,"Cordón divisorio,Vegetación",Sin restricción
2020,1496,2020-02-17,Lunes,,,0,2,"Moto/Ciclomotor,Automóvil",Monse�or Zaspe Y Saavedra,3,2,0,0,1,0,0,"-31.654452, -60.718490",Calle,,SANTA FE,La Capital,Asfalto,No existe,I,Dentro,Urbana,Ninguna,No existe,Intersección,Bueno,Buena,Diurna,Buen Tiempo,Lateral,S/D,Colisión,Ninguna,Faltante,Ninguna,Sin restricción
2020,1497,2020-05-15,Viernes,8:00:00,Ruta Secundaria 33-s,0,2,"Moto/Ciclomotor,Moto/Ciclomotor",Calle 12 Y Avenida 13,2,1,0,0,1,0,0,"-32.68502, -61.52221",Ruta,33-s,LAS PAREJAS,Belgrano,Asfalto,No existe,III,S/D,Urbana,Ninguna,No existe,Intersección,Bueno,Buena,Diurna,Buen Tiempo,Lateral,S/D,Colisión,Ninguna,Faltante,Ninguna,Sin restricción
2020,1498,2020-05-12,Martes,13:30:00,,0,1,Moto/Ciclomotor,9 de Julio Y Obrero,2,1,0,0,1,0,0,"-31.30293, -60.66402",Calle,,LAGUNA PAIVA,La Capital,Tierra,No existe,I,Dentro,Urbana,Ninguna,No existe,Intersección,Deteriorada,Buena,Diurna,Buen Tiempo,Atropello animal,S/D,Colisión,Ninguna,Faltante,Ninguna,Sin restricción
2020,1499,2020-02-06,Jueves,18:30:00,,0,2,"Automóvil,Peatón",J.J.Paso 1800,2,0,1,0,1,0,0,"-32.919541920286,-60.690047039756",Avenida,,ROSARIO,Rosario,Asfalto,No existe,II,Dentro,Urbana,Otra Señal,No existe,Intersección,Bueno,Buena,Diurna,Buen Tiempo,S/D,Peatón,Atropello,Ninguna,Vertical,Ninguna,Sin restricción
2020,1500,2020-05-15,Viernes,10:00:00,Ruta Provincial 1,0,2,"Ambulancia,Automóvil",,3,1,0,0,1,0,1,"-31.6209, -60.5949",Ruta,1,COLASTINE,La Capital,Asfalto,S/D,I,S/D,Urbana,Semáforo,Funciona,Recta,Bueno,Buena,Diurna,Buen Tiempo,De alcance,S/D,Colisión,Ninguna,Horizontal,Cordón divisorio,Sin restricción
2020,1501,2020-05-16,Sabado,12:40:00,,0,2,"Automóvil,Moto/Ciclomotor",Juan Bautista Alberdi Y Presidente Bernardino Rivadavi,2,1,0,0,1,0,0,"-31.68144, -60.76747",Calle,,SANTO TOMÉ,La Capital,Asfalto,S/D,I,S/D,Urbana,Paso Peatonal,No existe,Intersección,Bueno,Buena,Diurna,Buen Tiempo,De alcance,S/D,Colisión,Ninguna,S/D,Ninguna,Sin restricción
2020,1502,2020-02-17,Lunes,17:40:00,Autopista Provincial Brigadier E.LÓPEZ,103,1,Moto/Ciclomotor,,2,1,0,0,1,0,0,"-32.014210, -60.990056",Autopista,Brigadier E.LÓPEZ,AROCENA,San JERÓNIMO,Asfalto,Natural,XV,Dentro,Rural,Ninguna,No existe,Recta,Bueno,Buena,Diurna,Buen Tiempo,S/D,S/D,Cañda ocupante,Ninguna,Horizontal,"Vegetación,Línea divisoria pintada",Sin restricción
2020,1503,2020-05-12,Martes,8:10:00,,0,1,Moto/Ciclomotor,Hipolito Irigoyen Y Rca Oriental del Uruguay,1,1,0,0,0,0,0,"-31.68276,-60.76633",Calle,,SANTO TOMÉ,La Capital,"Asfalto,Tierra",Natural,I,S/D,Urbana,Ninguna,No existe,Intersección,S/D,Buena,Diurna,Buen Tiempo,Atropello animal,S/D,Colisión,Ninguna,S/D,Ninguna,S/D
2020,1504,2020-02-06,Jueves,12:00:00,,0,2,"Moto/Ciclomotor,Moto/Ciclomotor",CALLE 14 Y CALLE 5,2,1,1,0,0,0,0,"-31.417322006551,-62.057726864717",Calle,,JOSEFINA,Castellanos,Ripio,No existe,V,Dentro,Urbana,Ninguna,No existe,Intersección,S/D,Buena,Diurna,Buen Tiempo,Lateral,S/D,Colisión,Ninguna,Faltante,Ninguna,Sin restricción
2020,1505,2020-01-31,Viernes,,,0,2,"Moto/Ciclomotor,Camión",Calle 24 - Olessio Y Calle 33-Pueyrredon,2,1,0,0,1,0,0,"    -29.15349, -59.6511",Calle,,RECONQUISTA,General Obligado,S/D,S/D,IX,Dentro,Urbana,S/D,S/D,Intersección,S/D,S/D,S/D,S/D,S/D,S/D,Colisión,S/D,S/D,S/D,S/D
2020,1506,2020-05-09,Sabado,20:00:00,,0,2,"Automóvil,Moto/Ciclomotor",B I Iturraspe Y Luis Maggi,2,1,0,0,1,0,0,"-31.23569, -61.50588",Calle,,RAFAELA,Castellanos,Hormigón,S/D,V,S/D,Urbana,Ninguna,No existe,Intersección,Bueno,Buena,Nocturna,Buen Tiempo,Lateral,S/D,Colisión,Ninguna,S/D,S/D,Sin restricción
2020,1507,2020-02-17,Lunes,19:40:00,,0,2,"Moto/Ciclomotor,Moto/Ciclomotor",Carlos Doce Y Jose Hernandez,2,1,0,0,1,0,0,"-32.047296, -61.606638",Calle,,CAÑADA ROSQUÍN,San MARTÍN,Tierra,No existe,XVIII,Dentro,Urbana,Ninguna,No existe,Intersección,Deteriorada,Buena,Atardecer,Buen Tiempo,Lateral,S/D,Colisión,Ninguna,Faltante,Ninguna,Sin restricción
2020,1508,2020-02-06,Jueves,,Ruta Provincial 70,0,2,"Pickup/Utilitario,Moto/Ciclomotor",Bv Santa Fe Y Guemes,2,1,0,0,1,0,0,"-31.253418967205,-61.487516584246",Ruta,70,RAFAELA,Castellanos,Asfalto,No existe,V,Dentro,Urbana,Paso Peatonal,No existe,Intersección,Bueno,Buena,Diurna,Buen Tiempo,S/D,S/D,Colisión,Ninguna,Horizontal,"Cordón divisorio,Vegetación,Línea divisoria pintada",Sin restricción
2020,1509,2020-05-15,Viernes,10:40:00,,0,2,"Pickup/Utilitario,Automóvil",,3,1,0,0,2,0,0,"-31.49321, -60.73194",S/D,,RECREO,La Capital,S/D,No existe,I,S/D,S/D,Ninguna,No existe,S/D,Otro,Buena,Diurna,Otro,S/D,S/D,Colisión,Ninguna,Faltante,Ninguna,Sin restricción
2020,1510,2020-05-15,Viernes,18:10:00,,0,2,"Moto/Ciclomotor,Automóvil",San Martin Y Belgrano,2,1,0,0,1,0,0,"-31.26606, -60.7601",Avenida,,NELSON,La Capital,Asfalto,No existe,I,S/D,Urbana,Ninguna,No existe,Intersección,Bueno,Buena,Atardecer,Buen Tiempo,Lateral,S/D,Colisión,Ninguna,Horizontal,Ninguna,Sin restricción
2020,1511,2020-02-06,Jueves,11:00:00,Ruta Nacional 11,95,1,Moto/Ciclomotor,,2,0,2,0,0,0,0,"-32.07106467036809,-60.970249439139",Ruta,11,AROCENA,San JERÓNIMO,Asfalto,Natural,XV,Dentro,Urbana,Ninguna,No existe,Recta,Bueno,Buena,Diurna,Buen Tiempo,S/D,S/D,Despiste,Ninguna,Horizontal,Línea divisoria pintada,Sin restricción
2020,1512,2020-02-17,Lunes,15:00:00,,0,2,"Pickup/Utilitario,Pickup/Utilitario",,9,1,0,0,8,0,0,"-32.046002, -61.231149",Camino Rural,,GÁLVEZ,San JERÓNIMO,Tierra,No existe,XVIII,Dentro,Rural,S/D,No existe,Recta,Bueno,S/D,Diurna,S/D,Lateral,S/D,Colisión,Ninguna,Faltante,S/D,Sin restricción
2020,1513,2020-05-14,Jueves,18:20:00,,0,3,"Automóvil,Automóvil,Pickup/Utilitario",Av A del Valle Y J Castelli,4,3,0,0,1,0,0,"-31.60672, -60.69313",Calle,,SANTA FE,La Capital,Asfalto,No existe,I,S/D,Urbana,Semáforo,Funciona,Intersección,Bueno,Reducida,Atardecer,Buen Tiempo,Múltiple,S/D,Colisión,Ninguna,"Horizontal,Vertical",Ninguna,Sin restricción
2020,1514,2020-02-04,Martes,9:30:00,Autopista Nacional Rosario -Cordoba,320,2,"Tractor,Automóvil",,3,0,2,0,1,0,0,"-32.913551224285385, -60.9619754629",Autopista,Rosario -Cordoba,ROLDÁN,San Lorenzo,Asfalto,Natural,II,Dentro,Rural,Ninguna,No existe,Recta,Bueno,Buena,Diurna,Buen Tiempo,De alcance,S/D,Colisión,Ninguna,Horizontal,Línea divisoria pintada,Sin restricción
2020,1515,2020-02-16,Domingo,,,0,2,"Moto/Ciclomotor,Pickup/Utilitario",Av. Eva Peron Y Av. Provincias Unidas,3,1,0,0,2,0,0,"-32.932972, -60.713059",Avenida,,ROSARIO,Rosario,Asfalto,S/D,II,Dentro,Urbana,Semáforo,Funciona,Intersección,Bueno,S/D,S/D,S/D,Lateral,S/D,Colisión,Ninguna,"Horizontal,Vertical",Cordón divisorio,Sin restricción
2020,1516,2020-05-12,Martes,17:40:00,,0,2,"Moto/Ciclomotor,Automóvil",Derqui Y Republica de Siria,2,1,0,0,1,0,0,"-31.61716, -60.69408",Calle,,SANTA FE,La Capital,Asfalto,No existe,I,S/D,Urbana,Ninguna,No existe,Intersección,Bueno,Buena,Diurna,Buen Tiempo,Lateral,S/D,Colisión,Ninguna,S/D,Ninguna,Sin restricción
2020,1517,2020-01-31,Viernes,,,0,2,"Moto/Ciclomotor,Automóvil",Manuel Belgrano Y J M Lheritier,2,1,0,0,1,0,0,"    -31.72692, -61.09149",Calle,,SAN CARLOS CENTRO,Las Colonias,Asfalto,S/D,XI,Dentro,Urbana,S/D,S/D,Intersección,S/D,S/D,Diurna,S/D,S/D,S/D,Colisión,S/D,S/D,S/D,S/D
2020,1518,2020-02-08,Sabado,,,0,2,"Automóvil,Moto/Ciclomotor",Hipolito Irigoyen Y Rivadavia,3,2,0,0,1,0,0,"-32.817852054571,-61.39449477196",Calle,,CAÑADA DE GÓMEZ,Iriondo,Asfalto,No existe,X,Dentro,Urbana,Ninguna,No existe,Intersección,Bueno,Buena,Diurna,Buen Tiempo,Lateral,S/D,Colisión,Ninguna,Faltante,Ninguna,Sin restricción
2020,1519,2020-05-13,Miercoles,10:20:00,,0,2,"Moto/Ciclomotor,Pickup/Utilitario",J M Zuviria,2,1,0,0,1,0,0,"-31.61831, -60.69296",Calle,,SANTA FE,La Capital,Asfalto,No existe,I,S/D,Urbana,Ninguna,No existe,Intersección,Bueno,S/D,Diurna,Buen Tiempo,Lateral,S/D,Colisión,Ninguna,S/D,Ninguna,Sin restricción
2020,1520,2020-02-15,Sabado,19:25:00,,0,1,Moto/Ciclomotor,ALFONSINA STORNI  Y AV ANGEL IGORBONE,2,1,0,0,1,0,0,"-32.364130, -61.362671",Avenida,,SAN GENARO,San JERÓNIMO,"Asfalto,Ripio",No existe,XVII,Dentro,Urbana,Ninguna,No existe,Recta,Bueno,Buena,Atardecer,S/D,S/D,S/D,Cañda ocupante,Ninguna,Faltante,Ninguna,Sin restricción
2020,1521,2020-02-09,Domingo,,,0,1,Moto/Ciclomotor,Cristobal Colon Y Zavalia,1,1,0,0,0,0,0,"-31.669034701985,-60.726810537557",Calle,,SANTA FE,La Capital,Asfalto,No existe,I,Dentro,Urbana,Ninguna,No existe,Intersección,Bueno,Buena,Diurna,Buen Tiempo,S/D,S/D,Despiste,Ninguna,Faltante,Ninguna,Sin restricción
2020,1522,2020-02-15,Sabado,21:25:00,,0,2,"Moto/Ciclomotor,Automóvil",JUAN LAZARTE  Y PELLEGRINI,2,1,0,0,1,0,0,"-32.372017, -61.360940",Calle,,SAN GENARO,San JERÓNIMO,Asfalto,No existe,XVII,Dentro,Urbana,Ninguna,No existe,Intersección,Bueno,Buena,"Nocturna,Con luz artificial",S/D,Lateral,S/D,Colisión,Ninguna,Faltante,Ninguna,Sin restricción
2020,1523,2020-02-09,Domingo,,,0,2,"Pickup/Utilitario,Moto/Ciclomotor",Boulevard Lisandro de la Torre Y General Bartolome Mitre,2,1,0,0,1,0,0,"-33.046752960907,-61.168574481083",Avenida,,CASILDA,Caseros,Asfalto,No existe,IV,Dentro,Urbana,Paso Peatonal,No existe,Intersección,S/D,S/D,S/D,S/D,S/D,S/D,Colisión,S/D,Horizontal,Cordón divisorio,S/D
2020,1524,2020-02-08,Sabado,,Ruta Nacional 34,0,2,"Moto/Ciclomotor,Pickup/Utilitario",M. BRUNO Y RUTA NACIONAL 34,3,0,1,0,2,0,0,"-31.27691611647606,-61.511555984616",Ruta,34,RAFAELA,Castellanos,Asfalto,No existe,V,Dentro,Urbana,Semáforo,Funciona,Intersección,S/D,S/D,S/D,S/D,S/D,S/D,Colisión,S/D,"Horizontal,Vertical",Cordón divisorio,S/D
2020,1525,2020-02-03,Lunes,23:25:00,Ruta Secundaria 40-s,0,1,Moto/Ciclomotor,,1,0,1,0,0,0,0,"-29.05732512474057,-60.430850386619",Ruta,40-s,FORTÍN OLMOS,Vera,Asfalto,S/D,XIX,Dentro,Rural,S/D,S/D,Recta,S/D,S/D,Nocturna,S/D,Atropello animal,S/D,Colisión,S/D,S/D,S/D,S/D
2020,1526,2020-01-31,Viernes,16:00:00,,0,2,"Moto/Ciclomotor,Pickup/Utilitario",Mendoza Y Presidente Bernardino Rivadavi,2,1,0,0,1,0,0,"-33.04525792541,-61.156308088969",Calle,,CASILDA,Caseros,Asfalto,No existe,IV,Dentro,Urbana,Ninguna,No existe,Intersección,S/D,S/D,Diurna,S/D,Lateral,S/D,Colisión,S/D,Faltante,Ninguna,S/D
2020,1527,2020-02-09,Domingo,1:10:00,,0,2,"Moto/Ciclomotor,Automóvil",Alberdi Juan Bautista Y Falucho,2,0,1,0,1,0,0,"-33.751025315769,-61.957065881766",Avenida,,VENADO TUERTO,General LÓPEZ,Asfalto,No existe,VIII,Dentro,Urbana,Ninguna,No existe,Intersección,S/D,S/D,Nocturna,S/D,S/D,S/D,Colisión,S/D,Faltante,Ninguna,S/D
2020,1528,2020-02-10,Lunes,0:10:00,,0,1,Moto/Ciclomotor,Chaco 1325,1,0,1,0,0,0,0,"-33.733271928743,-61.956029318507",Calle,,VENADO TUERTO,General LÓPEZ,S/D,No existe,VIII,Dentro,Urbana,S/D,S/D,Recta,S/D,S/D,Nocturna,S/D,S/D,S/D,Cañda ocupante,S/D,S/D,S/D,S/D
2020,1529,2020-02-10,Lunes,19:20:00,Ruta Nacional 11,0,1,Moto/Ciclomotor,Mariano Moreno Y Ruta Nacional 11,2,1,1,0,0,0,0,"-31.86888994585,-60.88696342678",Ruta,11,DESVÍO ARIJÓN,San JERÓNIMO,Asfalto,Ripio,XV,Dentro,Urbana,Señal Pare,No existe,Intersección,Bueno,Buena,Diurna,Buen Tiempo,S/D,S/D,Cañda ocupante,Ninguna,"Horizontal,Vertical",Línea divisoria pintada,Sin restricción