anio_acci,nro_acci,fecha,desc_dia,hora_aprox,desc_ruta,km,cant_participantes,desc_participante,calle_avenida_km,total,heridos_leves,heridos_graves,heridos_gravisimos,ilesos,fallecidos,sin_datos,posicion_XY,desc_tipo_via,desc_ruta_ori,desc_loc,desc_dpto,desc_tipo_calzada,desc_tipo_banquina,desc_unidad_regional,desc_lugar_calzada,desc_zona,desc_prioridad,desc_estado_semaforo,desc_lugar_via,desc_estado_via,desc_estado_visibilidad,desc_luminosidad,desc_estado_clima,desc_tipo_colision,desc_tipo_atropello,desc_tipo_hecho,desc_pres_calzada,desc_senializacion,desc_separacion_via,desc_restriccion
2020,1727,2020-02-23,Domingo,,,0,2,"Moto/Ciclomotor,Automóvil",Calle 100 400,3,1,1,0,1,0,0,"-31.441276, -62.064747",Calle,,FRONTERA,Castellanos,S/D,S/D,V,Dentro,Urbana,S/D,S/D,Intersección,S/D,S/D,S/D,S/D,Lateral,S/D,Colisión,S/D,S/D,S/D,S/D
2020,1728,2020-02-08,Sabado,17:00:00,,0,2,"Taxi/Remis,Moto/Ciclomotor",Ocampo 500,2,1,0,0,1,0,0,"-32.820063406936,-61.389003663187",Calle,,CAÑADA DE GÓMEZ,Iriondo,Asfalto,No existe,X,Dentro,Urbana,Ninguna,No existe,Intersección,S/D,S/D,Diurna,S/D,S/D,S/D,Colisión,S/D,Faltante,Ninguna,S/D
2020,1729,2020-02-10,Lunes,23:25:00,,0,2,"Peatón,Moto/Ciclomotor",,2,1,0,0,1,0,0,"-29.46170568466183,-60.215994715690",S/D,,VERA,Vera,S/D,S/D,XIX,Dentro,Urbana,S/D,S/D,Recta,S/D,S/D,Nocturna,S/D,S/D,Peatón,Atropello,S/D,S/D,S/D,S/D
2020,1730,2020-02-23,Domingo,,,0,2,"Moto/Ciclomotor,Automóvil",Antonio Podio Y Gral Juan Pablo Lopez,2,1,0,0,1,0,0,"-31.257731, -61.513428",Avenida,,RAFAELA,Castellanos,Asfalto,No existe,V,Dentro,Urbana,Ninguna,No existe,Intersección,Bueno,Buena,Diurna,Buen Tiempo,Lateral,S/D,Colisión,Ninguna,Faltante,Cordón divisorio,Sin restricción
2020,1731,2020-02-22,Sabado,21:30:00,,0,2,"Automóvil,Moto/Ciclomotor",Calle 22- 25 de Mayo Y Calle 47-Islas Malvinas,2,1,0,0,1,0,0,"-29.161092, -59.650772",Calle,,RECONQUISTA,General Obligado,Asfalto,No existe,IX,Dentro,Urbana,Ninguna,No existe,Intersección,Bueno,Buena,Nocturna,Buen Tiempo,Lateral,S/D,Colisión,Ninguna,Vertical,Ninguna,Sin restricción
2020,1732,2020-02-12,Miercoles,4:00:00,Ruta Nacional 9,367,1,Automóvil,,4,4,0,0,0,0,0,"-32.792102, -61.500116",Ruta,9,CAÑADA DE GÓMEZ,Iriondo,Asfalto,Pavimento,X,Fuera,Rural,Ninguna,No existe,Recta,Bueno,S/D,Nocturna,Buen Tiempo,S/D,S/D,Vuelco,Ninguna,Faltante,Línea divisoria pintada,Sin restricción
2020,1733,2020-02-11,Martes,11:00:00,,0,3,"Automóvil,Camión,Bicicleta",CAlle 14 Y Calle 17,3,1,0,0,2,0,0,"-29.120941, -59.657838",Calle,,AVELLANEDA,General Obligado,S/D,S/D,IX,Dentro,Urbana,S/D,S/D,Intersección,S/D,S/D,Diurna,S/D,Múltiple,Ciclista,"Colisión,Atropello",Ninguna,S/D,S/D,S/D
2020,1734,2020-02-11,Martes,18:10:00,,0,2,"Moto/Ciclomotor,Moto/Ciclomotor",Calle 21 Y Calle 24,2,1,0,0,1,0,0,"-29.123853, -59.651960",Calle,,AVELLANEDA,General Obligado,Asfalto,S/D,IX,Dentro,Urbana,Ninguna,S/D,Intersección,Bueno,S/D,Diurna,Buen Tiempo,Lateral,S/D,Colisión,Ninguna,Faltante,Ninguna,Sin restricción
2020,1735,2020-05-09,Sabado,11:50:00,,0,2,"Moto/Ciclomotor,Pickup/Utilitario",Pedro Diaz Colodrero 2100,2,1,0,0,1,0,0,"-31.6267, -60.6947",Calle,,SANTA FE,La Capital,Asfalto,No existe,I,S/D,Urbana,Ninguna,No existe,Recta,Bueno,Buena,Diurna,Buen Tiempo,Lateral,S/D,Colisión,Ninguna,S/D,Ninguna,Sin restricción
2020,1736,2020-05-12,Martes,13:25:00,,0,2,"Moto/Ciclomotor,Pickup/Utilitario",Alberdi Y Lavaisse,2,1,0,0,1,0,0,"-31.61512, -60.6856",Calle,,SANTA FE,La Capital,Asfalto,No existe,I,S/D,Urbana,Ninguna,No existe,Intersección,Bueno,Buena,Diurna,Buen Tiempo,Lateral,S/D,Colisión,Ninguna,S/D,Ninguna,Sin restricción
2020,1738,2020-05-13,Miercoles,9:45:00,,0,2,"Automóvil,Moto/Ciclomotor",3 De Febrero Y Alvear,2,1,0,0,1,0,0,"-32.94985, -60.65627",Calle,,ROSARIO,Rosario,"Asfalto,Hormigón",S/D,II,Dentro,Urbana,S/D,S/D,Intersección,S/D,S/D,Diurna,S/D,Lateral,S/D,Colisión,S/D,S/D,S/D,S/D
2020,1739,2020-05-04,Lunes,16:50:00,,0,2,"Moto/Ciclomotor,Automóvil",Dorrego Y Madre Cabrini,2,1,0,0,1,0,0,"-33.00539, -60.66048",Calle,,ROSARIO,Rosario,Asfalto,No existe,II,S/D,Urbana,Ninguna,No existe,Recta,Bueno,Buena,Atardecer,Buen Tiempo,Otro,S/D,Colisión,Ninguna,Faltante,Ninguna,Sin restricción
2020,1740,2020-05-14,Jueves,10:50:00,Ruta Provincial 20,0,2,"Pickup/Utilitario,Moto/Ciclomotor",Av Julian Bustinza,3,1,1,0,1,0,0,"-32.14096, -61.97906",Ruta,20,PIAMONTE,San MARTÍN,Asfalto,S/D,XVIII,Dentro,Urbana,Ninguna,No existe,Intersección,Bueno,Buena,Diurna,Buen Tiempo,S/D,S/D,Colisión,Ninguna,"Horizontal,Vertical",Ninguna,Sin restricción
2020,1741,2020-05-13,Miercoles,17:00:00,,0,2,"Automóvil,Moto/Ciclomotor",Palacios Y Ortiz,2,0,1,0,1,0,0,"-32.77468, -60.79341",Calle,,RICARDONE,San Lorenzo,Ripio,S/D,XVII,Dentro,Urbana,Ninguna,No existe,Intersección,Bueno,Buena,Diurna,Buen Tiempo,Lateral,S/D,Colisión,Ninguna,Faltante,S/D,Sin restricción
2020,1742,2020-02-10,Lunes,10:15:00,,0,2,"Bicicleta,Camión",Calle 24 - Olessio Y CAlle 37-Bvard. lovato,2,1,0,0,1,0,0,"-29.155224559229,-59.651373707604",Avenida,,RECONQUISTA,General Obligado,Asfalto,No existe,I,Dentro,Urbana,Semáforo,Funciona,Intersección,Bueno,Buena,Diurna,Buen Tiempo,S/D,Ciclista,Atropello,Ninguna,Vertical,"Cordón divisorio,Vegetación",Sin restricción
2020,1743,2020-05-02,Sabado,13:28:00,,0,2,"Moto/Ciclomotor,Automóvil",Lamadrid Y Francia F,3,1,1,0,1,0,0,"-32.99804, -60.67776",Calle,,ROSARIO,Rosario,Asfalto,No existe,II,Dentro,Urbana,Ninguna,No existe,Recta,Bueno,Buena,Diurna,Buen Tiempo,Otro,S/D,Colisión,Ninguna,Faltante,Ninguna,Sin restricción
2020,1744,2020-05-14,Jueves,16:30:00,,0,2,"Moto/Ciclomotor,Automóvil",Dorrego Y Cayetano Silva,2,0,1,0,1,0,0,"-32.73302, -60.73676",Calle,,SAN LORENZO,San Lorenzo,Hormigón,No existe,XVII,S/D,Urbana,S/D,No existe,Intersección,Bueno,Buena,Diurna,S/D,Lateral,S/D,Colisión,S/D,Faltante,S/D,S/D
2020,1745,2020-05-13,Miercoles,9:25:00,,0,2,"Moto/Ciclomotor,Automóvil",Eva Peron Y Irigoyen,2,1,0,0,1,0,0,"-32.72676, -60.735",Calle,,SAN LORENZO,San Lorenzo,Asfalto,S/D,XVII,S/D,Urbana,S/D,No existe,Intersección,S/D,Buena,Diurna,S/D,Lateral,S/D,Colisión,S/D,S/D,S/D,S/D
2020,1746,2020-05-06,Miercoles,16:35:00,,0,2,"Moto/Ciclomotor,Automóvil",Av. Battle y Ordo�ez Y Laprida,2,1,0,0,1,0,0,"-33.00886, -60.64666",Calle,,ROSARIO,Rosario,Asfalto,No existe,II,Dentro,Urbana,Ninguna,No existe,Intersección,Bueno,Buena,Diurna,Buen Tiempo,Lateral,S/D,Colisión,Ninguna,Faltante,Ninguna,Sin restricción
2020,1747,2020-02-11,Martes,8:30:00,Ruta Nacional 11,0,2,"Pickup/Utilitario,Automóvil",Calle 15 Y Ruta Nacional 11,2,1,0,0,1,0,0,"-29.120355235034,-59.652940942079",Ruta,11,AVELLANEDA,General Obligado,Asfalto,No existe,IX,Dentro,Urbana,Semáforo,Funciona,Intersección,Bueno,Buena,Diurna,Buen Tiempo,S/D,S/D,Colisión,Ninguna,"Horizontal,Vertical","Cordón divisorio,Vegetación,Línea divisoria pintada",Sin restricción
2020,1748,2020-05-16,Sabado,12:45:00,,0,2,"Automóvil,Moto/Ciclomotor",Belgrano Y Jujuy,2,1,0,0,1,0,0,"-32.71318, -60.73425",Calle,,PUERTO SAN MARTÍN,San Lorenzo,Asfalto,No existe,XVII,S/D,Urbana,Ninguna,No existe,Intersección,Bueno,Buena,Diurna,Buen Tiempo,Lateral,S/D,Colisión,Ninguna,Faltante,Ninguna,Sin restricción
2020,1749,2020-02-11,Martes,,,0,2,"Moto/Ciclomotor,Automóvil",B Manera Y Brigadier Estanislao Lopez,4,2,0,0,2,0,0,"-31.233886005964,-61.476196104712",Calle,,RAFAELA,Castellanos,"Hormigón,Tierra",No existe,V,Dentro,Urbana,Ninguna,No existe,Intersección,Bueno,Buena,S/D,Buen Tiempo,S/D,S/D,Colisión,Ninguna,Faltante,Ninguna,Sin restricción
2020,1750,2020-02-11,Martes,,Ruta Provincial 70,0,2,"Moto/Ciclomotor,Pickup/Utilitario",Eusebio Marcilla Y M Oliber,3,1,1,0,1,0,0,"-31.259328373368,-61.50894037201",Ruta,70,RAFAELA,Castellanos,Asfalto,No existe,V,Dentro,Urbana,Paso Peatonal,No existe,Intersección,Bueno,Buena,Atardecer,Buen Tiempo,S/D,S/D,Colisión,Ninguna,Horizontal,"Cordón divisorio,Vegetación",Sin restricción
2020,1751,2020-05-07,Jueves,10:05:00,,0,2,"Pickup/Utilitario,Bicicleta",Bv. Segui Y Buenos Aires,3,1,0,0,2,0,0,"-32.98019, -60.64087",Avenida,,ROSARIO,Rosario,Asfalto,S/D,II,Dentro,Urbana,S/D,S/D,Intersección,Bueno,S/D,S/D,S/D,S/D,Ciclista,Atropello,Ninguna,S/D,S/D,S/D
2020,1752,2020-05-05,Martes,21:00:00,Ruta Nacional 175,0,2,"Moto/Ciclomotor,Ambulancia",Cordoba Y Av San Martin,2,1,0,0,1,0,0,"-32.7175, -60.73116",Ruta,175,PUERTO SAN MARTÍN,San Lorenzo,Asfalto,No existe,XVII,S/D,Urbana,Ninguna,No existe,Intersección,Bueno,Buena,Nocturna,Buen Tiempo,Lateral,S/D,Colisión,Ninguna,Horizontal,Ninguna,Sin restricción
2020,1753,2020-05-14,Jueves,7:30:00,Ruta Nacional 11,0,1,Moto/Ciclomotor,Av San Martin Y F S M de Oro,1,1,0,0,0,0,0,"-32.78273, -60.72646",Ruta,11,FRAY LUIS BELTRÁN,San Lorenzo,S/D,S/D,XVII,S/D,Urbana,S/D,S/D,Intersección,S/D,S/D,S/D,S/D,S/D,S/D,Cañda ocupante,S/D,S/D,S/D,S/D
2020,1754,2020-05-05,Martes,13:00:00,,0,2,"Moto/Ciclomotor,Automóvil",Av. Battle y Ordo�ez Y Salva,2,1,0,0,1,0,0,"-33.00868, -60.63995",Calle,,ROSARIO,Rosario,Asfalto,No existe,II,Dentro,Urbana,Ninguna,S/D,Intersección,Bueno,Buena,Diurna,Buen Tiempo,Lateral,S/D,Colisión,Ninguna,Faltante,Ninguna,Sin restricción
2020,1755,2020-05-04,Lunes,12:30:00,,0,2,"Automóvil,Moto/Ciclomotor",Bv. Rondeau Y Ricardo Gutierrez,2,1,0,0,0,0,1,"-32.88158, -60.69638",Avenida,,ROSARIO,Rosario,Asfalto,Natural,II,Dentro,Urbana,S/D,S/D,Recta,Con baches,S/D,S/D,S/D,S/D,S/D,S/D,Ninguna,S/D,Cordón divisorio,S/D
2020,1756,2020-05-05,Martes,,,0,2,"Automóvil,Moto/Ciclomotor",Av. Frondizi A,2,1,1,0,0,0,0,"-32.911, -60.67692",Calle,,ROSARIO,Rosario,Asfalto,No existe,II,Dentro,Urbana,S/D,No existe,Recta,Con baches,S/D,S/D,S/D,S/D,S/D,S/D,S/D,S/D,S/D,S/D
2020,1757,2020-05-15,Viernes,12:30:00,,0,2,"Pickup/Utilitario,Bicicleta",Moreno Y Dorrego,2,1,0,0,1,0,0,"-32.75235, -60.73744",Calle,,SAN LORENZO,San Lorenzo,S/D,S/D,XVII,S/D,Urbana,S/D,S/D,Intersección,S/D,S/D,S/D,S/D,S/D,Ciclista,Atropello,S/D,S/D,S/D,S/D
2020,1758,2020-05-08,Viernes,19:30:00,,0,2,"Moto/Ciclomotor,Taxi/Remis",Av. Eva Peron Y Pascual Rosas,3,2,0,0,1,0,0,"-32.93788, -60.68596",Avenida,,ROSARIO,Rosario,Asfalto,No existe,II,Dentro,Urbana,Ninguna,No existe,Intersección,Bueno,Buena,Diurna,Buen Tiempo,De alcance,S/D,Colisión,Ninguna,Faltante,Ninguna,Sin restricción
2020,1759,2020-05-11,Lunes,6:50:00,Ruta Nacional 11,0,2,"Automóvil,Automóvil",Av San Martin Y Moreno,2,1,0,0,0,0,1,"-32.75242, -60.73419",Ruta,11,SAN LORENZO,San Lorenzo,S/D,S/D,XVII,S/D,Urbana,S/D,S/D,S/D,S/D,S/D,S/D,S/D,S/D,S/D,Colisión,S/D,S/D,S/D,S/D
2020,1760,2020-05-08,Viernes,7:45:00,,0,2,"Moto/Ciclomotor,Moto/Ciclomotor",Cordoba Y Ricchieri,2,1,0,0,1,0,0,"-32.94206, -60.66281",Calle,,ROSARIO,Rosario,Asfalto,No existe,II,Dentro,Urbana,S/D,No existe,Intersección,Bueno,Buena,Diurna,Buen Tiempo,S/D,S/D,Colisión,Ninguna,Faltante,Ninguna,Sin restricción
2020,1761,2020-05-09,Sabado,12:30:00,,0,2,"Moto/Ciclomotor,Pickup/Utilitario",12 de Octubre Y Juan de Garay,3,0,1,0,2,0,0,"-29.23088, -61.77125",Calle,,TOSTADO,9 de Julio,Asfalto,Pavimento,XII,S/D,Urbana,Ninguna,No existe,Intersección,Bueno,Buena,Diurna,Buen Tiempo,Lateral,S/D,Colisión,Ninguna,"Horizontal,Vertical",Ninguna,Sin restricción
2020,1762,2020-05-10,Domingo,15:20:00,,0,2,"Automóvil,Moto/Ciclomotor",Sarmiento,2,1,0,0,1,0,0,"-30.95304, -61.55923",Avenida,,SUNCHALES,Castellanos,Ripio,Ripio,V,Dentro,Urbana,S/D,No existe,Intersección,Bueno,Buena,Diurna,Buen Tiempo,Lateral,S/D,Colisión,Ninguna,Faltante,S/D,S/D
2020,1763,2020-05-11,Lunes,,,0,2,"Moto/Ciclomotor,Moto/Ciclomotor",San Juan Y 2 de Abril,2,1,1,0,0,0,0,"-29.22798, -61.76723",Calle,,TOSTADO,9 de Julio,Asfalto,No existe,XII,Dentro,Urbana,Ninguna,No existe,Intersección,Bueno,Buena,Diurna,Buen Tiempo,Múltiple,S/D,Colisión,S/D,Faltante,S/D,Sin restricción
2020,1764,2020-05-12,Martes,11:45:00,,0,2,"Pickup/Utilitario,Moto/Ciclomotor",,2,1,0,0,1,0,0,"-28.02095, -61.18469",Avenida,,GATO COLORADO,9 de Julio,Ripio,No existe,XII,Dentro,Urbana,Ninguna,No existe,Intersección,Bueno,Buena,Diurna,Buen Tiempo,Frontal,S/D,Colisión,Ninguna,Faltante,Ninguna,Sin restricción
2020,1765,2020-05-11,Lunes,19:00:00,,0,2,"Pickup/Utilitario,Moto/Ciclomotor",Roque Saenz Pe�a Y Naciones Unidas,2,1,0,0,1,0,0,"-31.63329, -60.72242",Calle,,SANTA FE,La Capital,Hormigón,No existe,I,S/D,Urbana,Ninguna,No existe,Intersección,Bueno,Buena,Atardecer,Buen Tiempo,Lateral,S/D,Colisión,Ninguna,Faltante,Ninguna,Sin restricción
2020,1766,2020-05-16,Sabado,10:00:00,Autopista Nacional A008,0,2,"Moto/Ciclomotor,Automóvil",Av. Eva Peron Y Av. Circunvalacion,3,2,0,0,1,0,0,"-32.93123, -60.72307",Autopista,A008,ROSARIO,Rosario,Asfalto,No existe,II,S/D,Urbana,Ninguna,Funciona,Recta,Bueno,Buena,Diurna,Buen Tiempo,De alcance,S/D,Colisión,Ninguna,S/D,Cordón divisorio,Sin restricción
2020,1767,2020-05-09,Sabado,16:45:00,,0,1,Moto/Ciclomotor,Sarratea Bis 1100,2,2,0,0,0,0,0,"-32.91683, -60.74155",Calle,,ROSARIO,Rosario,Asfalto,No existe,II,Dentro,Urbana,Ninguna,No existe,Recta,Bueno,Buena,Diurna,Buen Tiempo,Otro,S/D,Cañda ocupante,Ninguna,S/D,Ninguna,Sin restricción
2020,1768,2020-05-15,Viernes,9:00:00,,0,2,"Bicicleta,Automóvil",Pje. Sotomayor Bis Y J.J.Paso,3,1,0,0,2,0,0,"-32.91972, -60.69523",Avenida,,ROSARIO,Rosario,Asfalto,No existe,II,Dentro,Urbana,Ninguna,No existe,Intersección,Con baches,Buena,Diurna,Buen Tiempo,S/D,Ciclista,Atropello,Otro,Faltante,Ninguna,Sin restricción
2020,1769,2020-05-11,Lunes,11:00:00,,0,2,"Taxi/Remis,Moto/Ciclomotor",Mariano Cabal Bis Y Pje. Pelayo,2,1,0,0,1,0,0,"-32.91937, -60.7026",Calle,,ROSARIO,Rosario,Asfalto,No existe,II,Dentro,Urbana,Ninguna,No existe,Intersección,Bueno,Buena,Diurna,S/D,Lateral,S/D,Colisión,Ninguna,Faltante,Ninguna,Sin restricción
2020,1770,2020-03-01,Domingo,9:10:00,,0,2,"Moto/Ciclomotor,Camión c / Semirremolque",Alberdi Y Padre Genesio,2,1,0,0,1,0,0,"-31.602370672373,-60.681841096279",Calle,,SANTA FE,La Capital,Asfalto,No existe,I,Dentro,Urbana,Ninguna,No existe,Intersección,Otro,S/D,Diurna,Otro,S/D,S/D,Colisión,Otro,Faltante,Ninguna,Sin restricción
2020,1771,2020-03-06,Viernes,21:30:00,Ruta Nacional 11,0,2,"Moto/Ciclomotor,Moto/Ciclomotor",Granadero Baigorria Y Ruta Nac 11,2,1,0,0,1,0,0,"-32.733249664306605,-60.74042558670",Ruta,11,SAN LORENZO,San Lorenzo,Asfalto,Pavimento,XVII,Dentro,Urbana,Ninguna,No existe,Intersección,Bueno,Buena,"Nocturna,Con luz artificial",Buen Tiempo,Lateral,S/D,Colisión,Ninguna,Faltante,Ninguna,Sin restricción
2020,1772,2020-05-09,Sabado,1:30:00,,0,2,"Moto/Ciclomotor,Automóvil",Jose Ingenieros Y Dr.Victor Cue Bis,4,2,0,0,1,0,1,"-32.91659, -60.69718",Calle,,ROSARIO,Rosario,S/D,No existe,II,S/D,Urbana,Ninguna,No existe,Intersección,S/D,S/D,Nocturna,S/D,Lateral,S/D,Colisión,S/D,Faltante,Ninguna,Sin restricción
2020,1773,2020-03-06,Viernes,10:40:00,Autopista Nacional A008,0,2,"Moto/Ciclomotor,Automóvil",Av. Circunvalacion,2,1,0,0,1,0,0,"-33.016175, -60.649457",Autopista,A008,ROSARIO,Rosario,Asfalto,Natural,II,Dentro,Urbana,Ninguna,No existe,Pendiente,Otro,Buena,Diurna,Otro,De alcance,S/D,Colisión,Ninguna,Faltante,Ninguna,Sin restricción
2020,1774,2020-02-08,Sabado,1:30:00,Ruta Nacional 11,0,1,Moto/Ciclomotor,Av San Martin Y Silverio Cordoba,1,1,0,0,0,0,0,"-32.736600503464,-60.733892883272",Ruta,11,SAN LORENZO,San Lorenzo,Asfalto,Pavimento,XVII,Dentro,Urbana,Paso Peatonal,No existe,Intersección,Bueno,Buena,"Nocturna,Con luz artificial",Buen Tiempo,S/D,S/D,Despiste,Ninguna,Horizontal,Cordón divisorio,Sin restricción
2020,1775,2020-03-14,Sabado,14:30:00,Autopista Nacional A008,0,2,"Bicicleta,Automóvil",Av. Circunvalacion Y Bv. 27 De Febrero,2,1,0,0,1,0,0,"-32.960818, -60.720350",Autopista,A008,ROSARIO,Rosario,Asfalto,Pavimento,II,Dentro,Urbana,Semáforo,Funciona,Intersección,Bueno,Buena,Diurna,Otro,S/D,Ciclista,Atropello,Ninguna,Vertical,"Barrera de hormigón,Cordón divisorio,Vegetación",Sin restricción
2020,1776,2020-05-12,Martes,22:25:00,Autopista Nacional A008,0,2,"Moto/Ciclomotor,Automóvil",Bv. 27 De Febrero Y Av. Circunvalacion,3,1,1,0,1,0,0,"-32.97007, -60.62172",Autopista,A008,ROSARIO,Rosario,Asfalto,S/D,II,Dentro,Urbana,S/D,S/D,Intersección,Bueno,S/D,S/D,S/D,S/D,S/D,Colisión,Otro,S/D,S/D,S/D
2020,1777,2020-03-08,Domingo,10:00:00,,0,2,"Moto/Ciclomotor,Automóvil",Genaro Roldan Y Peru,3,2,0,0,1,0,0,"-32.732238903463,-60.73806569087",Calle,,SAN LORENZO,San Lorenzo,Asfalto,No existe,XVII,Dentro,Urbana,Ninguna,No existe,Intersección,Bueno,Buena,Diurna,Buen Tiempo,Lateral,S/D,Colisión,Ninguna,Faltante,Ninguna,Sin restricción
2020,1778,2020-05-12,Martes,17:00:00,,0,2,"Pickup/Utilitario,Automóvil",Viamonte Y Larrea,3,1,0,0,2,0,0,"-32.95649, -60.69664",Calle,,ROSARIO,Rosario,Asfalto,S/D,II,Dentro,Urbana,S/D,S/D,Intersección,Bueno,Buena,S/D,S/D,S/D,S/D,Colisión,S/D,S/D,S/D,S/D
2020,1779,2020-03-18,Miercoles,6:50:00,Autopista Nacional A008,0,1,Automóvil,Av. Circunvalacion Y Av. Eva Peron,1,1,0,0,0,0,0,"-32.933725, -60.723013",Autopista,A008,ROSARIO,Rosario,Asfalto,Pavimento,II,Dentro,Urbana,Marca Vial,No existe,Recta,Otro,Buena,Amanecer,Otro,S/D,S/D,Despiste,Ninguna,Horizontal,Guardarrail,Sin restricción
2020,1780,2020-03-10,Martes,9:10:00,,0,2,"Taxi/Remis,Pickup/Utilitario",Av Carlos A Poucel Y Silverio Cordoba,4,3,0,0,1,0,0,"-32.735896625097,-60.737829125471",Avenida,,SAN LORENZO,San Lorenzo,Hormigón,No existe,XVII,Dentro,Urbana,Ninguna,No existe,Intersección,Bueno,Buena,Diurna,Buen Tiempo,Lateral,S/D,Colisión,Ninguna,Faltante,Ninguna,Sin restricción
2020,1781,2020-05-09,Sabado,9:25:00,,0,2,"Vehículo Oficial,Automóvil",Castellanos Y Lamadrid,3,2,0,0,1,0,0,"-32.9983, -60.68741",Calle,,ROSARIO,Rosario,Asfalto,No existe,II,S/D,Urbana,Ninguna,No existe,Recta,Bueno,Buena,Diurna,Buen Tiempo,S/D,S/D,Colisión,Agua,Faltante,Ninguna,Sin restricción
2020,1782,2020-03-19,Jueves,21:20:00,Autopista Nacional A008,0,2,"Moto/Ciclomotor,Automóvil",Av. Circunvalacion Y Bv. 27 De Febrero,2,1,0,0,1,0,0,"-32.95966565608978,-60.720778405666",Autopista,A008,ROSARIO,Rosario,Asfalto,No existe,II,Dentro,Urbana,Ninguna,No existe,Recta,Bueno,Buena,"Nocturna,Con luz artificial",Buen Tiempo,De alcance,S/D,Colisión,Ninguna,Faltante,Guardarrail,Sin restricción
2020,1783,2020-03-25,Miercoles,16:00:00,,0,1,Moto/Ciclomotor,Av Costanera Y M Diaz Velez,2,2,0,0,0,0,0,"-32.71783769130709,-60.739175677299",Avenida,,SAN LORENZO,San Lorenzo,Asfalto,No existe,XVII,Dentro,Urbana,Ninguna,No existe,Recta,Bueno,Buena,Diurna,Buen Tiempo,Contra objeto fijo,S/D,Colisión,Ninguna,Faltante,Ninguna,Sin restricción
2020,1784,2020-05-11,Lunes,19:50:00,,0,1,Moto/Ciclomotor,24 De Setiembre Y Bv. Avellaneda,1,1,0,0,0,0,0,"-32.97291, -60.68759",Calle,,ROSARIO,Rosario,Asfalto,No existe,II,Dentro,Urbana,Ninguna,No existe,Recta,Bueno,Buena,Atardecer,Buen Tiempo,Atropello animal,S/D,Colisión,Ninguna,Faltante,Ninguna,Sin restricción
2020,1785,2020-03-01,Domingo,20:30:00,,0,2,"Moto/Ciclomotor,Moto/Ciclomotor",Av San Martin Y Italia,2,0,1,0,1,0,0,"-32.723337503197,-60.732216164507",Avenida,,SAN LORENZO,San Lorenzo,Asfalto,No existe,XVII,Dentro,Urbana,Ninguna,No existe,Intersección,Bueno,Buena,"Nocturna,Con luz artificial",Buen Tiempo,Lateral,S/D,Colisión,Ninguna,Horizontal,Línea divisoria pintada,Sin restricción
2020,1786,2020-05-12,Martes,8:15:00,,0,2,"Moto/Ciclomotor,Otros",J Castelli Y Sebastian Gaboto,3,0,0,0,2,0,1,"-31.60165, -60.71676",Calle,,SANTA FE,La Capital,Asfalto,No existe,I,S/D,Urbana,Ninguna,No existe,Recta,Bueno,Buena,Diurna,Buen Tiempo,S/D,S/D,Colisión,Ninguna,S/D,Ninguna,Sin restricción
2020,1787,2020-03-04,Miercoles,8:00:00,,0,2,"Moto/Ciclomotor,Automóvil",General Lopez Y Luna,2,1,0,0,1,0,0,"-32.725979571277,-60.733736518784",Calle,,SAN LORENZO,San Lorenzo,Hormigón,No existe,XVII,Dentro,Urbana,Ninguna,No existe,Intersección,Bueno,Buena,Diurna,Buen Tiempo,S/D,S/D,Colisión,Ninguna,Faltante,Ninguna,Sin restricción
2020,1788,2020-02-10,Lunes,10:10:00,,0,2,"Pickup/Utilitario,Moto/Ciclomotor",Estanislao Lopez Y Yapeyu,4,3,0,0,1,0,0,"-29.497735512643,-59.7528168883",Calle,,ROMANG,San Javier,Asfalto,No existe,XIV,Dentro,Urbana,Ninguna,No existe,Intersección,Bueno,Buena,Diurna,Buen Tiempo,Otro,S/D,Colisión,Ninguna,Faltante,Ninguna,Sin restricción
2020,1789,2020-03-19,Jueves,11:30:00,,0,2,"Bicicleta,Automóvil",Falucho Y Irigoyen,2,1,0,0,1,0,0,"-32.737264192691,-60.736037390312",Calle,,SAN LORENZO,San Lorenzo,Asfalto,No existe,XVII,Dentro,Urbana,Semáforo,Funciona,Intersección,Bueno,Buena,Diurna,Buen Tiempo,S/D,Ciclista,Atropello,Ninguna,Vertical,Ninguna,Sin restricción
2020,1790,2020-05-11,Lunes,,,0,1,Automóvil,Av Blas Parera,1,1,0,0,0,0,0,"-31.59645, -60.72275",Avenida,,SANTA FE,La Capital,Asfalto,No existe,I,S/D,Urbana,Semáforo,Funciona,Recta,Bueno,Buena,Diurna,Buen Tiempo,S/D,S/D,S/D,Ninguna,Horizontal,Ninguna,Sin restricción