anio_acci,nro_acci,fecha,desc_dia,hora_aprox,desc_ruta,km,cant_participantes,desc_participante,calle_avenida_km,total,heridos_leves,heridos_graves,heridos_gravisimos,ilesos,fallecidos,sin_datos,posicion_XY,desc_tipo_via,desc_ruta_ori,desc_loc,desc_dpto,desc_tipo_calzada,desc_tipo_banquina,desc_unidad_regional,desc_lugar_calzada,desc_zona,desc_prioridad,desc_estado_semaforo,desc_lugar_via,desc_estado_via,desc_estado_visibilidad,desc_luminosidad,desc_estado_clima,desc_tipo_colision,desc_tipo_atropello,desc_tipo_hecho,desc_pres_calzada,desc_senializacion,desc_separacion_via,desc_restriccion
2020,1791,2020-03-19,Jueves,11:50:00,,0,2,"Moto/Ciclomotor,Pickup/Utilitario",M Biosca Y Richieri,3,1,0,0,2,0,0,"-32.74875590893,-60.733000226453",Calle,,SAN LORENZO,San Lorenzo,Asfalto,No existe,XVII,Dentro,Urbana,Ninguna,No existe,Intersección,Bueno,Buena,Nocturna,Buen Tiempo,S/D,S/D,Colisión,Ninguna,Faltante,Ninguna,Sin restricción
2020,1792,2020-05-14,Jueves,20:00:00,Ruta Nacional 34,344,1,Automóvil,,3,3,0,0,0,0,0,"-30.21234, -61.74114",Ruta,34,ARRUFÓ,San CRISTÓBAL,Asfalto,Natural,XIII,S/D,Urbana,Otra Señal,No existe,Curva,Bueno,Reducida,Nocturna,Buen Tiempo,S/D,S/D,Despiste,Ninguna,"Horizontal,Vertical",Ninguna,Sin restricción
2020,1793,2020-03-19,Jueves,8:00:00,,0,2,"Moto/Ciclomotor,Automóvil",Belgrano Y Juan M De Rosas,2,1,0,0,1,0,0,"-30.80048927624,-60.593641772372",Calle,,SAN LORENZO,San Lorenzo,Asfalto,No existe,XVII,Dentro,Urbana,Ninguna,No existe,Intersección,Bueno,Buena,Diurna,Buen Tiempo,S/D,S/D,Colisión,Ninguna,Faltante,Ninguna,Sin restricción
2020,1794,2020-02-22,Sabado,21:30:00,Ruta Secundaria 36-s,16,1,Moto/Ciclomotor,,1,1,0,0,0,0,0,"-29.50462, -59.89954",Ruta,36-s,COLONIA DURÁN,San Javier,Tierra,Natural,XIV,Dentro,Rural,Ninguna,No existe,Recta,"Bueno,Ahuellamiento",Reducida polvo,Nocturna,Buen Tiempo,S/D,S/D,Cañda ocupante,Ninguna,Faltante,Ninguna,Sin restricción
2020,1795,2020-03-17,Martes,2:35:00,,0,2,"Moto/Ciclomotor,Otros",Jujuy Y Republica de Chile,3,2,0,0,0,0,1,"-32.755037732984,-60.745717897387",Calle,,SAN LORENZO,San Lorenzo,Asfalto,No existe,XVII,Dentro,Urbana,Ninguna,No existe,Intersección,Bueno,Buena,Nocturna,Buen Tiempo,Otro,S/D,Colisión,Ninguna,Faltante,Ninguna,Sin restricción
2020,1796,2020-03-16,Lunes,,,0,2,"Moto/Ciclomotor,Automóvil",Entre Rios Y Morris W,4,3,0,0,1,0,0,"-32.742884364074,-60.744741756553",Calle,,SAN LORENZO,San Lorenzo,Asfalto,No existe,XVII,Dentro,Urbana,Marca Vial,No existe,Intersección,Bueno,Buena,Diurna,Buen Tiempo,S/D,S/D,Colisión,Ninguna,Horizontal,Ninguna,Sin restricción
2020,1797,2020-05-14,Jueves,5:15:00,Autopista Nacional Gral. Juan Jose Valle,258,2,"Camión c / Semirremolque,Camión c / Semirremolque",,2,1,0,0,1,0,0,"-33.21464, -60.47855",Autopista,Gral. Juan Jose Valle,FIGHIERA,Rosario,Asfalto,S/D,II,S/D,Urbana,Ninguna,S/D,Recta,Bueno,Reducida,Amanecer,Buen Tiempo,De alcance,S/D,Colisión,Ninguna,S/D,Vegetación,Sin restricción
2020,1798,2020-03-03,Martes,20:15:00,Ruta Nacional 34,386,2,"Bicicleta,Moto/Ciclomotor",,2,1,0,0,1,0,0,"-29.86682, -61.9474",Ruta,34,CERES,San CRISTÓBAL,Asfalto,Ripio,XIII,Fuera,Rural,Marca Vial,No existe,Curva,Bueno,Buena,Nocturna,Buen Tiempo,S/D,Ciclista,Atropello,Ninguna,Horizontal,Línea divisoria pintada,Sin restricción
2020,1799,2020-05-10,Domingo,17:50:00,Autopista Nacional Gral. Juan Jose Valle,275,2,"Moto/Ciclomotor,Automóvil",Ruta Nacional 9,2,1,0,0,1,0,0,"-33.10516, -60.60682",Autopista,Gral. Juan Jose Valle,GENERAL LAGOS,Rosario,Asfalto,Natural,II,S/D,Urbana,Ninguna,No existe,Recta,Bueno,Buena,Atardecer,Buen Tiempo,De alcance,S/D,Colisión,Ninguna,S/D,Vegetación,Sin restricción
2020,1801,2020-03-16,Lunes,5:40:00,Ruta Nacional 11,0,2,"Moto/Ciclomotor,Automóvil",Av San Martin Y Carlos Benelli,2,1,0,0,1,0,0,"-32.775303974239,-60.728692356879",Ruta,11,SAN LORENZO,San Lorenzo,Asfalto,Pavimento,XVII,Dentro,Urbana,Otra Señal,No existe,Intersección,Bueno,Buena,Diurna,Buen Tiempo,S/D,S/D,Colisión,Ninguna,Vertical,Ninguna,Sin restricción
2020,1802,2020-03-06,Viernes,20:35:00,Ruta Provincial 23,3,1,Moto/Ciclomotor,,1,0,1,0,0,0,0,"-30.58057, -61.96329",Ruta,23,SUARDI,San CRISTÓBAL,Asfalto,Natural,XIII,Dentro,Urbana,Marca Vial,No existe,Recta,Bueno,Reducida,Nocturna,Buen Tiempo,Contra objeto fijo,S/D,Colisión,Ninguna,Horizontal,Línea divisoria pintada,Sin restricción
2020,1803,2020-05-12,Martes,9:45:00,,0,2,"Peatón,Automóvil",Espora Y Rivadavia,2,1,0,0,1,0,0,"-31.60415, -60.69168",Calle,,SANTA FE,La Capital,Asfalto,No existe,I,S/D,Urbana,Ninguna,No existe,Intersección,S/D,Reducida,Con luz artificial,Otro,S/D,Peatón,Atropello,S/D,Faltante,Ninguna,Sin restricción
2020,1804,2020-03-07,Sabado,11:25:00,,0,2,"Moto/Ciclomotor,Camión Chasis",Avenida Chacabuco Y Victoria,2,1,0,0,1,0,0,"-29.879342272447,-61.940475239209",Avenida,,CERES,San CRISTÓBAL,Asfalto,No existe,XIII,Dentro,Urbana,Ninguna,No existe,Intersección,Bueno,Buena,Diurna,Buen Tiempo,S/D,S/D,Colisión,Ninguna,Faltante,Ninguna,Sin restricción
2020,1805,2020-03-30,Lunes,15:30:00,,0,2,"Automóvil,Moto/Ciclomotor",L de la Torre Y San Lorenzo,2,1,0,0,1,0,0,"-30.312625856137,-61.243037592476",Calle,,SAN CRISTÓBAL,San CRISTÓBAL,"Tierra,Ripio",No existe,XIII,Dentro,Urbana,Ninguna,No existe,Intersección,Bueno,Buena,Diurna,Buen Tiempo,Lateral,S/D,Colisión,Ninguna,Faltante,Ninguna,Sin restricción
2020,1806,2020-03-13,Viernes,14:25:00,Autopista Provincial Brigadier E.LÓPEZ,14,2,"Automóvil,Transporte de Pasajeros (H/ 8 asientos)",,3,0,1,0,2,0,0,"-32.76505798101426,-60.751965790987",Autopista,Brigadier E.LÓPEZ,SAN LORENZO,San Lorenzo,Asfalto,No existe,XVII,Dentro,Urbana,Ninguna,No existe,Recta,Bueno,Buena,Diurna,Buen Tiempo,Frontal,S/D,Colisión,Ninguna,Horizontal,Línea divisoria pintada,Sin restricción
2020,1807,2020-05-08,Viernes,12:00:00,,0,2,"Moto/Ciclomotor,Automóvil",Mariano Moreno Y Bv. 27 De Febrero,2,1,0,0,1,0,0,"-32.96547, -60.65602",Avenida,,ROSARIO,Rosario,Asfalto,No existe,II,Dentro,Urbana,Semáforo,Funciona,Recta,Bueno,Buena,Diurna,Buen Tiempo,Lateral,S/D,Colisión,Ninguna,Vertical,Línea divisoria pintada,Sin restricción
2020,1808,2020-05-01,Viernes,12:45:00,,0,2,"Automóvil,Pickup/Utilitario",Paraguay Y Riobamba,2,1,0,0,1,0,0,"-32.96202, -60.64788",Calle,,ROSARIO,Rosario,Asfalto,S/D,II,Dentro,Urbana,Ninguna,No existe,Recta,Bueno,Buena,Diurna,Buen Tiempo,De alcance,S/D,Colisión,Ninguna,Faltante,Ninguna,Sin restricción
2020,1809,2020-05-06,Miercoles,11:10:00,,0,2,"Automóvil,Moto/Ciclomotor",Paraguay Y Riobamba,2,1,0,0,1,0,0,"-32.96203, -60.64798",Calle,,ROSARIO,Rosario,Asfalto,S/D,II,Dentro,Urbana,Ninguna,No existe,Recta,Bueno,Buena,Diurna,Buen Tiempo,Lateral,S/D,Colisión,Ninguna,Faltante,Ninguna,Sin restricción
2020,1810,2020-05-08,Viernes,11:00:00,,0,2,"Automóvil,Bicicleta",Sarmiento 1100,2,1,0,0,1,0,0,"-32.95019, -60.63912",Calle,,ROSARIO,Rosario,Asfalto,S/D,II,Dentro,Urbana,S/D,S/D,Recta,S/D,S/D,S/D,S/D,S/D,Ciclista,Atropello,S/D,S/D,S/D,S/D
2020,1811,2020-05-06,Miercoles,21:34:00,,0,3,"Taxi/Remis,Automóvil,Automóvil",Bv. Avellaneda Y Montevideo,5,4,0,0,1,0,0,"-32.94882, -60.68147",Calle,,ROSARIO,Rosario,"Asfalto,Hormigón",S/D,II,Dentro,Urbana,Semáforo,Funciona,Intersección,S/D,S/D,Nocturna,S/D,"Lateral,Múltiple",S/D,Colisión,S/D,S/D,S/D,S/D
2020,1812,2020-05-04,Lunes,17:45:00,,0,2,"Automóvil,Automóvil",Callao Y Brown,2,1,0,0,1,0,0,"-32.93325, -60.65775",Calle,,ROSARIO,Rosario,Asfalto,S/D,II,Dentro,Urbana,Semáforo,Funciona,Intersección,S/D,S/D,Diurna,S/D,Lateral,S/D,Colisión,S/D,S/D,S/D,S/D
2020,1813,2020-05-01,Viernes,16:57:00,,0,2,"Automóvil,Automóvil",Constitucion Y Marcos Paz,2,2,0,0,0,0,0,"-32.94453, -60.67483",Calle,,ROSARIO,Rosario,Hormigón,S/D,II,Dentro,Urbana,Ninguna,No existe,Intersección,Bueno,Buena,Diurna,S/D,"Lateral,Múltiple",S/D,Colisión,S/D,Faltante,S/D,S/D
2020,1814,2020-05-02,Sabado,18:15:00,Ruta Nacional 9,0,1,Pickup/Utilitario,,1,1,0,0,0,0,0,"-32.90518, -60.9118",Ruta,9,ROLDÁN,San Lorenzo,Asfalto,Natural,XVII,S/D,S/D,Ninguna,No existe,Recta,Bueno,Buena,Atardecer,Buen Tiempo,S/D,S/D,"Vuelco,Despiste",Ninguna,Vertical,Ninguna,Sin restricción
2020,1815,2020-05-07,Jueves,19:45:00,,0,2,"Moto/Ciclomotor,Automóvil",Buenos Aires Y Belgrano,3,1,0,0,2,0,0,"-32.71231, -60.73408",Calle,,PUERTO SAN MARTÍN,San Lorenzo,Asfalto,No existe,XVII,Dentro,Urbana,Ninguna,No existe,Intersección,Bueno,Buena,Nocturna,Buen Tiempo,Lateral,S/D,Colisión,Ninguna,Horizontal,Ninguna,Sin restricción
2020,1816,2020-05-08,Viernes,6:45:00,,0,2,"Camión c / Acoplado,Tren",Pte Hipolito Irigoyen Y Pte Juan D Peron,2,1,0,0,1,0,0,"-32.69575, -60.74439",Calle,,PUERTO SAN MARTÍN,San Lorenzo,Asfalto,Natural,XVII,Dentro,Rural,Señal Pare,No existe,Intersección,Deteriorada,Buena,Diurna,S/D,Lateral,S/D,Colisión,Ninguna,Horizontal,Ninguna,S/D
2020,1817,2020-05-04,Lunes,21:00:00,Ruta Nacional 11,0,2,"Moto/Ciclomotor,Pickup/Utilitario",America,2,1,0,0,1,0,0,"-32.70229, -60.76535",Ruta,11,PUERTO SAN MARTÍN,San Lorenzo,Asfalto,Natural,XVII,S/D,Rural,Ninguna,No existe,Intersección,Deteriorada,Reducida,Nocturna,S/D,Lateral,S/D,Colisión,Ninguna,Horizontal,Ninguna,Sin restricción
2020,1818,2020-05-07,Jueves,14:20:00,,0,1,Moto/Ciclomotor,Av Fray Luis Beltran 1125,1,1,0,0,0,0,0,"-32.79302, -60.73312",S/D,,FRAY LUIS BELTRÁN,San Lorenzo,S/D,S/D,XVII,S/D,S/D,S/D,S/D,Recta,Otro,S/D,S/D,S/D,S/D,S/D,"Cañda ocupante,Despiste",Ninguna,S/D,S/D,S/D
2020,1819,2020-05-08,Viernes,14:50:00,,0,2,"Camión Chasis,Moto/Ciclomotor",Velez Sarsfield,2,1,0,0,1,0,0,"-32.76565, -60.73372",S/D,,SAN LORENZO,San Lorenzo,S/D,S/D,XVII,S/D,Urbana,S/D,S/D,S/D,S/D,S/D,S/D,S/D,S/D,S/D,S/D,S/D,S/D,S/D,S/D
2020,1820,2020-03-26,Jueves,9:30:00,,0,1,Moto/Ciclomotor,Almirante Brown Y Alvear,1,0,0,1,0,0,0,"-28.939612, -61.710965",Calle,,POZO BORRADO,9 de Julio,S/D,No existe,XII,Dentro,Urbana,Ninguna,No existe,Intersección,S/D,Buena,Diurna,Lluvia,Contra objeto fijo,S/D,Colisión,S/D,Faltante,Ninguna,S/D
2020,1821,2020-03-13,Viernes,10:20:00,Ruta Nacional 11,0,2,"Automóvil,Moto/Ciclomotor",Av San Martin Y L N Alem,2,1,0,0,1,0,0,"-32.739287330061,-60.733925575052",Ruta,11,SAN LORENZO,San Lorenzo,Asfalto,Pavimento,XVII,Dentro,Urbana,Ninguna,No existe,Intersección,Bueno,Buena,Diurna,Buen Tiempo,S/D,S/D,Colisión,Ninguna,Faltante,Cordón divisorio,Sin restricción
2020,1822,2020-02-04,Martes,12:30:00,,0,2,"Pickup/Utilitario,Moto/Ciclomotor",Bv. de las Americas Y Gral Paz,2,0,0,0,1,1,0,"-31.88518, -61.86778",Avenida,,SAN JORGE,San MARTÍN,Ripio,No existe,XVIII,Dentro,Urbana,Ninguna,No existe,Intersección,Bueno,Buena,Diurna,Buen Tiempo,Lateral,S/D,Colisión,Ninguna,Faltante,Ninguna,Sin restricción
2020,1823,2020-03-12,Jueves,13:10:00,,0,2,"Moto/Ciclomotor,Automóvil",Franciscanos Y Genaro Roldan,3,2,0,0,1,0,0,"-32.730460888732,-60.748238831354",Calle,,SAN LORENZO,San Lorenzo,Asfalto,No existe,XVII,Dentro,Urbana,Ninguna,No existe,Intersección,Bueno,Buena,Diurna,Buen Tiempo,S/D,S/D,Colisión,Ninguna,Faltante,Ninguna,Sin restricción
2020,1824,2020-03-01,Domingo,15:40:00,,0,2,"Automóvil,Camión c / Acoplado",,3,1,1,0,1,0,0,"-31.835003, -62.011190",Camino Rural,,CRISPI,San MARTÍN,Ripio,No existe,XVIII,Dentro,Rural,Ninguna,No existe,Recta,Deteriorada,Reducida polvo,Diurna,Buen Tiempo,Frontal,S/D,Colisión,Ninguna,Faltante,Ninguna,Sin restricción
2020,1825,2020-03-12,Jueves,9:25:00,Ruta Nacional 11,0,2,"Moto/Ciclomotor,Camión",Av San Martin Y Rivadavia,2,0,1,0,1,0,0,"-32.750511649446,-60.734204338831",Ruta,11,SAN LORENZO,San Lorenzo,Asfalto,Pavimento,XVII,Dentro,Urbana,Paso Peatonal,No existe,Intersección,Bueno,Buena,Diurna,Buen Tiempo,S/D,S/D,Colisión,Ninguna,Horizontal,Cordón divisorio,Sin restricción
2020,1826,2020-02-05,Miercoles,2:35:00,Autopista Nacional A007,5,2,"Moto/Ciclomotor,Automóvil",Av Circunvalaci�n Y Nicolas Rodriguez Pe�a,3,1,0,0,1,1,0,"    -31.66802, -60.7298",Autopista,A007,SANTA FE,La Capital,Asfalto,Natural,I,Dentro,Urbana,Ninguna,No existe,Rotonda,Bueno,S/D,Nocturna,Buen Tiempo,De alcance,S/D,Colisión,Ninguna,Faltante,Guardarrail,Sin restricción
2020,1827,2020-03-11,Miercoles,17:45:00,,0,1,Moto/Ciclomotor,Dorrego Y San Luis,1,0,1,0,0,0,0,"-32.752846099877,-60.737429983375",Calle,,SAN LORENZO,San Lorenzo,Asfalto,No existe,XVII,Dentro,Urbana,Otra Señal,No existe,Intersección,Bueno,Buena,Diurna,Buen Tiempo,S/D,S/D,Cañda ocupante,Ninguna,Vertical,Ninguna,Sin restricción
2020,1828,2020-03-25,Miercoles,9:20:00,,0,2,"Moto/Ciclomotor,Pickup/Utilitario",Carlos Silvestre Begnis Y Julio A Roca,2,1,0,0,1,0,0,"-29.232480881095,-61.766493800489",Calle,,TOSTADO,9 de Julio,Asfalto,No existe,XII,Dentro,Urbana,Ninguna,No existe,Intersección,Bueno,Buena,Diurna,Buen Tiempo,Lateral,S/D,Colisión,Ninguna,Faltante,Ninguna,Sin restricción
2020,1829,2020-03-11,Miercoles,14:00:00,,0,2,"Moto/Ciclomotor,Automóvil",Tte. roca Y Urquiza,2,1,0,0,1,0,0,"-32.747554655969,-60.739483016801",Calle,,SAN LORENZO,San Lorenzo,Asfalto,No existe,XVII,Dentro,Urbana,Paso Peatonal,No existe,Intersección,Bueno,Buena,Diurna,Buen Tiempo,S/D,S/D,Colisión,Ninguna,"Horizontal,Vertical","Cordón divisorio,Vegetación,Línea divisoria pintada",Sin restricción
2020,1830,2020-03-10,Martes,12:50:00,,0,2,"Moto/Ciclomotor,Automóvil",General Lopez Y Jose Ingenieros,3,2,0,0,1,0,0,"-32.740439436336,-60.73504460001",Calle,,SAN LORENZO,San Lorenzo,Asfalto,No existe,XVII,Dentro,Urbana,Semáforo,Funciona,Intersección,Bueno,Buena,Diurna,Buen Tiempo,S/D,S/D,Colisión,Ninguna,Vertical,Ninguna,Sin restricción
2020,1831,2020-03-07,Sabado,19:40:00,,0,2,"Moto/Ciclomotor,Automóvil",Calle 26 - Bolivar Y Calle 31-Newbery,2,1,0,0,1,0,0,"-29.152294617905,-59.652231523431",Calle,,RECONQUISTA,General Obligado,Asfalto,No existe,IX,Dentro,Urbana,Ninguna,No existe,Intersección,Bueno,Buena,Atardecer,Buen Tiempo,Otro,S/D,Colisión,Ninguna,Faltante,Ninguna,Sin restricción
2020,1832,2020-03-02,Lunes,8:50:00,,0,2,"Bicicleta,Otros",Calle 17-Bartolome Mitre Y Calle 20 9 de Julio,2,1,0,0,1,0,0,"-29.145127773715,-59.647507626401",Calle,,RECONQUISTA,General Obligado,Asfalto,No existe,IX,Dentro,Urbana,Ninguna,No existe,Intersección,Bueno,Buena,Diurna,Buen Tiempo,S/D,Ciclista,Atropello,Ninguna,Faltante,Ninguna,Sin restricción
2020,1833,2020-03-03,Martes,9:00:00,,0,2,"Bicicleta,Automóvil",L N Alem Y Sargento Cabral,2,1,0,0,0,0,1,"-32.739870611541,-60.730548290338",Calle,,SAN LORENZO,San Lorenzo,Asfalto,No existe,XVII,Dentro,Urbana,Ninguna,No existe,Intersección,Bueno,Buena,Diurna,Buen Tiempo,S/D,Ciclista,Atropello,Ninguna,Faltante,Cordón divisorio,Sin restricción
2020,1834,2020-03-05,Jueves,9:20:00,,0,2,"Moto/Ciclomotor,Automóvil",Calle 16 Gral Obligado Y Calle 21-Gdor. iriondo,2,1,0,0,1,0,0,"-29.147571549295,-59.645341037577",Calle,,RECONQUISTA,General Obligado,Asfalto,No existe,IX,Dentro,Urbana,Paso Peatonal,No existe,Intersección,Bueno,Buena,Diurna,Buen Tiempo,Lateral,S/D,Colisión,Ninguna,Horizontal,Ninguna,Sin restricción
2020,1835,2020-03-02,Lunes,6:50:00,,0,2,"Automóvil,Automóvil",General Lopez Y L N Alem,2,1,0,0,1,0,0,"-32.739141293502,-60.734996601309",Calle,,SAN LORENZO,San Lorenzo,Asfalto,No existe,XVII,Dentro,Urbana,Ninguna,No existe,Intersección,Bueno,Buena,Amanecer,Buen Tiempo,S/D,S/D,Colisión,Ninguna,Faltante,Ninguna,Sin restricción
2020,1836,2020-03-02,Lunes,14:30:00,,0,2,"Automóvil,Automóvil",Av Carlos A Poucel Y Tucuman,4,1,1,0,0,0,2,"-32.742097801513,-60.738237649295",Avenida,,SAN LORENZO,San Lorenzo,Asfalto,No existe,XVII,Dentro,Urbana,Ninguna,No existe,Intersección,Bueno,Buena,Diurna,Buen Tiempo,S/D,S/D,Colisión,Ninguna,Faltante,Ninguna,Sin restricción
2020,1837,2020-03-02,Lunes,14:30:00,,0,2,"Moto/Ciclomotor,Automóvil",C Vega Y Urquiza,2,0,1,0,1,0,0,"-32.747316389365,-60.752247526356",Calle,,SAN LORENZO,San Lorenzo,Asfalto,No existe,XVII,Dentro,Urbana,Paso Peatonal,No existe,Intersección,Bueno,Buena,Diurna,Buen Tiempo,S/D,S/D,Colisión,Ninguna,"Horizontal,Vertical","Cordón divisorio,Línea divisoria pintada",Sin restricción
2020,1838,2020-03-04,Miercoles,19:45:00,,0,2,"Bicicleta,Moto/Ciclomotor",Calle 25 - Pietropaolo Y Calle 62 Panama,2,1,0,0,1,0,0,"-29.147164, -59.673083",Calle,,RECONQUISTA,General Obligado,Ripio,No existe,IX,Dentro,Urbana,Ninguna,No existe,Intersección,Bueno,Reducida polvo,Atardecer,Buen Tiempo,S/D,Ciclista,Atropello,Ninguna,Faltante,Vegetación,Sin restricción
2020,1839,2020-03-15,Domingo,9:00:00,,0,2,"Bicicleta,Moto/Ciclomotor",Calle 27-Gdor Freyre 1264,2,1,0,0,1,0,0,"-29.150029588302,-59.652727494921",Calle,,RECONQUISTA,General Obligado,Asfalto,No existe,IX,Dentro,Urbana,Ninguna,No existe,Recta,Bueno,Buena,Diurna,Buen Tiempo,S/D,Ciclista,Atropello,Ninguna,Faltante,Ninguna,Sin restricción
2020,1840,2020-03-09,Lunes,17:30:00,Ruta Nacional 11,0,2,"Moto/Ciclomotor,Automóvil",Av San Lorenzo Y L Lugones,2,1,0,0,1,0,0,"-32.831485511719,-60.711774628694",Ruta,11,CAPITÁN BERMÚDEZ,San Lorenzo,Asfalto,No existe,XVII,Dentro,Urbana,Otra Señal,No existe,Paso a Nivel FFCC,Bueno,Buena,Atardecer,Buen Tiempo,S/D,S/D,Colisión,Ninguna,Vertical,Ninguna,Sin restricción
2020,1841,2020-03-18,Miercoles,17:30:00,,0,2,"Moto/Ciclomotor,Automóvil",Guayaquil Y Mitre,2,1,0,0,1,0,0,"-32.787642071331,-60.728152463487",Calle,,FRAY LUIS BELTRÁN,San Lorenzo,Asfalto,No existe,XVII,Dentro,Urbana,Ninguna,No existe,Intersección,Bueno,Buena,Diurna,Buen Tiempo,S/D,S/D,Colisión,Ninguna,Faltante,Ninguna,Sin restricción
2020,1842,2020-02-08,Sabado,2:45:00,,0,2,"Pickup/Utilitario,Moto/Ciclomotor",Cno San Roque Y Av Iriondo,2,0,0,0,1,1,0,"-30.78302, -60.59086",Calle,,SAN JUSTO,San Justo,Asfalto,No existe,XVI,Dentro,Urbana,Ninguna,No existe,Intersección,Deteriorada,Buena,"Nocturna,Con luz artificial",Buen Tiempo,Frontal,S/D,Colisión,Agua,Faltante,Cordón divisorio,Sin restricción
2020,1843,2020-03-02,Lunes,10:10:00,Ruta Nacional 175,0,2,"Automóvil,Moto/Ciclomotor",Cordoba Y Reconquista,2,0,1,0,1,0,0,"-32.716236382047,-60.738424505081",Ruta,175,PUERTO SAN MARTÍN,San Lorenzo,Asfalto,No existe,XVII,Dentro,Urbana,Paso Peatonal,No existe,Intersección,Bueno,Buena,Diurna,Buen Tiempo,Lateral,S/D,Colisión,Ninguna,"Horizontal,Vertical",Ninguna,Sin restricción
2020,1844,2020-03-10,Martes,8:50:00,,0,2,"Moto/Ciclomotor,Moto/Ciclomotor",Calle 12 1200,2,2,0,0,0,0,0,"-32.67860881961,-61.525408258035",Calle,,LAS PAREJAS,Belgrano,Asfalto,No existe,III,Dentro,Urbana,Ninguna,No existe,Recta,Bueno,Buena,Diurna,Buen Tiempo,Frontal,S/D,Colisión,Ninguna,Faltante,Ninguna,Sin restricción
2020,1845,2020-02-08,Sabado,21:05:00,,0,2,"Moto/Ciclomotor,Moto/Ciclomotor",,5,1,1,0,1,2,0,"-30.22202, -61.93129",Camino Rural,,VILLA TRINIDAD,San CRISTÓBAL,Tierra,Natural,XIII,Dentro,Rural,Ninguna,No existe,Recta,Bueno,Buena,Nocturna,Buen Tiempo,Frontal,S/D,Colisión,Ninguna,Faltante,Ninguna,Sin restricción
2020,1846,2020-03-04,Miercoles,17:05:00,,0,2,"Automóvil,Moto/Ciclomotor",Av San Martin 155,3,2,0,0,1,0,0,"-32.717886078603,-60.731225271988",Avenida,,PUERTO SAN MARTÍN,San Lorenzo,Asfalto,No existe,XVII,Dentro,Urbana,Paso Peatonal,No existe,Intersección,Bueno,Buena,Diurna,Buen Tiempo,Lateral,S/D,Colisión,S/D,Horizontal,Ninguna,Sin restricción
2020,1847,2020-03-13,Viernes,17:50:00,Ruta Nacional 178,190,1,Automóvil,,1,1,0,0,0,0,0,"-32.61775, -61.54642",Ruta,178,LAS PAREJAS,Belgrano,Asfalto,Natural,III,Dentro,Rural,Ninguna,No existe,Recta,Bueno,Buena,Diurna,Buen Tiempo,S/D,S/D,Despiste,Ninguna,Horizontal,Ninguna,Sin restricción
2020,1848,2020-03-06,Viernes,23:50:00,Ruta Nacional 175,0,2,"Moto/Ciclomotor,Automóvil",Belgrano Y Cordoba,2,1,0,0,1,0,0,"-32.716823625735,-60.735160145174",Ruta,175,PUERTO SAN MARTÍN,San Lorenzo,Asfalto,No existe,XVII,Dentro,Urbana,Semáforo,Funciona,Intersección,Bueno,Buena,Nocturna,Buen Tiempo,S/D,S/D,Colisión,Ninguna,"Horizontal,Vertical",Ninguna,Sin restricción
2020,1849,2020-03-11,Miercoles,14:15:00,Ruta Nacional 178,0,2,"Camión c / Acoplado,Camión c / Acoplado",,2,2,0,0,0,0,0,"-32.64335, -61.54068",Ruta,178,LAS PAREJAS,Belgrano,Asfalto,Natural,III,Dentro,Rural,Marca Vial,No existe,Recta,Bueno,Buena,Diurna,Buen Tiempo,Lateral,S/D,Colisión,Ninguna,Horizontal,Línea divisoria pintada,Sin restricción
2020,1850,2020-03-15,Domingo,19:05:00,Ruta Nacional 175,0,2,"Moto/Ciclomotor,Automóvil",Cordoba Y Reconquista,2,1,0,0,1,0,0,"-32.716236382047,-60.738424505081",Ruta,175,PUERTO SAN MARTÍN,San Lorenzo,Asfalto,No existe,XVII,Dentro,Urbana,Semáforo,No existe,Intersección,Bueno,Buena,Diurna,Buen Tiempo,Lateral,S/D,Colisión,Ninguna,"Horizontal,Vertical",Ninguna,Sin restricción
2020,1851,2020-02-08,Sabado,23:00:00,Ruta Provincial 13,120,2,"Peatón,Automóvil",,3,0,0,0,2,1,0,"-31.47622, -61.71495",Ruta,13,ESTACIÓN CLUCELLAS,Castellanos,Asfalto,Natural,V,Dentro,Rural,Ninguna,No existe,Curva,Bueno,Reducida,Nocturna,Buen Tiempo,S/D,Peatón,Atropello,Ninguna,Vertical,Ninguna,Sin restricción
2020,1852,2020-03-16,Lunes,15:30:00,,0,2,"Moto/Ciclomotor,Moto/Ciclomotor",Belgrano Y Buenos Aires,2,2,0,0,0,0,0,"-32.71228101822,-60.734066978655",Calle,,PUERTO SAN MARTÍN,San Lorenzo,Asfalto,No existe,XVII,Dentro,Urbana,Ninguna,No existe,Intersección,Bueno,Buena,Diurna,Buen Tiempo,Lateral,S/D,Colisión,Ninguna,Faltante,Ninguna,Sin restricción