anio_acci,nro_acci,fecha,desc_dia,hora_aprox,desc_ruta,km,cant_participantes,desc_participante,calle_avenida_km,total,heridos_leves,heridos_graves,heridos_gravisimos,ilesos,fallecidos,sin_datos,posicion_XY,desc_tipo_via,desc_ruta_ori,desc_loc,desc_dpto,desc_tipo_calzada,desc_tipo_banquina,desc_unidad_regional,desc_lugar_calzada,desc_zona,desc_prioridad,desc_estado_semaforo,desc_lugar_via,desc_estado_via,desc_estado_visibilidad,desc_luminosidad,desc_estado_clima,desc_tipo_colision,desc_tipo_atropello,desc_tipo_hecho,desc_pres_calzada,desc_senializacion,desc_separacion_via,desc_restriccion
2020,1853,2020-03-10,Martes,15:20:00,Ruta Nacional 9,388,1,Moto/Ciclomotor,,2,1,1,0,0,0,0,"-32.78686, -61.53044",Ruta,9,ARMSTRONG,Belgrano,Asfalto,Natural,III,Dentro,Rural,Marca Vial,No existe,Recta,Bueno,Buena,Diurna,Buen Tiempo,S/D,S/D,Cañda ocupante,Ninguna,Horizontal,Línea divisoria pintada,Sin restricción
2020,1854,2020-03-08,Domingo,23:50:00,,0,1,Moto/Ciclomotor,Rivadavia Y Rosario,2,1,0,0,1,0,0,"-32.708426599297,-60.743202175335",Calle,,PUERTO SAN MARTÍN,San Lorenzo,Asfalto,No existe,XVII,Dentro,Urbana,Ninguna,No existe,Intersección,Bueno,Buena,Nocturna,Buen Tiempo,S/D,S/D,Cañda ocupante,Ninguna,Faltante,Ninguna,Sin restricción
2020,1855,2020-03-27,Viernes,18:30:00,,0,2,"Moto/Ciclomotor,Automóvil",Flotron Y Pio Domingo Chiodi,2,1,0,0,1,0,0,"-32.780494093894966,-61.60215765237",Calle,,ARMSTRONG,Belgrano,Asfalto,No existe,III,Dentro,Urbana,Ninguna,No existe,Intersección,Bueno,Buena,Diurna,Buen Tiempo,Lateral,S/D,Colisión,Agua,Faltante,Ninguna,Sin restricción
2020,1856,2020-03-10,Martes,7:55:00,,0,2,"Moto/Ciclomotor,Automóvil",America Y Belgrano,2,1,0,0,1,0,0,"-32.707499834322,-60.732907985976",Calle,,PUERTO SAN MARTÍN,San Lorenzo,Asfalto,No existe,XVII,Dentro,Urbana,Ninguna,No existe,Intersección,Bueno,Buena,Diurna,Buen Tiempo,Lateral,S/D,Colisión,Ninguna,Faltante,Ninguna,Sin restricción
2020,1857,2020-03-14,Sabado,4:30:00,,0,1,Moto/Ciclomotor,Moreau de Justo Y Rosario,2,2,0,0,0,0,0,"-32.707791825678,-60.743047600422",Calle,,PUERTO SAN MARTÍN,San Lorenzo,Asfalto,Pavimento,XVII,Dentro,Urbana,Ninguna,No existe,Intersección,Bueno,Buena,Nocturna,Buen Tiempo,Atropello animal,S/D,Colisión,Ninguna,Faltante,Ninguna,Sin restricción
2020,1858,2020-02-17,Lunes,12:35:00,Ruta Nacional 9,393,1,Moto/Ciclomotor,,2,2,0,0,0,0,0,"-32.77787, -61.58288",Ruta,9,ARMSTRONG,Belgrano,Asfalto,Pavimento,III,Dentro,Rural,Marca Vial,No existe,Recta,Bueno,Buena,Diurna,Buen Tiempo,S/D,S/D,Cañda ocupante,Ninguna,Horizontal,Línea divisoria pintada,Sin restricción
2020,1859,2020-03-16,Lunes,16:30:00,,0,2,"Moto/Ciclomotor,Moto/Ciclomotor",America Y Pte Hipolito Irigoyen,3,3,0,0,0,0,0,"-32.705091998363,-60.746720584231",Calle,,PUERTO SAN MARTÍN,San Lorenzo,Asfalto,No existe,XVII,Dentro,Urbana,Otra Señal,No existe,Intersección,Bueno,Buena,Diurna,Buen Tiempo,Lateral,S/D,Colisión,Ninguna,Vertical,Ninguna,Sin restricción
2020,1860,2020-02-13,Jueves,8:50:00,Ruta Provincial 94,29,2,"Automóvil,Camión",,4,0,0,0,2,2,0,"-33.99449, -61.61579",Ruta,94,VILLA CAÑAS,General LÓPEZ,Hormigón,Natural,VIII,Dentro,Rural,Ninguna,No existe,Curva,Con baches,Buena,Diurna,Buen Tiempo,Frontal,S/D,Colisión,Ninguna,Vertical,Línea divisoria pintada,Sin restricción
2020,1861,2020-02-23,Domingo,11:25:00,,0,2,"Automóvil,Moto/Ciclomotor",Bv Roldan Y Dr Ricardo Fischer,2,0,1,0,1,0,0,"-32.782615028013,-61.605492531214",Avenida,,ARMSTRONG,Belgrano,Asfalto,No existe,III,Dentro,Urbana,Semáforo,Funciona,Intersección,Bueno,Buena,Diurna,Buen Tiempo,Lateral,S/D,Colisión,Ninguna,"Horizontal,Vertical",Ninguna,Sin restricción
2020,1862,2020-03-18,Miercoles,11:10:00,Ruta Nacional 175,0,2,"Automóvil,Bicicleta",Av San Martin Y Cayetano Nerbutti,2,1,0,0,1,0,0,"-32.718378873477,-60.731332994732",Ruta,175,PUERTO SAN MARTÍN,San Lorenzo,Asfalto,No existe,XVII,Dentro,Urbana,Paso Peatonal,No existe,Intersección,Bueno,Buena,Diurna,Buen Tiempo,S/D,Ciclista,Atropello,Ninguna,Horizontal,Ninguna,Sin restricción
2020,1863,2020-02-05,Miercoles,21:30:00,,0,1,Bicicleta,Calle 8 Y Calle 29,1,1,0,0,0,0,0,"-32.677970952453,-61.530034681538",Calle,,LAS PAREJAS,Belgrano,Asfalto,No existe,III,Dentro,Urbana,Ninguna,No existe,Recta,Otro,Buena,"Nocturna,Con luz artificial",Buen Tiempo,S/D,S/D,Cañda ocupante,Ninguna,Faltante,Ninguna,Sin restricción
2020,1864,2020-02-27,Jueves,8:50:00,,0,2,"Moto/Ciclomotor,Pickup/Utilitario",Calle 6 Y Calle 19,4,0,2,0,2,0,0,"-32.683608559276,-61.529075383086",Calle,,LAS PAREJAS,Belgrano,Asfalto,No existe,III,Dentro,Urbana,Ninguna,No existe,Intersección,Deteriorada,Buena,Diurna,Buen Tiempo,Lateral,S/D,Colisión,Ninguna,Faltante,Ninguna,Sin restricción
2020,1865,2020-02-26,Miercoles,13:20:00,,0,2,"Moto/Ciclomotor,Moto/Ciclomotor",Avenida 17 1700,3,3,0,0,0,0,0,"-32.677636357867,-61.509278581107",Avenida,,LAS PAREJAS,Belgrano,Ripio,No existe,III,Dentro,Urbana,Ninguna,No existe,Intersección,Bueno,Buena,Diurna,Buen Tiempo,Lateral,S/D,Colisión,Ninguna,Faltante,Ninguna,Sin restricción
2020,1866,2020-03-27,Viernes,7:15:00,Ruta Nacional 11,343,2,"Moto/Ciclomotor,Pickup/Utilitario",,2,0,1,0,1,0,0,"-32.64219939708711,-60.812024474144",Ruta,11,TIMBÚES,San Lorenzo,Asfalto,Ripio,XVII,Dentro,Urbana,Ninguna,No existe,Recta,Bueno,Buena,Diurna,Buen Tiempo,Lateral,S/D,Colisión,Ninguna,Horizontal,Línea divisoria pintada,Sin restricción
2020,1867,2020-03-02,Lunes,21:00:00,Autopista Nacional Rosario -Cordoba,315,1,Pickup/Utilitario,,1,1,0,0,0,0,0,"-32.92441070079805,-60.912269353866",Autopista,Rosario -Cordoba,ROLDÁN,San Lorenzo,Asfalto,Natural,XVII,Dentro,Urbana,Ninguna,No existe,Recta,Bueno,Buena,Nocturna,Buen Tiempo,S/D,S/D,Vuelco,Ninguna,Horizontal,"Vegetación,Línea divisoria pintada",Sin restricción
2020,1868,2020-04-15,Miercoles,,,0,2,"Bicicleta,Automóvil",Tucuman Y Roque Saenz Pe�a,2,1,0,0,1,0,0,"-29.88647, -60.28219",Calle,,CALCHAQUÍ,Vera,S/D,S/D,XIX,S/D,Urbana,S/D,S/D,Intersección,S/D,S/D,S/D,S/D,S/D,Ciclista,Atropello,S/D,S/D,S/D,S/D
2020,1869,2020-04-16,Jueves,8:20:00,Ruta Nacional 11,119,1,Moto/Ciclomotor,,1,0,0,1,0,0,0,"-31.87916, -60.89",Ruta,11,DESVÍO ARIJÓN,San JERÓNIMO,S/D,S/D,XV,S/D,Urbana,S/D,S/D,Recta,S/D,S/D,Diurna,S/D,Atropello animal,S/D,Colisión,S/D,S/D,S/D,S/D
2020,1870,2020-02-16,Domingo,1:37:00,Ruta Provincial 6,37,2,"Peatón,Moto/Ciclomotor",San Martin 1800,2,0,1,0,0,1,0,"-31.73923, -61.09592",Ruta,6,SAN CARLOS CENTRO,Las Colonias,Asfalto,No existe,XI,Dentro,Urbana,Ninguna,No existe,Recta,Bueno,Reducida,Nocturna,Buen Tiempo,S/D,Peatón,Atropello,Ninguna,Vertical,Ninguna,Sin restricción
2020,1871,2020-02-16,Domingo,4:50:00,Ruta Provincial 23,4,2,"Automóvil,Pickup/Utilitario",,3,1,0,0,0,2,0,"-30.57861, -61.96271",Ruta,23,SUARDI,San CRISTÓBAL,Asfalto,Natural,XIII,Dentro,Rural,Ninguna,No existe,Recta,Bueno,Buena,Nocturna,Buen Tiempo,Frontal,S/D,Colisión,Ninguna,Vertical,Ninguna,Sin restricción
2020,1872,2020-04-17,Viernes,,,0,2,"Moto/Ciclomotor,Otros",San Luis 2584,2,1,0,0,1,0,0,"-31.67359, -60.76971",Calle,,SANTO TOMÉ,La Capital,S/D,S/D,I,S/D,Urbana,S/D,S/D,Recta,S/D,S/D,S/D,S/D,S/D,S/D,Colisión,S/D,S/D,S/D,S/D
2020,1873,2020-02-17,Lunes,12:00:00,,0,2,"Moto/Ciclomotor,Pickup/Utilitario",Belgrano Y Hernandarias,3,1,0,0,1,1,0,"-29.88264, -61.93896",Calle,,CERES,San CRISTÓBAL,Asfalto,Natural,XIII,Dentro,Urbana,Ninguna,No existe,Intersección,Bueno,Buena,Diurna,Buen Tiempo,Lateral,S/D,Colisión,Ninguna,Vertical,Vegetación,Sin restricción
2020,1874,2020-02-21,Viernes,5:30:00,,0,2,"Moto/Ciclomotor,Moto/Ciclomotor",Av. Battle y Ordo�ez Y Pje. Trejo y Sanabria,2,1,0,0,0,1,0,"-33.009581, -60.672836",Avenida,,ROSARIO,Rosario,Asfalto,No existe,II,Dentro,Urbana,Ninguna,No existe,Recta,Deteriorada,Reducida,Nocturna,Buen Tiempo,S/D,S/D,Colisión,Ninguna,Faltante,Ninguna,Sin restricción
2020,1875,2020-04-18,Sabado,1:00:00,Ruta Provincial 95,0,2,"Vehículo Oficial,Moto/Ciclomotor",,2,1,0,0,1,0,0,"-32.44513, -60.84219",Ruta,95,GABOTO,San JERÓNIMO,S/D,S/D,XV,S/D,Rural,S/D,S/D,Recta,S/D,S/D,Nocturna,S/D,S/D,S/D,Colisión,S/D,S/D,S/D,S/D
2020,1876,2020-04-21,Martes,,,0,1,Moto/Ciclomotor,Bv Belgrano Y Pueyrredon,1,1,0,0,0,0,0,"-29.88821, -60.28628",Calle,,CALCHAQUÍ,Vera,S/D,S/D,XIX,S/D,Urbana,S/D,S/D,Intersección,S/D,S/D,S/D,S/D,S/D,S/D,Despiste,S/D,S/D,S/D,S/D
2020,1877,2020-05-09,Sabado,11:30:00,,0,2,"Automóvil,Automóvil",Santiago del Estero,2,1,0,0,1,0,0,"-32.260545510788, -61.902919395830",Calle,,MARÍA SUSANA,San MARTÍN,Asfalto,S/D,XVIII,S/D,Urbana,S/D,S/D,Intersección,S/D,S/D,S/D,S/D,S/D,S/D,Colisión,S/D,S/D,S/D,S/D
2020,1878,2020-05-09,Sabado,16:30:00,,0,2,"Moto/Ciclomotor,Automóvil",Benavidez Y Alem,3,2,0,0,1,0,0,"-32.23115, -60.98293",Calle,,BARRANCAS,San JERÓNIMO,Asfalto,S/D,XV,S/D,Urbana,S/D,S/D,Intersección,S/D,S/D,S/D,S/D,S/D,S/D,Colisión,S/D,S/D,S/D,S/D
2020,1879,2020-04-26,Domingo,14:25:00,,0,2,"Automóvil,Moto/Ciclomotor",Av San Martin Y Leandro Alem,2,0,1,0,1,0,0,"    -32.9964, -60.76655",Avenida,,PEREZ,Rosario,Hormigón,Pavimento,II,Dentro,Urbana,Ninguna,No existe,Recta,Bueno,S/D,Diurna,Buen Tiempo,Lateral,S/D,Colisión,S/D,S/D,Ninguna,Sin restricción
2020,1881,2020-05-10,Domingo,,,0,2,"Bicicleta,Automóvil",,2,1,0,0,1,0,0,"-29.68837, -60.25159",S/D,,MARGARITA,Vera,S/D,S/D,XIX,S/D,S/D,S/D,S/D,S/D,S/D,S/D,S/D,S/D,S/D,Ciclista,Atropello,S/D,S/D,S/D,S/D
2020,1882,2020-04-25,Sabado,10:45:00,,0,2,"Moto/Ciclomotor,Automóvil",J.Colombres Y La Republica,2,1,0,0,1,0,0,"    -32.91907, -60.73031",Calle,,ROSARIO,Rosario,Asfalto,S/D,II,Dentro,Urbana,Ninguna,No existe,Recta,Bueno,S/D,Diurna,Otro,De alcance,S/D,Colisión,Otro,S/D,Ninguna,Sin restricción
2020,1883,2020-05-11,Lunes,,,0,2,"Moto/Ciclomotor,Automóvil",Boulevard Lisandro de la Torre Y General Bartolome Mitre,2,1,0,0,1,0,0,"-33.04681, -61.1685",Calle,,CASILDA,Caseros,Asfalto,S/D,IV,S/D,Urbana,S/D,S/D,Intersección,S/D,S/D,S/D,S/D,S/D,S/D,Colisión,S/D,S/D,S/D,S/D
2020,1884,2020-05-11,Lunes,10:45:00,,0,2,"Moto/Ciclomotor,Pickup/Utilitario",Avda 25 de Mayo Y Sarmiento,2,1,0,0,1,0,0,"-32.02958, -61.22091",Calle,,GÁLVEZ,San JERÓNIMO,Asfalto,S/D,XV,S/D,Urbana,S/D,S/D,Intersección,S/D,S/D,S/D,S/D,S/D,S/D,Colisión,S/D,S/D,S/D,S/D
2020,1885,2020-05-11,Lunes,17:00:00,,0,2,"Moto/Ciclomotor,Pickup/Utilitario",Saavedra Y Pra Junta,2,1,0,0,1,0,0,"-32.03348, -61.21438",Calle,,GÁLVEZ,San JERÓNIMO,Asfalto,S/D,XV,S/D,Urbana,S/D,S/D,Intersección,S/D,S/D,S/D,S/D,S/D,S/D,Colisión,S/D,S/D,S/D,S/D
2020,1886,2020-05-12,Martes,,Autopista Nacional A007,0,1,Camión,Av Circunvalaci�n,1,1,0,0,0,0,0,"-31.64526, -60.74194",Autopista,A007,SANTA FE,La Capital,Asfalto,S/D,I,S/D,Urbana,S/D,S/D,Recta,S/D,S/D,S/D,S/D,S/D,S/D,Vuelco,S/D,S/D,S/D,S/D
2020,1887,2020-05-11,Lunes,10:30:00,,0,2,"Moto/Ciclomotor,Automóvil",Corrientes Y Moreno,2,1,0,0,1,0,0,"-29.46536, -60.21421",Calle,,VERA,Vera,Asfalto,S/D,XIX,S/D,Urbana,S/D,S/D,Intersección,S/D,S/D,S/D,S/D,S/D,S/D,Colisión,S/D,S/D,S/D,S/D
2020,1888,2020-04-27,Lunes,18:35:00,,0,2,"Automóvil,Bicicleta",La Republica Y Fraga,2,1,0,0,1,0,0,"    -32.9186, -60.71149",Calle,,ROSARIO,Rosario,Asfalto,No existe,II,Dentro,Urbana,Ninguna,No existe,Intersección,S/D,Buena,Diurna,S/D,S/D,Ciclista,Atropello,S/D,S/D,Línea divisoria pintada,S/D
2020,1889,2020-05-13,Miercoles,,,0,2,"Automóvil,Moto/Ciclomotor",F.More Y Casilda,2,0,1,0,1,0,0,"-32.92862, -60.69387",Calle,,ROSARIO,Rosario,Asfalto,S/D,II,S/D,Urbana,S/D,S/D,Intersección,S/D,S/D,S/D,S/D,S/D,S/D,Colisión,S/D,S/D,S/D,S/D
2020,1890,2020-05-14,Jueves,,,0,2,"Automóvil,Moto/Ciclomotor",,2,1,0,0,1,0,0,"-33.04633, -61.16742",S/D,,CASILDA,Caseros,S/D,S/D,IV,S/D,S/D,S/D,S/D,S/D,S/D,S/D,S/D,S/D,S/D,S/D,Colisión,S/D,S/D,S/D,S/D
2020,1891,2020-05-13,Miercoles,12:30:00,,0,1,Moto/Ciclomotor,Buenos Aires 370,1,1,0,0,0,0,0,"-32.05402, -61.59625",Calle,,CAÑADA ROSQUÍN,San MARTÍN,Asfalto,S/D,XVIII,S/D,Urbana,S/D,S/D,Recta,S/D,S/D,S/D,S/D,Atropello animal,S/D,Colisión,S/D,S/D,S/D,S/D
2020,1892,2020-05-13,Miercoles,13:00:00,,0,2,"Automóvil,Moto/Ciclomotor",Bv. Avellaneda Y 3 De Febrero,2,1,0,0,1,0,0,"-32.94545, -60.68068",Calle,,ROSARIO,Rosario,Asfalto,No existe,II,S/D,Urbana,Paso Peatonal,No existe,Intersección,S/D,S/D,Diurna,S/D,S/D,S/D,Colisión,S/D,"Horizontal,Vertical","Línea divisoria pintada,S/D",S/D
2020,1893,2020-05-15,Viernes,,,0,2,"Pickup/Utilitario,Moto/Ciclomotor",,2,1,0,0,1,0,0,"-33.45918, -61.48566",S/D,,FIRMAT,General LÓPEZ,S/D,S/D,VIII,S/D,S/D,S/D,S/D,S/D,S/D,S/D,S/D,S/D,S/D,S/D,Colisión,S/D,S/D,S/D,S/D
2020,1894,2020-04-29,Miercoles,18:30:00,,0,2,"Peatón,Automóvil",Av. Provincias Unidas Y J.B.Justo,2,1,0,0,1,0,0,"    -32.91499, -60.71386",Calle,,ROSARIO,Rosario,Asfalto,No existe,II,Dentro,Urbana,Semáforo,Funciona,Intersección,S/D,Buena,Diurna,S/D,Lateral,S/D,Colisión,Ninguna,Horizontal,Barrera de hormigón,Sin restricción
2020,1895,2020-05-15,Viernes,,,0,2,"Pickup/Utilitario,Moto/Ciclomotor",Urquiza Y San Luis,2,1,0,0,1,0,0,"-32.37073, -61.35507",Calle,,SAN GENARO,San JERÓNIMO,Asfalto,S/D,XV,S/D,Urbana,S/D,S/D,Intersección,S/D,S/D,S/D,S/D,S/D,S/D,Colisión,S/D,S/D,S/D,S/D
2020,1896,2020-05-15,Viernes,,,0,2,"Moto/Ciclomotor,Moto/Ciclomotor",Santa Fe Y Sgto Cabral,3,3,0,0,0,0,0,"-29.8905, -60.28555",Calle,,CALCHAQUÍ,Vera,Asfalto,S/D,XIX,S/D,Urbana,S/D,S/D,Intersección,S/D,S/D,S/D,S/D,S/D,S/D,Colisión,S/D,S/D,S/D,S/D
2020,1897,2020-05-09,Sabado,,Ruta Nacional 33,747,2,"Camión,Camión c / Acoplado",,2,1,0,0,1,0,0,"-33.09115, -61.2313",Ruta,33,CASILDA,Caseros,Asfalto,S/D,IV,S/D,Urbana,S/D,S/D,Recta,S/D,S/D,S/D,S/D,S/D,S/D,Colisión,S/D,S/D,S/D,S/D
2020,1898,2020-04-23,Jueves,7:45:00,,0,2,"Moto/Ciclomotor,Automóvil",Alsina Y Ituzaingo,2,0,0,1,1,0,0,"    -32.95387, -60.68003",Calle,,ROSARIO,Rosario,Asfalto,Pavimento,II,Dentro,Urbana,S/D,No existe,Intersección,Otro,Buena,Diurna,Otro,S/D,S/D,Colisión,Otro,Faltante,Cordón divisorio,Sin restricción
2020,1899,2020-04-30,Jueves,21:00:00,,0,1,Moto/Ciclomotor,Bv. Segui 7100,1,0,0,0,0,1,0,"-32.97134, -60.71597",Avenida,,ROSARIO,Rosario,Asfalto,Pavimento,II,Dentro,Urbana,Otra Señal,Funciona,Recta,Bueno,Buena,Nocturna,Buen Tiempo,S/D,S/D,Cañda ocupante,Ninguna,"Horizontal,Vertical",Ninguna,Sin restricción
2020,1900,2020-05-09,Sabado,13:00:00,,0,2,"Camión,Moto/Ciclomotor",Bv Sarmiento Y Francisco Conti,2,1,0,0,1,0,0,"-28.48986, -59.35824",Calle,,VILLA OCAMPO,General Obligado,Asfalto,S/D,IX,S/D,Urbana,S/D,S/D,Intersección,S/D,S/D,S/D,S/D,S/D,S/D,Colisión,S/D,S/D,S/D,S/D
2020,1901,2020-03-18,Miercoles,13:40:00,,0,2,"Automóvil,Moto/Ciclomotor",San Jeronimo 3300,2,1,0,0,1,0,0,"-31.637537, -60.705379",Calle,,SANTA FE,La Capital,Asfalto,No existe,I,Dentro,Urbana,Ninguna,No existe,Recta,Bueno,Buena,Diurna,Buen Tiempo,De alcance,S/D,Colisión,Ninguna,Faltante,Ninguna,Sin restricción
2020,1902,2020-03-06,Viernes,11:55:00,,0,2,"Pickup/Utilitario,Moto/Ciclomotor",GENERAL LOPEZ Y SILVESTRE BEGNIS,2,1,0,0,1,0,0,"-28.84661, -59.49917",Calle,,LAS GARZAS,General Obligado,Ripio,No existe,IX,Dentro,Urbana,Ninguna,No existe,Intersección,Otro,Buena,Diurna,Buen Tiempo,Lateral,S/D,Colisión,Ninguna,Faltante,Ninguna,Sin restricción
2020,1903,2020-05-10,Domingo,3:10:00,Ruta Nacional A009,0,1,Automóvil,Ruta A-009,1,1,0,0,0,0,0,"-29.22093, -59.59764",Ruta,A009,RECONQUISTA,General Obligado,Asfalto,S/D,IX,S/D,Urbana,S/D,S/D,Recta,S/D,S/D,Nocturna,S/D,Contra objeto fijo,S/D,Colisión,S/D,S/D,S/D,S/D
2020,1904,2020-03-18,Miercoles,2:25:00,,0,2,"Automóvil,Moto/Ciclomotor",Junin Y San Luis,2,1,0,0,1,0,0,"-31.639627, -60.701046",Calle,,SANTA FE,La Capital,Asfalto,No existe,I,Dentro,Urbana,Ninguna,No existe,Intersección,Bueno,Buena,"Nocturna,Con luz artificial",Buen Tiempo,Lateral,S/D,Colisión,Ninguna,Faltante,Ninguna,Sin restricción
2020,1905,2020-03-06,Viernes,9:45:00,,0,2,"Moto/Ciclomotor,Moto/Ciclomotor",Calle 10-Ludue�a Y Calle 21-Gdor. iriondo,3,1,0,0,2,0,0,"-29.147967791395,-59.641675781229",Calle,,RECONQUISTA,General Obligado,Asfalto,No existe,IX,Dentro,Urbana,Ninguna,No existe,Intersección,Bueno,Buena,Diurna,Buen Tiempo,Lateral,S/D,Colisión,Ninguna,Faltante,Ninguna,Sin restricción
2020,1906,2020-03-03,Martes,10:30:00,,0,2,"Automóvil,Bicicleta",Santa Fe Y Hernandez,2,0,1,0,1,0,0,"-32.895397731263,-60.909015548671",Calle,,ROLDÁN,San Lorenzo,Asfalto,Pavimento,XVII,Dentro,Urbana,Ninguna,No existe,Intersección,Bueno,Buena,Diurna,Buen Tiempo,S/D,Ciclista,Atropello,Ninguna,Faltante,Ninguna,Sin restricción
2020,1907,2020-03-04,Miercoles,18:45:00,Ruta Nacional 9,0,2,"Bicicleta,Moto/Ciclomotor",M Busto Y Ruta Nacional 9,2,1,0,0,1,0,0,"-32.90723383426666,-60.899190902709",Ruta,9,ROLDÁN,San Lorenzo,"Asfalto,Ripio",Ripio,XVII,Dentro,Urbana,Ninguna,No existe,Intersección,Bueno,Buena,Diurna,Buen Tiempo,S/D,Ciclista,Atropello,Ninguna,Horizontal,Línea divisoria pintada,Sin restricción
2020,1908,2020-03-06,Viernes,,,0,2,"Automóvil,Moto/Ciclomotor",Salta Y Sargento Cabral,3,2,0,0,1,0,0,"-32.90372130741,-60.91253690258",Calle,,SAN LORENZO,San Lorenzo,Asfalto,No existe,XVII,Dentro,Urbana,Ninguna,No existe,Intersección,Bueno,Buena,"Nocturna,Con luz artificial",Buen Tiempo,Lateral,S/D,Colisión,Ninguna,Faltante,Ninguna,Sin restricción
2020,1909,2020-03-14,Sabado,22:10:00,,0,2,"Automóvil,Moto/Ciclomotor",Mariano Comas Y San Jeronimo,2,1,0,0,1,0,0,"-31.632669, -60.703905",Calle,,SANTA FE,La Capital,Asfalto,No existe,I,Dentro,Urbana,Ninguna,No existe,Intersección,Bueno,Buena,Nocturna,Buen Tiempo,Lateral,S/D,Colisión,Ninguna,Faltante,Ninguna,Sin restricción
2020,1910,2020-03-09,Lunes,10:55:00,,0,2,"Moto/Ciclomotor,Automóvil",Calle 16 Gral Obligado Y Calle 25-Rivadavia,2,1,0,0,1,0,0,"-29.149716496467594,-59.64566588401",Calle,,RECONQUISTA,General Obligado,Asfalto,No existe,IX,Dentro,Urbana,Ninguna,No existe,Intersección,Bueno,Buena,Diurna,Buen Tiempo,Otro,S/D,Colisión,Ninguna,Faltante,Ninguna,Sin restricción
2020,1911,2020-03-08,Domingo,6:00:00,Ruta Nacional 9,0,2,"Automóvil,Moto/Ciclomotor",Andes Y Ruta Nacional 9,4,0,1,0,3,0,0,"-32.909346905128,-60.887582169291",Ruta,9,ROLDÁN,San Lorenzo,Asfalto,No existe,XVII,Dentro,Urbana,Otra Señal,No existe,Intersección,Bueno,Buena,"Amanecer,Con luz artificial",Buen Tiempo,De alcance,S/D,Colisión,Ninguna,"Horizontal,Vertical",Línea divisoria pintada,Sin restricción
2020,1912,2020-05-10,Domingo,,,0,1,Moto/Ciclomotor,,1,1,0,0,0,0,0,"-28.57315, -59.37621",Calle,,VILLA OCAMPO,General Obligado,S/D,S/D,IX,S/D,Rural,S/D,S/D,S/D,S/D,S/D,S/D,S/D,S/D,S/D,Cañda ocupante,S/D,S/D,S/D,S/D
2020,1913,2020-05-12,Martes,21:30:00,,0,2,"Automóvil,Moto/Ciclomotor",Magallanes Y Pellegrini,2,1,0,0,1,0,0,"-33.03158, -60.63565",Calle,,VILLA GOBERNADOR GÁLVEZ,Rosario,Asfalto,S/D,II,S/D,Urbana,S/D,S/D,Intersección,S/D,S/D,S/D,S/D,S/D,S/D,Colisión,S/D,S/D,S/D,S/D
2020,1914,2020-03-15,Domingo,6:40:00,Ruta Nacional 11,0,2,"Automóvil,Otros",Calle 11-Alvear Y Ruta Nacional 11,2,0,1,0,1,0,0,"-29.140996, -59.655799",Ruta,11,RECONQUISTA,General Obligado,Hormigón,No existe,IX,Dentro,Urbana,Paso Peatonal,No existe,Recta,Bueno,S/D,Diurna,Buen Tiempo,S/D,S/D,Colisión,Ninguna,Horizontal,Ninguna,Sin restricción
2020,1915,2020-03-09,Lunes,16:30:00,Ruta Nacional 9,0,3,"Camión Chasis,Automóvil,Automóvil",Buenos Aires Y Ruta Nacional 9,4,2,0,0,2,0,0,"-32.906922945454,-60.900614345114",Ruta,9,ROLDÁN,San Lorenzo,Asfalto,No existe,XVII,Dentro,Urbana,Ninguna,No existe,Intersección,Bueno,Buena,Diurna,Buen Tiempo,"De alcance,Múltiple",S/D,Colisión,Ninguna,Horizontal,Línea divisoria pintada,Sin restricción
2020,1916,2020-05-13,Miercoles,8:00:00,,0,2,"Pickup/Utilitario,Pickup/Utilitario",Junin Y Carlos Pellegrini,2,1,0,0,1,0,0,"-33.75292, -61.9689",Calle,,VENADO TUERTO,General LÓPEZ,Asfalto,S/D,VIII,S/D,Urbana,S/D,S/D,Intersección,S/D,S/D,S/D,S/D,S/D,S/D,Colisión,S/D,S/D,S/D,S/D
2020,1917,2020-03-04,Miercoles,7:35:00,,0,2,"Moto/Ciclomotor,Moto/Ciclomotor",Bv Pellegrini Y San Jeronimo,2,1,0,0,1,0,0,"-31.635350, -60.704694",Avenida,,SANTA FE,La Capital,Asfalto,No existe,I,Dentro,Urbana,Semáforo,Funciona,Intersección,Bueno,Buena,Amanecer,Buen Tiempo,Lateral,S/D,Colisión,Ninguna,"Horizontal,Vertical",Ninguna,Sin restricción
2020,1918,2020-03-07,Sabado,21:00:00,,0,2,"Moto/Ciclomotor,Automóvil",Calle 21-Gdor. iriondo Y Calle 22- 25 de Mayo,2,1,0,0,1,0,0,"-29.147146940231337,-59.64904010295",Calle,,RECONQUISTA,General Obligado,Asfalto,No existe,IX,Dentro,Urbana,Ninguna,No existe,Intersección,Bueno,Buena,"Nocturna,Con luz artificial",Buen Tiempo,Otro,S/D,Colisión,Ninguna,Faltante,Ninguna,Sin restricción
2020,1919,2020-05-13,Miercoles,8:00:00,,0,2,"Moto/Ciclomotor,Automóvil",España Y Carlos Pellegrini,4,2,0,0,2,0,0,"-33.74783, -61.95951",Calle,,VENADO TUERTO,General LÓPEZ,Asfalto,S/D,VIII,S/D,Urbana,S/D,S/D,Intersección,S/D,S/D,S/D,S/D,S/D,S/D,Colisión,S/D,S/D,S/D,S/D
2020,1920,2020-05-13,Miercoles,17:15:00,,0,2,"Moto/Ciclomotor,Pickup/Utilitario",2 de Abril Y Cabral,2,1,0,0,1,0,0,"-33.75494, -61.95579",Calle,,VENADO TUERTO,General LÓPEZ,Asfalto,S/D,VIII,S/D,Urbana,S/D,S/D,Intersección,S/D,S/D,S/D,S/D,S/D,S/D,Colisión,S/D,S/D,S/D,S/D