anio_acci,nro_acci,fecha,desc_dia,hora_aprox,desc_ruta,km,cant_participantes,desc_participante,calle_avenida_km,total,heridos_leves,heridos_graves,heridos_gravisimos,ilesos,fallecidos,sin_datos,posicion_XY,desc_tipo_via,desc_ruta_ori,desc_loc,desc_dpto,desc_tipo_calzada,desc_tipo_banquina,desc_unidad_regional,desc_lugar_calzada,desc_zona,desc_prioridad,desc_estado_semaforo,desc_lugar_via,desc_estado_via,desc_estado_visibilidad,desc_luminosidad,desc_estado_clima,desc_tipo_colision,desc_tipo_atropello,desc_tipo_hecho,desc_pres_calzada,desc_senializacion,desc_separacion_via,desc_restriccion
2020,1981,2020-03-19,Jueves,10:30:00,,0,2,"Automóvil,Camión Chasis",Bv. Avellaneda Y E.Zeballos,2,1,0,0,1,0,0,"-32.947629972646,-60.681384681825",Avenida,,ROSARIO,Rosario,Asfalto,No existe,II,Dentro,Urbana,Semáforo,Funciona,Intersección,Bueno,Buena,Diurna,Buen Tiempo,Lateral,S/D,Colisión,Ninguna,"Horizontal,Vertical","Cordón divisorio,Línea divisoria pintada",Sin restricción
2020,1982,2020-03-17,Martes,9:10:00,,0,2,"Moto/Ciclomotor,Automóvil",San Nicolas Y Urquiza,2,1,0,0,1,0,0,"-32.936837751586,-60.671438929649",Calle,,ROSARIO,Rosario,Asfalto,No existe,II,Dentro,Urbana,Señal Pare,No existe,Intersección,Bueno,Buena,Diurna,Buen Tiempo,Lateral,S/D,Colisión,Ninguna,Vertical,Ninguna,Sin restricción
2020,1983,2020-04-15,Miercoles,8:05:00,Ruta Provincial 14,162,1,Pickup/Utilitario,,1,0,1,0,0,0,0,"-34.01756, -61.92907",Ruta,14,MARÍA TERESA,General LÓPEZ,S/D,S/D,VIII,S/D,Urbana,S/D,S/D,Recta,S/D,S/D,Amanecer,S/D,S/D,S/D,Despiste,S/D,S/D,S/D,S/D
2020,1984,2020-03-02,Lunes,18:30:00,,0,2,"Moto/Ciclomotor,Pickup/Utilitario",Cullen Y J.J.Paso,4,3,0,0,1,0,0,"-32.920183497461,-60.709712506754",Calle,,ROSARIO,Rosario,Asfalto,No existe,II,Dentro,Urbana,Semáforo,Funciona,Recta,Bueno,Buena,Atardecer,Buen Tiempo,De alcance,S/D,Colisión,Ninguna,"Horizontal,Vertical",Línea divisoria pintada,Sin restricción
2020,1985,2020-02-27,Jueves,13:00:00,,0,2,"Peatón,Automóvil",San Martin Y Junin,2,0,0,0,1,1,0,"-31.6389, -60.70425",Calle,,SANTA FE,La Capital,Asfalto,No existe,I,Dentro,Urbana,Paso Peatonal,No existe,Intersección,Bueno,Buena,Diurna,Buen Tiempo,S/D,Peatón,Atropello,Ninguna,Horizontal,Ninguna,Sin restricción
2020,1986,2020-03-16,Lunes,16:10:00,,0,2,"Moto/Ciclomotor,Automóvil",Cochabamba Y Pte.Roca,2,1,0,0,1,0,0,"-32.957182299752,-60.648143654951",Calle,,ROSARIO,Rosario,Asfalto,No existe,II,Dentro,Urbana,Paso Peatonal,No existe,Intersección,Bueno,Buena,Diurna,Buen Tiempo,Lateral,S/D,Colisión,Ninguna,Horizontal,Ninguna,Sin restricción
2020,1987,2020-04-15,Miercoles,,,0,2,"Peatón,Moto/Ciclomotor",Lavalle Y San Martin,4,1,0,0,3,0,0,"-32.81983, -61.39812",Calle,,CAÑADA DE GÓMEZ,Iriondo,S/D,S/D,X,S/D,Urbana,S/D,S/D,Intersección,S/D,S/D,S/D,S/D,S/D,Peatón,Atropello,S/D,S/D,S/D,S/D
2020,1988,2020-03-15,Domingo,21:00:00,,0,2,"Peatón,Transporte de Pasajeros Urbano (> 8 asientos)",Av. Pellegrini Y Mariano Moreno,2,1,0,0,1,0,0,"-32.95499314906,-60.653286968564",Avenida,,ROSARIO,Rosario,Asfalto,No existe,II,Dentro,Urbana,Ninguna,Funciona,Intersección,Bueno,Buena,"Nocturna,Con luz artificial",Buen Tiempo,S/D,Peatón,Atropello,Ninguna,"Horizontal,Vertical","Cordón divisorio,Línea divisoria pintada",Sin restricción
2020,1989,2020-03-13,Viernes,17:50:00,,0,2,"Pickup/Utilitario,Moto/Ciclomotor",Mendoza Y Parana,2,1,0,0,1,0,0,"-32.942023367079,-60.692585828602",Calle,,ROSARIO,Rosario,Asfalto,No existe,II,Dentro,Urbana,Paso Peatonal,No existe,Paso a Nivel FFCC,Bueno,Buena,Diurna,Buen Tiempo,Lateral,S/D,Colisión,Ninguna,"Horizontal,Vertical",Ninguna,Sin restricción
2020,1990,2020-03-05,Jueves,18:00:00,,0,2,"Bicicleta,Moto/Ciclomotor",Bolivia Y J.B.Justo,2,1,0,0,1,0,0,"-32.91497166933,-60.71573072725",Calle,,ROSARIO,Rosario,Asfalto,No existe,II,Dentro,Urbana,Ninguna,No existe,Recta,Bueno,Buena,Atardecer,Buen Tiempo,S/D,Ciclista,Atropello,Ninguna,Faltante,Ninguna,Sin restricción
2020,1991,2020-04-16,Jueves,,,0,2,"Automóvil,Transporte de Pasajeros Urbano (> 8 asientos)",Av San Martin Y Santa Fe,2,1,0,0,1,0,0,"-32.79018, -60.72417",Avenida,,FRAY LUIS BELTRÁN,San Lorenzo,S/D,S/D,XVII,S/D,Urbana,S/D,S/D,Intersección,S/D,S/D,Nocturna,S/D,S/D,S/D,Colisión,S/D,S/D,S/D,S/D
2020,1992,2020-03-13,Viernes,4:10:00,,0,2,"Automóvil,Automóvil",Av. Pellegrini Y Mitre,2,1,0,0,1,0,0,"-32.957102592936,-60.642295532764",Avenida,,ROSARIO,Rosario,Asfalto,No existe,II,Dentro,Urbana,Semáforo,Funciona,Intersección,Bueno,Buena,Diurna,Buen Tiempo,Lateral,S/D,Colisión,Ninguna,"Horizontal,Vertical","Cordón divisorio,Línea divisoria pintada",Sin restricción
2020,1993,2020-04-18,Sabado,,,0,2,"Moto/Ciclomotor,Automóvil",Alfonsina Storni Y M Ghandi,3,1,0,0,2,0,0,"-31.26972, -61.49061",Calle,,RAFAELA,Castellanos,S/D,S/D,V,S/D,Urbana,S/D,S/D,Intersección,S/D,S/D,S/D,S/D,S/D,S/D,Colisión,S/D,S/D,S/D,S/D
2020,1994,2020-03-13,Viernes,7:40:00,,0,2,"Moto/Ciclomotor,Peatón",Av. Pellegrini Y Mitre,3,1,0,0,2,0,0,"-32.957102592936,-60.642295532764",Avenida,,ROSARIO,Rosario,Asfalto,No existe,II,Dentro,Urbana,Semáforo,No existe,Intersección,Bueno,Buena,Diurna,Buen Tiempo,S/D,Peatón,Atropello,Ninguna,"Horizontal,Vertical","Cordón divisorio,Línea divisoria pintada",Sin restricción
2020,1995,2020-03-07,Sabado,10:00:00,,0,2,"Peatón,Automóvil",Sanchez de Loria Bis 1700,2,1,0,0,1,0,0,"-32.908472769518,-60.733080606366",Calle,,ROSARIO,Rosario,Hormigón,No existe,II,Dentro,Urbana,Ninguna,No existe,Recta,S/D,S/D,Diurna,S/D,S/D,Peatón,Atropello,S/D,Faltante,Vegetación,S/D
2020,1996,2020-03-13,Viernes,16:15:00,,0,2,"Moto/Ciclomotor,Peatón",Constitucion Y Santa Fe,2,2,0,0,0,0,0,"-32.93870825196,-60.673331370747",Calle,,ROSARIO,Rosario,Asfalto,No existe,II,Dentro,Urbana,Semáforo,Funciona,Intersección,Bueno,Buena,Diurna,Buen Tiempo,S/D,Peatón,Atropello,S/D,"Horizontal,Vertical",Línea divisoria pintada,Sin restricción
2020,1997,2020-03-20,Viernes,18:05:00,,0,2,"Moto/Ciclomotor,Pickup/Utilitario",JOSE M. ROSA Y PUJATO,3,1,0,0,2,0,0,"-32.906086, -60.725784",Calle,,ROSARIO,Rosario,Asfalto,No existe,II,Dentro,Urbana,Señal Pare,No existe,Intersección,S/D,Buena,Diurna,S/D,Frontal,S/D,Colisión,S/D,Vertical,Cordón divisorio,S/D
2020,1998,2020-03-13,Viernes,18:00:00,,0,2,"Moto/Ciclomotor,Automóvil",Bv. Avellaneda Y Tucuman,2,1,0,0,1,0,0,"-32.934472531422,-60.677816039113",Avenida,,ROSARIO,Rosario,Asfalto,No existe,II,Dentro,Urbana,Ninguna,No existe,Recta,Bueno,Buena,Diurna,Buen Tiempo,Lateral,S/D,Colisión,Ninguna,Faltante,Ninguna,Sin restricción
2020,1999,2020-03-13,Viernes,1:20:00,,0,2,"Moto/Ciclomotor,Automóvil",Dorrego Y San Juan,2,1,0,0,1,0,0,"-32.948170414009,-60.650168883488",Calle,,ROSARIO,Rosario,Asfalto,No existe,II,Dentro,Urbana,Paso Peatonal,No existe,Intersección,Bueno,Buena,Diurna,Buen Tiempo,Lateral,S/D,Colisión,Ninguna,Horizontal,Ninguna,Sin restricción
2020,2000,2020-04-18,Sabado,,,0,2,"Moto/Ciclomotor,Moto/Ciclomotor",Av Gral Bartolome Mitre Y General Paz,2,2,0,0,0,0,0,"-31.25211, -61.47852",Avenida,,RAFAELA,Castellanos,S/D,S/D,V,S/D,Urbana,S/D,S/D,Intersección,S/D,S/D,S/D,S/D,S/D,S/D,Colisión,S/D,S/D,S/D,S/D
2020,2001,2020-03-11,Miercoles,20:15:00,,0,2,"Automóvil,Automóvil",Entre Rios Y Tucuman,2,1,0,0,1,0,0,"-32.941296353032,-60.639806063476",Calle,,ROSARIO,Rosario,Asfalto,No existe,II,Dentro,Urbana,Paso Peatonal,No existe,Intersección,Bueno,Buena,Diurna,Buen Tiempo,Lateral,S/D,Colisión,Ninguna,"Horizontal,Vertical",Línea divisoria pintada,Sin restricción
2020,2002,2020-03-07,Sabado,16:25:00,,0,2,"Moto/Ciclomotor,Automóvil",9 de Julio Y Mariano Moreno,3,2,0,0,1,0,0,"-33.158945382132,-60.511964347449",Calle,,ARROYO SECO,Rosario,Asfalto,No existe,II,Dentro,Urbana,Paso Peatonal,No existe,Intersección,Bueno,Buena,Diurna,Buen Tiempo,De alcance,S/D,Colisión,Ninguna,Horizontal,Ninguna,Sin restricción
2020,2003,2020-03-07,Sabado,19:50:00,,0,2,"Moto/Ciclomotor,Automóvil",Lisandro de la Torre Y 1ro de Mayo,2,1,0,0,1,0,0,"-31.650699, -60.711897",Calle,,SANTA FE,La Capital,Asfalto,No existe,I,Dentro,Urbana,Ninguna,No existe,Intersección,Bueno,Buena,"Atardecer,Con luz artificial",Buen Tiempo,Lateral,S/D,Colisión,Ninguna,Faltante,Ninguna,Sin restricción
2020,2004,2020-03-09,Lunes,9:50:00,,0,2,"Bicicleta,Automóvil",Gdor Crespo Y 9 de Julio,2,1,0,0,1,0,0,"-32.948539, -60.670113",Calle,,SANTA FE,La Capital,Asfalto,No existe,I,Dentro,Urbana,Ninguna,No existe,Intersección,Bueno,Buena,Diurna,Buen Tiempo,S/D,Ciclista,Atropello,Ninguna,Faltante,Ninguna,Sin restricción
2020,2005,2020-03-08,Domingo,20:30:00,,0,2,"Pickup/Utilitario,Moto/Ciclomotor",Junin Y 4 de Enero,3,2,0,0,1,0,0,"-31.637756, -60.709477",Calle,,SANTA FE,La Capital,Asfalto,No existe,I,Dentro,Urbana,Ninguna,No existe,Intersección,Bueno,Buena,"Nocturna,Con luz artificial",Buen Tiempo,Lateral,S/D,Colisión,Ninguna,"Horizontal,Vertical",Ninguna,Sin restricción
2020,2006,2020-03-21,Sabado,15:50:00,,0,2,"Moto/Ciclomotor,Automóvil",CAMINO RURAL,3,1,0,0,2,0,0,"-30.99002838134762,-61.022808551788",Camino Rural,,PROVIDENCIA,Las Colonias,Tierra,No existe,XI,Dentro,Urbana,Ninguna,No existe,Recta,Deteriorada,Reducida,Nocturna,Buen Tiempo,Frontal,S/D,Colisión,Ninguna,Faltante,Ninguna,Sin restricción
2020,2007,2020-03-18,Miercoles,19:10:00,,0,2,"Automóvil,Moto/Ciclomotor",Aurelia V de Cattaneo Y Santa Fe,3,2,0,0,1,0,0,"-31.46961965015,-60.9387070284",Calle,,ESPERANZA,Las Colonias,Asfalto,No existe,XI,Dentro,Urbana,Ninguna,No existe,Recta,Bueno,Buena,Diurna,Buen Tiempo,Lateral,S/D,Colisión,Ninguna,Faltante,Ninguna,Sin restricción
2020,2008,2020-03-19,Jueves,,Autovía Nacional 19,39,1,Automóvil,,2,2,0,0,0,0,0,"-31.60696656976326, -61.16750021741",Autovía,19,SAN JERÓNIMO DEL SAUCE,Las Colonias,Hormigón,Pavimento,XI,Dentro,Rural,Ninguna,No existe,Curva,Bueno,Buena,S/D,Buen Tiempo,S/D,S/D,Vuelco,Ninguna,Horizontal,"Guardarrail,Línea divisoria pintada",Sin restricción
2020,2009,2020-03-07,Sabado,17:45:00,,0,2,"Moto/Ciclomotor,Taxi/Remis",Bv Pellegrini Y Rivadavia,2,1,0,0,1,0,0,"-31.636138, -60.701136",Avenida,,SANTA FE,La Capital,Asfalto,No existe,I,Dentro,Urbana,Semáforo,Funciona,Intersección,Bueno,Buena,Diurna,Buen Tiempo,Lateral,S/D,Colisión,Ninguna,"Horizontal,Vertical","Cordón divisorio,Vegetación",Sin restricción
2020,2010,2020-03-01,Domingo,7:40:00,Autopista Nacional A007,0,1,Automóvil,Av Circunvalaci�n,2,2,0,0,0,0,0,"-31.663290, -60.708298",Autopista,A007,SANTA FE,La Capital,Asfalto,Pavimento,I,Dentro,Urbana,Ninguna,No existe,Recta,Bueno,Buena,Diurna,Buen Tiempo,S/D,S/D,Vuelco,Ninguna,Horizontal,Guardarrail,Sin restricción
2020,2011,2020-03-15,Domingo,7:00:00,,0,2,"Automóvil,Automóvil",Bv Pellegrini Y 9 de Julio,3,2,0,0,1,0,0,"-31.635130, -60.705892",Avenida,,SANTA FE,La Capital,Asfalto,S/D,I,Dentro,Urbana,Semáforo,Funciona,Intersección,Bueno,Buena,Amanecer,Buen Tiempo,Lateral,S/D,Colisión,Ninguna,"Horizontal,Vertical","Cordón divisorio,Vegetación",Sin restricción
2020,2012,2020-03-02,Lunes,8:20:00,,0,1,Automóvil,Av J J Paso Y Av Urquiza,1,1,0,0,0,0,0,"-31.662365, -60.718200",Avenida,,SANTA FE,La Capital,Asfalto,No existe,I,Dentro,Urbana,Ninguna,Funciona,Intersección,Bueno,Buena,Diurna,Buen Tiempo,S/D,S/D,S/D,Ninguna,"Horizontal,Vertical",Cordón divisorio,Sin restricción
2020,2013,2020-03-01,Domingo,7:20:00,,0,2,"Automóvil,Moto/Ciclomotor",,3,1,0,0,1,0,1,"-31.448825188884307,-60.93028956909",S/D,,ESPERANZA,Las Colonias,S/D,S/D,XI,Dentro,Urbana,S/D,S/D,S/D,S/D,S/D,Diurna,S/D,De alcance,S/D,Colisión,S/D,S/D,S/D,S/D
2020,2014,2020-03-03,Martes,10:00:00,,0,2,"Moto/Ciclomotor,Moto/Ciclomotor",Av J J Paso Y Gdor Freyre,2,1,0,0,1,0,0," -31.661608, -60.723230",Avenida,,SANTA FE,La Capital,Asfalto,No existe,I,Dentro,Urbana,Ninguna,No existe,Intersección,Bueno,Buena,Diurna,Buen Tiempo,Lateral,S/D,Colisión,Ninguna,Faltante,"Cordón divisorio,Vegetación,Ninguna",Sin restricción
2020,2015,2020-03-27,Viernes,9:15:00,,0,2,"Bicicleta,Automóvil",Castelli Y General Manuel Belgrano,2,0,1,0,1,0,0,"-31.451694935898,-60.930138513087",Calle,,ESPERANZA,Las Colonias,Asfalto,No existe,XI,Dentro,Urbana,Ninguna,No existe,Intersección,Bueno,Buena,Diurna,Buen Tiempo,S/D,Ciclista,Atropello,Ninguna,Faltante,Ninguna,Sin restricción
2020,2016,2020-03-09,Lunes,12:00:00,,0,2,"Automóvil,Moto/Ciclomotor",Mariano Moreno 1180,2,1,0,0,0,0,1,"-31.456199037707,-60.934667338845",Calle,,ESPERANZA,Las Colonias,Asfalto,No existe,XI,Dentro,Urbana,Otra Señal,No existe,Intersección,Bueno,Buena,Diurna,Buen Tiempo,S/D,S/D,Colisión,Ninguna,"Horizontal,Vertical",Línea divisoria pintada,Sin restricción
2020,2017,2020-03-06,Viernes,22:00:00,,0,2,"Automóvil,Moto/Ciclomotor",Jujuy Y Dr Zavalla,2,1,0,0,1,0,0,"-31.660057, -60.724287",Avenida,,SANTA FE,La Capital,Asfalto,No existe,I,Dentro,Urbana,Ninguna,No existe,Intersección,Bueno,Buena,Nocturna,Buen Tiempo,Lateral,S/D,Colisión,Ninguna,Horizontal,Línea divisoria pintada,Sin restricción
2020,2018,2020-03-07,Sabado,3:50:00,,0,2,"Moto/Ciclomotor,Automóvil",Alberdi Y Av Los Colonizadores,2,1,0,0,1,0,0,"-31.449541174841,-60.927424168003",Avenida,,ESPERANZA,Las Colonias,Asfalto,No existe,XI,Dentro,Urbana,Semáforo,Funciona,Intersección,Bueno,Buena,"Nocturna,Con luz artificial",Buen Tiempo,S/D,S/D,Colisión,Ninguna,"Horizontal,Vertical","Cordón divisorio,Vegetación",Sin restricción
2020,2019,2020-03-06,Viernes,10:10:00,,0,2,"Moto/Ciclomotor,Automóvil",Rodriguez Pe�a 2700,2,1,0,0,1,0,0,"-31.444727592383,-60.924615448199",Calle,,ESPERANZA,Las Colonias,Asfalto,No existe,XI,Dentro,Urbana,Otra Señal,No existe,Recta,Bueno,Buena,Diurna,Buen Tiempo,Lateral,S/D,Colisión,Ninguna,"Horizontal,Vertical",Línea divisoria pintada,Sin restricción
2020,2020,2020-03-08,Domingo,19:00:00,Ruta Secundaria 67-s,0,1,Automóvil,Mariano Moreno 2200,2,2,0,0,0,0,0,"-31.583697363451,-60.93987509452",Ruta,67-s,FRANCK,Las Colonias,Asfalto,No existe,XI,Dentro,Urbana,Otra Señal,No existe,Intersección,Bueno,Buena,Diurna,Buen Tiempo,Contra objeto fijo,S/D,Colisión,Ninguna,"Horizontal,Vertical",Línea divisoria pintada,Sin restricción
2020,2021,2020-03-14,Sabado,12:20:00,,0,2,"Automóvil,Pickup/Utilitario",Amenabar Y Av Freyre,3,2,0,0,1,0,0,"-31.657188, -60.722033",Avenida,,SANTA FE,La Capital,Asfalto,No existe,I,Dentro,Urbana,Ninguna,No existe,Intersección,Bueno,Buena,Diurna,Buen Tiempo,Lateral,S/D,Colisión,Ninguna,Faltante,Ninguna,Sin restricción
2020,2022,2020-03-19,Jueves,10:30:00,,0,2,"Automóvil,Moto/Ciclomotor",Francia Y Juan de Garay,2,1,0,0,1,0,0,"-31.651158, -60.716053",Calle,,SANTA FE,La Capital,Asfalto,No existe,I,Dentro,Urbana,Ninguna,No existe,Intersección,Bueno,Buena,Diurna,Buen Tiempo,Lateral,S/D,Colisión,Ninguna,Faltante,Ninguna,Sin restricción
2020,2023,2020-03-05,Jueves,17:00:00,,0,2,"Moto/Ciclomotor,Moto/Ciclomotor",,2,2,0,0,0,0,0,"-31.422968934535,-60.922335330631",Calle,,ESPERANZA,Las Colonias,Asfalto,No existe,XI,Dentro,Urbana,Ninguna,No existe,Intersección,Bueno,Buena,Diurna,Buen Tiempo,S/D,S/D,Colisión,Ninguna,Horizontal,Ninguna,Sin restricción
2020,2024,2020-03-13,Viernes,11:15:00,,0,2,"Bicicleta,Automóvil",Av J J Paso Y Dr Zavalla,2,1,0,0,1,0,0,"-31.661151, -60.725137",Avenida,,SANTA FE,La Capital,Asfalto,No existe,I,Dentro,Urbana,Ninguna,No existe,Intersección,Bueno,Buena,Diurna,Buen Tiempo,S/D,Ciclista,Atropello,Ninguna,Faltante,Ninguna,Sin restricción
2020,2025,2020-03-19,Jueves,,,0,2,"Automóvil,Moto/Ciclomotor",Av Gral Lopez Y San Jose,2,1,0,0,1,0,0,"-31.654601, -60.725639",Avenida,,SANTA FE,La Capital,Asfalto,No existe,I,Dentro,Urbana,Ninguna,No existe,Intersección,Bueno,Buena,Diurna,Buen Tiempo,Lateral,S/D,Colisión,Ninguna,Faltante,Ninguna,Sin restricción
2020,2026,2020-02-28,Viernes,10:35:00,,0,2,"Bicicleta,Pickup/Utilitario",Av Urquiza Y Uruguay,2,1,0,0,0,0,1,"-31.660144, -60.717549",Avenida,,SANTA FE,La Capital,Asfalto,No existe,I,Dentro,Urbana,Otra Señal,No existe,Intersección,Bueno,Buena,Diurna,Buen Tiempo,S/D,Ciclista,Atropello,Ninguna,Faltante,Ninguna,Sin restricción
2020,2027,2020-03-01,Domingo,,,0,1,Moto/Ciclomotor,Av Blas Parera Y Regis Martinez,1,1,0,0,0,0,0,"-31.615090, -60.717512",Avenida,,SANTA FE,La Capital,Asfalto,No existe,I,Dentro,Urbana,Ninguna,No existe,Intersección,Bueno,Buena,Diurna,Buen Tiempo,S/D,S/D,Cañda ocupante,Ninguna,Faltante,Ninguna,Sin restricción
2020,2028,2020-03-16,Lunes,23:10:00,,0,2,"Automóvil,Bicicleta",Bv. Segui Y Roullon,2,1,0,0,1,0,0,"-32.970700263977065,-60.70106953382",Avenida,,ROSARIO,Rosario,Asfalto,No existe,II,Dentro,Urbana,Semáforo,Funciona,Intersección,Bueno,Buena,Nocturna,Buen Tiempo,S/D,Ciclista,Atropello,Otro,Vertical,"Cordón divisorio,Vegetación",Sin restricción
2020,2029,2020-03-20,Viernes,10:10:00,,0,2,"Moto/Ciclomotor,Automóvil",Av. Provincias Unidas Y Bv. 27 De Febrero,3,1,1,0,1,0,0,"-32.95938938856125,-60.711797028779",Avenida,,ROSARIO,Rosario,Asfalto,No existe,II,Dentro,Urbana,Semáforo,Funciona,Intersección,S/D,Buena,Diurna,S/D,Lateral,S/D,Colisión,S/D,"Horizontal,Vertical",Cordón divisorio,S/D
2020,2030,2020-03-08,Domingo,7:50:00,,0,2,"Automóvil,Moto/Ciclomotor",Av. Pte.Peron Y Fraga,2,1,0,0,1,0,0,"-32.966712466585,-60.70919451827",Avenida,,ROSARIO,Rosario,Asfalto,No existe,II,Dentro,Urbana,Paso Peatonal,No existe,Intersección,Bueno,S/D,Diurna,Otro,Otro,S/D,Colisión,Otro,Horizontal,Cordón divisorio,Sin restricción
2020,2031,2020-03-16,Lunes,11:05:00,,0,2,"Pickup/Utilitario,Moto/Ciclomotor",Av. Provincias Unidas Y Bv. 27 De Febrero,2,0,1,0,1,0,0,"-32.959348242415,-60.711899030022",Avenida,,ROSARIO,Rosario,Asfalto,No existe,II,Dentro,Urbana,Semáforo,Funciona,Intersección,Otro,Buena,Diurna,Buen Tiempo,Otro,S/D,Colisión,Otro,"Horizontal,Vertical",Cordón divisorio,Sin restricción
2020,2032,2020-03-10,Martes,10:22:00,,0,2,"Automóvil,Moto/Ciclomotor",Riobamba Y Valparaiso,2,1,0,0,1,0,0,"-32.955175157727,-60.686026483992",Calle,,ROSARIO,Rosario,Asfalto,No existe,II,Dentro,Urbana,Ninguna,No existe,Intersección,Bueno,Buena,Diurna,Otro,S/D,S/D,Colisión,Otro,Faltante,Ninguna,Sin restricción
2020,2033,2020-03-09,Lunes,19:30:00,,0,2,"Automóvil,Moto/Ciclomotor",Ocampo Y Valparaiso,2,1,0,0,1,0,0,"-32.958624164586,-60.686897950126",Calle,,ROSARIO,Rosario,Asfalto,No existe,II,Dentro,Urbana,Ninguna,No existe,Intersección,Bueno,Reducida,Nocturna,Otro,Otro,S/D,Colisión,Otro,Faltante,Ninguna,Sin restricción
2020,2034,2020-08-26,Miercoles,13:00:00,,0,2,"Automóvil,Moto/Ciclomotor",Solis Y Viamonte,2,1,0,0,1,0,0,"-32.956632832415,-60.70270823976",Calle,,ROSARIO,Rosario,Asfalto,No existe,II,Dentro,Urbana,Ninguna,No existe,Intersección,Bueno,Buena,Diurna,Buen Tiempo,Otro,S/D,Colisión,Ninguna,Faltante,Ninguna,Sin restricción
2020,2035,2020-03-06,Viernes,17:45:00,,0,2,"Moto/Ciclomotor,Moto/Ciclomotor",Av. Pellegrini Y Cullen,2,2,0,0,0,0,0,"-32.948410510835,-60.708795109082",Avenida,,ROSARIO,Rosario,Asfalto,No existe,II,Dentro,Urbana,Semáforo,Funciona,Intersección,Bueno,Buena,Diurna,Buen Tiempo,Otro,S/D,Colisión,Ninguna,"Horizontal,Vertical",Cordón divisorio,Sin restricción
2020,2036,2020-03-05,Jueves,17:40:00,,0,2,"Moto/Ciclomotor,Peatón",F.More Y Pasco,3,2,0,0,1,0,0,"-32.950432945466,-60.693350271988",Calle,,ROSARIO,Rosario,Asfalto,No existe,II,Dentro,Urbana,Ninguna,No existe,Intersección,Otro,Buena,Diurna,Buen Tiempo,S/D,Peatón,Atropello,Ninguna,Faltante,Ninguna,Sin restricción
2020,2037,2020-05-16,Sabado,10:40:00,,0,2,"Pickup/Utilitario,Moto/Ciclomotor",Gral Manuel Belgrano Y 25 de Mayo,2,1,0,0,1,0,0,"-33.74577, -61.96704",Calle,,VENADO TUERTO,General LÓPEZ,Asfalto,S/D,VIII,S/D,Urbana,S/D,S/D,Intersección,S/D,S/D,S/D,S/D,S/D,S/D,Colisión,S/D,S/D,S/D,S/D
2020,2038,2020-05-16,Sabado,11:50:00,,0,2,"Moto/Ciclomotor,Moto/Ciclomotor",Vuelta de Obligado Y Falucho,3,1,0,0,2,0,0,"-33.75977, -61.95024",Calle,,VENADO TUERTO,General LÓPEZ,Asfalto,S/D,VIII,S/D,Urbana,S/D,S/D,Intersección,S/D,S/D,S/D,S/D,S/D,S/D,Colisión,S/D,S/D,S/D,S/D
2020,2039,2020-05-16,Sabado,12:20:00,,0,1,Automóvil,Dr Angel Re 500,1,1,0,0,0,0,0,"-33.73538, -61.95588",Calle,,VENADO TUERTO,General LÓPEZ,Asfalto,S/D,VIII,S/D,Urbana,S/D,S/D,Recta,S/D,S/D,S/D,S/D,S/D,S/D,Vuelco,S/D,S/D,S/D,S/D
2020,2040,2020-05-16,Sabado,10:20:00,,0,2,"Pickup/Utilitario,Moto/Ciclomotor",,3,2,0,0,1,0,0,"-29.146, -59.64385",S/D,,RECONQUISTA,General Obligado,S/D,S/D,IX,S/D,S/D,S/D,S/D,S/D,S/D,S/D,S/D,S/D,S/D,S/D,Colisión,S/D,S/D,S/D,S/D
2020,2041,2020-05-16,Sabado,16:10:00,,0,1,Camión,Calle 44-27 de Abril,2,2,0,0,0,0,0,"-29.13415, -59.66111",Calle,,RECONQUISTA,General Obligado,Asfalto,S/D,IX,S/D,Urbana,S/D,S/D,S/D,S/D,S/D,S/D,S/D,S/D,S/D,Vuelco,S/D,S/D,S/D,S/D
2020,2042,2020-05-01,Viernes,15:50:00,,0,2,"Automóvil,Moto/Ciclomotor",Viamonte Y Laprida,2,0,1,0,1,0,0,"-32.96607, -60.639",S/D,,ROSARIO,Rosario,S/D,S/D,II,S/D,S/D,S/D,S/D,S/D,S/D,S/D,S/D,S/D,S/D,S/D,S/D,S/D,S/D,S/D,S/D
2020,2043,2020-05-16,Sabado,20:40:00,,0,2,"Moto/Ciclomotor,Moto/Ciclomotor",Presbitero Sponton Y Belgrano,4,4,0,0,0,0,0,"-29.35027, -59.97092",Calle,,MALABRIGO,General Obligado,Asfalto,S/D,IX,S/D,Urbana,S/D,S/D,Intersección,S/D,S/D,S/D,S/D,S/D,S/D,Colisión,S/D,S/D,S/D,S/D
2020,2044,2020-05-02,Sabado,11:30:00,,0,2,"Automóvil,Moto/Ciclomotor",6 de Caballeria Y Gobernador Crespo,2,1,0,0,1,0,0,"-29.23813, -61.76745",S/D,,TOSTADO,9 de Julio,S/D,S/D,XII,S/D,S/D,S/D,S/D,S/D,S/D,S/D,S/D,S/D,S/D,S/D,S/D,S/D,S/D,S/D,S/D