anio_acci,nro_acci,fecha,desc_dia,hora_aprox,desc_ruta,km,cant_participantes,desc_participante,calle_avenida_km,total,heridos_leves,heridos_graves,heridos_gravisimos,ilesos,fallecidos,sin_datos,posicion_XY,desc_tipo_via,desc_ruta_ori,desc_loc,desc_dpto,desc_tipo_calzada,desc_tipo_banquina,desc_unidad_regional,desc_lugar_calzada,desc_zona,desc_prioridad,desc_estado_semaforo,desc_lugar_via,desc_estado_via,desc_estado_visibilidad,desc_luminosidad,desc_estado_clima,desc_tipo_colision,desc_tipo_atropello,desc_tipo_hecho,desc_pres_calzada,desc_senializacion,desc_separacion_via,desc_restriccion
2020,2175,2020-03-13,Viernes,8:15:00,,0,2,"Automóvil,Automóvil",Bv. Segui Y Dorrego,2,1,0,0,1,0,0,"-32.976983547866,-60.657419000097",Avenida,,ROSARIO,Rosario,Asfalto,No existe,II,Dentro,Urbana,Ninguna,No existe,Intersección,Bueno,Buena,Diurna,Buen Tiempo,Lateral,S/D,Colisión,Ninguna,Faltante,"Cordón divisorio,Vegetación",Sin restricción
2020,2176,2020-03-16,Lunes,17:15:00,,0,2,"Moto/Ciclomotor,Automóvil",Bv. Segui Y Italia,2,1,0,0,1,0,0,"-32.977226007351,-60.656063711218",Avenida,,ROSARIO,Rosario,Asfalto,No existe,II,Dentro,Urbana,Ninguna,No existe,Intersección,Bueno,Buena,Diurna,Buen Tiempo,Lateral,S/D,Colisión,Ninguna,Faltante,Ninguna,Sin restricción
2020,2177,2020-04-19,Domingo,17:50:00,Autopista Provincial Brigadier E.LÓPEZ,151,1,Automóvil,,1,1,0,0,0,0,0,"-31.63365, -60.77798",Autopista,Brigadier E.LÓPEZ,SANTA FE,La Capital,S/D,S/D,I,S/D,Urbana,S/D,S/D,Recta,S/D,S/D,Diurna,S/D,S/D,S/D,Vuelco,S/D,S/D,S/D,S/D
2020,2178,2020-04-24,Viernes,18:20:00,,0,2,"Moto/Ciclomotor,Automóvil",Av. Battle y Ordo�ez Y España,2,1,0,0,1,0,0,"    -33.00918, -60.65729",Calle,,ROSARIO,Rosario,Asfalto,No existe,II,Dentro,Urbana,Ninguna,No existe,Recta,S/D,Buena,Atardecer,Buen Tiempo,Otro,S/D,Colisión,Ninguna,Faltante,Ninguna,Sin restricción
2020,2179,2020-04-19,Domingo,9:25:00,,0,3,"Moto/Ciclomotor,Pickup/Utilitario,Pickup/Utilitario",Avenida San Martin Y Padre Tibaldo,4,2,0,0,2,0,0,"-28.48839, -59.35417",Calle,,VILLA OCAMPO,General Obligado,S/D,S/D,IX,S/D,Urbana,S/D,S/D,Intersección,S/D,S/D,Diurna,S/D,Múltiple,S/D,Colisión,S/D,S/D,S/D,S/D
2020,2180,2020-04-28,Martes,14:00:00,,0,2,"Moto/Ciclomotor,Automóvil",Reg.11 de Infanteria Y Av. Corrientes,2,1,0,0,1,0,0,"    -32.99896, -60.65345",Avenida,,ROSARIO,Rosario,Asfalto,No existe,II,Dentro,Urbana,Ninguna,No existe,Intersección,Bueno,Buena,Diurna,Buen Tiempo,Lateral,S/D,Colisión,Ninguna,S/D,S/D,Sin restricción
2020,2181,2020-04-20,Lunes,9:21:00,Ruta Provincial 14,154,1,Camión c / Acoplado,,1,1,0,0,0,0,0,"-33.96255, -61.87939",Ruta,14,MARÍA TERESA,General LÓPEZ,S/D,S/D,VIII,S/D,Rural,S/D,S/D,Recta,S/D,S/D,Diurna,S/D,S/D,S/D,Vuelco,S/D,S/D,S/D,S/D
2020,2182,2020-04-26,Domingo,12:20:00,,0,2,"Automóvil,Automóvil",San Martin 5400,2,1,0,0,1,0,0,"    -32.9999, -60.64872",Calle,,ROSARIO,Rosario,Asfalto,No existe,II,Dentro,Urbana,Semáforo,Funciona,Recta,Bueno,Buena,Diurna,Buen Tiempo,Lateral,S/D,Colisión,S/D,Vertical,Cordón divisorio,Sin restricción
2020,2183,2020-05-02,Sabado,12:30:00,,0,2,"Pickup/Utilitario,Moto/Ciclomotor",Calle 4 Y Calle 5,3,2,0,0,1,0,0,"-28.41654, -59.25926",S/D,,TACUARENDÍ,General Obligado,S/D,S/D,IX,S/D,S/D,S/D,S/D,S/D,S/D,S/D,S/D,S/D,S/D,S/D,S/D,S/D,S/D,S/D,S/D
2020,2184,2020-04-21,Martes,12:00:00,,0,2,"Moto/Ciclomotor,Otros",Matheu,2,0,1,0,1,0,0,"-33.74965, -61.9422",Calle,,VENADO TUERTO,General LÓPEZ,S/D,S/D,VIII,S/D,Urbana,S/D,S/D,Intersección,S/D,S/D,Diurna,S/D,S/D,S/D,Colisión,S/D,S/D,S/D,S/D
2020,2185,2020-03-09,Lunes,23:30:00,,0,1,Moto/Ciclomotor,Bv. Segui Y Suipacha,1,1,0,0,0,0,0,"-32.974324412172,-60.672384825041",Avenida,,ROSARIO,Rosario,Asfalto,No existe,II,Dentro,Urbana,Paso Peatonal,No existe,Intersección,Bueno,Buena,Nocturna,Buen Tiempo,Contra objeto fijo,S/D,Colisión,Ninguna,Horizontal,"Cordón divisorio,Línea divisoria pintada",Sin restricción
2020,2186,2020-04-22,Miercoles,,,0,2,"Tractor,Tren",Buenos Aires Y P Gozzarelli,2,1,0,0,1,0,0,"-31.51768, -60.67514",Calle,,MONTE VERA,La Capital,S/D,S/D,I,S/D,Urbana,S/D,S/D,Intersección,S/D,S/D,Diurna,S/D,S/D,S/D,Colisión,S/D,S/D,S/D,S/D
2020,2187,2020-04-24,Viernes,7:50:00,,0,2,"Automóvil,Moto/Ciclomotor",Biedma Y Pte.Roca,2,1,0,0,1,0,0,"    -32.98013, -60.65391",Calle,,ROSARIO,Rosario,Asfalto,No existe,II,Dentro,Urbana,Señal Pare,No existe,Intersección,Bueno,Buena,"Diurna,Con luz artificial",Buen Tiempo,Lateral,S/D,Colisión,Ninguna,Vertical,Ninguna,Sin restricción
2020,2188,2020-05-04,Lunes,17:00:00,,0,2,"Moto/Ciclomotor,Automóvil",Calle 12 Y Calle 19,2,1,0,0,1,0,0,"-29.12187, -59.65931",S/D,,AVELLANEDA,General Obligado,S/D,S/D,IX,S/D,S/D,S/D,S/D,S/D,S/D,S/D,S/D,S/D,S/D,S/D,S/D,S/D,S/D,S/D,S/D
2020,2189,2020-03-10,Martes,19:05:00,,0,1,Moto/Ciclomotor,Bv. Avellaneda 2750,1,1,0,0,0,0,0,"-32.961984182574,-60.685010391079",Avenida,,ROSARIO,Rosario,Asfalto,No existe,II,Dentro,Urbana,Otra Señal,No existe,Paso a Nivel FFCC,Bueno,Buena,Diurna,Buen Tiempo,Atropello animal,S/D,Colisión,Ninguna,Vertical,Ninguna,Sin restricción
2020,2190,2020-04-22,Miercoles,,,0,1,Automóvil,Sarmiento Y Silvestre Begnis,3,3,0,0,0,0,0,"-30.79538, -60.58391",Calle,,SAN JUSTO,San Justo,S/D,S/D,XVI,S/D,Urbana,S/D,S/D,Intersección,S/D,S/D,Diurna,S/D,S/D,S/D,Vuelco,S/D,S/D,S/D,S/D
2020,2191,2020-03-10,Martes,7:20:00,,0,2,"Moto/Ciclomotor,Moto/Ciclomotor",Amenabar Y Av. Francia,2,2,0,0,0,0,0,"-32.967268923628,-60.672139583778",Avenida,,ROSARIO,Rosario,Asfalto,No existe,II,Dentro,Urbana,Ninguna,No existe,Intersección,Bueno,Buena,Diurna,Buen Tiempo,S/D,S/D,Colisión,Ninguna,Faltante,"Cordón divisorio,Vegetación",Sin restricción
2020,2192,2020-04-26,Domingo,18:45:00,,0,2,"Automóvil,Moto/Ciclomotor",Mendoza Y Santiago,2,1,0,0,1,0,0,"    -32.94837, -60.65724",Calle,,ROSARIO,Rosario,Asfalto,S/D,II,Dentro,Urbana,Semáforo,Funciona,Intersección,S/D,S/D,Diurna,S/D,Lateral,S/D,Colisión,S/D,S/D,S/D,S/D
2020,2193,2020-03-10,Martes,11:55:00,,0,2,"Automóvil,Moto/Ciclomotor",Av. Francia Y Calle 1209,2,1,0,0,1,0,0,"-32.996584608987,-60.678386506992",Avenida,,ROSARIO,Rosario,Asfalto,No existe,II,Dentro,Urbana,Ninguna,No existe,Intersección,Bueno,Buena,Diurna,Buen Tiempo,S/D,S/D,Colisión,Ninguna,Faltante,"Cordón divisorio,Vegetación",Sin restricción
2020,2194,2020-03-11,Miercoles,17:30:00,,0,2,"Moto/Ciclomotor,Automóvil",Av. Jorge Cura Y Pueyrredon,2,1,0,0,1,0,0,"-32.970552227138,-60.664317572568",Avenida,,ROSARIO,Rosario,Asfalto,No existe,II,Dentro,Urbana,Señal Pare,No existe,Intersección,Bueno,Buena,Diurna,Buen Tiempo,S/D,S/D,Colisión,Ninguna,Vertical,Ninguna,Sin restricción
2020,2195,2020-03-13,Viernes,17:10:00,,0,2,"Moto/Ciclomotor,Moto/Ciclomotor",Biedma Y Crespo,2,1,0,0,1,0,0,"-32.975976234175,-60.677059564027",Calle,,ROSARIO,Rosario,Asfalto,No existe,II,Dentro,Urbana,Ninguna,No existe,Intersección,Bueno,Buena,Diurna,Buen Tiempo,S/D,S/D,Colisión,Ninguna,Faltante,Ninguna,Sin restricción
2020,2196,2020-04-24,Viernes,8:05:00,,0,2,"Moto/Ciclomotor,Pickup/Utilitario",Balcarce Y Urquiza,2,1,0,0,1,0,0,"    -32.94049, -60.65108",Calle,,ROSARIO,Rosario,Asfalto,S/D,II,Dentro,Urbana,Señal Pare,S/D,Intersección,S/D,Buena,Diurna,S/D,Lateral,S/D,Colisión,S/D,Vertical,S/D,S/D
2020,2197,2020-03-16,Lunes,7:30:00,,0,2,"Automóvil,Moto/Ciclomotor",Av. Uriburu Y Bv. Oro�o,2,1,0,0,1,0,0,"-32.991608686629,-60.665126116591",Avenida,,ROSARIO,Rosario,Asfalto,No existe,II,Dentro,Urbana,Semáforo,Funciona,Rotonda,Bueno,Buena,Diurna,Buen Tiempo,S/D,S/D,Colisión,Ninguna,"Horizontal,Vertical","Cordón divisorio,Vegetación,Línea divisoria pintada",Sin restricción
2020,2198,2020-04-23,Jueves,10:00:00,,0,2,"Moto/Ciclomotor,Pickup/Utilitario",3 De Febrero Y Paraguay,2,1,0,0,1,0,0,"    -32.95179, -60.64531",Calle,,ROSARIO,Rosario,Asfalto,S/D,II,Dentro,Urbana,Señal Pare,S/D,Intersección,S/D,Buena,Diurna,S/D,Lateral,S/D,Colisión,S/D,Vertical,S/D,S/D
2020,2199,2020-05-04,Lunes,18:40:00,,0,2,"Moto/Ciclomotor,Moto/Ciclomotor",Calle 17-Bartolome Mitre Y Calle 12 San Martin,2,1,0,0,1,0,0,"-29.14568, -59.64257",S/D,,RECONQUISTA,General Obligado,S/D,S/D,IX,S/D,S/D,S/D,S/D,S/D,S/D,S/D,S/D,S/D,S/D,S/D,S/D,S/D,S/D,S/D,S/D
2020,2200,2020-04-24,Viernes,17:20:00,,0,2,"Automóvil,Moto/Ciclomotor",Paraguay Y San Luis,2,1,0,0,1,0,0,"    -32.94804, -60.6444",Calle,,ROSARIO,Rosario,Asfalto,S/D,II,Dentro,Urbana,S/D,S/D,Intersección,Bueno,S/D,Diurna,S/D,Lateral,S/D,Colisión,S/D,S/D,S/D,S/D
2020,2201,2020-05-05,Martes,,,0,2,"Transporte de Pasajeros Urbano (> 8 asientos),Moto/Ciclomotor",Echague Y Larrea,3,2,0,0,1,0,0,"-31.60051, -60.66905",S/D,,SANTA FE,La Capital,S/D,S/D,I,S/D,S/D,S/D,S/D,S/D,S/D,S/D,S/D,S/D,S/D,S/D,S/D,S/D,S/D,S/D,S/D
2020,2202,2020-04-23,Jueves,14:30:00,,0,2,"Moto/Ciclomotor,Automóvil",Av. Francia Y Riobamba,2,1,0,0,1,0,0,"    -32.95818, -60.66958",Avenida,,ROSARIO,Rosario,Asfalto,No existe,II,Dentro,Urbana,S/D,No existe,Intersección,Bueno,Buena,Diurna,Buen Tiempo,Lateral,S/D,Colisión,S/D,S/D,Cordón divisorio,Sin restricción
2020,2203,2020-05-05,Martes,12:00:00,,0,2,"Automóvil,Moto/Ciclomotor",Calle 19 Y Calle 20,2,1,0,0,1,0,0,"-29.12244, -59.65428",S/D,,AVELLANEDA,General Obligado,S/D,S/D,IX,S/D,S/D,S/D,S/D,S/D,S/D,S/D,S/D,S/D,S/D,S/D,S/D,S/D,S/D,S/D,S/D
2020,2204,2020-04-25,Sabado,12:15:00,,0,2,"Pickup/Utilitario,Moto/Ciclomotor",Comandante Razzetti Y Tucuman,2,1,0,0,1,0,0,"    -29.23128, -61.76333",Calle,,TOSTADO,9 de Julio,Ripio,No existe,XII,Dentro,Urbana,Ninguna,No existe,Intersección,Bueno,Buena,Diurna,Buen Tiempo,Lateral,S/D,Colisión,Ninguna,Faltante,Ninguna,Sin restricción
2020,2205,2020-05-05,Martes,17:15:00,,0,2,"Automóvil,Moto/Ciclomotor",San Martin Y Salta,2,1,0,0,1,0,0,"-31.73539, -61.09501",S/D,,SAN CARLOS CENTRO,Las Colonias,S/D,S/D,XI,S/D,S/D,S/D,S/D,S/D,S/D,S/D,S/D,S/D,S/D,S/D,S/D,S/D,S/D,S/D,S/D
2020,2206,2020-04-28,Martes,14:30:00,,0,2,"Bicicleta,Automóvil",Belgrano Y Buenos Aires,2,1,0,0,1,0,0,"    -32.71226, -60.73406",Calle,,PUERTO SAN MARTÍN,San Lorenzo,Asfalto,No existe,XVII,Dentro,Urbana,Ninguna,No existe,Intersección,Bueno,Buena,Diurna,Buen Tiempo,Lateral,Ciclista,Atropello,Ninguna,S/D,Ninguna,Sin restricción
2020,2207,2020-04-23,Jueves,10:50:00,,0,1,Moto/Ciclomotor,25 de Mayo 900,2,2,0,0,0,0,0,"    -32.71086, -60.7308",Calle,,PUERTO SAN MARTÍN,San Lorenzo,Asfalto,No existe,XVII,Dentro,Urbana,Ninguna,No existe,Recta,Bueno,Buena,Diurna,Buen Tiempo,S/D,S/D,Cañda ocupante,Ninguna,Faltante,Ninguna,Sin restricción
2020,2208,2020-04-29,Miercoles,,,0,2,"Bicicleta,Automóvil",Venezuela Y Puerto Argentino,2,1,0,0,1,0,0,"    -32.82081, -60.71259",Calle,,CAPITÁN BERMÚDEZ,San Lorenzo,Asfalto,Pavimento,XVII,Dentro,Urbana,Ninguna,S/D,Intersección,Bueno,S/D,S/D,Buen Tiempo,S/D,S/D,Colisión,Ninguna,S/D,Ninguna,Sin restricción
2020,2209,2020-05-17,Domingo,1:55:00,Autopista Nacional A008,4,2,"Moto/Ciclomotor,Otros",,2,0,1,0,0,0,1,"-32.89454, -60.72081",Autopista,A008,ROSARIO,Rosario,Hormigón,Natural,II,S/D,Urbana,Ninguna,No existe,Curva,Bueno,Reducida,Nocturna,Buen Tiempo,Contra objeto fijo,S/D,Colisión,Ninguna,Horizontal,Ninguna,Sin restricción
2020,2210,2020-05-06,Miercoles,13:30:00,Ruta Secundaria 89-s,0,1,Automóvil,,2,2,0,0,0,0,0,"-28.03877, -59.22918",Ruta,89-s,FLORENCIA,General Obligado,S/D,S/D,IX,S/D,S/D,S/D,S/D,S/D,S/D,S/D,S/D,S/D,S/D,S/D,Vuelco,S/D,S/D,S/D,S/D
2020,2211,2020-05-06,Miercoles,,,0,2,"Camión,Moto/Ciclomotor",Bv. Lopez Y Bolivia,2,1,0,0,1,0,0,"-32.82179, -61.40421",S/D,,CAÑADA DE GÓMEZ,Iriondo,S/D,S/D,X,S/D,S/D,S/D,S/D,S/D,S/D,S/D,S/D,S/D,S/D,S/D,S/D,S/D,S/D,S/D,S/D
2020,2212,2020-03-12,Jueves,0:30:00,,0,2,"Automóvil,Moto/Ciclomotor",San Martin Y 1ro de Mayo,2,1,0,0,1,0,0,"-31.265134, -60.765046",Avenida,,NELSON,La Capital,Asfalto,No existe,I,Dentro,Urbana,Ninguna,S/D,Intersección,Bueno,S/D,Nocturna,Buen Tiempo,Lateral,S/D,Colisión,Ninguna,Horizontal,Ninguna,Sin restricción
2020,2213,2020-04-27,Lunes,,Autopista Provincial Brigadier E.LÓPEZ,45,2,"Camión c / Acoplado,Vehículo Oficial",,3,2,0,0,1,0,0,"    -32.82164, -60.74074",Autopista,Brigadier E.LÓPEZ,CAPITÁN BERMÚDEZ,San Lorenzo,Asfalto,S/D,XVII,Dentro,Rural,S/D,No existe,Recta,Bueno,Buena,S/D,Buen Tiempo,S/D,S/D,Colisión,Ninguna,S/D,S/D,Sin restricción
2020,2214,2020-05-07,Jueves,20:50:00,,0,1,Automóvil,,1,1,0,0,0,0,0,"-34.00534, -61.90061",S/D,,MARÍA TERESA,General LÓPEZ,S/D,S/D,VIII,S/D,S/D,S/D,S/D,S/D,S/D,S/D,S/D,S/D,S/D,S/D,"Vuelco,Despiste",S/D,S/D,S/D,S/D
2020,2215,2020-05-07,Jueves,16:40:00,,0,3,"Pickup/Utilitario,Pickup/Utilitario,Moto/Ciclomotor",Calle 4 Y Calle 5,4,2,0,0,2,0,0,"-28.41658, -59.25927",S/D,,TACUARENDÍ,General Obligado,S/D,S/D,IX,S/D,S/D,S/D,S/D,S/D,S/D,S/D,S/D,S/D,S/D,S/D,S/D,S/D,S/D,S/D,S/D
2020,2216,2020-03-09,Lunes,17:15:00,Ruta Nacional 11,484,2,"Automóvil,Moto/Ciclomotor",Juan de Garay Y Lehman,2,0,0,0,1,1,0,"-31.490088636673,-60.731832653946",Ruta,11,RECREO,La Capital,"Asfalto,Tierra",No existe,I,Dentro,Urbana,Ninguna,No existe,Intersección,Con baches,Buena,Diurna,S/D,Lateral,S/D,Colisión,Ninguna,Faltante,Ninguna,Sin restricción
2020,2217,2020-05-17,Domingo,20:30:00,,0,2,"Automóvil,Moto/Ciclomotor",Balcarce Y General Paz,3,1,0,0,2,0,0,"-31.45755, -60.93603",Calle,,ESPERANZA,Las Colonias,Asfalto,Pavimento,XI,S/D,Urbana,Ninguna,No existe,Intersección,Bueno,Buena,Nocturna,Buen Tiempo,Lateral,S/D,Colisión,Ninguna,S/D,S/D,Sin restricción
2020,2218,2020-04-24,Viernes,13:45:00,Ruta Nacional A012,0,2,"Peatón,Pickup/Utilitario",Suipacha Y Gdor Saavedra - Ruta 12,2,1,0,0,1,0,0,"    -32.76797, -60.73428",Ruta,A012,SAN LORENZO,San Lorenzo,Asfalto,S/D,XVII,Dentro,Rural,S/D,No existe,Intersección,S/D,S/D,Diurna,S/D,S/D,Peatón,Atropello,S/D,S/D,S/D,S/D
2020,2219,2020-05-08,Viernes,16:00:00,Ruta Provincial 1,1,1,Moto/Ciclomotor,,1,0,1,0,0,0,0,"-30.37283, -59.96588",Ruta,1,SANTA FE,La Capital,S/D,S/D,I,S/D,S/D,S/D,S/D,S/D,S/D,S/D,S/D,S/D,S/D,S/D,"Vuelco,Despiste",S/D,S/D,S/D,S/D
2020,2220,2020-05-08,Viernes,19:55:00,,0,2,"Moto/Ciclomotor,Automóvil",Calle 12 San Martin Y Calle 63-Gral Urquiza,2,1,0,0,1,0,0,"-29.16827, -59.64575",S/D,,RECONQUISTA,General Obligado,S/D,S/D,IX,S/D,S/D,S/D,S/D,S/D,S/D,S/D,S/D,S/D,S/D,S/D,S/D,S/D,S/D,S/D,S/D
2020,2221,2020-03-16,Lunes,17:00:00,,0,1,Moto/Ciclomotor,AV ISIDORO REINARES Y GRAL LAS HERAS,1,1,0,0,0,0,0,"-31.184979, -60.749141",Avenida,,LLAMBI CAMPBELL,La Capital,Asfalto,No existe,I,Dentro,Urbana,Ninguna,No existe,Intersección,Bueno,Buena,Diurna,Buen Tiempo,S/D,S/D,Cañda ocupante,Ninguna,Vertical,Ninguna,Sin restricción
2020,2222,2020-05-17,Domingo,19:45:00,,0,1,Moto/Ciclomotor,Moreno Y Cordoba,2,2,0,0,0,0,0,"-32.47081, -61.58322",Calle,,LAS ROSAS,Belgrano,Asfalto,No existe,III,Dentro,Urbana,Ninguna,No existe,Intersección,Bueno,Reducida,Nocturna,Buen Tiempo,S/D,S/D,Cañda ocupante,Ninguna,Faltante,Ninguna,Sin restricción
2020,2223,2020-05-08,Viernes,19:30:00,,0,2,"Bicicleta,Automóvil",Brigadier Lopez Y Brigadier Lopez,2,1,0,0,1,0,0,"-29.69081, -60.25025",S/D,,MARGARITA,Vera,S/D,S/D,XIX,S/D,S/D,S/D,S/D,S/D,S/D,S/D,S/D,S/D,S/D,S/D,Atropello,S/D,S/D,S/D,S/D
2020,2224,2020-05-08,Viernes,,,0,2,"Automóvil,Peatón",Pje Rio Negro Y Av Santa Fe,2,1,0,0,1,0,0,"-31.57131, -60.74202",S/D,,SANTA FE,La Capital,S/D,S/D,I,S/D,S/D,S/D,S/D,S/D,S/D,S/D,S/D,S/D,S/D,Peatón,Atropello,S/D,S/D,S/D,S/D
2020,2225,2020-03-09,Lunes,,Ruta Provincial 70,0,2,"Automóvil,Camión c / Acoplado",Av de Circunvalacion Y Ruta Prov 70,2,1,0,0,0,0,1,"-31.497594, -60.752274",Ruta,70,RECREO,La Capital,Asfalto,Natural,I,Dentro,Rural,Policía de tránsito,No existe,Curva,Bueno,Reducida polvo,Nocturna,Viento Fuerte,De alcance,S/D,Colisión,Ninguna,Faltante,Barrera de alto impacto,Sin restricción
2020,2226,2020-05-17,Domingo,11:30:00,,0,2,"Moto/Ciclomotor,Taxi/Remis",Av Santa Fe Y Pje Chubut,5,2,1,0,2,0,0,"-31.5688, -60.7414",Avenida,,SANTA FE,La Capital,Asfalto,No existe,I,S/D,Urbana,Ninguna,No existe,Intersección,Bueno,Buena,Diurna,Buen Tiempo,De alcance,S/D,Colisión,Ninguna,Faltante,Ninguna,Sin restricción
2020,2227,2020-04-06,Lunes,22:00:00,,0,1,Pickup/Utilitario,,3,3,0,0,0,0,0,"-30.58046, -60.46877",S/D,,MARCELINO ESCALADA,San Justo,S/D,S/D,XVI,S/D,S/D,S/D,S/D,S/D,S/D,S/D,S/D,S/D,S/D,S/D,Vuelco,S/D,S/D,S/D,S/D
2020,2228,2020-03-07,Sabado,6:00:00,Ruta Provincial 70,3,2,"Automóvil,Pickup/Utilitario",,3,1,1,0,1,0,0,"-31.490733, -60.781598",Ruta,70,RECREO,La Capital,Asfalto,No existe,I,Dentro,Rural,Ninguna,No existe,Puente,Bueno,Buena,Amanecer,Buen Tiempo,Frontal,S/D,Colisión,Ninguna,Faltante,Guardarrail,Sin restricción
2020,2229,2020-03-02,Lunes,10:30:00,,0,3,"Automóvil,Automóvil,Pickup/Utilitario",Av. Pte.Peron Y Lavalle,5,2,0,0,3,0,0,"-32.957376736879,-60.682321603738",Avenida,,ROSARIO,Rosario,Asfalto,No existe,II,Dentro,Urbana,Semáforo,Funciona,Intersección,Otro,Buena,Diurna,Otro,Múltiple,S/D,Colisión,Otro,"Horizontal,Vertical",Cordón divisorio,Sin restricción
2020,2230,2020-03-17,Martes,1:30:00,,0,2,"Moto/Ciclomotor,Moto/Ciclomotor",Av Filipini Y Pellegrini,2,2,0,0,0,0,0,"-33.03162932395935,-60.636960715055",Avenida,,VILLA GOBERNADOR GÁLVEZ,Rosario,"Asfalto,Ripio",No existe,II,Dentro,Urbana,Ninguna,No existe,Intersección,Bueno,Buena,"Nocturna,Con luz artificial",Otro,S/D,S/D,Colisión,Ninguna,Faltante,Ninguna,Sin restricción
2020,2231,2020-03-13,Viernes,0:40:00,,0,2,"Automóvil,Moto/Ciclomotor",Av Filipini Y Ing Mosconi,3,1,1,0,1,0,0,"-33.025731656465,-60.637204289332",Avenida,,VILLA GOBERNADOR GÁLVEZ,Rosario,Asfalto,No existe,II,Dentro,Urbana,Semáforo,Funciona,Intersección,Bueno,Buena,"Nocturna,Con luz artificial",Otro,S/D,S/D,Colisión,Ninguna,Vertical,Ninguna,Sin restricción
2020,2232,2020-03-01,Domingo,22:20:00,,0,2,"Taxi/Remis,Moto/Ciclomotor",Mitre Y Urquiza,3,1,0,0,2,0,0,"-33.024429414076,-60.631757681674",Calle,,VILLA GOBERNADOR GÁLVEZ,Rosario,Asfalto,No existe,II,Dentro,Urbana,Semáforo,Funciona,Intersección,Bueno,Buena,Nocturna,Otro,S/D,S/D,Colisión,Ninguna,Vertical,Ninguna,Sin restricción
2020,2233,2020-03-04,Miercoles,10:30:00,,0,2,"Moto/Ciclomotor,Pickup/Utilitario",Paula Albarracin de Sarmiento Y 1 de mayo,4,3,0,0,1,0,0,"-31.659448, -60.775691",Avenida,,SANTO TOMÉ,La Capital,Asfalto,No existe,I,Dentro,Urbana,Ninguna,No existe,Intersección,Con baches,Buena,Diurna,Buen Tiempo,Lateral,S/D,Colisión,Ninguna,Faltante,Ninguna,Sin restricción
2020,2234,2020-03-11,Miercoles,11:40:00,,0,2,"Pickup/Utilitario,Automóvil",Eva Peron Y Pasteur,3,2,0,0,1,0,0,"-33.02778676342,-60.623951925045",Calle,,VILLA GOBERNADOR GÁLVEZ,Rosario,Asfalto,No existe,II,Dentro,Urbana,Ninguna,No existe,Intersección,Bueno,Buena,Diurna,Otro,S/D,S/D,Colisión,Ninguna,Faltante,Ninguna,Sin restricción
2020,2235,2020-03-02,Lunes,13:40:00,,0,2,"Automóvil,Automóvil",Dr Zavalla Y Gorriti,2,1,0,0,1,0,0,"-31.588171534274,-60.703383077146",Avenida,,SANTA FE,La Capital,Asfalto,No existe,I,Dentro,Urbana,Ninguna,No existe,Recta,Bueno,Buena,Diurna,Buen Tiempo,De alcance,S/D,Colisión,Ninguna,Faltante,Ninguna,Sin restricción
2020,2236,2020-03-16,Lunes,17:00:00,Ruta Provincial 21,0,2,"Camión c / Acoplado,Vehículo Oficial",3 DE FEBRERO  Y RUTA PROVINCIAL 21,3,1,0,0,2,0,0,"-33.08769553899765,-60.567448586225",Ruta,21,PUEBLO ESTHER,Rosario,Asfalto,Natural,II,Dentro,Urbana,Ninguna,No existe,Intersección,Bueno,Buena,Diurna,S/D,S/D,S/D,Colisión,Ninguna,Faltante,Ninguna,S/D
2020,2237,2020-03-12,Jueves,19:40:00,,0,2,"Automóvil,Moto/Ciclomotor",Pavon Y 9 de Julio,2,1,0,0,1,0,0,"-31.59582781394,-60.694389784507",Calle,,SANTA FE,La Capital,Asfalto,No existe,I,Dentro,Urbana,Ninguna,No existe,Intersección,Con baches,Buena,Atardecer,Buen Tiempo,Lateral,S/D,Colisión,Ninguna,Faltante,Ninguna,Sin restricción
2020,2238,2020-03-07,Sabado,17:05:00,Autopista Nacional A009,0,2,"Automóvil,Camión c / Semirremolque",,3,2,0,0,1,0,0,"-33.030362, -60.663483",Autopista,A009,VILLA GOBERNADOR GÁLVEZ,Rosario,Hormigón,Pavimento,II,Dentro,Rural,Marca Vial,No existe,Recta,Bueno,Buena,Diurna,Buen Tiempo,Lateral,S/D,Colisión,Ninguna,Horizontal,Vegetación,Sin restricción
2020,2239,2020-03-04,Miercoles,16:00:00,,0,1,Pickup/Utilitario,Soldado Aguirre 2979,2,1,0,0,1,0,0,"-33.029819937394,-60.653018830997",Calle,,VILLA GOBERNADOR GÁLVEZ,Rosario,Asfalto,No existe,II,Dentro,Urbana,Ninguna,No existe,Recta,Deteriorada,Buena,Diurna,Buen Tiempo,Contra objeto fijo,S/D,Colisión,Material Suelto,Faltante,Ninguna,Sin restricción
2020,2240,2020-03-16,Lunes,11:30:00,,0,2,"Moto/Ciclomotor,Pickup/Utilitario",Callej�n El Sable Y 4 de Enero,2,1,0,0,0,0,1,"-31.579248, -60.692486",Calle,,SANTA FE,La Capital,Asfalto,No existe,I,Dentro,Urbana,Ninguna,No existe,Intersección,Bueno,Buena,Diurna,Buen Tiempo,Lateral,S/D,Colisión,Ninguna,Faltante,Ninguna,Sin restricción
2020,2241,2020-03-10,Martes,7:45:00,,0,2,"Moto/Ciclomotor,Automóvil",Montecaseros Y Soldado Aguirre,2,1,0,0,1,0,0,"-33.029778599739075,-60.65221175551",Calle,,VILLA GOBERNADOR GÁLVEZ,Rosario,"Asfalto,Ripio",No existe,II,Dentro,Urbana,Ninguna,No existe,Intersección,Con baches,Buena,Amanecer,Buen Tiempo,De alcance,S/D,Colisión,Material Suelto,Faltante,Cordón divisorio,Sin restricción