anio_acci,nro_acci,fecha,desc_dia,hora_aprox,desc_ruta,km,cant_participantes,desc_participante,calle_avenida_km,total,heridos_leves,heridos_graves,heridos_gravisimos,ilesos,fallecidos,sin_datos,posicion_XY,desc_tipo_via,desc_ruta_ori,desc_loc,desc_dpto,desc_tipo_calzada,desc_tipo_banquina,desc_unidad_regional,desc_lugar_calzada,desc_zona,desc_prioridad,desc_estado_semaforo,desc_lugar_via,desc_estado_via,desc_estado_visibilidad,desc_luminosidad,desc_estado_clima,desc_tipo_colision,desc_tipo_atropello,desc_tipo_hecho,desc_pres_calzada,desc_senializacion,desc_separacion_via,desc_restriccion
2020,2242,2020-03-03,Martes,19:00:00,Autopista Nacional A009,275,1,Pickup/Utilitario,,3,3,0,0,0,0,0,"-33.10777, -60.60324",Autopista,A009,GENERAL LAGOS,Rosario,Asfalto,Natural,II,Dentro,Rural,Ninguna,No existe,Recta,Bueno,Buena,Nocturna,Buen Tiempo,S/D,S/D,Vuelco,Ninguna,Faltante,Vegetación,Sin restricción
2020,2243,2020-03-20,Viernes,21:10:00,Ruta Provincial 1,2,2,"Moto/Ciclomotor,Moto/Ciclomotor",,2,2,0,0,0,0,0,"-31.625824, -60.603875",Ruta,1,COLASTINE,La Capital,Asfalto,Pavimento,I,Dentro,Urbana,Ninguna,No existe,Recta,Bueno,Buena,Nocturna,Buen Tiempo,De alcance,S/D,Colisión,Ninguna,Faltante,Línea divisoria pintada,Sin restricción
2020,2244,2020-03-05,Jueves,13:30:00,,0,2,"Automóvil,Moto/Ciclomotor",Islas Malvinas Y Urquiza,4,3,0,0,1,0,0,"-33.110416531562805,-60.55946901440",Calle,,GENERAL LAGOS,Rosario,Asfalto,No existe,II,Dentro,Urbana,Ninguna,No existe,Intersección,Bueno,Buena,Diurna,Buen Tiempo,Lateral,S/D,Colisión,Ninguna,Faltante,Ninguna,Sin restricción
2020,2245,2020-03-02,Lunes,16:20:00,,0,1,Moto/Ciclomotor,,1,1,0,0,0,0,0,"-31.615755, -60.599100",S/D,,COLASTINE,La Capital,Tierra,No existe,I,S/D,S/D,Ninguna,No existe,Recta,Bueno,Buena,Diurna,Buen Tiempo,S/D,S/D,Cañda ocupante,Ninguna,Faltante,Ninguna,Sin restricción
2020,2246,2020-03-07,Sabado,21:50:00,Ruta Provincial 1,2.8,2,"Automóvil,Automóvil",,2,1,0,0,0,0,1,"-31.625739, -60.603685",Ruta,1,COLASTINE,La Capital,Asfalto,Natural,I,Dentro,Urbana,Semáforo,Funciona,Recta,Bueno,Buena,Nocturna,Buen Tiempo,S/D,S/D,Colisión,Ninguna,Vertical,Cordón divisorio,Sin restricción
2020,2247,2020-03-05,Jueves,,,0,2,"Moto/Ciclomotor,Automóvil",Av Lopez y Planes Y Pedro Centeno,2,1,0,0,1,0,0,"-31.624526649492,-60.713637530672",Avenida,,SANTA FE,La Capital,Asfalto,No existe,I,Dentro,Urbana,Semáforo,Funciona,Intersección,Bueno,Buena,Diurna,Buen Tiempo,Lateral,S/D,Colisión,Ninguna,"Horizontal,Vertical",Cordón divisorio,Sin restricción
2020,2248,2020-03-06,Viernes,,,0,2,"Moto/Ciclomotor,Automóvil",Gdor Freyre Y Pedro Ferre,2,1,0,0,1,0,0,"-31.624091827274,-60.712369455663",Calle,,SANTA FE,La Capital,Asfalto,No existe,I,Dentro,Urbana,Ninguna,No existe,Intersección,Bueno,Buena,Diurna,Buen Tiempo,Lateral,S/D,Colisión,Ninguna,Faltante,Ninguna,Sin restricción
2020,2249,2020-03-07,Sabado,,,0,2,"Moto/Ciclomotor,Taxi/Remis",Av Pe�aloza Y Martin Zapata,3,2,0,0,0,0,1,"-31.616925853631,-60.713326592832",Avenida,,SANTA FE,La Capital,Asfalto,No existe,I,Dentro,Urbana,Ninguna,No existe,Intersección,Bueno,Buena,Diurna,Buen Tiempo,Lateral,S/D,Colisión,Ninguna,Faltante,Ninguna,Sin restricción
2020,2250,2020-03-09,Lunes,,,0,2,"Bicicleta,Automóvil",Av Urquiza Y Iturraspe,2,1,0,0,0,0,1,"-31.627710135017,-60.707970208497",Avenida,,SANTA FE,La Capital,Asfalto,No existe,I,Dentro,Urbana,Ninguna,No existe,Intersección,Bueno,Buena,Diurna,Buen Tiempo,S/D,Ciclista,Atropello,Ninguna,Faltante,Ninguna,Sin restricción
2020,2252,2020-03-10,Martes,,,0,1,Moto/Ciclomotor,Av Blas Parera 5400,2,2,0,0,0,0,0,"-31.614064644618,-60.717773095057",Avenida,,SANTA FE,La Capital,Asfalto,No existe,I,Dentro,Urbana,Ninguna,No existe,Recta,Bueno,Buena,Diurna,Buen Tiempo,S/D,S/D,Cañda ocupante,Ninguna,"Horizontal,Vertical","Cordón divisorio,Línea divisoria pintada",Sin restricción
2020,2253,2020-03-16,Lunes,12:55:00,,0,1,Camión Chasis,F.Frias Y Pje. Magnano,4,4,0,0,0,0,0,"-33.011674390591,-60.639051843181",Calle,,ROSARIO,Rosario,Asfalto,No existe,II,Dentro,Urbana,Ninguna,No existe,Recta,Bueno,Buena,Diurna,Buen Tiempo,S/D,S/D,Vuelco,Ninguna,Faltante,Ninguna,Sin restricción
2020,2254,2020-03-16,Lunes,22:20:00,,0,2,"Moto/Ciclomotor,Moto/Ciclomotor",Entre Rios Y Galvez,2,1,0,0,1,0,0,"-32.968247396117,-60.646571959833",Calle,,ROSARIO,Rosario,Asfalto,No existe,II,Dentro,Urbana,Ninguna,No existe,Intersección,Bueno,Buena,Nocturna,Buen Tiempo,Lateral,S/D,Colisión,Ninguna,Horizontal,Línea divisoria pintada,Sin restricción
2020,2255,2020-05-17,Domingo,16:50:00,,0,2,"Moto/Ciclomotor,Automóvil",Av. Battle y Ordo�ez Y Buenos Aires,4,2,1,0,1,0,0,"-33.00881, -60.64465",Avenida,,ROSARIO,Rosario,Asfalto,No existe,II,Dentro,Urbana,Señal Pare,No existe,Intersección,Bueno,Buena,Diurna,Buen Tiempo,Lateral,S/D,Colisión,Ninguna,Vertical,Ninguna,Sin restricción
2020,2256,2020-03-10,Martes,,,0,1,Moto/Ciclomotor,La Paz Y Iturraspe,2,2,0,0,0,0,0,"-31.627042293548605,-60.71514844894",Avenida,,SANTA FE,La Capital,Asfalto,No existe,I,Dentro,Urbana,Ninguna,No existe,Recta,Bueno,Buena,Diurna,Buen Tiempo,S/D,S/D,Despiste,Ninguna,"Horizontal,Vertical","Cordón divisorio,Línea divisoria pintada",Sin restricción
2020,2257,2020-03-24,Martes,13:00:00,,0,2,"Moto/Ciclomotor,Taxi/Remis",Av. Battle y Ordo�ez Y Laprida,2,1,0,0,1,0,0,"-33.00887338721,-60.64672344202",Avenida,,ROSARIO,Rosario,Asfalto,No existe,II,Dentro,Urbana,Semáforo,Funciona,Recta,Bueno,Buena,Diurna,Buen Tiempo,De alcance,S/D,Colisión,Ninguna,"Horizontal,Vertical",Línea divisoria pintada,Sin restricción
2020,2258,2020-05-17,Domingo,13:10:00,,0,2,"Moto/Ciclomotor,Moto/Ciclomotor",Santa Fe Y Suipacha,2,1,0,0,1,0,0,"-32.94043, -60.66381",Calle,,ROSARIO,Rosario,S/D,No existe,II,Dentro,Urbana,Semáforo,Funciona,Intersección,Bueno,Buena,Diurna,Buen Tiempo,De alcance,S/D,Colisión,Ninguna,Faltante,Ninguna,Sin restricción
2020,2259,2020-03-05,Jueves,19:00:00,,0,2,"Automóvil,Pickup/Utilitario",,4,1,0,0,3,0,0,"-32.92932987213136,-60.672136545181",Calle,,ROSARIO,Rosario,Asfalto,No existe,II,Dentro,Urbana,Ninguna,No existe,Intersección,Bueno,Buena,Diurna,Buen Tiempo,Lateral,S/D,Colisión,Ninguna,Horizontal,Ninguna,Sin restricción
2020,2260,2020-03-12,Jueves,14:00:00,,0,2,"Pickup/Utilitario,Automóvil",Ameghino Y L.N.Alem,2,1,0,0,1,0,0,"-32.988863716933,-60.638540767707",Calle,,ROSARIO,Rosario,Asfalto,No existe,II,Dentro,Urbana,Señal Pare,No existe,Intersección,Bueno,Buena,Diurna,Buen Tiempo,De alcance,S/D,Colisión,Ninguna,Vertical,Ninguna,Sin restricción
2020,2261,2020-05-17,Domingo,20:30:00,,0,2,"Moto/Ciclomotor,Automóvil",Balcarce Y Rioja,2,1,0,0,1,0,0,"-32.94513, -60.65222",Calle,,ROSARIO,Rosario,"Asfalto,Hormigón",S/D,II,Dentro,Urbana,S/D,S/D,Intersección,S/D,S/D,"Nocturna,Con luz artificial",S/D,Lateral,S/D,Colisión,S/D,S/D,S/D,Sin restricción
2020,2262,2020-03-07,Sabado,15:15:00,,0,2,"Automóvil,Moto/Ciclomotor",Saavedra Y San Martin,2,1,0,0,1,0,0,"-32.978281868302,-60.644073262",Avenida,,ROSARIO,Rosario,Asfalto,No existe,II,Dentro,Urbana,Semáforo,Funciona,Intersección,Bueno,Buena,Diurna,Buen Tiempo,Lateral,S/D,Colisión,Ninguna,"Horizontal,Vertical",Línea divisoria pintada,Sin restricción
2020,2263,2020-05-17,Domingo,18:30:00,,0,2,"Automóvil,Moto/Ciclomotor",La Rioja Y Bv Oro�o,2,1,0,0,1,0,0,"-32.73339, -60.7454",Calle,,SAN LORENZO,San Lorenzo,S/D,S/D,XVII,S/D,Urbana,S/D,S/D,Intersección,S/D,S/D,Atardecer,S/D,S/D,S/D,Colisión,S/D,S/D,S/D,S/D
2020,2264,2020-03-16,Lunes,,,0,2,"Automóvil,Pickup/Utilitario",Av Blas Parera Y Fray C Rodriguez,2,1,0,0,1,0,0,"-31.618068, -60.718278",Avenida,,SANTA FE,La Capital,Asfalto,No existe,I,Dentro,Urbana,Semáforo,Funciona,Intersección,Bueno,Buena,Diurna,Buen Tiempo,Lateral,S/D,Colisión,Ninguna,"Horizontal,Vertical",Cordón divisorio,Sin restricción
2020,2265,2020-03-07,Sabado,4:00:00,,0,2,"Taxi/Remis,Pickup/Utilitario",Esteban de Luca Y San Martin,2,1,0,0,1,0,0,"-32.994879678787,-60.647516050413",Avenida,,ROSARIO,Rosario,Asfalto,No existe,II,Dentro,Urbana,Semáforo,Funciona,Intersección,Bueno,Buena,Diurna,Buen Tiempo,Lateral,S/D,Colisión,Ninguna,"Horizontal,Vertical","Cordón divisorio,Línea divisoria pintada",Sin restricción
2020,2266,2020-03-08,Domingo,1:20:00,Autopista Nacional A009,5.5,2,"Pickup/Utilitario,Automóvil",,7,5,0,0,2,0,0,"-33.08739, -60.62782",Autopista,A009,ROSARIO,Rosario,Asfalto,No existe,II,Dentro,Urbana,Ninguna,No existe,Recta,Bueno,Reducida,Nocturna,Buen Tiempo,Frontal,S/D,Colisión,Ninguna,Faltante,Ninguna,Sin restricción
2020,2267,2020-03-02,Lunes,11:15:00,,0,2,"Automóvil,Peatón",Ayacucho Y Ayolas,2,1,0,0,1,0,0,"-32.978790060504,-60.634523469429",Calle,,ROSARIO,Rosario,Asfalto,No existe,II,Dentro,Urbana,Ninguna,No existe,Recta,Bueno,Buena,Diurna,Buen Tiempo,S/D,Peatón,Atropello,Ninguna,Horizontal,Línea divisoria pintada,Sin restricción
2020,2268,2020-05-18,Lunes,12:45:00,,0,2,"Bicicleta,Pickup/Utilitario",Virasoro Y Suipacha,2,1,0,0,1,0,0,"-32.96526, -60.67011",Calle,,ROSARIO,Rosario,Asfalto,No existe,II,Dentro,Urbana,Ninguna,No existe,Intersección,Bueno,Buena,Diurna,Buen Tiempo,S/D,Ciclista,Atropello,Ninguna,Faltante,Ninguna,Sin restricción
2020,2269,2020-03-09,Lunes,13:00:00,,0,2,"Camión Chasis,Moto/Ciclomotor",San Martin 6200,2,1,0,0,1,0,0,"-33.008887070308,-60.650717921589",Avenida,,ROSARIO,Rosario,Asfalto,No existe,II,Dentro,Urbana,Paso Peatonal,No existe,Recta,Bueno,Buena,Diurna,Buen Tiempo,Lateral,S/D,Colisión,Ninguna,"Horizontal,Vertical","Cordón divisorio,Línea divisoria pintada",Sin restricción
2020,2270,2020-03-14,Sabado,,,0,2,"Moto/Ciclomotor,Automóvil",Diagonal Goyena Y J M Zuviria,2,1,0,0,1,0,0,"-31.615684448111,-60.705455261906",Avenida,,SANTA FE,La Capital,Asfalto,No existe,I,Dentro,Urbana,Semáforo,Funciona,Intersección,Bueno,Buena,Diurna,Buen Tiempo,Lateral,S/D,Colisión,Ninguna,"Horizontal,Vertical",Cordón divisorio,Sin restricción
2020,2271,2020-05-18,Lunes,15:05:00,Autopista Nacional A008,18,2,"Automóvil,Camión",Av. Ovidio Lagos Y Av. Circunvalacion,3,1,0,0,2,0,0,"-33.00791, -60.67702",Autopista,A008,ROSARIO,Rosario,Asfalto,Natural,II,Dentro,Urbana,Ninguna,No existe,Recta,Bueno,Buena,Diurna,Buen Tiempo,S/D,S/D,Colisión,Ninguna,Faltante,Guardarrail,Sin restricción
2020,2272,2020-03-11,Miercoles,18:00:00,,0,2,"Automóvil,Moto/Ciclomotor",Av. Ntra.Sra.del Rosario Y Paraguay,2,1,0,0,1,0,0,"-33.00003420058,-60.654838011242",Avenida,,ROSARIO,Rosario,Asfalto,No existe,II,Dentro,Urbana,Ninguna,No existe,Intersección,Bueno,Buena,Atardecer,Buen Tiempo,Lateral,S/D,Colisión,Ninguna,Faltante,Ninguna,Sin restricción
2020,2273,2020-03-03,Martes,9:00:00,Ruta Provincial 21,0,2,"Moto/Ciclomotor,Automóvil",Av Gral San Martin Y Emilio Zola,2,1,0,0,1,0,0,"-33.028839241027,-60.620828489704",Ruta,21,VILLA GOBERNADOR GÁLVEZ,Rosario,Asfalto,No existe,II,Dentro,Urbana,Paso Peatonal,No existe,Intersección,Bueno,Buena,Diurna,Buen Tiempo,Lateral,S/D,Colisión,Ninguna,Horizontal,"Cordón divisorio,Línea divisoria pintada,Ninguna",Sin restricción
2020,2274,2020-05-18,Lunes,15:00:00,,0,2,"Pickup/Utilitario,Moto/Ciclomotor",Tucuman Y De las Americas,3,1,0,0,2,0,0,"-30.94058, -61.54754",Calle,,SUNCHALES,Castellanos,Asfalto,No existe,V,Dentro,Urbana,Ninguna,No existe,Intersección,Bueno,Buena,Diurna,Buen Tiempo,Lateral,S/D,Colisión,Ninguna,Faltante,Ninguna,Sin restricción
2020,2275,2020-03-19,Jueves,,,0,2,"Pickup/Utilitario,Automóvil",La Paz Y Pedro Centeno,2,1,0,0,1,0,0,"-31.624351708981,-60.715085398816",Calle,,SANTA FE,La Capital,Asfalto,No existe,I,Dentro,Urbana,Ninguna,No existe,Intersección,Bueno,Buena,Diurna,Buen Tiempo,Lateral,S/D,Colisión,Ninguna,Faltante,Ninguna,Sin restricción
2020,2276,2020-03-07,Sabado,15:00:00,,0,2,"Moto/Ciclomotor,Pickup/Utilitario",Alvear Y Piazza,2,1,0,0,1,0,0,"-33.019540461294,-60.611339624942",Calle,,VILLA GOBERNADOR GÁLVEZ,Rosario,Asfalto,No existe,II,Dentro,Urbana,Ninguna,No existe,Intersección,Bueno,Buena,Diurna,Buen Tiempo,Lateral,S/D,Colisión,Ninguna,Faltante,Ninguna,Sin restricción
2020,2277,2020-03-12,Jueves,8:40:00,,0,2,"Pickup/Utilitario,Automóvil",Dorrego Y Gaboto,4,2,0,0,2,0,0,"-32.97135248106,-60.656003810864",Calle,,ROSARIO,Rosario,Asfalto,No existe,II,Dentro,Urbana,Señal Pare,No existe,Intersección,Bueno,Buena,Diurna,Buen Tiempo,Lateral,S/D,Colisión,Ninguna,Vertical,Ninguna,Sin restricción
2020,2278,2020-05-18,Lunes,12:30:00,,0,2,"Automóvil,Moto/Ciclomotor",Italia Y Paso de los Andes,3,2,0,0,1,0,0,"-32.47608, -61.58042",Calle,,LAS ROSAS,Belgrano,Asfalto,No existe,III,Dentro,Urbana,Semáforo,Funciona,Intersección,Bueno,S/D,Diurna,Buen Tiempo,De alcance,S/D,Colisión,Ninguna,S/D,Ninguna,Sin restricción
2020,2279,2020-02-02,Domingo,2:20:00,,0,2,"Moto/Ciclomotor,Automóvil",Boulevard Solis Y Obispo de Oro,3,1,0,0,1,1,0,"-33.45084, -61.48397",Calle,,FIRMAT,General LÓPEZ,S/D,No existe,VIII,Dentro,Urbana,S/D,S/D,Intersección,S/D,S/D,Nocturna,S/D,S/D,S/D,Colisión,S/D,S/D,S/D,S/D
2020,2280,2020-05-18,Lunes,20:35:00,,0,2,"Bicicleta,Moto/Ciclomotor",Juan Bautista Alberdi Y Falucho,2,1,0,0,1,0,0,"-31.6829, -60.7585",Calle,,SANTO TOMÉ,La Capital,Asfalto,S/D,I,Dentro,Urbana,Paso Peatonal,No existe,Intersección,Bueno,Buena,"Nocturna,Con luz artificial",Buen Tiempo,S/D,Ciclista,Atropello,S/D,S/D,Ninguna,Sin restricción
2020,2281,2020-02-01,Sabado,4:30:00,Ruta Provincial 20,167,1,Moto/Ciclomotor,Rivadavia,1,0,0,0,0,1,0,"-31.56514, -61.89365",Ruta,20,ZENÓN PEREYRA,Castellanos,S/D,S/D,V,Dentro,Urbana,S/D,S/D,Curva,S/D,S/D,Nocturna,S/D,Contra objeto fijo,S/D,Colisión,S/D,S/D,S/D,S/D
2020,2282,2020-03-15,Domingo,12:30:00,,0,1,Moto/Ciclomotor,Bv. Segui Y Sarmiento,2,1,0,0,1,0,0,"-32.978962429421,-60.646343767061",Avenida,,ROSARIO,Rosario,Asfalto,No existe,II,Dentro,Urbana,Ninguna,No existe,Intersección,Bueno,Buena,Diurna,Buen Tiempo,S/D,S/D,Cañda ocupante,Ninguna,Vertical,Ninguna,Sin restricción
2020,2283,2020-03-16,Lunes,,,0,2,"Moto/Ciclomotor,Automóvil",Av Lopez y Planes Y Bolivia,2,1,0,0,1,0,0,"-31.623656526768,-60.713609809984",Avenida,,SANTA FE,La Capital,Asfalto,No existe,I,Dentro,Urbana,Ninguna,Funciona,Intersección,Bueno,Buena,Diurna,Buen Tiempo,Lateral,S/D,Colisión,Ninguna,"Horizontal,Vertical",Cordón divisorio,Sin restricción
2020,2284,2020-05-18,Lunes,12:05:00,,0,2,"Moto/Ciclomotor,Automóvil",Entre Rios 10400,2,1,0,0,1,0,0,"-31.48688, -60.72946",Calle,,RECREO,La Capital,Asfalto,Pavimento,I,Dentro,Urbana,Ninguna,No existe,Recta,Bueno,Buena,Diurna,Buen Tiempo,Lateral,S/D,Colisión,S/D,Horizontal,Cordón divisorio,Sin restricción
2020,2285,2020-03-07,Sabado,12:45:00,Ruta Provincial 21,0,2,"Moto/Ciclomotor,Automóvil",Av Gral San Martin 3200,2,1,0,0,1,0,0,"-33.038782038182,-60.613110352266",Ruta,21,VILLA GOBERNADOR GÁLVEZ,Rosario,Asfalto,No existe,II,Dentro,Urbana,Semáforo,Funciona,Recta,Bueno,Buena,Diurna,Buen Tiempo,Lateral,S/D,Colisión,Ninguna,"Horizontal,Vertical",Cordón divisorio,Sin restricción
2020,2286,2020-03-12,Jueves,20:50:00,,0,2,"Peatón,Moto/Ciclomotor",Alzugaray Y San Martin,2,1,0,0,1,0,0,"-33.013050360811,-60.651443046722",Avenida,,ROSARIO,Rosario,Asfalto,No existe,II,Dentro,Urbana,Semáforo,Funciona,Intersección,Bueno,Buena,Diurna,Buen Tiempo,S/D,Peatón,Atropello,Ninguna,"Horizontal,Vertical",Línea divisoria pintada,Sin restricción
2020,2288,2020-03-14,Sabado,19:40:00,,0,2,"Moto/Ciclomotor,Pickup/Utilitario",Centenario Y Laprida,3,2,0,0,1,0,0,"-33.004170721876,-60.646916087475",Calle,,ROSARIO,Rosario,Asfalto,No existe,II,Dentro,Urbana,Ninguna,No existe,Intersección,Bueno,Buena,Diurna,Buen Tiempo,Frontal,S/D,Colisión,Ninguna,Faltante,Ninguna,Sin restricción
2020,2289,2020-02-08,Sabado,5:50:00,Ruta Nacional 11,467,1,Moto/Ciclomotor,Av Circunvalaci�n Y Mendoza,1,0,0,0,0,1,0,"-31.6406, -60.73993",Ruta,11,SANTA FE,La Capital,Asfalto,Natural,I,Dentro,Urbana,Ninguna,No existe,Recta,Bueno,S/D,Nocturna,S/D,S/D,S/D,Cañda ocupante,Ninguna,Faltante,Guardarrail,Sin restricción
2020,2290,2020-03-12,Jueves,7:10:00,Autopista Nacional A007,0,2,"Bicicleta,Automóvil",Av Circunvalaci�n Y Iturraspe,2,1,0,0,1,0,0,"-31.625652288157,-60.718757928978",Autopista,A007,SANTA FE,La Capital,Asfalto,No existe,I,Dentro,Urbana,Ninguna,No existe,Intersección,Bueno,Buena,Diurna,Buen Tiempo,S/D,Ciclista,Atropello,Ninguna,"Horizontal,Vertical","Cordón divisorio,Vegetación",Sin restricción
2020,2291,2020-03-07,Sabado,17:45:00,,0,2,"Moto/Ciclomotor,Automóvil",Andreu Y Libertad,3,1,0,0,2,0,0,"-33.020525750705,-60.613588655753",Calle,,VILLA GOBERNADOR GÁLVEZ,Rosario,Asfalto,No existe,II,Dentro,Urbana,Ninguna,No existe,Intersección,Con baches,Buena,Diurna,Buen Tiempo,Lateral,S/D,Colisión,Agua,Faltante,Ninguna,Sin restricción
2020,2292,2020-02-07,Viernes,18:30:00,,0,1,Automóvil,,1,0,0,0,0,1,0,"-30.87007, -61.33476",Camino Rural,,HUMBERTO 1°,Castellanos,S/D,S/D,V,Dentro,Rural,S/D,S/D,Recta,S/D,S/D,Diurna,S/D,S/D,S/D,Despiste,S/D,S/D,S/D,S/D
2020,2293,2020-03-20,Viernes,9:35:00,,0,2,"Automóvil,Automóvil",Ameghino Y Pte.Roca,2,1,0,0,1,0,0,"-32.985859160235,-60.655363047213",Calle,,ROSARIO,Rosario,Asfalto,No existe,II,Dentro,Urbana,Ninguna,No existe,Intersección,Bueno,Buena,Diurna,Buen Tiempo,Lateral,S/D,Colisión,Ninguna,Faltante,Ninguna,Sin restricción
2020,2294,2020-03-17,Martes,13:30:00,,0,2,"Automóvil,Moto/Ciclomotor",CARLOS CHAPERAUGE Y CERVERA,3,1,1,0,1,0,0,"-31.695332, -60.757368",Calle,,SANTO TOMÉ,La Capital,Ripio,No existe,I,Dentro,Urbana,Ninguna,No existe,Intersección,Deteriorada,Buena,Diurna,Buen Tiempo,Lateral,S/D,Colisión,Agua,Faltante,Ninguna,Sin restricción
2020,2295,2020-03-08,Domingo,0:20:00,,0,2,"Moto/Ciclomotor,Automóvil",Av Juan Domingo Peron Y Garay,2,1,0,0,1,0,0,"-33.022421632485,-60.622206997856",Avenida,,VILLA GOBERNADOR GÁLVEZ,Rosario,Asfalto,No existe,II,Dentro,Urbana,Ninguna,No existe,Intersección,Bueno,Buena,"Nocturna,Con luz artificial",Buen Tiempo,Lateral,S/D,Colisión,Ninguna,Faltante,Cordón divisorio,Sin restricción
2020,2296,2020-05-18,Lunes,11:15:00,,0,2,"Moto/Ciclomotor,Automóvil",Juan de Garay Y Saavedra,2,1,0,0,1,0,0,"-31.6509, -60.71738",Calle,,SANTA FE,La Capital,Asfalto,No existe,I,S/D,Urbana,Ninguna,No existe,Intersección,Bueno,Buena,Diurna,Buen Tiempo,Lateral,S/D,Colisión,Ninguna,Faltante,Ninguna,Sin restricción
2020,2297,2020-03-13,Viernes,19:15:00,Ruta Nacional 11,0,2,"Automóvil,Moto/Ciclomotor",Saavedra Miguel de Cervantes Y Ruta 11 Avenida Richieri,2,1,0,0,1,0,0,"-31.687670, -60.771970",Ruta,11,SANTO TOMÉ,La Capital,Ripio,No existe,I,Dentro,Urbana,Ninguna,No existe,Intersección,"Con baches,Deteriorada",Buena,Atardecer,Buen Tiempo,Lateral,S/D,Colisión,Ninguna,Faltante,Ninguna,Sin restricción
2020,2298,2020-03-13,Viernes,5:30:00,,0,1,Automóvil,Domingo Gonzalez Y Velez Sarfield,1,0,1,0,0,0,0,"-33.015635311603546,-60.62069177627",Calle,,VILLA GOBERNADOR GÁLVEZ,Rosario,Asfalto,No existe,II,Dentro,Urbana,Ninguna,No existe,Recta,Bueno,Buena,Nocturna,Buen Tiempo,Contra objeto fijo,S/D,Colisión,Ninguna,Faltante,Ninguna,Sin restricción
2020,2299,2020-05-18,Lunes,22:35:00,,0,2,"Moto/Ciclomotor,Automóvil",Avellaneda Y Pedro Diaz Colodrero,2,1,0,0,1,0,0,"-31.62879, -60.68508",Calle,,SANTA FE,La Capital,Asfalto,No existe,I,Dentro,Urbana,S/D,No existe,Intersección,Bueno,S/D,Nocturna,S/D,Lateral,S/D,Colisión,S/D,S/D,S/D,S/D
2020,2300,2020-02-09,Domingo,14:50:00,,0,1,Moto/Ciclomotor,Av Juan Domingo Peron 1100,2,1,0,0,0,1,0,"-33.014394, -60.615639",Calle,,VILLA GOBERNADOR GÁLVEZ,Rosario,Asfalto,No existe,II,Dentro,Urbana,Ninguna,No existe,Recta,Bueno,S/D,Diurna,S/D,S/D,S/D,Cañda ocupante,Ninguna,Faltante,Ninguna,Sin restricción
2020,2301,2020-03-08,Domingo,15:00:00,,0,2,"Bicicleta,Automóvil",JUAN PABLO II,2,1,0,0,1,0,0,"-33.014896, -60.621828",Calle,,VILLA GOBERNADOR GÁLVEZ,Rosario,Asfalto,No existe,II,Dentro,Urbana,Ninguna,No existe,Cruce,Bueno,Buena,Diurna,Buen Tiempo,S/D,Ciclista,Atropello,Ninguna,Faltante,Ninguna,Sin restricción
2020,2302,2020-03-09,Lunes,12:00:00,,0,2,"Automóvil,Moto/Ciclomotor",Balcarce Y Belgrano,3,0,1,0,2,0,0,"-31.677672708383,-60.763365765548",Calle,,SANTA FE,La Capital,Asfalto,No existe,I,Dentro,Urbana,Ninguna,No existe,Intersección,Bueno,Buena,Diurna,Buen Tiempo,Lateral,S/D,Colisión,Ninguna,Faltante,Ninguna,Sin restricción
2020,2303,2020-05-18,Lunes,23:20:00,,0,2,"Camión,Moto/Ciclomotor",9 de Julio Y La Rioja,2,1,0,0,1,0,0,"-31.64511, -60.70882",Calle,,SANTA FE,La Capital,Asfalto,Pavimento,I,Dentro,Urbana,Ninguna,No existe,Intersección,S/D,Buena,"Nocturna,Con luz artificial",S/D,Lateral,S/D,Colisión,Ninguna,Faltante,Ninguna,Sin restricción
2020,2304,2020-03-12,Jueves,16:45:00,Ruta Provincial 2,49,1,Automóvil,,1,1,0,0,0,0,0,"-31.17057, -60.61977",Ruta,2,LAGUNA PAIVA,La Capital,Asfalto,No existe,I,Dentro,Rural,Marca Vial,No existe,Recta,Bueno,Buena,Diurna,Buen Tiempo,S/D,S/D,Despiste,Ninguna,Horizontal,Línea divisoria pintada,Sin restricción