anio_acci,nro_acci,fecha,desc_dia,hora_aprox,desc_ruta,km,cant_participantes,desc_participante,calle_avenida_km,total,heridos_leves,heridos_graves,heridos_gravisimos,ilesos,fallecidos,sin_datos,posicion_XY,desc_tipo_via,desc_ruta_ori,desc_loc,desc_dpto,desc_tipo_calzada,desc_tipo_banquina,desc_unidad_regional,desc_lugar_calzada,desc_zona,desc_prioridad,desc_estado_semaforo,desc_lugar_via,desc_estado_via,desc_estado_visibilidad,desc_luminosidad,desc_estado_clima,desc_tipo_colision,desc_tipo_atropello,desc_tipo_hecho,desc_pres_calzada,desc_senializacion,desc_separacion_via,desc_restriccion
2020,2369,2020-04-29,Miercoles,17:45:00,,0,1,Moto/Ciclomotor,Avda 25 de Mayo Y Dorrego,1,0,1,0,0,0,0,"    -32.02818, -61.21823",Avenida,,GÁLVEZ,San JERÓNIMO,Asfalto,S/D,XV,Dentro,Urbana,S/D,S/D,Intersección,S/D,S/D,Diurna,S/D,Contra objeto fijo,S/D,Colisión,S/D,S/D,S/D,Sin restricción
2020,2370,2020-04-28,Martes,21:00:00,Autopista Provincial Brigadier E.LÓPEZ,78,1,Automóvil,,1,1,0,0,0,0,0,"    -32.26159, -60.99157",Autopista,Brigadier E.LÓPEZ,BARRANCAS,San JERÓNIMO,Asfalto,Ripio,XV,Dentro,Rural,S/D,No existe,Recta,S/D,S/D,Nocturna,S/D,S/D,S/D,Despiste,S/D,S/D,S/D,S/D
2020,2371,2020-07-13,Lunes,9:35:00,,0,2,"Pickup/Utilitario,Moto/Ciclomotor",Mendoza Y Dr Zavalla,2,1,0,0,1,0,0,"-31.64588, -60.72006",Calle,,SANTA FE,La Capital,Hormigón,No existe,I,Dentro,Urbana,Ninguna,No existe,S/D,Bueno,Buena,Diurna,Buen Tiempo,Lateral,S/D,Colisión,Ninguna,Faltante,Ninguna,Sin restricción
2020,2372,2020-07-10,Viernes,10:45:00,,0,2,"Automóvil,Pickup/Utilitario",Saavedra Y La Rioja,2,1,0,0,1,0,0,"-31.64356, -60.71529",Calle,,SANTA FE,La Capital,Hormigón,No existe,I,Dentro,Urbana,Ninguna,No existe,Intersección,Con baches,Buena,Diurna,Buen Tiempo,Lateral,S/D,Colisión,Ninguna,Faltante,Ninguna,Sin restricción
2020,2373,2020-07-12,Domingo,7:00:00,,0,1,Moto/Ciclomotor,Juan Del Campillo Y Av Pte Peron,2,1,0,0,0,1,0,"-31.62679, -60.71885",Avenida,,SANTA FE,La Capital,Asfalto,No existe,I,S/D,Urbana,Semáforo,Funciona,Intersección,Bueno,Buena,Diurna,Buen Tiempo,S/D,S/D,Cañda ocupante,Ninguna,Vertical,Línea divisoria pintada,Sin restricción
2020,2374,2020-07-16,Jueves,16:20:00,,0,2,"Moto/Ciclomotor,Moto/Ciclomotor",Av Pte Peron Y Fray C Rodriguez,2,0,0,0,0,0,2,"-31.6182, -60.71858",Avenida,,SANTA FE,La Capital,Asfalto,No existe,I,S/D,Urbana,Semáforo,Funciona,Intersección,Bueno,Buena,Diurna,Buen Tiempo,Lateral,S/D,Colisión,Ninguna,Vertical,Línea divisoria pintada,Sin restricción
2020,2375,2020-03-21,Sabado,,,0,2,"Moto/Ciclomotor,Automóvil",,2,0,1,0,1,0,0,"-31.45188868045809,-60.933413207531",S/D,,ESPERANZA,Las Colonias,S/D,S/D,XI,Dentro,S/D,S/D,S/D,S/D,S/D,S/D,S/D,S/D,S/D,S/D,Colisión,S/D,S/D,S/D,S/D
2020,2376,2020-04-27,Lunes,,Ruta Provincial 65,31,2,"Camión,Camión",,2,1,0,0,1,0,0,"    -32.35058, -61.30713",Ruta,65,SAN GENARO,San JERÓNIMO,Hormigón,Ripio,XV,Dentro,Rural,Ninguna,No existe,Puente,S/D,S/D,Nocturna,S/D,S/D,S/D,Colisión,S/D,S/D,S/D,S/D
2020,2377,2020-07-10,Viernes,18:30:00,,0,2,"Moto/Ciclomotor,Bicicleta",Av Facundo Zuviria Y Pedro Ferre,3,1,0,0,2,0,0,"-31.62543, -60.70524",Avenida,,SANTA FE,La Capital,Asfalto,No existe,I,Dentro,Urbana,Ninguna,No existe,Intersección,Bueno,S/D,Diurna,Buen Tiempo,S/D,Ciclista,Atropello,Ninguna,S/D,Ninguna,Sin restricción
2020,2379,2020-04-28,Martes,,Ruta Provincial 14,0,1,Camión c / Acoplado,,1,1,0,0,0,0,0,"    -34.0097, -61.92351",Ruta,14,MARÍA TERESA,General LÓPEZ,Asfalto,Pavimento,VIII,Dentro,Rural,Ninguna,No existe,Recta,S/D,S/D,Diurna,S/D,S/D,S/D,Vuelco,S/D,S/D,Ninguna,S/D
2020,2380,2020-07-09,Jueves,12:30:00,,0,2,"Moto/Ciclomotor,Automóvil",Av Freyre Y Corrientes,2,1,0,0,1,0,0,"-31.65168, -60.72033",Calle,,SANTA FE,La Capital,Asfalto,No existe,I,Dentro,Urbana,Ninguna,Funciona,Intersección,Bueno,Buena,Diurna,Buen Tiempo,Lateral,S/D,Colisión,Ninguna,Faltante,Ninguna,Sin restricción
2020,2381,2020-03-19,Jueves,19:10:00,Ruta Secundaria 49-s,0,2,"Pickup/Utilitario,Moto/Ciclomotor",Av Alberdi Y Gral Bolivar,3,0,1,0,2,0,0,"-31.898052844871,-61.848715980009",Ruta,49-s,SAN JORGE,San MARTÍN,Asfalto,No existe,XVIII,Dentro,Urbana,Paso Peatonal,No existe,Intersección,S/D,S/D,Nocturna,S/D,S/D,S/D,Colisión,S/D,Horizontal,Cordón divisorio,S/D
2020,2382,2020-04-28,Martes,,,0,1,Transporte de Pasajeros Urbano (> 8 asientos),Pavon 5400,1,1,0,0,0,0,0,"    -32.99947, -60.63416",Calle,,ROSARIO,Rosario,S/D,No existe,II,Fuera,Urbana,S/D,S/D,Intersección,S/D,S/D,S/D,S/D,Contra objeto fijo,S/D,Colisión,S/D,S/D,S/D,S/D
2020,2383,2020-03-19,Jueves,,,0,2,"Camión,Moto/Ciclomotor",,2,1,0,0,1,0,0,"-31.451894044876063,-60.93337833881",S/D,,ESPERANZA,Las Colonias,S/D,S/D,XI,Dentro,S/D,S/D,S/D,S/D,S/D,S/D,S/D,S/D,S/D,S/D,Colisión,S/D,S/D,S/D,S/D
2020,2384,2020-04-28,Martes,6:00:00,Ruta Nacional 11,587,1,Camión,,2,2,0,0,0,0,0,"    -31.50138, -60.72842",Ruta,11,RECREO,La Capital,Hormigón,S/D,I,Dentro,Rural,S/D,No existe,Recta,S/D,S/D,Amanecer,S/D,S/D,S/D,Vuelco,S/D,S/D,S/D,S/D
2020,2385,2020-07-13,Lunes,12:30:00,,0,2,"Moto/Ciclomotor,Pickup/Utilitario",San Juan Y 3 de Febrero,2,1,0,0,1,0,0,"-31.65575, -60.72461",Calle,,SANTA FE,La Capital,Asfalto,No existe,I,Dentro,Urbana,Ninguna,No existe,Intersección,Bueno,Buena,Diurna,Buen Tiempo,Lateral,S/D,Colisión,Ninguna,Faltante,Ninguna,Sin restricción
2020,2386,2020-04-30,Jueves,,,0,2,"Moto/Ciclomotor,Automóvil",Calle 8,2,1,0,0,1,0,0,"    -29.11766, -59.66118",Avenida,,AVELLANEDA,General Obligado,Asfalto,S/D,IX,Dentro,Urbana,Ninguna,S/D,Intersección,S/D,S/D,Diurna,S/D,Lateral,S/D,Colisión,S/D,S/D,S/D,S/D
2020,2387,2020-03-17,Martes,9:53:00,Autovía Nacional 19,48.6,2,"Moto/Ciclomotor,Camión c / Semirremolque",,3,1,0,0,1,1,0,"-31.592823, -61.267962",Autovía,19,SA PEREIRA,Las Colonias,Asfalto,Pavimento,XI,Dentro,Rural,Marca Vial,No existe,Recta,Bueno,Reducida,Diurna,Lluvia,De alcance,S/D,Colisión,Agua,S/D,"Vegetación,S/D",Sin restricción
2020,2388,2020-03-19,Jueves,,,0,2,"Automóvil,Moto/Ciclomotor",,2,0,1,0,1,0,0,"-31.75920546054842,-61.102928817272",S/D,,SAN CARLOS SUR,Las Colonias,S/D,S/D,XI,Dentro,S/D,S/D,S/D,S/D,S/D,S/D,S/D,S/D,S/D,S/D,Colisión,S/D,S/D,S/D,S/D
2020,2389,2020-03-19,Jueves,,,0,2,"Moto/Ciclomotor,Automóvil",Boulevard 9 de julio Y General Simon Bolivar,2,1,0,0,1,0,0,"-33.047430701523,-61.148997941595",Avenida,,CASILDA,Caseros,Asfalto,No existe,IV,Dentro,Urbana,Ninguna,No existe,Intersección,S/D,S/D,S/D,S/D,S/D,S/D,Colisión,S/D,Faltante,Ninguna,S/D
2020,2390,2020-03-19,Jueves,13:05:00,,0,2,"Moto/Ciclomotor,Moto/Ciclomotor",Liniers Y Pellegrini,2,2,0,0,0,0,0,"-33.031856073157,-60.643799283922",Calle,,VILLA GOBERNADOR GÁLVEZ,Rosario,"Asfalto,Tierra",No existe,II,Dentro,Urbana,Ninguna,No existe,Intersección,S/D,S/D,Diurna,S/D,S/D,S/D,Colisión,S/D,Faltante,Ninguna,S/D
2020,2391,2020-03-17,Martes,18:00:00,,0,2,"Moto/Ciclomotor,Automóvil",Chacabuco Y Rueda,3,2,0,0,1,0,0,"-32.973786027858,-60.629000385329",Calle,,ROSARIO,Rosario,Asfalto,No existe,II,Dentro,Urbana,Ninguna,No existe,Intersección,S/D,S/D,Diurna,S/D,S/D,S/D,Colisión,S/D,Faltante,Ninguna,S/D
2020,2392,2020-03-05,Jueves,,,0,1,Automóvil,Av Brasil 1300,1,1,0,0,0,0,0,"-31.245904711659,-61.474658698716",Avenida,,RAFAELA,Castellanos,Asfalto,No existe,V,Dentro,Urbana,Ninguna,No existe,Recta,Bueno,S/D,S/D,S/D,Contra objeto fijo,S/D,Colisión,Ninguna,Faltante,Ninguna,Sin restricción
2020,2393,2020-03-05,Jueves,,,0,2,"Moto/Ciclomotor,Automóvil",,3,2,0,0,1,0,0,"-31.448825188884307,-60.93028956909",S/D,,ESPERANZA,Las Colonias,S/D,S/D,XI,Dentro,Urbana,S/D,S/D,Recta,S/D,S/D,S/D,S/D,De alcance,S/D,Colisión,S/D,S/D,S/D,S/D
2020,2394,2020-03-05,Jueves,18:50:00,,0,2,"Moto/Ciclomotor,Automóvil",San Juan Y Salta,2,1,0,0,1,0,0,"-32.455216176586,-60.893449190162",Calle,,MACIEL,San JERÓNIMO,S/D,No existe,XV,Dentro,Urbana,S/D,S/D,Intersección,S/D,Buena,Diurna,S/D,Lateral,S/D,Colisión,S/D,S/D,Ninguna,S/D
2020,2395,2020-03-05,Jueves,17:55:00,,0,2,"Moto/Ciclomotor,Pickup/Utilitario",España Y Mitre B,2,1,0,0,1,0,0,"-29.457669211841,-60.213938825836",Calle,,VERA,Vera,S/D,S/D,XIX,Dentro,Urbana,S/D,S/D,Intersección,S/D,S/D,Diurna,S/D,Lateral,S/D,Colisión,S/D,S/D,S/D,Sin restricción
2020,2396,2020-03-06,Viernes,,,0,2,"Moto/Ciclomotor,Moto/Ciclomotor",,2,1,0,0,1,0,0,"-31.448825188884307,-60.93028956909",S/D,,ESPERANZA,Las Colonias,S/D,S/D,XI,S/D,S/D,S/D,S/D,S/D,S/D,S/D,S/D,S/D,S/D,S/D,Colisión,S/D,S/D,S/D,S/D
2020,2397,2020-03-06,Viernes,14:00:00,Ruta Nacional 34,0,3,"Automóvil,Camión c / Acoplado,Camión c / Acoplado",Ruta Prov 65,5,5,0,0,0,0,0,"-32.371568, -61.359991",Ruta,34,SAN GENARO,San JERÓNIMO,Asfalto,Natural,XV,S/D,S/D,Ninguna,No existe,Intersección,Bueno,S/D,Diurna,S/D,Múltiple,S/D,Colisión,Ninguna,Faltante,"Cordón divisorio,Línea divisoria pintada,S/D",Sin restricción
2020,2398,2020-03-18,Miercoles,20:00:00,,0,1,Moto/Ciclomotor,1ro de Mayo Y Corrientes,1,1,0,0,0,0,0,"-29.46607768535614,-60.208978056907",Calle,,VERA,Vera,S/D,No existe,XIX,Dentro,Urbana,S/D,S/D,Intersección,S/D,S/D,Nocturna,S/D,S/D,S/D,Cañda ocupante,S/D,S/D,S/D,S/D
2020,2399,2020-07-15,Miercoles,12:25:00,,0,2,"Moto/Ciclomotor,Automóvil",Av 27 de Febrero Y Belgrano,3,2,0,0,1,0,0,"-31.64665, -60.70146",Calle,,SANTA FE,La Capital,Asfalto,No existe,I,S/D,Urbana,Semáforo,Funciona,S/D,Bueno,Buena,Diurna,Buen Tiempo,Lateral,S/D,Colisión,Ninguna,S/D,Ninguna,Sin restricción
2020,2400,2020-03-18,Miercoles,13:30:00,Ruta Provincial 10,0,1,Automóvil,Avda 25 de Mayo Y Bvard 20 de Junio,1,1,0,0,0,0,0,"-32.026441372105,-61.215322827114",Ruta,10,GÁLVEZ,San JERÓNIMO,Hormigón,No existe,XV,Dentro,Urbana,Ninguna,No existe,Intersección,Bueno,Buena,Diurna,Buen Tiempo,Atropello animal,S/D,Colisión,Ninguna,Faltante,Cordón divisorio,Sin restricción
2020,2401,2020-07-10,Viernes,22:40:00,,0,2,"Automóvil,Moto/Ciclomotor",Rivadavia Y Junin,2,1,0,0,1,0,0,"-31.63937, -60.70214",Calle,,SANTA FE,La Capital,Asfalto,Pavimento,I,Dentro,Urbana,Semáforo,Funciona,Intersección,Bueno,Buena,"Nocturna,Con luz artificial",Buen Tiempo,Lateral,S/D,Colisión,Ninguna,S/D,Ninguna,S/D
2020,2402,2020-03-04,Miercoles,,Ruta Provincial Brigadier E.LÓPEZ,0,1,Automóvil,,2,1,0,0,1,0,0,"-32.274187, -60.986440",Ruta,Brigadier E.LÓPEZ,BARRANCAS,San JERÓNIMO,Asfalto,No existe,XV,Fuera,Rural,S/D,No existe,Recta,Bueno,S/D,S/D,S/D,S/D,S/D,"Vuelco,Despiste",Ninguna,Faltante,Línea divisoria pintada,Sin restricción
2020,2403,2020-07-19,Domingo,6:40:00,,0,2,"Moto/Ciclomotor,Moto/Ciclomotor",H Irigoyen Y Moreno,4,2,0,0,2,0,0,"-32.95883, -60.693",Calle,,ROSARIO,Rosario,Asfalto,No existe,II,Dentro,Urbana,Ninguna,No existe,Intersección,Bueno,Buena,Nocturna,Buen Tiempo,Lateral,S/D,Colisión,Ninguna,Faltante,Ninguna,Sin restricción
2020,2404,2020-05-01,Viernes,21:15:00,,0,2,"Moto/Ciclomotor,Moto/Ciclomotor",Av. Circunvalacion,3,2,0,0,1,0,0,"-32.94836, -60.72196",S/D,,ROSARIO,Rosario,S/D,S/D,II,S/D,S/D,S/D,S/D,S/D,S/D,S/D,S/D,S/D,S/D,S/D,S/D,S/D,S/D,S/D,S/D
2020,2405,2020-07-15,Miercoles,15:00:00,,0,2,"Moto/Ciclomotor,Automóvil",Belgrano Y Presbitero Jose Houriet,2,1,0,0,1,0,0,"-29.46227, -60.21236",Calle,,VERA,Vera,Asfalto,No existe,XIX,Dentro,Urbana,Ninguna,No existe,Intersección,Bueno,Buena,Diurna,Buen Tiempo,Lateral,S/D,Colisión,Ninguna,Vertical,Ninguna,Sin restricción
2020,2406,2020-06-02,Martes,12:30:00,,0,2,"Automóvil,Moto/Ciclomotor",Lisandro de la Torre Y Mariano Moreno,2,0,1,0,1,0,0,"-31.250024974211,-61.502142808795",Calle,,RAFAELA,Castellanos,Asfalto,No existe,V,Dentro,Urbana,Paso Peatonal,No existe,Intersección,Bueno,Buena,Diurna,Buen Tiempo,Frontal,S/D,Colisión,S/D,Horizontal,Ninguna,Sin restricción
2020,2407,2020-05-06,Miercoles,,,0,2,"Automóvil,Automóvil",Av. Circunvalacion Y Av. Uriburu,2,2,0,0,0,0,0,"-32.99236, -60.70276",S/D,,ROSARIO,Rosario,S/D,S/D,II,S/D,S/D,S/D,S/D,S/D,S/D,S/D,S/D,S/D,S/D,S/D,S/D,S/D,S/D,S/D,S/D
2020,2408,2020-07-10,Viernes,11:25:00,,0,2,"Bicicleta,Pickup/Utilitario",Mitre Y Juan De Garay,2,1,0,0,1,0,0,"-29.88571, -60.27978",Calle,,CALCHAQUÍ,Vera,Tierra,No existe,XIX,S/D,Urbana,Ninguna,No existe,Intersección,Deteriorada,Buena,Diurna,Buen Tiempo,S/D,Ciclista,Atropello,Ninguna,Faltante,Ninguna,Sin restricción
2020,2409,2020-02-09,Domingo,11:30:00,Ruta Nacional 11,884.8,2,"Automóvil,Moto/Ciclomotor",,5,0,0,0,4,1,0,"-28.4092, -59.26832",Ruta,11,TACUARENDÍ,General Obligado,Asfalto,Natural,IX,Dentro,Rural,Ninguna,No existe,Recta,Bueno,S/D,Diurna,S/D,Lateral,S/D,Colisión,Ninguna,Faltante,Ninguna,Sin restricción
2020,2410,2020-07-10,Viernes,20:30:00,,0,2,"Moto/Ciclomotor,Automóvil",Mitre B,3,1,0,0,2,0,0,"-29.88428, -60.28988",Calle,,VERA,Vera,Asfalto,No existe,XIX,Dentro,Urbana,Ninguna,No existe,Intersección,Bueno,Buena,Con luz artificial,Buen Tiempo,De alcance,S/D,Colisión,Ninguna,Faltante,Ninguna,Sin restricción
2020,2411,2020-07-08,Miercoles,9:35:00,,0,2,"Pickup/Utilitario,Bicicleta",Padre Grenon,2,1,0,0,1,0,0,"-31.44405, -60.94243",S/D,,ESPERANZA,Las Colonias,S/D,S/D,XI,S/D,S/D,S/D,S/D,S/D,S/D,S/D,S/D,S/D,S/D,Ciclista,Atropello,S/D,S/D,S/D,S/D
2020,2412,2020-07-13,Lunes,10:00:00,,0,2,"Moto/Ciclomotor,Automóvil",Dorrego Y Palermo,4,4,0,0,0,0,0,"-32.18685, -61.70783",Calle,,EL TRÉBOL,San MARTÍN,Asfalto,No existe,XVIII,S/D,Urbana,Ninguna,No existe,Recta,Bueno,Buena,Diurna,Buen Tiempo,Lateral,S/D,Colisión,Ninguna,Vertical,Ninguna,Sin restricción
2020,2413,2020-02-16,Domingo,7:45:00,Ruta Nacional 11,422,2,"Moto/Ciclomotor,Pickup/Utilitario",Av L de la Torre-Ruta Nac 11 Y 9 de Julio,3,1,0,0,1,1,0,"-31.9712, -60.92643",Ruta,11,CORONDA,San JERÓNIMO,Asfalto,Natural,XV,Dentro,Urbana,Ninguna,No existe,Recta,Bueno,S/D,Diurna,S/D,S/D,S/D,Colisión,Ninguna,Faltante,Línea divisoria pintada,Sin restricción
2020,2414,2020-07-08,Miercoles,19:50:00,,0,2,"Pickup/Utilitario,Moto/Ciclomotor",Av Los Colonizadores Y Lisandro de la Torre,2,1,0,0,1,0,0,"-31.45111, -60.92133",Calle,,ESPERANZA,Las Colonias,Asfalto,No existe,XI,S/D,Urbana,Otra Señal,No existe,Intersección,Bueno,Buena,Diurna,Buen Tiempo,De alcance,S/D,Colisión,Ninguna,Faltante,Cordón divisorio,Sin restricción
2020,2415,2020-07-12,Domingo,10:20:00,Ruta Secundaria 101-s,0,2,"Bicicleta,Pickup/Utilitario",Avenida Italia Y Remedios de E De San Martin,2,0,1,0,1,0,0,"-29.883188811404, -61.948006111324",Ruta,101-s,CERES,San CRISTÓBAL,Asfalto,S/D,XIII,Dentro,Urbana,Ninguna,No existe,Intersección,Bueno,Buena,Diurna,Buen Tiempo,S/D,Ciclista,Atropello,Ninguna,Faltante,Cordón divisorio,Sin restricción
2020,2416,2020-07-07,Martes,18:15:00,,0,2,"Automóvil,Moto/Ciclomotor",Simon de Iriondo Y Aristobulo del Valle,4,2,0,0,2,0,0,"-31.43792, -60.92702",Calle,,ESPERANZA,Las Colonias,Asfalto,No existe,XI,Dentro,Urbana,Ninguna,No existe,Intersección,Bueno,Buena,Diurna,Buen Tiempo,Frontal,S/D,Colisión,Ninguna,Faltante,Ninguna,Sin restricción
2020,2417,2020-06-24,Miercoles,12:15:00,,0,2,"Automóvil,Moto/Ciclomotor",Santiago del Estero Y 25 de Mayo,2,1,0,0,1,0,0,"-31.638003851533,-60.703220312002",Calle,,SANTA FE,La Capital,Asfalto,No existe,I,Dentro,Urbana,Semáforo,Funciona,Intersección,Bueno,Buena,Diurna,Buen Tiempo,Lateral,S/D,Colisión,Ninguna,"Horizontal,Vertical",Ninguna,Sin restricción
2020,2418,2020-06-14,Domingo,21:30:00,,0,2,"Moto/Ciclomotor,Moto/Ciclomotor",Falucho Y Ituzaingo,2,1,0,0,1,0,0,"-31.256867945194244,-61.49513483047",Calle,,RAFAELA,Castellanos,Asfalto,No existe,V,Dentro,Urbana,Paso Peatonal,No existe,Intersección,Bueno,Buena,Nocturna,Buen Tiempo,Lateral,S/D,Colisión,S/D,Horizontal,Ninguna,Sin restricción
2020,2419,2020-07-09,Jueves,12:15:00,,0,2,"Moto/Ciclomotor,Camión Chasis",9 de Julio Y Pueyrredon,2,1,0,0,1,0,0,"-30.30766, -61.23154",Calle,,SAN CRISTÓBAL,San CRISTÓBAL,Asfalto,No existe,XIII,Dentro,Urbana,Ninguna,No existe,Recta,Bueno,Buena,Diurna,Buen Tiempo,Lateral,S/D,Colisión,Ninguna,Faltante,Ninguna,Sin restricción
2020,2420,2020-06-06,Sabado,18:35:00,,0,1,Moto/Ciclomotor,1ro de Mayo 2217,1,1,0,0,0,0,0,"-30.784753631841,-60.587240548596",Calle,,SAN JUSTO,San Justo,Asfalto,No existe,XVI,Dentro,Urbana,Marca Vial,No existe,Intersección,Bueno,Buena,Nocturna,Buen Tiempo,Atropello animal,S/D,Colisión,Ninguna,"Horizontal,Vertical",Línea divisoria pintada,Sin restricción
2020,2421,2020-07-06,Lunes,17:10:00,,0,2,"Moto/Ciclomotor,Automóvil",Mariano Moreno Y Las Heras,3,1,0,0,2,0,0,"-31.45947, -60.93561",Calle,,ESPERANZA,Las Colonias,Asfalto,No existe,XI,Dentro,Urbana,Ninguna,No existe,Intersección,Bueno,Buena,Diurna,Buen Tiempo,Frontal,S/D,Colisión,Ninguna,Faltante,Ninguna,Sin restricción
2020,2422,2020-07-10,Viernes,12:40:00,,0,2,"Moto/Ciclomotor,Automóvil",Sarmiento Y Saavedra,2,1,0,0,1,0,0,"-30.30741, -61.23903",Calle,,SAN CRISTÓBAL,San CRISTÓBAL,Asfalto,No existe,XIII,Dentro,Urbana,Ninguna,No existe,Intersección,Bueno,Buena,Diurna,Buen Tiempo,Lateral,S/D,Colisión,Ninguna,Vertical,Ninguna,Sin restricción
2020,2423,2020-02-19,Miercoles,18:15:00,Ruta Nacional 11,501,2,"Automóvil,Camión c / Semirremolque",,2,1,0,0,0,1,0,"-31.34422, -60.75234",Ruta,11,IRIONDO,La Capital,Asfalto,Natural,I,Dentro,Rural,Ninguna,No existe,Recta,Bueno,S/D,Diurna,S/D,S/D,S/D,Colisión,Ninguna,Faltante,Ninguna,Sin restricción
2020,2424,2020-07-14,Martes,18:25:00,,0,2,"Automóvil,Camión c / Acoplado",A F Temporelli Y Richieri,2,1,0,0,1,0,0,"-33.03664, -60.65285",Calle,,VILLA GOBERNADOR GÁLVEZ,Rosario,Hormigón,No existe,II,S/D,Urbana,Ninguna,No existe,Intersección,Bueno,Buena,Atardecer,Buen Tiempo,Lateral,S/D,Colisión,Material Suelto,Faltante,Línea divisoria pintada,Sin restricción
2020,2425,2020-07-06,Lunes,14:20:00,,0,1,Moto/Ciclomotor,Av Cordoba Y Gobernador Crespo,1,0,1,0,0,0,0,"-31.44788, -60.93499",Calle,,ESPERANZA,Las Colonias,S/D,S/D,XI,Dentro,Urbana,S/D,S/D,S/D,S/D,S/D,S/D,S/D,S/D,S/D,Cañda ocupante,S/D,S/D,S/D,S/D
2020,2426,2020-07-01,Miercoles,9:00:00,,0,2,"Pickup/Utilitario,Moto/Ciclomotor",1 de Mayo Y Pringles,2,1,0,0,1,0,0,"-31.46074, -60.92602",S/D,,ESPERANZA,Las Colonias,Asfalto,No existe,XI,S/D,S/D,Ninguna,No existe,Intersección,Bueno,Buena,Diurna,Buen Tiempo,Frontal,S/D,Colisión,Ninguna,Faltante,Ninguna,Sin restricción
2020,2427,2020-06-09,Martes,19:20:00,Ruta Nacional 11,0,2,"Pickup/Utilitario,Moto/Ciclomotor",R E De San Martin Y Ruta Nacional 11,2,1,0,0,1,0,0,"-30.78474657995,-60.599275272046",Ruta,11,SAN JUSTO,San Justo,Asfalto,Pavimento,XVI,Dentro,Urbana,Marca Vial,No existe,Intersección,Bueno,Buena,"Nocturna,Con luz artificial",Buen Tiempo,S/D,S/D,Colisión,Ninguna,Horizontal,Línea divisoria pintada,Sin restricción
2020,2429,2020-06-16,Martes,,,0,2,"Automóvil,Moto/Ciclomotor",Bv H Irigoyen Y Jose Hernandez,2,0,1,0,1,0,0,"-31.246265172958374,-61.49586170911",Avenida,,RAFAELA,Castellanos,Asfalto,No existe,V,Dentro,Urbana,Ninguna,No existe,Intersección,Bueno,Buena,Diurna,Buen Tiempo,Lateral,S/D,Colisión,S/D,Faltante,Ninguna,Sin restricción
2020,2430,2020-06-26,Viernes,16:30:00,,0,2,"Automóvil,Moto/Ciclomotor",Rivadavia 2748,2,1,0,0,1,0,0,"-31.644328283992,-60.703629674598",Calle,,SANTA FE,La Capital,Asfalto,Pavimento,I,Dentro,Urbana,Ninguna,No existe,Recta,Bueno,Buena,Diurna,Buen Tiempo,Lateral,S/D,Colisión,Agua,Faltante,Ninguna,Sin restricción
2020,2431,2020-07-16,Jueves,5:50:00,,0,2,"Moto/Ciclomotor,Automóvil",Garay Y Eva Peron,2,1,0,0,1,0,0,"-33.02365, -60.62022",Calle,,VILLA GOBERNADOR GÁLVEZ,Rosario,Asfalto,No existe,II,Dentro,Urbana,Ninguna,No existe,Intersección,Bueno,Buena,"Nocturna,Con luz artificial",Buen Tiempo,De alcance,S/D,Colisión,Ninguna,Faltante,Ninguna,Sin restricción
2020,2432,2020-06-28,Domingo,18:50:00,Ruta Nacional 11,0,2,"Automóvil,Automóvil",Gdor Cabal Y Ruta Nacional 11,4,3,0,0,1,0,0,"-30.77797445224,-60.591053802715",Ruta,11,SAN JUSTO,San Justo,Asfalto,Pavimento,XVI,Dentro,Urbana,Marca Vial,No existe,Intersección,Bueno,Buena,"Nocturna,Con luz artificial",Buen Tiempo,Frontal,S/D,Colisión,Ninguna,Horizontal,Línea divisoria pintada,Sin restricción
2020,2433,2020-07-12,Domingo,19:50:00,,0,2,"Moto/Ciclomotor,Automóvil",Francia Y Av Gral Lopez,3,2,0,0,1,0,0,"-31.65571, -60.71755",Calle,,SANTA FE,La Capital,Asfalto,No existe,I,Dentro,Urbana,Ninguna,No existe,Intersección,Bueno,Buena,Atardecer,Buen Tiempo,Lateral,S/D,Colisión,Ninguna,Faltante,Ninguna,Sin restricción
2020,2434,2020-06-08,Lunes,12:20:00,,0,2,"Moto/Ciclomotor,Automóvil",9 de Julio Y Moreno,2,1,0,0,1,0,0,"-29.500749108239,-59.750597455474",Calle,,ROMANG,San Javier,Asfalto,No existe,XIV,Dentro,Urbana,Ninguna,No existe,Intersección,Bueno,Buena,Diurna,Buen Tiempo,S/D,S/D,Colisión,Ninguna,Faltante,Ninguna,S/D
2020,2435,2020-06-25,Jueves,16:10:00,Ruta Nacional 11,0,2,"Camión c / Semirremolque,Automóvil",Ruta Nacional 11 Y S Martin,2,1,0,0,1,0,0,"-30.78474657995,-60.599275272046",Ruta,11,SAN JUSTO,San Justo,Asfalto,No existe,XVI,Dentro,Urbana,Marca Vial,No existe,Intersección,Bueno,Buena,Diurna,Buen Tiempo,De alcance,S/D,Colisión,Ninguna,Vertical,Línea divisoria pintada,Sin restricción