anio_acci,nro_acci,fecha,desc_dia,hora_aprox,desc_ruta,km,cant_participantes,desc_participante,calle_avenida_km,total,heridos_leves,heridos_graves,heridos_gravisimos,ilesos,fallecidos,sin_datos,posicion_XY,desc_tipo_via,desc_ruta_ori,desc_loc,desc_dpto,desc_tipo_calzada,desc_tipo_banquina,desc_unidad_regional,desc_lugar_calzada,desc_zona,desc_prioridad,desc_estado_semaforo,desc_lugar_via,desc_estado_via,desc_estado_visibilidad,desc_luminosidad,desc_estado_clima,desc_tipo_colision,desc_tipo_atropello,desc_tipo_hecho,desc_pres_calzada,desc_senializacion,desc_separacion_via,desc_restriccion
2020,2502,2020-03-14,Sabado,,,0,2,"Pickup/Utilitario,Moto/Ciclomotor",,2,2,0,0,0,0,0,"-31.45250558853146,-60.934526324272",S/D,,ESPERANZA,Las Colonias,S/D,S/D,XI,Dentro,S/D,S/D,S/D,S/D,S/D,S/D,S/D,S/D,S/D,S/D,Colisión,S/D,S/D,S/D,S/D
2020,2503,2020-03-13,Viernes,,,0,2,"Taxi/Remis,Moto/Ciclomotor",,2,1,0,0,1,0,0,"-31.45314395427706,-60.931680500507",S/D,,ESPERANZA,Las Colonias,S/D,S/D,XI,S/D,S/D,S/D,S/D,S/D,S/D,S/D,S/D,S/D,S/D,S/D,Colisión,S/D,S/D,S/D,S/D
2020,2504,2020-03-04,Miercoles,12:20:00,Ruta Provincial 70,19,2,"Camión,Bicicleta",A Aufranc 1400,2,0,0,0,1,1,0,"-31.44315, -60.92753",Ruta,70,ESPERANZA,Las Colonias,Asfalto,No existe,XI,Dentro,Urbana,Semáforo,Funciona,Intersección,Bueno,S/D,Diurna,S/D,S/D,Ciclista,Atropello,S/D,Vertical,"Ninguna,S/D",Sin restricción
2020,2505,2020-03-05,Jueves,,Autovía Nacional 19,0,2,"Moto/Ciclomotor,Automóvil",,3,1,0,0,2,0,0,"-31.671888828277556,-60.77411949634",Autovía,19,SANTO TOMÉ,La Capital,Asfalto,No existe,I,Dentro,Urbana,Semáforo,No existe,Intersección,Bueno,S/D,S/D,S/D,Lateral,S/D,Colisión,Ninguna,Vertical,Cordón divisorio,Sin restricción
2020,2506,2020-03-06,Viernes,,,0,2,"Automóvil,Moto/Ciclomotor",Bv Estanislao Lopez Y Independencia,3,2,0,0,1,0,0,"-32.897677376355,-60.906740986531",Avenida,,ROLDÁN,San Lorenzo,Asfalto,No existe,XVII,Dentro,Urbana,Ninguna,No existe,Intersección,Bueno,S/D,S/D,S/D,Lateral,S/D,Colisión,Ninguna,Faltante,Ninguna,Sin restricción
2020,2507,2020-03-12,Jueves,,,0,2,"Automóvil,Moto/Ciclomotor",Av Gral Mitre Y Sarmiento,3,1,1,0,1,0,0,"-31.769390030622,-61.829334133491",Avenida,,SASTRE,San MARTÍN,Asfalto,No existe,XVIII,Dentro,Urbana,Ninguna,S/D,Intersección,Bueno,S/D,S/D,S/D,Lateral,S/D,Colisión,Ninguna,S/D,S/D,Sin restricción
2020,2508,2020-03-12,Jueves,13:00:00,,0,2,"Moto/Ciclomotor,Automóvil",A Lezama Y Pte Peron,2,1,0,0,1,0,0,"-29.469369426416,-60.208844603994",Avenida,,VERA,Vera,Asfalto,No existe,XIX,Dentro,Urbana,Ninguna,No existe,Intersección,Bueno,Buena,Diurna,Buen Tiempo,Lateral,S/D,Colisión,S/D,Faltante,Ninguna,Sin restricción
2020,2509,2020-03-12,Jueves,17:10:00,,0,2,"Automóvil,Pickup/Utilitario",Boulevard Lisandro de la Torre Y General Bartolome Mitre,4,2,0,0,2,0,0,"-33.046930003325,-61.168443003168",Avenida,,CASILDA,Caseros,Asfalto,No existe,IV,Dentro,Urbana,Ninguna,No existe,Intersección,Bueno,Buena,Diurna,Buen Tiempo,Lateral,S/D,Colisión,Ninguna,Faltante,Ninguna,Sin restricción
2020,2510,2020-03-05,Jueves,,,0,2,"Moto/Ciclomotor,Automóvil",Galvez Y Sarmiento,2,1,0,0,1,0,0,"-32.968748855594,-60.643769922977",Calle,,ROSARIO,Rosario,Asfalto,No existe,II,Dentro,Urbana,Señal Pare,No existe,Intersección,Bueno,S/D,S/D,S/D,Lateral,S/D,Colisión,Ninguna,Vertical,Ninguna,Sin restricción
2020,2511,2020-03-03,Martes,23:20:00,Ruta Provincial 10,0,2,"Camión c / Acoplado,Camión Chasis",,2,1,0,0,1,0,0,"-31.63648, -61.28928",Ruta,10,SAN MARIANO,Las Colonias,Asfalto,Pavimento,I,Dentro,Rural,Ninguna,No existe,Intersección,Bueno,Buena,Nocturna,Buen Tiempo,Lateral,S/D,Colisión,Ninguna,Faltante,Línea divisoria pintada,Sin restricción
2020,2512,2020-06-22,Lunes,12:00:00,,0,2,"Automóvil,Moto/Ciclomotor",9 de Julio Y Gral Belgrano,4,2,0,0,2,0,0,"-29.911049993197,-59.826912039607",Calle,,ALEJANDRA,San Javier,Tierra,No existe,XIV,Dentro,Urbana,Ninguna,No existe,Intersección,Bueno,Buena,Diurna,Buen Tiempo,Lateral,S/D,Colisión,Ninguna,Faltante,Ninguna,Sin restricción
2020,2513,2020-06-10,Miercoles,7:55:00,,0,2,"Automóvil,Moto/Ciclomotor",Av Urquiza Y Santiago del Estero,2,1,0,0,1,0,0,"-31.636403463592,-60.710481578375",Avenida,,SANTA FE,La Capital,Asfalto,No existe,I,Dentro,Urbana,Semáforo,Funciona,Recta,Bueno,Buena,Diurna,Buen Tiempo,Lateral,S/D,Colisión,Ninguna,"Horizontal,Vertical",Ninguna,Sin restricción
2020,2514,2020-06-22,Lunes,17:40:00,,0,2,"Automóvil,Moto/Ciclomotor",Calle 12 Y Calle 27,2,1,0,0,1,0,0,"-32.677623992308,-61.525951183889",Calle,,LAS PAREJAS,Belgrano,Hormigón,No existe,II,Dentro,Urbana,Ninguna,No existe,Intersección,Bueno,Buena,Diurna,Buen Tiempo,Lateral,S/D,Colisión,Ninguna,Faltante,Ninguna,Sin restricción
2020,2515,2020-06-04,Jueves,5:30:00,Autopista Nacional A008,0,2,"Moto/Ciclomotor,Bicicleta",Av. Circunvalacion Y Mendoza,2,2,0,0,0,0,0,"-32.94043421745297,-60.722401142120",Autopista,A008,ROSARIO,Rosario,Asfalto,No existe,II,Dentro,Urbana,Ninguna,No existe,Recta,Deteriorada,Buena,"Nocturna,Con luz artificial",Buen Tiempo,S/D,Ciclista,Atropello,Ninguna,Faltante,Guardarrail,Sin restricción
2020,2516,2020-06-25,Jueves,18:10:00,Ruta Nacional 178,0,2,"Moto/Ciclomotor,Pickup/Utilitario",Avenida 17 Y Ruta 178,2,1,0,0,1,0,0,"-32.6838786247,-61.525741681851",Ruta,178,LAS PAREJAS,Belgrano,Asfalto,Ripio,III,Dentro,Urbana,Ninguna,No existe,Intersección,Bueno,Buena,"Nocturna,Con luz artificial",Buen Tiempo,Lateral,S/D,Colisión,Ninguna,Horizontal,Línea divisoria pintada,Sin restricción
2020,2517,2020-06-16,Martes,13:20:00,,0,2,"Bicicleta,Automóvil",Junin Y San Jeronimo,2,1,0,0,1,0,0,"-31.638594420258,-60.705696686168",Calle,,SANTA FE,La Capital,Asfalto,No existe,I,Dentro,Urbana,Ninguna,No existe,Intersección,Bueno,Buena,Diurna,Buen Tiempo,S/D,Ciclista,Atropello,Ninguna,Faltante,Ninguna,Sin restricción
2020,2518,2020-06-09,Martes,9:20:00,,0,2,"Automóvil,Moto/Ciclomotor",Buenos Aires Y Bv Bell Ville,2,0,1,0,1,0,0,"-32.788691051897,-61.611146545755",Avenida,,ARMSTRONG,Belgrano,Asfalto,Pavimento,III,Dentro,Urbana,Ninguna,No existe,Intersección,Deteriorada,Buena,Diurna,Buen Tiempo,Lateral,S/D,Colisión,Agua,Vertical,Ninguna,Sin restricción
2020,2519,2020-06-08,Lunes,17:30:00,Autopista Nacional A008,0,2,"Automóvil,Moto/Ciclomotor",Av. Circunvalacion Y Bv. 27 De Febrero,3,1,1,0,1,0,0,"-32.959660291671774,-60.72077572345",Autopista,A008,ROSARIO,Rosario,Asfalto,Pavimento,II,Dentro,Urbana,Marca Vial,No existe,Intersección,Bueno,Buena,Diurna,Otro,Otro,S/D,Colisión,Otro,Horizontal,Barrera de alto impacto,Sin restricción
2020,2520,2020-08-04,Martes,11:00:00,,0,2,"Automóvil,Automóvil",Salta Y 4 de Enero,2,1,0,0,1,0,0,"-31.649215150859,-60.712719135495",Calle,,SANTA FE,La Capital,Asfalto,No existe,I,Dentro,Urbana,Ninguna,No existe,Intersección,Bueno,Buena,Diurna,Buen Tiempo,Lateral,S/D,Colisión,Ninguna,Faltante,Ninguna,Sin restricción
2020,2521,2020-06-19,Viernes,11:20:00,Ruta Nacional 178,172,1,Automóvil,,1,1,0,0,0,0,0,"-32.749699244845445, -61.5376758061",Ruta,178,ARMSTRONG,Belgrano,Hormigón,Natural,III,Dentro,Urbana,Ninguna,No existe,Recta,Bueno,Buena,Diurna,Buen Tiempo,S/D,S/D,Vuelco,Ninguna,Horizontal,Línea divisoria pintada,Reparación de Va
2020,2522,2020-06-27,Sabado,14:40:00,,0,1,Automóvil,CAMINO RURAL,3,2,0,0,1,0,0,"-32.54965782165524,-61.762304306030",Camino Rural,,MONTES DE OCA,Belgrano,"Asfalto,Tierra",Natural,III,Dentro,Rural,Ninguna,No existe,Intersección,Deteriorada,Buena,Diurna,Buen Tiempo,S/D,S/D,Vuelco,Ninguna,Faltante,Ninguna,Sin restricción
2020,2523,2020-02-16,Domingo,0:50:00,Ruta Provincial 10,168,2,"Moto/Ciclomotor,Automóvil",,2,0,0,0,1,1,0,"-31.50903, -61.26183",Ruta,10,SA PEREIRA,Las Colonias,Asfalto,Natural,XI,Dentro,Rural,Ninguna,No existe,Recta,Bueno,S/D,Nocturna,S/D,Frontal,S/D,Colisión,Ninguna,Faltante,Ninguna,Sin restricción
2020,2524,2020-06-17,Miercoles,16:00:00,,0,2,"Automóvil,Peatón",Monse�or Zaspe Y San Martin,3,2,0,0,1,0,0,"-31.655821946908,-60.709332469025",Calle,,SANTA FE,La Capital,Asfalto,No existe,I,Dentro,Urbana,Ninguna,No existe,Intersección,Bueno,Buena,Diurna,Buen Tiempo,S/D,Peatón,Atropello,Ninguna,Faltante,Ninguna,Sin restricción
2020,2525,2020-06-14,Domingo,17:35:00,,0,2,"Automóvil,Automóvil",13 de Marzo Y Villaguay,4,0,2,0,2,0,0,"-32.815995642375,-60.713994937057",Calle,,CAPITÁN BERMÚDEZ,San Lorenzo,Asfalto,Pavimento,XVII,Dentro,Urbana,Ninguna,No existe,Intersección,Bueno,Buena,Atardecer,Buen Tiempo,S/D,S/D,Colisión,Ninguna,Faltante,Ninguna,Sin restricción
2020,2526,2020-02-17,Lunes,21:55:00,Autovía Nacional 19,51.5,1,Pickup/Utilitario,,5,3,1,0,0,1,0,"-31.58753, -61.29953",Autovía,19,SA PEREIRA,Las Colonias,Asfalto,Pavimento,XI,Dentro,Rural,Ninguna,No existe,Recta,Bueno,Reducida,Nocturna,Lluvia,S/D,S/D,Despiste,Agua,Faltante,Ninguna,Sin restricción
2020,2527,2020-06-17,Miercoles,21:35:00,,0,2,"Automóvil,Moto/Ciclomotor",Santiago del Estero Y 4 de Enero,2,1,0,0,1,0,0,"-31.636699248903,-60.709187276949",Calle,,SANTA FE,La Capital,Asfalto,No existe,I,Dentro,Urbana,Señal Pare,Funciona,Intersección,Bueno,Buena,"Nocturna,Con luz artificial",Buen Tiempo,Lateral,S/D,Colisión,Ninguna,"Horizontal,Vertical",Ninguna,Sin restricción
2020,2528,2020-06-16,Martes,10:00:00,Autopista Nacional A008,0,2,"Camión Chasis,Moto/Ciclomotor",Av. Circunvalacion Y Bv. Avellaneda,2,1,0,0,1,0,0,"-33.00070881843568,-60.689259767532",Autopista,A008,ROSARIO,Rosario,Asfalto,No existe,II,Dentro,Urbana,Marca Vial,No existe,Recta,Bueno,Buena,Diurna,Buen Tiempo,De alcance,S/D,Colisión,Ninguna,Horizontal,Guardarrail,Sin restricción
2020,2529,2020-06-23,Martes,10:00:00,,0,2,"Moto/Ciclomotor,Automóvil",C Colon Y Paraguay,2,0,1,0,1,0,0,"-32.816669325882,-60.720738246677",Calle,,CAPITÁN BERMÚDEZ,San Lorenzo,Asfalto,No existe,XVII,Dentro,Urbana,Ninguna,No existe,Intersección,Bueno,Buena,Diurna,Buen Tiempo,S/D,S/D,Colisión,Ninguna,Faltante,Ninguna,Sin restricción
2020,2530,2020-06-03,Miercoles,21:30:00,Ruta Secundaria 71-s,0,1,Moto/Ciclomotor,,2,1,0,0,1,0,0,"-30.39604514837265,-61.664626300334",Ruta,71-s,CURUPAITY,San CRISTÓBAL,Ripio,Natural,XIII,Dentro,Rural,Ninguna,No existe,Recta,Bueno,Reducida polvo,Nocturna,Buen Tiempo,S/D,S/D,Cañda ocupante,Ninguna,Faltante,Ninguna,Sin restricción
2020,2531,2020-06-22,Lunes,19:50:00,,0,2,"Moto/Ciclomotor,Moto/Ciclomotor",Chacabuco Y J J Passo,4,2,2,0,0,0,0,"-32.80884309908,-60.726147146405",Calle,,CAPITÁN BERMÚDEZ,San Lorenzo,Asfalto,Pavimento,XVII,Dentro,Urbana,Ninguna,No existe,Intersección,Bueno,Buena,Nocturna,Buen Tiempo,S/D,S/D,Colisión,Ninguna,Faltante,Ninguna,Sin restricción
2020,2532,2020-06-05,Viernes,13:00:00,,0,2,"Pickup/Utilitario,Pickup/Utilitario",9 de Julio 2900,2,1,0,0,1,0,0,"-31.641738970534,-60.707844575004",Calle,,SANTA FE,La Capital,Asfalto,No existe,I,Dentro,Urbana,Ninguna,No existe,Intersección,Bueno,Buena,Diurna,Buen Tiempo,Lateral,S/D,Colisión,Ninguna,Faltante,Ninguna,Sin restricción
2020,2533,2020-02-05,Miercoles,20:30:00,Ruta Secundaria 280-s,21,1,Moto/Ciclomotor,,1,0,0,0,0,1,0,"-30.97716, -61.7349",Ruta,280-s,COLONIA ALDAO,Castellanos,S/D,S/D,V,Dentro,Urbana,S/D,S/D,Recta,S/D,S/D,Nocturna,S/D,S/D,S/D,Cañda ocupante,S/D,S/D,S/D,S/D
2020,2534,2020-02-08,Sabado,0:30:00,Ruta Nacional 34,36.5,1,Moto/Ciclomotor,,1,0,0,0,0,1,0,"-32.70794, -61.03028",Ruta,34,LUCIO V. LÓPEZ,Iriondo,Asfalto,Natural,X,Dentro,Rural,Ninguna,No existe,Recta,Bueno,S/D,Nocturna,S/D,Contra objeto fijo,S/D,Colisión,Ninguna,Faltante,Línea divisoria pintada,Sin restricción
2020,2535,2020-06-29,Lunes,18:15:00,Ruta Nacional 11,0,2,"Moto/Ciclomotor,Moto/Ciclomotor",Ruta 18 S Y Ruta Nac 11,3,1,0,0,2,0,0,"-32.713087165105,-60.756962334003",Ruta,11,PUERTO SAN MARTÍN,San Lorenzo,Asfalto,Natural,XVII,Dentro,Rural,Ninguna,No existe,Intersección,Ahuellamiento,Buena,Atardecer,Buen Tiempo,Lateral,S/D,Colisión,Ninguna,Horizontal,"Cordón divisorio,Línea divisoria pintada",Sin restricción
2020,2536,2020-06-04,Jueves,20:55:00,Ruta Nacional 34,387.1,2,"Camión c / Acoplado,Pickup/Utilitario",,2,1,0,0,1,0,0,"-29.94721, -61.88545",Ruta,34,CERES,San CRISTÓBAL,Asfalto,Ripio,XIII,Dentro,Urbana,Ninguna,No existe,Recta,Bueno,S/D,Nocturna,Lluvia,De alcance,S/D,Colisión,Agua,Faltante,Línea divisoria pintada,Sin restricción
2020,2538,2020-06-12,Viernes,14:50:00,,0,1,Moto/Ciclomotor,9 de Julio Y Gral Belgrano,1,0,1,0,0,0,0,"-30.307104576924,-61.234126853828",Calle,,SAN CRISTÓBAL,San CRISTÓBAL,Hormigón,No existe,XIII,Dentro,Urbana,Ninguna,No existe,Recta,Bueno,Buena,Diurna,Buen Tiempo,S/D,S/D,Cañda ocupante,Ninguna,Faltante,Ninguna,Sin restricción
2020,2539,2020-06-16,Martes,8:15:00,Ruta Nacional 11,0,2,"Moto/Ciclomotor,Automóvil",Maipu Y Ruta Nac 11,2,1,0,0,1,0,0,"-32.707500457763686,-60.76139509677",Ruta,11,PUERTO SAN MARTÍN,San Lorenzo,Asfalto,No existe,XVII,Dentro,Urbana,Otra Señal,No existe,Intersección,Bueno,Buena,Amanecer,Buen Tiempo,Lateral,S/D,Colisión,Ninguna,Horizontal,Ninguna,Sin restricción
2020,2540,2020-06-13,Sabado,22:30:00,,0,2,"Automóvil,Moto/Ciclomotor",Gral Belgrano Y Pringles,2,1,0,0,1,0,0,"-30.309394679418,-61.234696108508",Calle,,SAN CRISTÓBAL,San CRISTÓBAL,Asfalto,No existe,XIII,Dentro,Urbana,Ninguna,No existe,Intersección,Bueno,Reducida,Nocturna,Buen Tiempo,De alcance,S/D,Colisión,S/D,Faltante,Ninguna,S/D
2020,2541,2020-06-16,Martes,5:15:00,,0,1,Moto/Ciclomotor,Belgrano 661,1,1,0,0,0,0,0,"-32.712624894162,-60.734151673481",Calle,,PUERTO SAN MARTÍN,San Lorenzo,Asfalto,No existe,XVII,Dentro,Urbana,Ninguna,No existe,Intersección,Bueno,Buena,Nocturna,Buen Tiempo,Contra objeto fijo,S/D,Colisión,Ninguna,Faltante,Ninguna,Sin restricción
2020,2542,2020-06-14,Domingo,20:10:00,,0,2,"Moto/Ciclomotor,Automóvil",Azcuenaga Y Gral Belgrano,2,1,0,0,1,0,0,"-30.302506225035,-61.232998597187",Calle,,SAN CRISTÓBAL,San CRISTÓBAL,Asfalto,No existe,XIII,Dentro,Urbana,Ninguna,No existe,Intersección,Bueno,Buena,Nocturna,Buen Tiempo,Lateral,S/D,Colisión,Ninguna,Faltante,Ninguna,Sin restricción
2020,2543,2020-06-19,Viernes,10:10:00,,0,2,"Pickup/Utilitario,Bicicleta",Ituzaingo Y Las Heras,2,1,0,0,1,0,0,"-31.638658346345,-60.698170689319",Calle,,SANTA FE,La Capital,Asfalto,No existe,I,Dentro,Urbana,Ninguna,No existe,Intersección,Bueno,Buena,Diurna,Buen Tiempo,S/D,Ciclista,Atropello,Ninguna,Faltante,Ninguna,Sin restricción
2020,2544,2020-06-19,Viernes,10:15:00,,0,2,"Bicicleta,Automóvil",Ituzaingo Y Sarmiento,2,1,0,0,1,0,0,"-31.639578917902,-60.693908301583",Calle,,SANTA FE,La Capital,Asfalto,No existe,I,Dentro,Urbana,Ninguna,No existe,Intersección,Bueno,Buena,Diurna,Buen Tiempo,S/D,Ciclista,Atropello,Ninguna,Faltante,Ninguna,Sin restricción
2020,2545,2020-06-15,Lunes,18:10:00,,0,2,"Bicicleta,Pickup/Utilitario",Bv Rivadavia Y Saavedra,2,1,0,0,1,0,0,"-30.307388071671,-61.238964155524",Avenida,,SAN CRISTÓBAL,San CRISTÓBAL,Asfalto,No existe,XIII,Dentro,Urbana,Ninguna,No existe,Intersección,Bueno,Buena,Diurna,Buen Tiempo,S/D,Ciclista,Atropello,Ninguna,Faltante,Ninguna,Sin restricción
2020,2546,2020-06-07,Domingo,19:50:00,,0,2,"Automóvil,Moto/Ciclomotor",Clemente Albelo Y Ledesma,2,1,0,0,1,0,0,"-32.727378777138,-60.739595825851",Calle,,SAN LORENZO,San Lorenzo,Asfalto,No existe,XVII,Dentro,Urbana,Ninguna,No existe,Intersección,Bueno,Buena,Diurna,Buen Tiempo,Lateral,S/D,Colisión,Ninguna,Faltante,Ninguna,Sin restricción
2020,2547,2020-06-19,Viernes,18:00:00,,0,2,"Automóvil,Automóvil",Genaro Roldan Y Peru,3,0,1,0,2,0,0,"-32.732238903463,-60.73806569087",Calle,,SAN LORENZO,San Lorenzo,Asfalto,No existe,XVII,Dentro,Urbana,Otra Señal,No existe,Intersección,Bueno,Buena,Atardecer,Buen Tiempo,Lateral,S/D,Colisión,Ninguna,Vertical,Ninguna,Sin restricción
2020,2548,2020-06-17,Miercoles,11:00:00,,0,2,"Moto/Ciclomotor,Pickup/Utilitario",Avenida Mitre Y Remedios de E De San Martin,2,1,0,0,1,0,0,"-29.886729423457,-61.944696008896",Avenida,,CERES,San CRISTÓBAL,Asfalto,No existe,XIII,Dentro,Urbana,Ninguna,No existe,Intersección,Bueno,Buena,Diurna,Buen Tiempo,Lateral,S/D,Colisión,Ninguna,Faltante,Vegetación,Sin restricción
2020,2549,2020-06-26,Viernes,14:30:00,,0,2,"Automóvil,Automóvil",Sargento Cabral Y Sarmiento,2,1,0,0,1,0,0,"-31.641393303903,-60.694427773485",Calle,,SANTA FE,La Capital,Asfalto,No existe,I,Dentro,Urbana,Ninguna,No existe,Intersección,Bueno,Buena,Diurna,Buen Tiempo,Lateral,S/D,Colisión,Ninguna,Faltante,Ninguna,Sin restricción
2020,2550,2020-06-18,Jueves,11:10:00,,0,1,Moto/Ciclomotor,Hipolito Irigoyen Y Pueyrredon,1,1,0,0,0,0,0,"-30.306446493597,-61.231218384468",Calle,,SAN CRISTÓBAL,San CRISTÓBAL,Asfalto,No existe,XIII,Dentro,Urbana,Otra Señal,No existe,Recta,Bueno,Buena,Diurna,Buen Tiempo,S/D,S/D,Cañda ocupante,Ninguna,Vertical,Ninguna,Sin restricción
2020,2551,2020-06-04,Jueves,10:00:00,Ruta Nacional 11,0,2,"Bicicleta,Pickup/Utilitario",Av Carlos A Poucel Y Bv Oro�o,2,0,1,0,1,0,0,"-32.734720172986,-60.737787426941",Ruta,11,SAN LORENZO,San Lorenzo,Asfalto,No existe,XVII,Dentro,Urbana,Ninguna,No existe,Intersección,Bueno,Buena,Diurna,Buen Tiempo,S/D,Ciclista,Atropello,Ninguna,Horizontal,"Cordón divisorio,Línea divisoria pintada",Sin restricción
2020,2552,2020-06-07,Domingo,22:00:00,,0,2,"Moto/Ciclomotor,Moto/Ciclomotor",Candioti Y Maipu,2,1,0,0,0,0,1,"-31.635316662583,-60.694930743786",Calle,,SANTA FE,La Capital,Asfalto,No existe,I,Dentro,Urbana,Ninguna,No existe,Intersección,Bueno,Buena,Nocturna,Buen Tiempo,Lateral,S/D,Colisión,Ninguna,Faltante,Ninguna,Sin restricción
2020,2553,2020-06-18,Jueves,11:10:00,,0,2,"Moto/Ciclomotor,Moto/Ciclomotor",Independencia 166,2,0,1,0,1,0,0,"-29.882432698123,-61.95028521887",Calle,,CERES,San CRISTÓBAL,Asfalto,No existe,XIII,Dentro,Urbana,Ninguna,No existe,Recta,Bueno,Buena,Diurna,Buen Tiempo,Lateral,S/D,Colisión,Ninguna,Faltante,Ninguna,Sin restricción
2020,2554,2020-06-28,Domingo,15:15:00,Ruta Nacional 11,0,1,Moto/Ciclomotor,Genaro Roldan Y Ruta Nac 11,1,1,0,0,0,0,0,"-32.731464557984,-60.742459846406",Ruta,11,SAN LORENZO,San Lorenzo,Asfalto,Ripio,XVII,Dentro,Urbana,Semáforo,Funciona,Intersección,Bueno,Buena,Diurna,Buen Tiempo,S/D,S/D,Despiste,Ninguna,"Horizontal,Vertical",Ninguna,Sin restricción
2020,2555,2020-06-10,Miercoles,7:15:00,,0,2,"Automóvil,Moto/Ciclomotor",Bv Galvez Y Sarmiento,2,1,0,0,1,0,0,"-31.637751173645,-60.693357127823",Avenida,,SANTA FE,La Capital,Asfalto,No existe,I,Dentro,Urbana,Semáforo,Funciona,Intersección,Bueno,Buena,Diurna,Buen Tiempo,Lateral,S/D,Colisión,Ninguna,"Horizontal,Vertical",Cordón divisorio,Sin restricción
2020,2556,2020-06-19,Viernes,17:00:00,,0,2,"Automóvil,Moto/Ciclomotor",Av Brig Lopez Y Mitre,2,0,1,0,1,0,0,"-32.670300345151,-60.781509975337",Calle,,TIMBÚES,San Lorenzo,Ripio,No existe,XVII,Dentro,Urbana,Ninguna,No existe,Intersección,Bueno,Buena,Diurna,Buen Tiempo,De alcance,S/D,Colisión,Ninguna,Faltante,Ninguna,Sin restricción
2020,2557,2020-06-13,Sabado,22:30:00,Ruta Nacional 11,0,2,"Automóvil,Bicicleta",,2,1,0,0,1,0,0,"-31.667555, -60.751545",Ruta,11,SANTA FE,La Capital,Asfalto,No existe,I,Dentro,Rural,Ninguna,No existe,Puente,Bueno,Buena,Nocturna,Buen Tiempo,S/D,Ciclista,Atropello,Ninguna,Faltante,Ninguna,Sin restricción
2020,2558,2020-06-14,Domingo,23:10:00,Ruta Nacional 11,337,2,"Camión c / Acoplado,Moto/Ciclomotor",,3,1,0,0,2,0,0,"-32.688499689102194,-60.77614188194",Ruta,11,TIMBÚES,San Lorenzo,Asfalto,Ripio,XVII,Dentro,Urbana,Ninguna,No existe,Intersección,Bueno,Buena,Nocturna,Buen Tiempo,Lateral,S/D,Colisión,Ninguna,Horizontal,Línea divisoria pintada,Sin restricción
2020,2559,2020-06-19,Viernes,11:30:00,,0,1,Automóvil,,3,2,0,0,1,0,0,"-30.488719, -61.621508",Camino Rural,,MONIGOTES,San CRISTÓBAL,Tierra,No existe,XIII,Dentro,Rural,Ninguna,No existe,Recta,Ahuellamiento,Buena,Diurna,Buen Tiempo,S/D,S/D,Vuelco,Otro,Faltante,Ninguna,Sin restricción
2020,2560,2020-06-03,Miercoles,,,0,2,"Moto/Ciclomotor,Automóvil",Brown Y Jose Ingenieros,2,1,0,0,1,0,0,"-32.739951073941,-60.741415307187",Calle,,SAN LORENZO,San Lorenzo,Asfalto,No existe,XVII,Dentro,Urbana,Ninguna,No existe,Intersección,Bueno,Buena,Diurna,Buen Tiempo,S/D,S/D,Colisión,Ninguna,Faltante,Ninguna,Sin restricción
2020,2561,2020-06-14,Domingo,22:50:00,,0,2,"Automóvil,Moto/Ciclomotor",Jujuy Y San Jose,2,1,0,0,1,0,0,"-31.659651491421,-60.726742754706",Calle,,SANTA FE,La Capital,Asfalto,No existe,I,Dentro,Urbana,Ninguna,No existe,Intersección,Bueno,Buena,Nocturna,Buen Tiempo,Lateral,S/D,Colisión,Ninguna,Faltante,Ninguna,Sin restricción
2020,2562,2020-06-25,Jueves,20:45:00,,0,2,"Bicicleta,Automóvil",12 de Octubre Y Gral Lopez,2,0,1,0,1,0,0,"-30.357821332761,-61.915263587004",Calle,,SAN GUILLERMO,San CRISTÓBAL,Asfalto,No existe,XIII,Dentro,Urbana,Ninguna,No existe,Intersección,Bueno,Buena,"Nocturna,Con luz artificial",Buen Tiempo,S/D,Ciclista,Atropello,Ninguna,Faltante,Ninguna,Sin restricción
2020,2563,2020-06-05,Viernes,22:25:00,,0,2,"Moto/Ciclomotor,Automóvil",Dorrego Y Salta,2,1,0,0,1,0,0,"-32.744822365854,-60.737219836094",Calle,,SAN LORENZO,San Lorenzo,Asfalto,No existe,XVII,Dentro,Urbana,Ninguna,No existe,Intersección,Bueno,Buena,Diurna,Buen Tiempo,S/D,S/D,Colisión,Ninguna,Faltante,Ninguna,Sin restricción