anio_acci,nro_acci,fecha,desc_dia,hora_aprox,desc_ruta,km,cant_participantes,desc_participante,calle_avenida_km,total,heridos_leves,heridos_graves,heridos_gravisimos,ilesos,fallecidos,sin_datos,posicion_XY,desc_tipo_via,desc_ruta_ori,desc_loc,desc_dpto,desc_tipo_calzada,desc_tipo_banquina,desc_unidad_regional,desc_lugar_calzada,desc_zona,desc_prioridad,desc_estado_semaforo,desc_lugar_via,desc_estado_via,desc_estado_visibilidad,desc_luminosidad,desc_estado_clima,desc_tipo_colision,desc_tipo_atropello,desc_tipo_hecho,desc_pres_calzada,desc_senializacion,desc_separacion_via,desc_restriccion
2020,2564,2020-06-06,Sabado,,,0,2,"Moto/Ciclomotor,Automóvil",Irigoyen Y Urquiza,2,0,1,0,1,0,0,"-32.747645443787,-60.736314806761",Calle,,SAN LORENZO,San Lorenzo,Asfalto,No existe,XVII,Dentro,Urbana,Paso Peatonal,No existe,Intersección,Bueno,Buena,Diurna,Buen Tiempo,S/D,S/D,Colisión,Ninguna,"Horizontal,Vertical","Cordón divisorio,Línea divisoria pintada",Sin restricción
2020,2565,2020-06-18,Jueves,14:05:00,,0,2,"Moto/Ciclomotor,Automóvil",Av Mosconi Y Juan de Garay,2,1,0,0,1,0,0,"-31.648507915315,-60.730145563335",Avenida,,SANTA FE,La Capital,Asfalto,No existe,I,Dentro,Urbana,Ninguna,No existe,Intersección,Bueno,Buena,Diurna,Buen Tiempo,Lateral,S/D,Colisión,Ninguna,Faltante,Ninguna,Sin restricción
2020,2566,2020-03-03,Martes,5:00:00,Ruta Nacional 33,0,2,"Moto/Ciclomotor,Automóvil",Ruta Nac 8 Y Ruta Nac 33,2,1,0,0,1,0,0,"-33.723915, -61.999440",Ruta,33,VENADO TUERTO,General LÓPEZ,Asfalto,Natural,VIII,Dentro,Urbana,Ninguna,No existe,Curva,Bueno,S/D,Nocturna,Buen Tiempo,Lateral,S/D,Colisión,Ninguna,Faltante,Línea divisoria pintada,Sin restricción
2020,2567,2020-05-18,Lunes,10:55:00,,0,2,"Automóvil,Moto/Ciclomotor",Paraguay Y Salta,3,2,0,0,1,0,0,"-32.93845, -60.64195",Calle,,ROSARIO,Rosario,Hormigón,S/D,II,Dentro,Urbana,S/D,S/D,Intersección,S/D,S/D,Diurna,S/D,Lateral,S/D,Colisión,S/D,S/D,S/D,S/D
2020,2568,2020-05-18,Lunes,10:55:00,,0,2,"Automóvil,Moto/Ciclomotor",Gutenberg Y Rioja,3,2,0,0,1,0,0,"-32.93877, -60.68758",Calle,,ROSARIO,Rosario,"Asfalto,Hormigón",S/D,II,Dentro,Urbana,S/D,S/D,Intersección,S/D,S/D,Diurna,S/D,Lateral,S/D,Colisión,S/D,S/D,S/D,Sin restricción
2020,2570,2020-05-19,Martes,20:00:00,Ruta Provincial 1,5,2,"Automóvil,Automóvil",,2,1,0,0,1,0,0,"-31.60938, -60.58073",Ruta,1,SAN JOSÉ DEL RINCÓN,La Capital,Asfalto,Natural,I,Dentro,Urbana,Semáforo,No funciona,Recta,Bueno,Buena,Nocturna,Buen Tiempo,De alcance,S/D,Colisión,S/D,S/D,Barrera de hormigón,Sin restricción
2020,2571,2020-05-19,Martes,18:30:00,,0,2,"Automóvil,Moto/Ciclomotor",Tucuman Y Azcuenaga,2,1,0,0,1,0,0,"-31.65699, -60.77161",Calle,,SANTO TOMÉ,La Capital,Tierra,No existe,I,Dentro,Urbana,Ninguna,No existe,Intersección,Bueno,Buena,Atardecer,Buen Tiempo,Lateral,S/D,Colisión,Ninguna,Faltante,Ninguna,Sin restricción
2020,2572,2020-05-19,Martes,15:00:00,,0,2,"Moto/Ciclomotor,Automóvil",Av 7 Jefes Y Av Leandro Alem,2,1,0,0,1,0,0,"-31.64061, -60.68459",Avenida,,SANTA FE,La Capital,Asfalto,No existe,I,Dentro,Urbana,S/D,No existe,Rotonda,Bueno,S/D,Diurna,S/D,Lateral,S/D,Colisión,S/D,S/D,S/D,Sin restricción
2020,2573,2020-05-19,Martes,14:15:00,,0,2,"Automóvil,Moto/Ciclomotor",Belgrano Y Balcarce,2,1,0,0,1,0,0,"-31.63752, -60.69895",Calle,,SANTA FE,La Capital,Asfalto,No existe,I,Dentro,Urbana,S/D,No existe,Intersección,Bueno,S/D,Diurna,S/D,Lateral,S/D,Colisión,S/D,S/D,S/D,S/D
2020,2574,2020-05-19,Martes,14:15:00,,0,2,"Camión Chasis,Automóvil",Av Leandro Alem Y Guemes,2,1,0,0,1,0,0,"-31.64469, -60.69086",Calle,,SANTA FE,La Capital,Asfalto,No existe,II,S/D,Urbana,S/D,No existe,Intersección,Bueno,S/D,Diurna,S/D,Lateral,S/D,Colisión,S/D,S/D,S/D,S/D
2020,2575,2020-05-19,Martes,10:50:00,,0,2,"Moto/Ciclomotor,Pickup/Utilitario",Rivadavia Y Junin,2,1,0,0,1,0,0,"-31.63938, -60.70213",Calle,,SANTA FE,La Capital,Asfalto,Pavimento,I,Dentro,Urbana,Semáforo,Funciona,Intersección,Bueno,Buena,Diurna,Buen Tiempo,Lateral,S/D,Colisión,S/D,Faltante,Ninguna,Sin restricción
2020,2576,2020-05-19,Martes,19:30:00,,0,2,"Moto/Ciclomotor,Bicicleta",Mendoza Y 4 de Enero,2,1,0,0,1,0,0,"-31.64781, -60.71232",Calle,,SANTA FE,La Capital,Asfalto,Pavimento,I,Dentro,Urbana,Ninguna,No existe,Intersección,Bueno,Reducida polvo,"Atardecer,Con luz artificial",Buen Tiempo,S/D,Ciclista,Atropello,Ninguna,Faltante,Ninguna,Sin restricción
2020,2577,2020-05-19,Martes,11:15:00,,0,2,"Automóvil,Bicicleta",Primera Junta Y San Jeronimo,2,1,0,0,1,0,0,"-31.64765, -60.70841",Calle,,SANTA FE,La Capital,Asfalto,Pavimento,I,Dentro,Urbana,Ninguna,No existe,Intersección,Bueno,Buena,Diurna,Buen Tiempo,S/D,Ciclista,Atropello,Ninguna,Faltante,Ninguna,Sin restricción
2020,2578,2020-05-19,Martes,9:45:00,,0,2,"Automóvil,Moto/Ciclomotor",Salta Y San Jeronimo,2,1,0,0,1,0,0,"-31.64992, -60.709",Calle,,SANTA FE,La Capital,Asfalto,S/D,I,Dentro,Urbana,Ninguna,No existe,Intersección,Bueno,Buena,Diurna,Buen Tiempo,Lateral,S/D,Colisión,S/D,Faltante,Ninguna,Sin restricción
2020,2579,2020-05-19,Martes,12:00:00,,0,2,"Automóvil,Moto/Ciclomotor",Saavedra Y Laprida,3,1,1,0,1,0,0,"-30.30672, -61.24295",Calle,,SAN CRISTÓBAL,San CRISTÓBAL,"Tierra,Ripio",Natural,XIII,Dentro,Urbana,Ninguna,No existe,Intersección,Bueno,Buena,Diurna,Buen Tiempo,Lateral,S/D,Colisión,Ninguna,Faltante,Ninguna,Sin restricción
2020,2580,2020-02-13,Jueves,12:00:00,,0,2,"Pickup/Utilitario,Bicicleta",Fray L Beltran Y Av San Martin,2,0,0,0,1,1,0,"-32.59049, -61.17723",Calle,,TOTORAS,Iriondo,Asfalto,No existe,X,Dentro,Urbana,Ninguna,No existe,Intersección,Bueno,S/D,Diurna,S/D,S/D,Ciclista,Atropello,Ninguna,Faltante,Ninguna,Sin restricción
2020,2581,2020-02-27,Jueves,2:20:00,Ruta Nacional 34,337,2,"Camión,Automóvil",,4,1,1,0,1,1,0,"-30.26334, -61.71686",Ruta,34,ARRUFÓ,San CRISTÓBAL,Asfalto,Natural,XIII,Dentro,Rural,Ninguna,No existe,Recta,Bueno,S/D,Nocturna,S/D,S/D,S/D,Colisión,Ninguna,Faltante,Ninguna,Sin restricción
2020,2582,2020-05-19,Martes,20:20:00,,0,2,"Camión Chasis,Bicicleta",San Martin 8100,2,1,0,0,1,0,0,"-33.02198, -60.65347",Avenida,,ROSARIO,Rosario,Asfalto,No existe,II,Dentro,Urbana,Ninguna,No existe,Recta,Bueno,Reducida humo,"Nocturna,Con luz artificial",Buen Tiempo,S/D,Ciclista,Atropello,Ninguna,Faltante,Línea divisoria pintada,Sin restricción
2020,2583,2020-05-19,Martes,16:30:00,,0,2,"Moto/Ciclomotor,Automóvil",E.Zeballos Y Vera Mujica,2,1,0,0,1,0,0,"-32.94985, -60.66908",Calle,,ROSARIO,Rosario,Asfalto,No existe,II,Dentro,Urbana,Ninguna,No existe,Intersección,Bueno,Buena,Diurna,Buen Tiempo,De alcance,S/D,Colisión,S/D,Faltante,Ninguna,Sin restricción
2020,2584,2020-05-19,Martes,11:00:00,,0,2,"Bicicleta,Automóvil",Catamarca Y Vera Mujica,2,1,0,0,1,0,0,"-32.93547, -60.6654",Calle,,ROSARIO,Rosario,Asfalto,No existe,II,Dentro,Urbana,Ninguna,No existe,Curva,Bueno,Buena,Diurna,Buen Tiempo,S/D,Ciclista,Atropello,Ninguna,Faltante,Ninguna,Sin restricción
2020,2585,2020-05-19,Martes,19:15:00,,0,2,"Bicicleta,Automóvil",Buenos Aires Y Pje. Alfonsina Storni,2,1,0,0,1,0,0,"-32.95996, -60.6359",Calle,,ROSARIO,Rosario,Asfalto,No existe,II,Dentro,Urbana,Ninguna,No existe,Intersección,Bueno,Buena,"Atardecer,Con luz artificial",Buen Tiempo,S/D,Ciclista,Atropello,Ninguna,Faltante,Línea divisoria pintada,Sin restricción
2020,2586,2020-05-19,Martes,13:15:00,,0,2,"Automóvil,Moto/Ciclomotor",Catamarca 2159,2,1,0,0,1,0,0,"-32.93801, -60.65133",Calle,,ROSARIO,Rosario,Asfalto,S/D,II,Dentro,Urbana,Marca Vial,No existe,Recta,Bueno,Buena,Diurna,S/D,S/D,S/D,Colisión,S/D,Faltante,S/D,S/D
2020,2587,2020-05-19,Martes,14:50:00,Ruta Nacional 34,21,2,"Pickup/Utilitario,Automóvil",,2,1,0,0,1,0,0,"-32.78759, -60.89646",Ruta,34,LUIS PALACIOS,San Lorenzo,Asfalto,Pavimento,XVII,Dentro,Urbana,Ninguna,No existe,Recta,Bueno,Buena,Diurna,Buen Tiempo,S/D,S/D,Colisión,Ninguna,Faltante,Línea divisoria pintada,Sin restricción
2020,2588,2020-05-19,Martes,15:15:00,,0,2,"Pickup/Utilitario,Moto/Ciclomotor",Juan de Garay Y Sarmiento,2,1,0,0,1,0,0,"-32.78828, -60.72637",Calle,,FRAY LUIS BELTRÁN,San Lorenzo,S/D,S/D,XVII,S/D,Urbana,S/D,S/D,Intersección,S/D,S/D,Diurna,S/D,S/D,S/D,Colisión,S/D,S/D,S/D,S/D
2020,2589,2020-03-07,Sabado,15:00:00,Ruta Nacional 11,0,2,"Moto/Ciclomotor,Automóvil",Florencio Fernandez 5700,2,1,0,0,1,0,0,"-31.576244737066,-60.728312328146",Ruta,11,SANTA FE,La Capital,Asfalto,No existe,I,Dentro,Urbana,Semáforo,Funciona,Recta,S/D,S/D,Diurna,S/D,Lateral,S/D,Colisión,S/D,"Horizontal,Vertical",Cordón divisorio,S/D
2020,2590,2020-03-07,Sabado,,,0,2,"Moto/Ciclomotor,Pickup/Utilitario",Teniente Loza 6300,2,1,0,0,1,0,0,"-31.56699390866,-60.733459610903",Calle,,SANTA FE,La Capital,Asfalto,No existe,I,Dentro,Urbana,Ninguna,No existe,Recta,S/D,S/D,S/D,S/D,S/D,S/D,Colisión,S/D,Faltante,Ninguna,S/D
2020,2591,2020-03-07,Sabado,21:50:00,Ruta Nacional 11,0,2,"Moto/Ciclomotor,Automóvil",Italia Y Ruta Nac 11,3,1,0,0,2,0,0,"-31.729942584183,-60.814362139958",Ruta,11,SAUCE VIEJO,La Capital,"Asfalto,Tierra",Ripio,I,Dentro,Urbana,Marca Vial,No existe,Intersección,S/D,S/D,Nocturna,S/D,S/D,S/D,Colisión,S/D,Horizontal,Línea divisoria pintada,S/D
2020,2592,2020-03-07,Sabado,6:00:00,Autopista Provincial Brigadier E.LÓPEZ,2,1,Moto/Ciclomotor,,2,2,0,0,0,0,0,"-32.86905, -60.72373",Autopista,Brigadier E.LÓPEZ,GRANADERO BAIGORRIA,Rosario,Asfalto,Pavimento,II,Dentro,Rural,Marca Vial,No existe,Recta,S/D,S/D,Amanecer,S/D,S/D,S/D,Despiste,S/D,Horizontal,Vegetación,S/D
2020,2593,2020-03-08,Domingo,20:50:00,Autopista Nacional A007,0,2,"Automóvil,Camión c / Acoplado",CIRCUNVALACI�N OESTE,3,0,2,0,1,0,0,"-31.48856, -60.75417",Autopista,A007,RECREO,La Capital,Asfalto,No existe,I,Dentro,Rural,Ninguna,No existe,Recta,S/D,S/D,Nocturna,S/D,Frontal,S/D,Colisión,S/D,Faltante,Guardarrail,S/D
2020,2594,2020-07-13,Lunes,15:45:00,,0,2,"Bicicleta,Pickup/Utilitario",Libertad Y Independencia,2,1,0,0,1,0,0,"-33.0207, -60.61818",Calle,,VILLA GOBERNADOR GÁLVEZ,Rosario,Asfalto,No existe,II,Dentro,Urbana,Ninguna,No existe,Intersección,Bueno,Buena,Diurna,Buen Tiempo,S/D,Ciclista,Atropello,Ninguna,Faltante,Ninguna,Sin restricción
2020,2595,2020-07-04,Sabado,21:00:00,Ruta Provincial 1,12,2,"Automóvil,Automóvil",,3,2,0,0,1,0,0,"-31.55855, -60.52176",Ruta,1,ARROYO LEYES,La Capital,Asfalto,Natural,I,Dentro,Rural,Marca Vial,No existe,Recta,Bueno,Buena,Nocturna,Buen Tiempo,S/D,S/D,Colisión,Ninguna,Vertical,Línea divisoria pintada,Sin restricción
2020,2596,2020-07-11,Sabado,18:30:00,,0,2,"Peatón,Automóvil",Ecuador Y 20 de Junio,2,1,0,0,1,0,0,"-33.0242, -60.6028",Calle,,VILLA GOBERNADOR GÁLVEZ,Rosario,Asfalto,No existe,II,Dentro,Urbana,Ninguna,No existe,Intersección,Bueno,Buena,"Atardecer,Con luz artificial",Buen Tiempo,S/D,Peatón,Atropello,Ninguna,Faltante,Ninguna,Sin restricción
2020,2597,2020-07-10,Viernes,11:30:00,,0,2,"Automóvil,Automóvil",Andreu Y J A Roca,2,1,0,0,1,0,0,"-33.02238, -60.6135",Calle,,VILLA GOBERNADOR GÁLVEZ,Rosario,Asfalto,No existe,II,Dentro,Urbana,Ninguna,No existe,Intersección,Bueno,Buena,Diurna,Buen Tiempo,Lateral,S/D,Colisión,Ninguna,Faltante,Ninguna,Sin restricción
2020,2599,2020-07-12,Domingo,13:20:00,,0,2,"Automóvil,Moto/Ciclomotor",17 de Octubre Y 3 de Febrero,3,2,0,0,1,0,0,"-33.01256, -60.60938",Calle,,VILLA GOBERNADOR GÁLVEZ,Rosario,Asfalto,No existe,II,S/D,Urbana,Ninguna,No existe,Recta,S/D,Buena,Diurna,Buen Tiempo,De alcance,S/D,Colisión,Ninguna,Faltante,Ninguna,Sin restricción
2020,2600,2020-07-04,Sabado,20:50:00,,0,2,"Moto/Ciclomotor,Automóvil",Corrientes Y Tucuman,3,1,0,0,2,0,0,"-31.65649, -60.77901",Calle,,SANTO TOMÉ,La Capital,Asfalto,Pavimento,I,Dentro,Urbana,Ninguna,No existe,Recta,Bueno,Buena,Nocturna,Buen Tiempo,Otro,S/D,Colisión,Ninguna,S/D,Ninguna,Sin restricción
2020,2601,2020-07-09,Jueves,19:45:00,Ruta Nacional A012,0,2,"Automóvil,Automóvil",,4,3,0,0,1,0,0,"-33.09208, -60.77887",Ruta,A012,PIÑERO,Rosario,Asfalto,Natural,II,S/D,Urbana,Marca Vial,S/D,Recta,Bueno,S/D,Nocturna,Buen Tiempo,De alcance,S/D,Colisión,Ninguna,Horizontal,Línea divisoria pintada,Sin restricción
2020,2602,2020-07-08,Miercoles,22:00:00,,0,2,"Moto/Ciclomotor,Automóvil",Pres Domingo Faustino Sarmient Y 4 de enero,2,1,0,0,1,0,0,"-31.65933, -60.77648",Calle,,SANTO TOMÉ,La Capital,Asfalto,No existe,I,Dentro,Urbana,Ninguna,No existe,Intersección,Bueno,Buena,Nocturna,Buen Tiempo,Lateral,S/D,Colisión,Ninguna,Faltante,Ninguna,Sin restricción
2020,2603,2020-07-14,Martes,8:20:00,Ruta Nacional 9,0,2,"Automóvil,Bicicleta",Gral Guido Y Ruta Nacional 9,2,1,0,0,1,0,0,"-32.91315, -60.86552",Ruta,9,FUNES,Rosario,Asfalto,Ripio,II,Dentro,Urbana,Ninguna,Intermitente,Recta,Bueno,Buena,Diurna,Buen Tiempo,S/D,Ciclista,Atropello,Ninguna,Faltante,Línea divisoria pintada,Sin restricción
2020,2604,2020-07-03,Viernes,17:00:00,,0,2,"Automóvil,Moto/Ciclomotor",9 de julio Y J Macia,2,1,0,0,1,0,0,"-31.66836, -60.75667",Calle,,SANTO TOMÉ,La Capital,Asfalto,No existe,I,S/D,Urbana,Ninguna,No existe,Recta,Bueno,Buena,Diurna,Buen Tiempo,S/D,S/D,Colisión,Ninguna,Faltante,Ninguna,Sin restricción
2020,2605,2020-07-15,Miercoles,12:50:00,,0,2,"Moto/Ciclomotor,Automóvil",Cordoba Y J.M.de Rosas,2,0,1,0,1,0,0,"-32.94785, -60.63125",Calle,,ROSARIO,Rosario,Asfalto,No existe,II,Dentro,Urbana,Ninguna,Funciona,Intersección,Bueno,Buena,Diurna,Buen Tiempo,Lateral,S/D,Colisión,Ninguna,"Horizontal,Vertical",Ninguna,Sin restricción
2020,2606,2020-05-28,Jueves,22:10:00,Ruta Provincial 1,37,1,Moto/Ciclomotor,,1,1,0,0,0,0,0,"    -31.42252, -60.34119",Ruta,1,SANTA ROSA DE CALCHINES,Garay,Asfalto,Natural,VII,Dentro,Rural,Ninguna,No existe,Recta,Bueno,Buena,Nocturna,Buen Tiempo,Atropello animal,S/D,Colisión,Ninguna,Faltante,Ninguna,Sin restricción
2020,2607,2020-07-16,Jueves,19:50:00,,0,2,"Bicicleta,Automóvil",J.J.Paso Y Bv. Wilde,2,0,1,0,1,0,0,"-32.92097, -60.73921",Calle,,ROSARIO,Rosario,Asfalto,No existe,II,Dentro,Urbana,Ninguna,No existe,Intersección,Bueno,Buena,Nocturna,Buen Tiempo,S/D,Ciclista,Atropello,Ninguna,Faltante,Ninguna,Sin restricción
2020,2609,2020-07-03,Viernes,7:45:00,Ruta Nacional 19,4,2,"Automóvil,Moto/Ciclomotor",,2,1,0,0,1,0,0,"-31.66199, -60.83149",Ruta,19,SANTO TOMÉ,La Capital,Hormigón,Pavimento,I,S/D,Rural,Ninguna,No existe,Recta,Bueno,Buena,Diurna,Buen Tiempo,S/D,S/D,Colisión,Ninguna,Vertical,"Cordón divisorio,Vegetación",Sin restricción
2020,2610,2020-07-07,Martes,17:45:00,,0,2,"Moto/Ciclomotor,Taxi/Remis",Avenida Nuestra Se�ora del Luj Y Balcarce,2,1,0,0,1,0,0,"-31.66199, -60.83149",Calle,,SANTO TOMÉ,La Capital,Asfalto,No existe,I,Dentro,Urbana,Semáforo,Funciona,Intersección,Bueno,Buena,Atardecer,Buen Tiempo,Lateral,S/D,Colisión,Ninguna,S/D,Ninguna,Sin restricción
2020,2611,2020-07-06,Lunes,23:55:00,,0,2,"Moto/Ciclomotor,Automóvil",Juan Bautista Alberdi Y Presidente Bernardino Rivadavi,2,0,1,0,1,0,0,"-31.68139, -60.76789",Calle,,SANTO TOMÉ,La Capital,Asfalto,No existe,I,Dentro,Urbana,Ninguna,No existe,Intersección,Bueno,Buena,Nocturna,Buen Tiempo,Lateral,S/D,Colisión,Ninguna,Faltante,Ninguna,Sin restricción
2020,2612,2020-07-11,Sabado,17:10:00,,0,2,"Moto/Ciclomotor,Automóvil",Muniagurria Y Benegas,2,0,1,0,1,0,0,"-32.93097, -60.73326",Calle,,ROSARIO,Rosario,Asfalto,No existe,II,Dentro,Urbana,Ninguna,No existe,Intersección,Bueno,Buena,Diurna,Buen Tiempo,Lateral,S/D,Colisión,Ninguna,Faltante,Ninguna,Sin restricción
2020,2613,2020-05-27,Miercoles,18:55:00,,0,1,Moto/Ciclomotor,9 de Julio Y Cordoba,1,1,0,0,0,0,0,"    -33.64725, -61.85926",Calle,,MURPHY,General LÓPEZ,Asfalto,No existe,VIII,Dentro,Urbana,Ninguna,No existe,Cruce,Con baches,Buena,Diurna,Buen Tiempo,Otro,S/D,Vuelco,Ninguna,Faltante,Ninguna,Sin restricción
2020,2614,2020-07-11,Sabado,8:10:00,,0,2,"Moto/Ciclomotor,Pickup/Utilitario",Av. Genova Y Olmos Bis,3,2,0,0,1,0,0,"-32.91687, -60.74436",Calle,,ROSARIO,Rosario,Asfalto,No existe,II,Dentro,Urbana,Ninguna,No existe,Intersección,Bueno,Buena,Diurna,Buen Tiempo,Lateral,S/D,Colisión,Ninguna,Faltante,Ninguna,Sin restricción
2020,2615,2020-07-03,Viernes,15:35:00,,0,2,"Moto/Ciclomotor,Automóvil",Av Blas Parera Y French,2,1,0,0,1,0,0,"-31.58584, -60.72579",S/D,,SANTA FE,La Capital,Asfalto,Pavimento,I,S/D,Urbana,Semáforo,Funciona,Cruce,Bueno,Buena,Diurna,Buen Tiempo,Lateral,S/D,Colisión,Ninguna,"Horizontal,Vertical",Cordón divisorio,S/D
2020,2616,2020-05-29,Viernes,18:00:00,,0,2,"Bicicleta,Automóvil",Av Lopez y Planes 4552,2,1,0,0,1,0,0,"    -31.62331, -60.71341",Avenida,,SANTA FE,La Capital,Asfalto,S/D,I,S/D,Urbana,Semáforo,S/D,Recta,S/D,Buena,Atardecer,Buen Tiempo,S/D,Ciclista,Atropello,Ninguna,Vertical,Línea divisoria pintada,Sin restricción
2020,2617,2020-07-06,Lunes,15:30:00,,0,3,"Moto/Ciclomotor,Pickup/Utilitario,Automóvil",Av Blas Parera Y Matheu,4,2,0,0,2,0,0,"-31.58642, -60.72556",S/D,,SANTA FE,La Capital,Asfalto,Pavimento,I,S/D,Urbana,Semáforo,Funciona,Intersección,Bueno,Buena,Diurna,Buen Tiempo,Frontal,S/D,Colisión,Ninguna,"Horizontal,Vertical",Cordón divisorio,S/D
2020,2618,2020-07-12,Domingo,23:50:00,,0,2,"Moto/Ciclomotor,Moto/Ciclomotor",Junin Y Larrea,3,2,1,0,0,0,0,"-32.9272, -60.6978",Calle,,ROSARIO,Rosario,S/D,No existe,II,S/D,Urbana,Ninguna,No existe,Intersección,S/D,Reducida,Nocturna,S/D,Lateral,S/D,Colisión,S/D,S/D,Ninguna,Sin restricción
2020,2619,2020-05-31,Domingo,10:00:00,,0,2,"Moto/Ciclomotor,Automóvil",Av Blas Parera Y Gorostiaga,2,1,0,0,1,0,0,"    -31.60699, -60.71991",Avenida,,SANTA FE,La Capital,Asfalto,Ripio,I,Dentro,Urbana,S/D,Funciona,Intersección,Bueno,Buena,Diurna,Buen Tiempo,Lateral,S/D,Colisión,S/D,Faltante,Ninguna,Sin restricción
2020,2620,2020-07-10,Viernes,19:10:00,,0,2,"Automóvil,Moto/Ciclomotor",Gorriti Y Barra,3,2,0,0,1,0,0,"-32.92423, -60.70749",Calle,,ROSARIO,Rosario,Asfalto,No existe,II,S/D,Urbana,Ninguna,No existe,Intersección,Bueno,Buena,Atardecer,S/D,Lateral,S/D,Colisión,S/D,Faltante,Ninguna,Sin restricción
2020,2621,2020-07-04,Sabado,19:30:00,,0,1,Moto/Ciclomotor,Av Blas Parera Y Boneo,1,1,0,0,0,0,0,"-31.59866, -60.72208",Avenida,,SANTA FE,La Capital,Asfalto,No existe,I,S/D,Urbana,Ninguna,Funciona,Intersección,Con baches,Buena,Nocturna,Buen Tiempo,S/D,S/D,Despiste,S/D,S/D,S/D,Sin restricción
2020,2622,2020-07-13,Lunes,3:15:00,Autopista Nacional A008,0,1,Automóvil,Av. Circunvalacion Y Av. Jorge Newbery,1,0,1,0,0,0,0,"-32.9083, -60.72404",Autopista,A008,ROSARIO,Rosario,Asfalto,Pavimento,II,S/D,Urbana,Ninguna,No existe,Recta,Bueno,Buena,Nocturna,S/D,S/D,S/D,Vuelco,S/D,Faltante,Barrera de hormigón,Sin restricción
2020,2623,2020-07-01,Miercoles,19:30:00,,0,2,"Bicicleta,Automóvil",Av A del Valle Y Gorriti,2,1,0,0,1,0,0,"-31.59072, -60.69218",S/D,,SANTA FE,La Capital,Asfalto,Pavimento,I,S/D,S/D,Ninguna,Funciona,Recta,S/D,Buena,Diurna,Buen Tiempo,S/D,Ciclista,Atropello,Ninguna,Vertical,Ninguna,Sin restricción
2020,2624,2020-07-16,Jueves,16:00:00,,0,2,"Automóvil,Moto/Ciclomotor",Larrea Y Tucuman,2,1,0,0,1,0,0,"-32.93218, -60.69757",Calle,,ROSARIO,Rosario,Asfalto,No existe,II,Dentro,Urbana,Ninguna,No existe,Recta,S/D,S/D,Diurna,S/D,De alcance,S/D,Colisión,S/D,Faltante,Ninguna,Sin restricción
2020,2625,2020-02-21,Viernes,,,0,2,"Moto/Ciclomotor,Pickup/Utilitario",Gdor Rodolfo Lehman Y French,2,1,0,0,0,1,0,"-31.585241513447684, -60.7287333340",Calle,,SANTA FE,La Capital,Asfalto,No existe,I,Dentro,Urbana,Ninguna,No existe,Intersección,Bueno,S/D,Diurna,S/D,S/D,S/D,Colisión,Ninguna,Faltante,Ninguna,Sin restricción
2020,2626,2020-07-03,Viernes,19:20:00,,0,2,"Pickup/Utilitario,Pickup/Utilitario",4 de Enero Y Padre Genesio,3,1,0,0,2,0,0,"-31.59887, -60.69824",S/D,,SANTA FE,La Capital,Asfalto,Pavimento,I,S/D,Urbana,Ninguna,No existe,Recta,Bueno,Buena,Diurna,Buen Tiempo,Lateral,S/D,Colisión,Ninguna,Vertical,Ninguna,Sin restricción
2020,2627,2020-07-16,Jueves,14:45:00,,0,2,"Moto/Ciclomotor,Automóvil",Av. Provincias Unidas Y French,4,1,2,0,1,0,0,"-32.92181, -60.7135",Calle,,ROSARIO,Rosario,Asfalto,No existe,II,S/D,Urbana,Ninguna,No existe,Intersección,Bueno,Buena,Diurna,S/D,Lateral,S/D,Colisión,S/D,Faltante,Guardarrail,Sin restricción
2020,2628,2020-05-26,Martes,11:10:00,,0,2,"Bicicleta,Automóvil",Calle 30-Lucas Funes Y Calle 27-Gdor Freyre,2,1,0,0,1,0,0,"    -29.14987, -59.65428",Calle,,RECONQUISTA,General Obligado,Asfalto,No existe,IX,Dentro,Urbana,Ninguna,No existe,Intersección,Bueno,Buena,Diurna,Buen Tiempo,Otro,S/D,Colisión,Ninguna,Faltante,Ninguna,Sin restricción
2020,2630,2020-02-28,Viernes,22:40:00,Ruta Provincial 21,245,2,"Moto/Ciclomotor,Automóvil",,2,0,0,0,1,1,0,"-33.24, -60.31766",Ruta,21,VILLA CONSTITUCIÓN,Constitución,Asfalto,No existe,VI,Dentro,Rural,Ninguna,No existe,Recta,Bueno,S/D,Nocturna,S/D,S/D,S/D,Colisión,Ninguna,Faltante,Ninguna,Sin restricción
2020,2631,2020-07-01,Miercoles,19:45:00,,0,2,"Moto/Ciclomotor,Automóvil",Av Gral Paz Y Lavaisse,2,1,0,0,1,0,0," -31.61573, -60.68245",Calle,,SANTA FE,La Capital,Asfalto,No existe,I,S/D,Urbana,Ninguna,No existe,Intersección,Bueno,Reducida,Nocturna,Buen Tiempo,Lateral,S/D,Colisión,Ninguna,S/D,Ninguna,Sin restricción