anio_acci,nro_acci,fecha,desc_dia,hora_aprox,desc_ruta,km,cant_participantes,desc_participante,calle_avenida_km,total,heridos_leves,heridos_graves,heridos_gravisimos,ilesos,fallecidos,sin_datos,posicion_XY,desc_tipo_via,desc_ruta_ori,desc_loc,desc_dpto,desc_tipo_calzada,desc_tipo_banquina,desc_unidad_regional,desc_lugar_calzada,desc_zona,desc_prioridad,desc_estado_semaforo,desc_lugar_via,desc_estado_via,desc_estado_visibilidad,desc_luminosidad,desc_estado_clima,desc_tipo_colision,desc_tipo_atropello,desc_tipo_hecho,desc_pres_calzada,desc_senializacion,desc_separacion_via,desc_restriccion
2020,2632,2020-05-26,Martes,18:00:00,,0,2,"Bicicleta,Automóvil",Calle 22- 25 de Mayo Y Calle 13-Iturraspe,2,1,0,0,1,0,0,"    -29.14287, -59.64839",Calle,,RECONQUISTA,General Obligado,Asfalto,No existe,IX,Dentro,Urbana,Ninguna,No existe,Intersección,Bueno,Buena,Diurna,Buen Tiempo,Otro,S/D,Colisión,S/D,Horizontal,Ninguna,Sin restricción
2020,2633,2020-07-12,Domingo,16:20:00,,0,2,"Moto/Ciclomotor,Automóvil",Av. Provincias Unidas Y J.J.Paso,4,3,0,0,0,0,1,"-32.92052, -60.71355",Avenida,,ROSARIO,Rosario,Asfalto,No existe,II,Dentro,Urbana,Ninguna,No existe,Rotonda,Bueno,Buena,Diurna,Buen Tiempo,Otro,S/D,Colisión,Ninguna,S/D,Ninguna,Sin restricción
2020,2634,2020-03-04,Miercoles,23:00:00,Autopista Provincial Brigadier E.LÓPEZ,110,2,"Camión Chasis,Camión Chasis",,2,2,0,0,0,0,0,"-31.996184, -60.986454",Autopista,Brigadier E.LÓPEZ,CORONDA,San JERÓNIMO,Asfalto,Natural,I,Dentro,Rural,Ninguna,No existe,Recta,Bueno,Buena,Nocturna,Buen Tiempo,De alcance,S/D,Colisión,Ninguna,Faltante,"Vegetación,Línea divisoria pintada",Sin restricción
2020,2635,2020-01-08,Miercoles,4:15:00,Ruta Nacional 11,916.5,2,"Moto/Ciclomotor,Transporte de Pasajeros",,2,0,0,0,1,1,0,"-28.14593, -59.26395",Ruta,11,FLORENCIA,General Obligado,Asfalto,Pavimento,IX,Dentro,Rural,Ninguna,No existe,Recta,Bueno,S/D,Nocturna,S/D,Frontal,S/D,Colisión,Ninguna,Faltante,Línea divisoria pintada,Sin restricción
2020,2636,2020-07-05,Domingo,0:30:00,,0,2,"Moto/Ciclomotor,Automóvil",Las Heras Y J Castelli,5,3,0,0,2,0,0,"-31.60768, -60.68898",Calle,,SANTA FE,La Capital,Asfalto,No existe,I,S/D,Urbana,Ninguna,No existe,Intersección,Bueno,Reducida,Nocturna,Buen Tiempo,Lateral,S/D,Colisión,Ninguna,S/D,Ninguna,Sin restricción
2020,2637,2020-07-11,Sabado,12:00:00,,0,2,"Bicicleta,Automóvil",Bv. Wilde 800,2,0,1,0,1,0,0,"-32.93766, -60.73866",Calle,,ROSARIO,Rosario,Asfalto,No existe,II,Dentro,Urbana,S/D,No existe,Recta,Bueno,Buena,Diurna,Buen Tiempo,S/D,Ciclista,Atropello,Ninguna,S/D,S/D,Sin restricción
2020,2638,2020-07-05,Domingo,22:10:00,,0,2,"Automóvil,Automóvil",Angel Cassanello Y Echague,4,1,0,0,3,0,0,"-31.61404, -60.67277",Calle,,SANTA FE,La Capital,Asfalto,No existe,I,S/D,Urbana,Ninguna,No existe,Intersección,Bueno,Reducida,Nocturna,Buen Tiempo,S/D,S/D,Colisión,Ninguna,S/D,Ninguna,Sin restricción
2020,2639,2020-07-10,Viernes,19:40:00,,0,2,"Automóvil,Moto/Ciclomotor",Ituzaingo Y San Nicolas,2,0,1,0,1,0,0,"-32.95461, -60.67595",Calle,,ROSARIO,Rosario,S/D,Pavimento,II,Dentro,Urbana,Señal Pare,No existe,Otro,Bueno,S/D,Con luz artificial,Buen Tiempo,Otro,S/D,Colisión,S/D,"Horizontal,Vertical",Ninguna,Sin restricción
2020,2640,2020-03-10,Martes,15:15:00,Ruta Nacional 11,0,2,"Moto/Ciclomotor,Automóvil",Av L de la Torre-Ruta Nac 11 Y 25 de Mayo,2,1,0,0,1,0,0,"-31.971852534091,-60.926528345208",Ruta,11,CORONDA,San JERÓNIMO,Asfalto,Pavimento,XV,Dentro,Urbana,Ninguna,No existe,Recta,Bueno,Buena,Diurna,Buen Tiempo,De alcance,S/D,Colisión,Ninguna,Faltante,Cordón divisorio,Sin restricción
2020,2641,2020-07-07,Martes,16:40:00,,0,2,"Automóvil,Automóvil",Salvador del Carril Y Dorrego,2,1,0,0,1,0,0,"-31.62132, -60.68176",Avenida,,SANTA FE,La Capital,Asfalto,No existe,I,S/D,Urbana,Ninguna,No existe,Intersección,Bueno,Buena,Diurna,Buen Tiempo,Lateral,S/D,Colisión,Ninguna,S/D,Ninguna,Sin restricción
2020,2642,2020-07-07,Martes,20:00:00,,0,2,"Automóvil,Moto/Ciclomotor",Salvador del Carril Y Rivadavia,2,1,0,0,1,0,0,"-31.61875, -60.69599",Avenida,,SANTA FE,La Capital,Asfalto,No existe,I,S/D,Urbana,Ninguna,No existe,Intersección,Bueno,Reducida,Nocturna,Buen Tiempo,Lateral,S/D,Colisión,Ninguna,S/D,Ninguna,Sin restricción
2020,2643,2020-03-14,Sabado,9:00:00,Ruta Nacional A008,0,1,Automóvil,,1,1,0,0,0,0,0,"-33.015041, -60.620638",Ruta,A008,ROSARIO,Rosario,Asfalto,No existe,II,Fuera,Urbana,Otra Señal,No existe,Recta,Bueno,Buena,Diurna,Buen Tiempo,Contra objeto fijo,S/D,"Colisión,Despiste",Ninguna,"Horizontal,Vertical",Guardarrail,Sin restricción
2020,2644,2020-03-18,Miercoles,0:15:00,Ruta Nacional 11,0,1,Camión c / Acoplado,,2,2,0,0,0,0,0,"-32.639941, -60.813509",Ruta,11,ANDINO,Iriondo,Asfalto,Natural,X,Dentro,Rural,Ninguna,No existe,Recta,Bueno,Buena,Nocturna,Buen Tiempo,S/D,S/D,Vuelco,Ninguna,Faltante,Guardarrail,Sin restricción
2020,2645,2020-03-31,Martes,13:40:00,Ruta Nacional 11,0,1,Moto/Ciclomotor,,2,2,0,0,0,0,0,"-31.667584, -60.751894",Ruta,11,SANTA FE,La Capital,Asfalto,No existe,I,Dentro,Urbana,Ninguna,No existe,Puente,Bueno,Buena,Diurna,Buen Tiempo,S/D,S/D,Cañda ocupante,Ninguna,Faltante,Línea divisoria pintada,Sin restricción
2020,2646,2020-06-14,Domingo,11:50:00,,0,2,"Automóvil,Moto/Ciclomotor",Av Freyre Y Av Gral Lopez,2,1,0,0,1,0,0,"-31.655120214559,-60.721098545978",Avenida,,SANTA FE,La Capital,Asfalto,No existe,I,Dentro,Urbana,Ninguna,No existe,Intersección,Bueno,Buena,Diurna,Buen Tiempo,Lateral,S/D,Colisión,Ninguna,Faltante,Ninguna,Sin restricción
2020,2647,2020-07-13,Lunes,17:15:00,,0,2,"Moto/Ciclomotor,Automóvil",Bv. 27 De Febrero Y Barra,2,0,1,0,1,0,0,"-32.95915, -60.70604",Calle,,ROSARIO,Rosario,Asfalto,Pavimento,II,Dentro,Urbana,Semáforo,Funciona,Intersección,Otro,Reducida,Atardecer,Otro,Otro,S/D,Colisión,Otro,Horizontal,"Cordón divisorio,Vegetación,Línea divisoria pintada",Sin restricción
2020,2648,2020-07-13,Lunes,18:50:00,,0,2,"Automóvil,Moto/Ciclomotor",Matienzo Y Garay,3,2,1,0,0,0,0,"-32.9658, -60.6937",Calle,,ROSARIO,Rosario,Asfalto,Pavimento,II,Dentro,Urbana,Ninguna,No existe,Intersección,Otro,Reducida,Atardecer,Otro,Otro,S/D,Colisión,Otro,Faltante,"Cordón divisorio,Vegetación",Sin restricción
2020,2649,2020-06-21,Domingo,19:30:00,,0,2,"Automóvil,Moto/Ciclomotor",Av J J Paso Y Dr Zavalla,4,2,0,0,2,0,0,"-31.661606, -60.723243",Avenida,,SANTA FE,La Capital,Asfalto,No existe,I,Dentro,Urbana,Ninguna,No existe,Intersección,Bueno,Buena,Atardecer,Buen Tiempo,Lateral,S/D,Colisión,Ninguna,Faltante,Ninguna,Sin restricción
2020,2650,2020-07-14,Martes,12:00:00,,0,2,"Moto/Ciclomotor,Automóvil",Rio De Janeiro Y Av. Pte.Peron,4,3,0,0,1,0,0,"-32.95784, -60.68533",Avenida,,ROSARIO,Rosario,Asfalto,Pavimento,II,Dentro,Urbana,Ninguna,No existe,Intersección,Bueno,Buena,Diurna,Otro,Otro,S/D,Colisión,Otro,Faltante,"Cordón divisorio,Vegetación,Línea divisoria pintada",Sin restricción
2020,2651,2020-06-04,Jueves,,,0,2,"Taxi/Remis,Moto/Ciclomotor",Neuquen Y Santa Cruz,4,2,0,0,2,0,0,"-32.758064626676,-60.735504167391",Calle,,SAN LORENZO,San Lorenzo,Asfalto,No existe,XVII,Dentro,Urbana,Otra Señal,No existe,Intersección,Bueno,Buena,Diurna,Buen Tiempo,S/D,S/D,Colisión,Ninguna,Vertical,Ninguna,Sin restricción
2020,2652,2020-06-22,Lunes,19:10:00,Ruta Nacional 11,0,2,"Moto/Ciclomotor,Moto/Ciclomotor",,2,2,0,0,0,0,0,"-31.666897, -60.747834",Ruta,11,SANTA FE,La Capital,Asfalto,No existe,I,Dentro,Rural,Ninguna,No existe,Puente,Bueno,Buena,Atardecer,Buen Tiempo,Lateral,S/D,Colisión,Ninguna,Faltante,Línea divisoria pintada,Sin restricción
2020,2653,2020-07-14,Martes,17:00:00,,0,1,Moto/Ciclomotor,Av. Pte.Peron Y Valparaiso,2,2,0,0,0,0,0,"-32.95802, -60.68678",Avenida,,ROSARIO,Rosario,Asfalto,Pavimento,II,Dentro,Urbana,Ninguna,No existe,Recta,Bueno,Buena,Diurna,Otro,Otro,S/D,Cañda ocupante,Otro,Faltante,"Cordón divisorio,Línea divisoria pintada",Sin restricción
2020,2654,2020-07-15,Miercoles,20:30:00,,0,2,"Peatón,Moto/Ciclomotor",Pje. Principe De Gales Y Virasoro,3,1,0,0,0,0,2,"-32.96483, -60.67238",Calle,,ROSARIO,Rosario,Asfalto,Pavimento,II,S/D,Urbana,Ninguna,No existe,Intersección,Otro,Buena,Diurna,Otro,S/D,Peatón,Atropello,Otro,Faltante,"Cordón divisorio,Vegetación",Sin restricción
2020,2655,2020-07-13,Lunes,17:30:00,,0,2,"Moto/Ciclomotor,Automóvil",Camilo Aldao Y Godoy Cruz,2,1,0,0,1,0,0,"-32.95896, -60.69526",Avenida,,ROSARIO,Rosario,Asfalto,Pavimento,II,Dentro,Urbana,Ninguna,No existe,Intersección,Otro,Buena,Atardecer,Otro,Otro,S/D,Colisión,Otro,Faltante,"Cordón divisorio,Vegetación",Sin restricción
2020,2656,2020-06-06,Sabado,10:30:00,,0,2,"Moto/Ciclomotor,Automóvil",Av Pte Peron 4000,2,1,0,0,1,0,0,"-31.62758253064,-60.718704259515",Avenida,,SANTA FE,La Capital,Asfalto,No existe,I,Dentro,Urbana,Ninguna,No existe,Recta,Bueno,Buena,Diurna,Buen Tiempo,De alcance,S/D,Colisión,Ninguna,Faltante,Ninguna,Sin restricción
2020,2657,2020-06-06,Sabado,22:00:00,Ruta Nacional 11,0,2,"Moto/Ciclomotor,Pickup/Utilitario",Av San Martin Y Luis Borghi,2,1,0,0,1,0,0,"-32.753504714278,-60.734292919167",Ruta,11,SAN LORENZO,San Lorenzo,Asfalto,No existe,XVII,Dentro,Urbana,Paso Peatonal,No existe,Intersección,Bueno,Buena,Diurna,Buen Tiempo,S/D,S/D,Colisión,Ninguna,Horizontal,Cordón divisorio,Sin restricción
2020,2658,2020-07-12,Domingo,15:15:00,,0,2,"Moto/Ciclomotor,Taxi/Remis",Av. Arijon Y Callao,4,2,0,0,2,0,0,"-33.00371, -60.6713",Calle,,ROSARIO,Rosario,Asfalto,No existe,II,Dentro,Urbana,Ninguna,No existe,Recta,Bueno,Buena,Diurna,Buen Tiempo,Otro,S/D,Colisión,Ninguna,Faltante,Ninguna,Sin restricción
2020,2659,2020-06-07,Domingo,12:30:00,,0,2,"Moto/Ciclomotor,Automóvil",Curupaiti Y M de Iriondo,2,0,1,0,1,0,0,"-32.75341969991552, -60.74341568267",Calle,,SAN LORENZO,San Lorenzo,Asfalto,No existe,XVII,Dentro,Urbana,Ninguna,No existe,Intersección,Bueno,Buena,Diurna,Buen Tiempo,S/D,S/D,Colisión,Ninguna,Faltante,Ninguna,Sin restricción
2020,2660,2020-06-03,Miercoles,18:15:00,,0,2,"Moto/Ciclomotor,Automóvil",Av Lopez y Planes 4300,2,1,0,0,1,0,0,"-31.625640671317,-60.713593335222",Avenida,,SANTA FE,La Capital,Asfalto,No existe,I,Dentro,Urbana,Ninguna,Funciona,Recta,Bueno,Buena,Diurna,Buen Tiempo,Lateral,S/D,Colisión,Ninguna,"Horizontal,Vertical",Ninguna,Sin restricción
2020,2661,2020-06-10,Miercoles,12:50:00,,0,2,"Moto/Ciclomotor,Pickup/Utilitario",Perdriel Y Zeballos,2,1,0,0,1,0,0,"-32.757352415695,-60.743885761976",Calle,,SAN LORENZO,San Lorenzo,Asfalto,No existe,XVII,Dentro,Urbana,Ninguna,No existe,Intersección,Bueno,Buena,Diurna,Buen Tiempo,S/D,S/D,Colisión,Ninguna,Horizontal,Ninguna,Sin restricción
2020,2662,2020-07-16,Jueves,18:30:00,,0,2,"Automóvil,Moto/Ciclomotor",Av. Uriburu Y Santiago,2,1,0,0,0,0,1,"-32.99142, -60.66826",Calle,,ROSARIO,Rosario,Asfalto,No existe,II,Dentro,Urbana,Ninguna,No existe,Recta,Bueno,Buena,Atardecer,Buen Tiempo,S/D,S/D,Colisión,Ninguna,Faltante,Ninguna,Sin restricción
2020,2663,2020-06-05,Viernes,15:50:00,,0,2,"Moto/Ciclomotor,Moto/Ciclomotor",Artigas Y Av Pte Peron,2,1,0,0,1,0,0,"-31.620580892913,-60.718497620478",Avenida,,SANTA FE,La Capital,Asfalto,No existe,I,Dentro,Urbana,Ninguna,Funciona,Intersección,Bueno,Buena,Atardecer,Buen Tiempo,Lateral,S/D,Colisión,Ninguna,"Horizontal,Vertical",Cordón divisorio,Sin restricción
2020,2664,2020-07-12,Domingo,17:00:00,,0,2,"Moto/Ciclomotor,Automóvil",Bv. Oroño Y J.M.Gutierrez,3,1,1,0,1,0,0,"-32.99453, -60.66548",Calle,,ROSARIO,Rosario,Asfalto,No existe,II,Dentro,Urbana,Ninguna,No existe,Recta,Bueno,Buena,Atardecer,Buen Tiempo,Otro,S/D,Colisión,Ninguna,Faltante,Cordón divisorio,Sin restricción
2020,2665,2020-06-10,Miercoles,17:50:00,Ruta Nacional 11,0,2,"Pickup/Utilitario,Moto/Ciclomotor",Brown Y Bv Oro�o,2,1,0,0,1,0,0,"-32.73389093465536, -60.74249404607",Ruta,11,SAN LORENZO,San Lorenzo,Asfalto,No existe,XVII,Dentro,Urbana,Señal Pare,No existe,Recta,Bueno,Buena,Diurna,Buen Tiempo,S/D,S/D,Colisión,Ninguna,"Horizontal,Vertical",Línea divisoria pintada,Sin restricción
2020,2666,2020-06-02,Martes,,,0,2,"Automóvil,Bicicleta",Av Pte Peron,2,1,0,0,1,0,0,"-31.583883, -60.740727",Avenida,,SANTA FE,La Capital,Asfalto,No existe,I,Dentro,Urbana,Semáforo,Funciona,Intersección,Bueno,Buena,Atardecer,Buen Tiempo,S/D,Ciclista,Atropello,Ninguna,Vertical,Línea divisoria pintada,Sin restricción
2020,2667,2020-06-11,Jueves,10:15:00,Ruta Nacional 11,0,2,"Bicicleta,Automóvil",Av San Martin 1950,2,1,0,0,1,0,0,"-32.742638795909,-60.734014317914",Ruta,11,SAN LORENZO,San Lorenzo,Asfalto,No existe,XVII,Dentro,Urbana,Ninguna,No existe,Intersección,Bueno,Buena,Diurna,Buen Tiempo,S/D,Ciclista,Atropello,Ninguna,Horizontal,Cordón divisorio,Sin restricción
2020,2668,2020-07-16,Jueves,19:45:00,,0,2,"Peatón,Automóvil",Mitre Y Rioja,3,1,0,0,2,0,0,"-32.9474, -60.63984",Calle,,ROSARIO,Rosario,Asfalto,S/D,II,S/D,Urbana,S/D,S/D,Intersección,S/D,S/D,Diurna,S/D,S/D,Peatón,Atropello,S/D,S/D,S/D,S/D
2020,2669,2020-06-05,Viernes,18:40:00,,0,2,"Bicicleta,Automóvil",Francia Y Juan Del Campillo,2,1,0,0,1,0,0,"-31.628304923982,-60.709671671306",Calle,,SANTA FE,La Capital,Asfalto,No existe,I,Dentro,Urbana,Ninguna,No existe,Intersección,Bueno,Buena,Atardecer,Buen Tiempo,S/D,Ciclista,Atropello,Ninguna,Faltante,Ninguna,Sin restricción
2020,2670,2020-06-14,Domingo,11:30:00,,0,2,"Taxi/Remis,Moto/Ciclomotor",Urquiza 1700,2,1,0,0,1,0,0,"-32.747477544309,-60.745649567288",Calle,,SAN LORENZO,San Lorenzo,Asfalto,No existe,XVII,Dentro,Urbana,Ninguna,No existe,Intersección,Bueno,Buena,Diurna,Buen Tiempo,S/D,S/D,Colisión,Ninguna,Faltante,Cordón divisorio,Sin restricción
2020,2671,2020-07-13,Lunes,10:50:00,,0,2,"Automóvil,Moto/Ciclomotor",España Y Santa Fe,2,1,0,0,1,0,0,"-32.9436, -60.64616",Calle,,ROSARIO,Rosario,S/D,S/D,II,S/D,Urbana,Semáforo,S/D,Intersección,S/D,S/D,Diurna,S/D,S/D,S/D,Colisión,S/D,S/D,S/D,S/D
2020,2672,2020-06-10,Miercoles,,,0,2,"Peatón,Automóvil",Av Pte Peron Y Iturraspe,2,1,0,0,1,0,0,"-31.625458459958,-60.718745899026",Avenida,,SANTA FE,La Capital,Asfalto,No existe,I,Dentro,Urbana,Ninguna,Funciona,Intersección,Bueno,Buena,Diurna,Buen Tiempo,S/D,Peatón,Atropello,Ninguna,"Horizontal,Vertical",Ninguna,Sin restricción
2020,2673,2020-06-14,Domingo,18:00:00,,0,2,"Automóvil,Moto/Ciclomotor",,3,2,0,0,1,0,0,"-32.74440905393891,-60.737784965745",S/D,,SAN LORENZO,San Lorenzo,S/D,S/D,XVII,S/D,S/D,S/D,S/D,S/D,S/D,S/D,Diurna,S/D,S/D,S/D,Colisión,S/D,S/D,S/D,S/D
2020,2674,2020-07-15,Miercoles,9:00:00,,0,2,"Moto/Ciclomotor,Automóvil",9 De Julio Y Lavalle,2,1,0,0,1,0,0,"-32.94675, -60.67965",Calle,,ROSARIO,Rosario,Asfalto,S/D,II,S/D,Urbana,S/D,S/D,Intersección,S/D,Buena,Diurna,Buen Tiempo,S/D,S/D,Colisión,S/D,S/D,S/D,S/D
2020,2675,2020-06-11,Jueves,,,0,2,"Moto/Ciclomotor,Automóvil",Av Pte Peron Y Pedro Centeno,2,1,0,0,1,0,0,"-31.623872, -60.718716",Avenida,,SANTA FE,La Capital,Asfalto,No existe,I,Dentro,Urbana,Ninguna,Funciona,Intersección,Bueno,Buena,Atardecer,Buen Tiempo,Lateral,S/D,Colisión,Ninguna,"Horizontal,Vertical",Cordón divisorio,Sin restricción
2020,2676,2020-07-10,Viernes,8:15:00,,0,2,"Automóvil,Moto/Ciclomotor",Montevideo Y Servando Bayo,3,2,0,0,1,0,0,"-32.94783, -60.68704",Calle,,ROSARIO,Rosario,Asfalto,S/D,II,S/D,Urbana,S/D,S/D,Intersección,S/D,S/D,S/D,S/D,S/D,S/D,Colisión,S/D,S/D,S/D,S/D
2020,2677,2020-06-19,Viernes,10:20:00,Ruta Nacional 11,325,2,"Moto/Ciclomotor,Otros",,2,1,0,0,0,0,1,"-32.7784556928483, -60.727716520704",Ruta,11,FRAY LUIS BELTRÁN,San Lorenzo,Asfalto,Ripio,XVII,Dentro,Urbana,Otra Señal,No existe,Recta,Bueno,Buena,Diurna,Buen Tiempo,S/D,S/D,Colisión,Ninguna,Vertical,Ninguna,Sin restricción
2020,2678,2020-06-13,Sabado,12:15:00,,0,2,"Moto/Ciclomotor,Automóvil",Av Pte Peron Y Luciano Molinas,2,1,0,0,1,0,0,"-31.628721025336,-60.718317757049",Avenida,,SANTA FE,La Capital,Asfalto,No existe,I,Dentro,Urbana,Semáforo,Funciona,Intersección,Bueno,Buena,Diurna,Buen Tiempo,Lateral,S/D,Colisión,Ninguna,"Horizontal,Vertical",Ninguna,Sin restricción
2020,2679,2020-07-16,Jueves,18:05:00,,0,2,"Moto/Ciclomotor,Moto/Ciclomotor",San Juan Y Valparaiso,2,1,1,0,0,0,0,"-32.94233, -60.68282",Calle,,ROSARIO,Rosario,Asfalto,S/D,II,S/D,Urbana,S/D,S/D,Intersección,S/D,S/D,"Atardecer,Con luz artificial",S/D,S/D,S/D,Colisión,S/D,S/D,S/D,S/D
2020,2680,2020-07-16,Jueves,9:50:00,,0,3,"Automóvil,Moto/Ciclomotor,Automóvil",Balcarce Y Urquiza,3,1,0,0,2,0,0,"-32.94049, -60.65108",Calle,,ROSARIO,Rosario,Asfalto,S/D,II,S/D,Urbana,S/D,S/D,Intersección,S/D,Buena,Diurna,S/D,Múltiple,S/D,Colisión,S/D,S/D,S/D,S/D
2020,2681,2020-06-21,Domingo,21:15:00,,0,3,"Automóvil,Automóvil,Peatón",General Lopez Y Urquiza,3,2,0,0,1,0,0,"-32.747665357267,-60.735226640381",Calle,,SAN LORENZO,San Lorenzo,Asfalto,No existe,XVII,Dentro,Urbana,Semáforo,Funciona,Intersección,Bueno,Buena,Diurna,Buen Tiempo,Contra objeto fijo,Peatón,"Colisión,Atropello",Ninguna,"Horizontal,Vertical","Cordón divisorio,Línea divisoria pintada",Sin restricción
2020,2682,2020-06-23,Martes,9:10:00,,0,2,"Moto/Ciclomotor,Automóvil",Dorrego Y Urquiza,2,1,0,0,1,0,0,"-32.747621514844,-60.737317580287",Calle,,SAN LORENZO,San Lorenzo,Asfalto,No existe,XVII,Dentro,Urbana,Semáforo,Funciona,Intersección,Bueno,Buena,Diurna,Buen Tiempo,S/D,S/D,Colisión,Ninguna,"Horizontal,Vertical","Cordón divisorio,Vegetación,Línea divisoria pintada",Sin restricción
2020,2683,2020-06-16,Martes,14:50:00,,0,2,"Moto/Ciclomotor,Pickup/Utilitario",Av Pte Peron Y Pje Irala,2,1,0,0,1,0,0,"-31.63039208566,-60.717845743008",Avenida,,SANTA FE,La Capital,Asfalto,No existe,I,Dentro,Urbana,Ninguna,No existe,Paso a Nivel FFCC,Bueno,Buena,Diurna,Buen Tiempo,Lateral,S/D,Colisión,Ninguna,Faltante,Ninguna,Sin restricción
2020,2684,2020-07-11,Sabado,8:20:00,,0,2,"Taxi/Remis,Taxi/Remis",Mariano Moreno Y Rioja,3,1,0,0,2,0,0,"-32.94538, -60.65085",Calle,,ROSARIO,Rosario,Asfalto,S/D,II,S/D,Urbana,S/D,S/D,Intersección,S/D,S/D,Diurna,S/D,S/D,S/D,Colisión,S/D,S/D,S/D,S/D
2020,2685,2020-06-24,Miercoles,18:15:00,Autopista Nacional A012,64,2,"Moto/Ciclomotor,Automóvil",,3,1,0,0,2,0,0,"-32.766406226283,-60.743726268204",Autopista,A012,SAN LORENZO,San Lorenzo,Asfalto,No existe,XVII,Dentro,Urbana,Ninguna,No existe,Intersección,Bueno,Buena,Diurna,Buen Tiempo,S/D,S/D,Colisión,Ninguna,Faltante,Ninguna,Sin restricción
2020,2686,2020-07-13,Lunes,12:25:00,,0,2,"Moto/Ciclomotor,Automóvil",Av. Ovidio Lagos Y Tucuman,2,1,0,0,1,0,0,"-32.9376, -60.66023",Calle,,ROSARIO,Rosario,Asfalto,S/D,II,S/D,Urbana,Semáforo,Funciona,Intersección,S/D,S/D,Diurna,S/D,S/D,S/D,Colisión,S/D,Vertical,S/D,S/D
2020,2687,2020-06-28,Domingo,22:30:00,Autopista Nacional A012,0,2,"Automóvil,Moto/Ciclomotor",Gdor Saavedra - Ruta 12 Y Velez Sarsfield,2,1,0,0,1,0,0,"-32.768017316361,-60.734283982558",Autopista,A012,SAN LORENZO,San Lorenzo,Asfalto,Ripio,XVII,Dentro,Urbana,Semáforo,Funciona,Intersección,Bueno,Buena,Diurna,Buen Tiempo,S/D,S/D,Colisión,Otro,Vertical,Cordón divisorio,Sin restricción
2020,2688,2020-06-21,Domingo,11:45:00,,0,3,"Automóvil,Automóvil,Automóvil",Artigas Y Av Pte Peron,3,2,0,0,1,0,0,"-31.620580892913,-60.718497620478",Avenida,,SANTA FE,La Capital,Asfalto,No existe,I,Dentro,Urbana,Ninguna,Funciona,Intersección,Bueno,Buena,Diurna,Buen Tiempo,Múltiple,S/D,Colisión,Ninguna,"Horizontal,Vertical",Ninguna,Sin restricción
2020,2689,2020-06-01,Lunes,14:30:00,,0,2,"Moto/Ciclomotor,Automóvil",Av Fray Luis Beltran Y Avda Roque Saenz Pe�a,3,1,0,0,2,0,0,"-32.784634444341,-60.735957572827",Avenida,,FRAY LUIS BELTRÁN,San Lorenzo,Ripio,No existe,XVII,Dentro,Urbana,Ninguna,No existe,Intersección,Bueno,Buena,Diurna,Buen Tiempo,S/D,S/D,Colisión,Ninguna,Faltante,Ninguna,Sin restricción
2020,2690,2020-07-11,Sabado,23:35:00,,0,2,"Automóvil,Moto/Ciclomotor",9 De Julio Y Santiago,2,1,0,0,1,0,0,"-32.95065, -60.65786",Calle,,ROSARIO,Rosario,Asfalto,S/D,II,S/D,Urbana,S/D,S/D,Intersección,S/D,S/D,"Nocturna,Con luz artificial",S/D,S/D,S/D,Colisión,S/D,S/D,S/D,S/D
2020,2691,2020-06-19,Viernes,17:00:00,,0,2,"Automóvil,Moto/Ciclomotor",Arenales Y Dorrego,3,2,0,0,1,0,0,"-32.782905077236,-60.730248694516",Calle,,FRAY LUIS BELTRÁN,San Lorenzo,Asfalto,No existe,XVII,Dentro,Urbana,Ninguna,No existe,Intersección,Bueno,Buena,Diurna,Buen Tiempo,S/D,S/D,Colisión,Ninguna,Faltante,Ninguna,Sin restricción
2020,2692,2020-07-11,Sabado,20:20:00,,0,2,"Bicicleta,Automóvil",Alvear Y Urquiza,2,1,0,0,1,0,0,"-32.93999, -60.65376",Calle,,ROSARIO,Rosario,Asfalto,S/D,II,S/D,Urbana,S/D,S/D,Intersección,S/D,S/D,"Nocturna,Con luz artificial",S/D,S/D,Ciclista,Atropello,S/D,S/D,S/D,S/D
2020,2693,2020-06-02,Martes,15:55:00,,0,2,"Moto/Ciclomotor,Moto/Ciclomotor",Bv Sarmiento Y Urquiza,2,2,0,0,0,0,0,"-32.901542830141,-60.907720933304",Avenida,,ROLDÁN,San Lorenzo,Asfalto,No existe,XVII,Dentro,Urbana,Ninguna,No existe,Intersección,Bueno,Buena,Diurna,Buen Tiempo,S/D,S/D,Colisión,Ninguna,Faltante,Ninguna,Sin restricción