anio_acci,nro_acci,fecha,desc_dia,hora_aprox,desc_ruta,km,cant_participantes,desc_participante,calle_avenida_km,total,heridos_leves,heridos_graves,heridos_gravisimos,ilesos,fallecidos,sin_datos,posicion_XY,desc_tipo_via,desc_ruta_ori,desc_loc,desc_dpto,desc_tipo_calzada,desc_tipo_banquina,desc_unidad_regional,desc_lugar_calzada,desc_zona,desc_prioridad,desc_estado_semaforo,desc_lugar_via,desc_estado_via,desc_estado_visibilidad,desc_luminosidad,desc_estado_clima,desc_tipo_colision,desc_tipo_atropello,desc_tipo_hecho,desc_pres_calzada,desc_senializacion,desc_separacion_via,desc_restriccion
2020,2758,2020-06-02,Martes,17:30:00,,0,2,"Bicicleta,Automóvil",Alberti Y Pje Ingenieros,4,1,0,0,3,0,0,"-31.600863343643,-60.697935978809",Calle,,SANTA FE,La Capital,Asfalto,No existe,I,Dentro,Urbana,Ninguna,S/D,Intersección,Bueno,Buena,Diurna,Buen Tiempo,S/D,Ciclista,Atropello,Ninguna,Faltante,Ninguna,Sin restricción
2020,2759,2020-06-04,Jueves,11:10:00,Ruta Nacional 33,0,2,"Automóvil,Pickup/Utilitario",Bv Raul Rodriguez Y Libertad,5,1,0,0,4,0,0,"-33.017304560398,-61.035600965449",Ruta,33,PUJATO,San Lorenzo,Asfalto,Ripio,XVII,Dentro,Urbana,Ninguna,No existe,Intersección,Bueno,Buena,Diurna,Lluvia,Lateral,S/D,Colisión,Agua,Horizontal,Línea divisoria pintada,Sin restricción
2020,2760,2020-05-20,Miercoles,0:35:00,,0,2,"Moto/Ciclomotor,Automóvil",Pte Juan D Peron Y Pte Hipolito Irigoyen,4,1,0,0,3,0,0,"-32.69577115774156,-60.744368433952",Calle,,PUERTO SAN MARTÍN,San Lorenzo,Asfalto,Ripio,XVII,Dentro,Urbana,Ninguna,S/D,Intersección,Bueno,S/D,Nocturna,Buen Tiempo,De alcance,S/D,Colisión,Ninguna,Faltante,Ninguna,Sin restricción
2020,2761,2020-06-09,Martes,10:25:00,,0,2,"Automóvil,Automóvil",J Castelli Y 1ro de Mayo,2,1,0,0,1,0,0,"-31.60556337227,-60.698503183203",Calle,,SANTA FE,La Capital,Asfalto,No existe,I,Dentro,Urbana,Ninguna,No existe,Intersección,Bueno,Buena,Diurna,Buen Tiempo,Lateral,S/D,Colisión,Ninguna,Faltante,Ninguna,Sin restricción
2020,2762,2020-05-21,Jueves,17:30:00,,0,2,"Moto/Ciclomotor,Pickup/Utilitario",Calle 9-Mariano Moreno Y Calle 8-Chacabuco,2,1,0,0,1,0,0,"-29.14166, -59.63953",Calle,,RECONQUISTA,General Obligado,Asfalto,No existe,IX,Dentro,Urbana,Ninguna,No existe,Intersección,Bueno,Reducida,Diurna,Lluvia,S/D,S/D,Colisión,Ninguna,Horizontal,Ninguna,Sin restricción
2020,2763,2020-05-21,Jueves,16:30:00,,0,2,"Moto/Ciclomotor,Automóvil",Alvear Y Castellanos,2,1,0,0,1,0,0,"-31.63601, -60.69624",Calle,,SANTA FE,La Capital,Asfalto,No existe,I,Dentro,Urbana,S/D,No existe,Intersección,Bueno,S/D,Diurna,S/D,Lateral,S/D,Colisión,S/D,S/D,S/D,S/D
2020,2764,2020-06-15,Lunes,16:25:00,,0,3,"Pickup/Utilitario,Automóvil,Moto/Ciclomotor",Av A del Valle Y Pedro de Vega,3,1,0,0,2,0,0,"-31.61122262477877,-60.694634914398",Avenida,,SANTA FE,La Capital,Asfalto,No existe,I,Dentro,Urbana,Semáforo,Funciona,Intersección,Bueno,Buena,Diurna,Buen Tiempo,Múltiple,S/D,Colisión,Ninguna,"Horizontal,Vertical",Ninguna,Sin restricción
2020,2765,2020-05-21,Jueves,12:55:00,,0,2,"Moto/Ciclomotor,Automóvil",Gaboto 2700,2,1,0,0,1,0,0,"-32.9694, -60.66688",Calle,,ROSARIO,Rosario,Asfalto,No existe,II,Dentro,Urbana,S/D,S/D,Intersección,Bueno,S/D,Diurna,S/D,S/D,S/D,Colisión,S/D,S/D,S/D,S/D
2020,2766,2020-06-27,Sabado,19:00:00,Autopista Nacional A012,38,2,"Camión c / Acoplado,Vehículo Oficial",,2,0,1,0,1,0,0,"-32.94707000255587,-60.905258059501",Autopista,A012,ROLDÁN,San Lorenzo,Asfalto,Natural,XVII,Dentro,Urbana,Ninguna,No existe,Recta,Bueno,Buena,Nocturna,Buen Tiempo,Frontal,S/D,Colisión,Ninguna,Faltante,Línea divisoria pintada,Sin restricción
2020,2767,2020-05-21,Jueves,10:30:00,,0,2,"Automóvil,Automóvil",Italia Y Biedma,2,1,0,0,1,0,0,"-32.97964, -60.65666",Calle,,ROSARIO,Rosario,Asfalto,No existe,II,Dentro,Urbana,Ninguna,No existe,Intersección,Bueno,Buena,Diurna,Buen Tiempo,Lateral,S/D,Colisión,Ninguna,Faltante,Ninguna,Sin restricción
2020,2768,2020-06-12,Viernes,22:50:00,,0,2,"Automóvil,Moto/Ciclomotor",Galvez Y La Pampa,3,1,0,0,2,0,0,"-32.894856418457,-60.900337249906",Calle,,ROLDÁN,San Lorenzo,Asfalto,No existe,XVII,Dentro,Urbana,Ninguna,No existe,Intersección,Bueno,Buena,"Nocturna,Con luz artificial",Buen Tiempo,S/D,S/D,Colisión,Ninguna,Faltante,Ninguna,Sin restricción
2020,2769,2020-05-21,Jueves,15:55:00,,0,2,"Moto/Ciclomotor,Automóvil",Ayacucho 5500,2,1,0,0,1,0,0,"-33.00059, -60.63621",Calle,,ROSARIO,Rosario,Asfalto,No existe,II,Dentro,Urbana,Ninguna,S/D,Intersección,Bueno,Buena,Diurna,Buen Tiempo,Lateral,S/D,Colisión,S/D,Faltante,Ninguna,Sin restricción
2020,2770,2020-06-18,Jueves,12:50:00,,0,2,"Automóvil,Moto/Ciclomotor",Av Facundo Zuviria Y Pedro Centeno,2,1,0,0,1,0,0,"-31.626431, -60.705148",Avenida,,SANTA FE,La Capital,Asfalto,No existe,I,Dentro,Urbana,Ninguna,Funciona,Intersección,Bueno,Buena,Diurna,Buen Tiempo,Lateral,S/D,Colisión,Ninguna,"Horizontal,Vertical",Ninguna,Sin restricción
2020,2771,2020-05-21,Jueves,10:30:00,,0,2,"Moto/Ciclomotor,Automóvil",Irigoyen Y Jose Ingenieros,2,2,0,0,0,0,0,"-32.74028, -60.7361",Calle,,SAN LORENZO,San Lorenzo,S/D,S/D,XVII,S/D,Urbana,S/D,S/D,Intersección,S/D,S/D,Diurna,S/D,S/D,S/D,Colisión,S/D,S/D,S/D,S/D
2020,2772,2020-06-15,Lunes,18:00:00,,0,2,"Moto/Ciclomotor,Peatón",,2,0,1,0,1,0,0,"-31.098852487063073,-60.08924543201",Calle,,HELVECIA,Garay,Tierra,No existe,VII,S/D,Urbana,Ninguna,No existe,Otro,Otro,Buena,Diurna,Buen Tiempo,S/D,Peatón,Atropello,Ninguna,Faltante,Ninguna,Sin restricción
2020,2773,2020-05-21,Jueves,18:20:00,,0,2,"Moto/Ciclomotor,Pickup/Utilitario",Los Andes Y 5 de Noviembre,2,1,0,0,1,0,0,"-29.22763, -61.77032",Calle,,TOSTADO,9 de Julio,Asfalto,No existe,XII,S/D,Urbana,Ninguna,No existe,Intersección,Bueno,Buena,Atardecer,Lluvia,Otro,S/D,Colisión,Ninguna,Faltante,Ninguna,Sin restricción
2020,2774,2020-06-23,Martes,13:30:00,,0,1,Moto/Ciclomotor,Pbro Marozi Y Santa Fe,1,0,1,0,0,0,0,"-31.426061689853668,-60.33677995204",Calle,,SANTA ROSA DE CALCHINES,Garay,Asfalto,Pavimento,VII,Dentro,Urbana,Ninguna,No existe,Intersección,Bueno,Buena,Diurna,Buen Tiempo,Atropello animal,S/D,Colisión,Ninguna,Faltante,Ninguna,Sin restricción
2020,2775,2020-06-02,Martes,16:09:00,,0,2,"Automóvil,Bicicleta",Primera Junta Y San Jose,2,1,0,0,1,0,0,"-31.643940210342425,-60.72240650653",Calle,,SANTA FE,La Capital,Asfalto,No existe,I,Dentro,Urbana,Ninguna,No existe,Intersección,Bueno,Buena,Diurna,Buen Tiempo,S/D,Ciclista,Atropello,Ninguna,Vertical,Ninguna,Sin restricción
2020,2776,2020-05-22,Viernes,11:10:00,,0,2,"Moto/Ciclomotor,Pickup/Utilitario",Cullen Y General Manuel Belgrano,2,1,0,0,1,0,0,"-31.45255, -60.93041",Calle,,ESPERANZA,Las Colonias,Asfalto,No existe,XI,S/D,Urbana,Ninguna,No existe,Intersección,Con baches,Buena,Diurna,Buen Tiempo,De alcance,S/D,Colisión,Ninguna,Faltante,Ninguna,Sin restricción
2020,2777,2020-06-02,Martes,17:30:00,,0,1,Tractor,CAMINO RURAL,2,1,0,0,1,0,0,"-30.7962870597839,-60.0231170654296",Camino Rural,,COLONIA MASCIAS,Garay,Tierra,No existe,VII,Dentro,Rural,Ninguna,No existe,Intersección,Bueno,Buena,Diurna,Buen Tiempo,S/D,S/D,Cañda ocupante,Ninguna,Faltante,Ninguna,Sin restricción
2020,2778,2020-05-22,Viernes,18:30:00,,0,2,"Bicicleta,Otros",Calle 31-Newbery Y Calle 34,2,1,0,0,1,0,0,"-29.15176, -59.65711",Calle,,RECONQUISTA,General Obligado,Asfalto,No existe,IX,S/D,Urbana,Ninguna,No existe,Intersección,Bueno,Buena,Atardecer,Buen Tiempo,S/D,Ciclista,Atropello,Ninguna,Horizontal,Ninguna,Sin restricción
2020,2779,2020-05-22,Viernes,19:50:00,,0,2,"Moto/Ciclomotor,Moto/Ciclomotor",Alberdi 456,2,0,1,0,1,0,0,"-30.31693, -61.23314",Calle,,SAN CRISTÓBAL,San CRISTÓBAL,Asfalto,No existe,XIII,Dentro,Urbana,Ninguna,No existe,Recta,S/D,Reducida,Nocturna,Lluvia,Lateral,S/D,Colisión,S/D,S/D,Ninguna,Sin restricción
2020,2780,2020-06-07,Domingo,11:50:00,,0,2,"Automóvil,Moto/Ciclomotor",25 de Mayo Y Dr Borzone,3,0,2,0,1,0,0,"-32.995765530398,-60.772864280233",Calle,,PEREZ,Rosario,Asfalto,No existe,II,Dentro,Urbana,Ninguna,No existe,Intersección,Bueno,Buena,Diurna,Buen Tiempo,S/D,S/D,Colisión,Ninguna,Faltante,Ninguna,Sin restricción
2020,2781,2020-06-03,Miercoles,8:10:00,,0,1,Moto/Ciclomotor,Francia Y Hipolito Yrigoyen,1,1,0,0,0,0,0,"-31.641972, -60.713475",Calle,,SANTA FE,La Capital,Asfalto,No existe,I,Dentro,Urbana,Ninguna,No existe,Intersección,Bueno,Buena,Diurna,Buen Tiempo,S/D,S/D,Cañda ocupante,Ninguna,Faltante,Ninguna,Sin restricción
2020,2782,2020-06-08,Lunes,9:30:00,,0,2,"Automóvil,Automóvil",Dr Zavalla Y Tucuman,2,1,0,0,1,0,0,"-31.643649180159,-60.719439258028",Calle,,SANTA FE,La Capital,Asfalto,No existe,I,Dentro,Urbana,Otra Señal,No existe,Intersección,Bueno,Buena,Diurna,Buen Tiempo,Lateral,S/D,Colisión,Ninguna,"Horizontal,Vertical",Ninguna,Sin restricción
2020,2783,2020-06-01,Lunes,8:50:00,,0,2,"Automóvil,Bicicleta",Juan Bautista Alberdi Y Lavalle,2,1,0,0,1,0,0,"-33.000955072336,-60.770582220471",Calle,,PEREZ,Rosario,Asfalto,No existe,II,Dentro,Urbana,Ninguna,No existe,Intersección,Bueno,Buena,Diurna,Buen Tiempo,S/D,Ciclista,Atropello,Ninguna,Faltante,Ninguna,Sin restricción
2020,2784,2020-06-17,Miercoles,22:00:00,,0,2,"Automóvil,Moto/Ciclomotor",Av Freyre Y Salvador Caputo,2,1,0,0,1,0,0,"-31.637457976869,-60.716245058714",Avenida,,SANTA FE,La Capital,Asfalto,No existe,I,Dentro,Urbana,Semáforo,Funciona,Intersección,Bueno,Buena,"Nocturna,Con luz artificial",Buen Tiempo,Lateral,S/D,Colisión,Ninguna,"Horizontal,Vertical","Cordón divisorio,Vegetación",Sin restricción
2020,2785,2020-06-03,Miercoles,20:20:00,Ruta Nacional 33,0,2,"Moto/Ciclomotor,Peatón",Av San Martin Y Leandro Alem,2,1,0,0,1,0,0,"-32.996431025449,-60.766562600094",Ruta,33,PEREZ,Rosario,Asfalto,No existe,II,Dentro,Urbana,Ninguna,Funciona,Intersección,Bueno,Buena,Diurna,Buen Tiempo,S/D,Peatón,Atropello,Ninguna,Vertical,Ninguna,Sin restricción
2020,2786,2020-05-22,Viernes,15:00:00,Ruta Nacional 33,782,2,"Automóvil,Pickup/Utilitario",,3,2,0,0,1,0,0,"-32.98896, -60.75253",Ruta,33,PEREZ,Rosario,Asfalto,Pavimento,II,Dentro,Urbana,Ninguna,No existe,Recta,Bueno,Buena,Diurna,Buen Tiempo,S/D,S/D,Colisión,Ninguna,Horizontal,S/D,Sin restricción
2020,2787,2020-06-04,Jueves,10:40:00,Ruta Nacional 33,0,2,"Automóvil,Moto/Ciclomotor",Av San Martin Y Rivadavia,2,1,0,0,1,0,0,"-32.997522718579,-60.768647810633",Ruta,33,PEREZ,Rosario,Asfalto,No existe,II,Dentro,Urbana,Ninguna,No existe,Intersección,Bueno,Buena,Diurna,Buen Tiempo,Lateral,S/D,Colisión,Ninguna,Horizontal,Línea divisoria pintada,Sin restricción
2020,2788,2020-06-12,Viernes,22:11:00,,0,2,"Automóvil,Moto/Ciclomotor",Salta Y Santiago de Chile,2,1,0,0,1,0,0,"-31.646889014028,-60.724624614482",Calle,,SANTA FE,La Capital,Asfalto,No existe,I,Dentro,Urbana,Ninguna,No existe,Recta,Bueno,Buena,"Nocturna,Con luz artificial",Buen Tiempo,De alcance,S/D,Colisión,Ninguna,Faltante,Ninguna,Sin restricción
2020,2789,2020-06-13,Sabado,12:25:00,,0,1,Moto/Ciclomotor,Juan Bautista Alberdi 774,1,1,0,0,0,0,0,"-32.996072259681,-60.774108331799",Calle,,PEREZ,Rosario,Asfalto,No existe,II,Dentro,Urbana,Ninguna,No existe,Recta,Bueno,Buena,Diurna,Buen Tiempo,Contra objeto fijo,S/D,Colisión,Ninguna,Faltante,Ninguna,Sin restricción
2020,2790,2020-05-22,Viernes,17:20:00,,0,2,"Automóvil,Moto/Ciclomotor",Mitre Y Bomberos Voluntarios,3,2,0,0,1,0,0,"-33.02449, -60.63318",Calle,,VILLA GOBERNADOR GÁLVEZ,Rosario,Asfalto,No existe,II,S/D,Urbana,Ninguna,No existe,Intersección,Bueno,Buena,Diurna,S/D,S/D,S/D,Colisión,Ninguna,Faltante,Ninguna,Sin restricción
2020,2791,2020-06-17,Miercoles,16:20:00,,0,1,Moto/Ciclomotor,D F Sarmiento Y Richieri,1,1,0,0,0,0,0,"-32.995147163009,-60.778064222499",Calle,,PEREZ,Rosario,Asfalto,No existe,II,Dentro,Urbana,Ninguna,No existe,Intersección,Bueno,Buena,Diurna,Buen Tiempo,S/D,S/D,Cañda ocupante,Ninguna,Faltante,Ninguna,Sin restricción
2020,2792,2020-05-22,Viernes,13:50:00,,0,2,"Automóvil,Moto/Ciclomotor",3 de Febrero Y 17 de Octubre,2,1,0,0,1,0,0,"-33.01256, -60.60937",Calle,,VILLA GOBERNADOR GÁLVEZ,Rosario,Asfalto,No existe,II,S/D,Urbana,Ninguna,No existe,Intersección,Deteriorada,Reducida p/ objetos,Diurna,Buen Tiempo,De alcance,S/D,Colisión,Ninguna,Faltante,Ninguna,Sin restricción
2020,2793,2020-06-16,Martes,10:30:00,,0,2,"Pickup/Utilitario,Automóvil",Av San Nicolas 2900,2,1,0,0,1,0,0,"-32.92818973604,-60.80736556665",Calle,,FUNES,Rosario,Ripio,No existe,II,Dentro,Urbana,Ninguna,No existe,Intersección,Bueno,Buena,Diurna,Buen Tiempo,Lateral,S/D,Colisión,Ninguna,Faltante,Ninguna,Sin restricción
2020,2794,2020-05-22,Viernes,,,0,2,"Automóvil,Moto/Ciclomotor",San Carlos Y Entre Rios,2,1,0,0,1,0,0,"-32.74318, -60.73228",Calle,,SAN LORENZO,San Lorenzo,S/D,S/D,XVII,S/D,Urbana,S/D,S/D,Intersección,S/D,S/D,S/D,S/D,S/D,S/D,Colisión,S/D,S/D,S/D,S/D
2020,2795,2020-06-12,Viernes,22:20:00,Ruta Secundaria 34-s,0,2,"Automóvil,Moto/Ciclomotor",Gral Paz Y Peron,2,1,0,0,1,0,0,"-32.915272417184,-60.806847400967",Ruta,34-s,FUNES,Rosario,Asfalto,No existe,II,Dentro,Urbana,Ninguna,No existe,Intersección,Bueno,Buena,Diurna,Buen Tiempo,Frontal,S/D,Colisión,Ninguna,Faltante,Ninguna,Sin restricción
2020,2796,2020-06-10,Miercoles,13:25:00,Ruta Nacional 9,0,2,"Automóvil,Bicicleta",Cochet Y Ruta Nacional 9,2,1,0,0,1,0,0,"-32.922418462009,-60.806078369361",Ruta,9,FUNES,Rosario,Asfalto,Pavimento,II,Dentro,Urbana,Otra Señal,No existe,Intersección,Bueno,Buena,Diurna,Buen Tiempo,S/D,Ciclista,Atropello,Ninguna,"Horizontal,Vertical",Línea divisoria pintada,Sin restricción
2020,2797,2020-06-10,Miercoles,10:00:00,,0,2,"Automóvil,Pickup/Utilitario",Candelaria Y Gral Paz,3,2,0,0,1,0,0,"-32.914379277646,-60.811799359246",Calle,,FUNES,Rosario,Asfalto,No existe,II,Dentro,Urbana,Ninguna,No existe,Intersección,Bueno,Buena,Diurna,Buen Tiempo,Frontal,S/D,Colisión,Ninguna,Faltante,Ninguna,Sin restricción
2020,2798,2020-05-23,Sabado,9:25:00,,0,2,"Moto/Ciclomotor,Otros",Dr Zavalla Y J J Paso,2,1,0,0,0,0,1,"-31.66121, -60.72459",Calle,,SANTA FE,La Capital,Asfalto,No existe,I,S/D,Urbana,Ninguna,No existe,Intersección,S/D,Buena,Diurna,Buen Tiempo,Lateral,S/D,Colisión,Ninguna,Faltante,Ninguna,Sin restricción
2020,2799,2020-06-16,Martes,19:15:00,,0,2,"Moto/Ciclomotor,Automóvil",Av Freyre 3200,2,1,0,0,1,0,0,"-31.636370018769,-60.715662234625",Avenida,,SANTA FE,La Capital,Asfalto,No existe,I,Dentro,Urbana,Semáforo,Funciona,Recta,Bueno,Buena,Diurna,Buen Tiempo,Lateral,S/D,Colisión,Ninguna,"Horizontal,Vertical",Ninguna,Sin restricción
2020,2800,2020-05-23,Sabado,,,0,2,"Moto/Ciclomotor,Automóvil",Bv G L Lhemann Y Chile,3,2,0,0,1,0,0,"-31.24428, -61.48956",Avenida,,RAFAELA,Castellanos,Asfalto,S/D,V,Dentro,Urbana,Ninguna,S/D,Intersección,Bueno,Buena,Diurna,Buen Tiempo,Lateral,S/D,Colisión,S/D,S/D,Cordón divisorio,Sin restricción
2020,2801,2020-06-18,Jueves,12:40:00,,0,2,"Moto/Ciclomotor,Automóvil",Av Freyre Y Gdor Crespo,2,1,0,0,1,0,0,"-31.638777045141,-60.716624114462",Avenida,,SANTA FE,La Capital,Asfalto,No existe,I,Dentro,Urbana,Ninguna,No existe,Intersección,Bueno,Buena,Diurna,Buen Tiempo,Lateral,S/D,Colisión,Ninguna,Faltante,Ninguna,Sin restricción
2020,2802,2020-05-23,Sabado,11:40:00,,0,2,"Moto/Ciclomotor,Pickup/Utilitario",A Victorero Y Rio Negro,2,1,0,0,1,0,0,"-34.26406, -62.72515",Calle,,RUFINO,General LÓPEZ,Tierra,Natural,VIII,S/D,Urbana,Ninguna,No existe,Intersección,Bueno,Buena,Diurna,Buen Tiempo,Lateral,S/D,Colisión,Ninguna,Faltante,Ninguna,Sin restricción
2020,2803,2020-05-21,Jueves,17:30:00,Ruta Nacional 9,0,2,"Automóvil,Moto/Ciclomotor",Ruta Nacional 9 Y El Ceibo,2,1,0,0,1,0,0,"-32.923679280671,-60.787931274643",Ruta,9,FUNES,Rosario,Asfalto,Pavimento,II,Dentro,Urbana,Ninguna,No existe,Curva,Bueno,Buena,Diurna,Buen Tiempo,Lateral,S/D,Colisión,Ninguna,Faltante,Ninguna,Sin restricción
2020,2804,2020-06-24,Miercoles,6:10:00,,0,2,"Bicicleta,Automóvil",Francia Y Tucuman,2,1,0,0,1,0,0,"-31.644913624124,-60.714288697159",Calle,,SANTA FE,La Capital,Asfalto,No existe,I,Dentro,Urbana,Ninguna,No existe,Recta,Bueno,Buena,Diurna,Buen Tiempo,S/D,Ciclista,Atropello,Ninguna,Faltante,Ninguna,Sin restricción
2020,2805,2020-05-23,Sabado,11:20:00,,0,2,"Moto/Ciclomotor,Automóvil",Cochabamba 4653,2,1,0,0,0,0,1," -31.62143, -60.71637",Calle,,SANTA FE,La Capital,Asfalto,No existe,I,S/D,Urbana,Ninguna,No existe,Recta,Bueno,Buena,Diurna,Buen Tiempo,Otro,S/D,Colisión,Ninguna,Vertical,Ninguna,Sin restricción
2020,2806,2020-06-05,Viernes,20:10:00,Ruta Nacional 9,0,2,"Automóvil,Moto/Ciclomotor",Alberdi Y Ruta Nacional 9,2,0,1,0,1,0,0,"-32.920412236466,-60.817194347099",Ruta,9,FUNES,Rosario,Asfalto,No existe,II,Dentro,Urbana,Ninguna,No existe,Intersección,Bueno,Buena,Diurna,Buen Tiempo,Frontal,S/D,Colisión,Ninguna,Horizontal,Línea divisoria pintada,Sin restricción
2020,2807,2020-05-23,Sabado,17:20:00,,0,2,"Automóvil,Peatón",Independencia 300,3,1,0,0,2,0,0,"-30.94443, -60.65272",Calle,,VIDELA,San Justo,Asfalto,No existe,XVI,Dentro,Urbana,Ninguna,No existe,Recta,Bueno,Reducida,Diurna,Buen Tiempo,S/D,Peatón,Atropello,S/D,Faltante,Ninguna,Sin restricción
2020,2808,2020-05-23,Sabado,4:15:00,,0,1,Moto/Ciclomotor,Roca 1800,1,1,0,0,0,0,0,"-33.18775, -60.47274",Camino Rural,,FIGHIERA,Rosario,Tierra,Natural,II,S/D,Rural,Ninguna,No existe,Recta,Bueno,Buena,Nocturna,Buen Tiempo,S/D,S/D,Despiste,Otro,S/D,Ninguna,Desvío Provisorio
2020,2809,2020-06-26,Viernes,10:05:00,,0,1,Moto/Ciclomotor,Francia Y Salta,1,1,0,0,0,0,0,"-31.648699908621,-60.715350806157",Calle,,SANTA FE,La Capital,Asfalto,No existe,I,Dentro,Urbana,Otra Señal,No existe,Intersección,Bueno,Buena,Diurna,Buen Tiempo,S/D,S/D,Cañda ocupante,Ninguna,Vertical,Ninguna,Sin restricción
2020,2810,2020-06-04,Jueves,13:00:00,,0,2,"Automóvil,Peatón",Elorza Y Santa Fe,2,1,0,0,1,0,0,"-32.917674553038,-60.813919372416",Calle,,FUNES,Rosario,Asfalto,No existe,II,Dentro,Urbana,Otra Señal,No existe,Intersección,Bueno,Buena,Diurna,Buen Tiempo,S/D,Peatón,Atropello,Ninguna,"Horizontal,Vertical",Ninguna,Sin restricción
2020,2811,2020-06-04,Jueves,22:40:00,,0,2,"Moto/Ciclomotor,Automóvil",Av Las Palmeras Y La Tacuarita,2,1,0,0,1,0,0,"-32.973569098789,-60.734418510731",Avenida,,PEREZ,Rosario,Asfalto,No existe,II,Dentro,Urbana,Ninguna,No existe,Intersección,Bueno,Buena,Nocturna,Buen Tiempo,S/D,S/D,Colisión,Ninguna,Faltante,Ninguna,Sin restricción
2020,2812,2020-05-23,Sabado,14:45:00,Ruta Secundaria 26-s,62,2,"Moto/Ciclomotor,Pickup/Utilitario",,3,2,0,0,1,0,0,"-33.24187, -60.8004",Ruta,26-s,CARMEN DEL SAUCE,Rosario,Tierra,Ripio,II,S/D,Rural,Ninguna,No existe,Recta,Deteriorada,Buena,Diurna,Buen Tiempo,Lateral,S/D,Colisión,Ninguna,Faltante,Ninguna,Sin restricción
2020,2813,2020-05-23,Sabado,17:15:00,,0,2,"Pickup/Utilitario,Moto/Ciclomotor",Av. Ovidio Lagos Y Las Flores,3,2,0,0,1,0,0,"-33.00018, -60.67544",Calle,,ROSARIO,Rosario,Asfalto,No existe,II,Dentro,Urbana,Ninguna,No existe,Intersección,Bueno,Buena,Diurna,Buen Tiempo,S/D,S/D,Colisión,Ninguna,Faltante,Ninguna,Sin restricción
2020,2814,2020-05-23,Sabado,13:20:00,,0,2,"Moto/Ciclomotor,Automóvil",Dean Funes Y L.N.Alem,2,1,0,0,1,0,0,"-32.97739, -60.63569",Calle,,ROSARIO,Rosario,Asfalto,No existe,II,Dentro,Urbana,Ninguna,No existe,Intersección,Bueno,Buena,Diurna,Buen Tiempo,Lateral,S/D,Colisión,Ninguna,Faltante,Ninguna,Sin restricción
2020,2815,2020-05-24,Domingo,7:10:00,,0,1,Moto/Ciclomotor,Corrientes,1,1,0,0,0,0,0,"-31.23922, -61.21749",Camino Rural,,FELICIA,Las Colonias,Tierra,Natural,XI,Dentro,Rural,Ninguna,No existe,Recta,Bueno,Reducida,Amanecer,Buen Tiempo,Atropello animal,S/D,Colisión,Ninguna,Faltante,Vegetación,Sin restricción
2020,2816,2020-05-24,Domingo,18:30:00,,0,2,"Automóvil,Moto/Ciclomotor",Brasil Y C Escalada,2,0,1,0,1,0,0,"-32.81919, -60.71081",Calle,,CAPITÁN BERMÚDEZ,San Lorenzo,Asfalto,Pavimento,XVII,S/D,Urbana,S/D,No existe,Intersección,S/D,Buena,Atardecer,S/D,S/D,S/D,Colisión,Ninguna,S/D,S/D,S/D
2020,2817,2020-03-04,Miercoles,19:55:00,Autopista Nacional A008,25,1,Moto/Ciclomotor,Av. Circunvalacion Y Biedma,1,0,0,0,0,1,0,"-32.97356, -60.71511",Autopista,A008,ROSARIO,Rosario,Asfalto,No existe,II,Dentro,Urbana,Ninguna,No existe,Recta,Bueno,S/D,Nocturna,S/D,Contra objeto fijo,S/D,Colisión,Ninguna,Faltante,Guardarrail,Sin restricción
2020,2818,2020-03-08,Domingo,18:50:00,Ruta Provincial 21,13,2,"Camión,Bicicleta",Lisandro de la Torre,2,0,0,0,1,1,0,"-33.10991, -60.54792",Ruta,21,GENERAL LAGOS,Rosario,Asfalto,Natural,II,Dentro,Urbana,Semáforo,Funciona,Recta,Bueno,Buena,Diurna,Buen Tiempo,S/D,Ciclista,Atropello,Ninguna,Vertical,Ninguna,Sin restricción
2020,2819,2020-03-07,Sabado,21:15:00,Ruta Provincial 1,26,2,"Automóvil,Automóvil",,2,0,0,0,0,2,0,"-31.49069, -60.43191",Ruta,1,LOS ZAPALLOS,Garay,Asfalto,Natural,VII,Dentro,Rural,Marca Vial,No existe,Recta,Bueno,Reducida,Nocturna,Buen Tiempo,Frontal,S/D,Colisión,Ninguna,Faltante,Ninguna,Sin restricción
2020,2820,2020-03-06,Viernes,20:00:00,Ruta Nacional 11,894,2,"Automóvil,Moto/Ciclomotor",,2,1,0,0,1,0,0,"-28.322062, -59.264325",Ruta,11,LAS TOSCAS,General Obligado,Asfalto,Natural,IX,Dentro,Rural,Ninguna,No existe,Recta,Bueno,Buena,Nocturna,S/D,De alcance,S/D,Colisión,Ninguna,Faltante,Línea divisoria pintada,Sin restricción