anio_acci,nro_acci,fecha,desc_dia,hora_aprox,desc_ruta,km,cant_participantes,desc_participante,calle_avenida_km,total,heridos_leves,heridos_graves,heridos_gravisimos,ilesos,fallecidos,sin_datos,posicion_XY,desc_tipo_via,desc_ruta_ori,desc_loc,desc_dpto,desc_tipo_calzada,desc_tipo_banquina,desc_unidad_regional,desc_lugar_calzada,desc_zona,desc_prioridad,desc_estado_semaforo,desc_lugar_via,desc_estado_via,desc_estado_visibilidad,desc_luminosidad,desc_estado_clima,desc_tipo_colision,desc_tipo_atropello,desc_tipo_hecho,desc_pres_calzada,desc_senializacion,desc_separacion_via,desc_restriccion
2020,2821,2020-03-06,Viernes,14:00:00,,0,2,"Automóvil,Moto/Ciclomotor",Brigadier Estanialao Lopez Y Santa Fe,2,1,0,0,1,0,0,"-28.49336861447,-59.371196253669",Calle,,VILLA OCAMPO,General Obligado,Asfalto,S/D,IX,Dentro,Urbana,S/D,S/D,Intersección,S/D,S/D,Diurna,S/D,Lateral,S/D,Colisión,S/D,S/D,S/D,Sin restricción
2020,2822,2020-03-07,Sabado,20:10:00,Ruta Nacional 33,0,1,Moto/Ciclomotor,Santa Fe,2,2,0,0,0,0,0,"-33.71368288993832,-61.980856060981",Ruta,33,VENADO TUERTO,General LÓPEZ,Asfalto,Pavimento,VIII,Dentro,Urbana,Ninguna,No existe,Recta,Bueno,Buena,Nocturna,Buen Tiempo,S/D,S/D,Cañda ocupante,Ninguna,Faltante,"Guardarrail,Cordón divisorio",Sin restricción
2020,2823,2020-03-07,Sabado,21:00:00,,0,2,"Automóvil,Moto/Ciclomotor",LINCOLN Y SANTA FE,3,2,0,0,1,0,0,"-31.494328, -60.719372",Calle,,SANTA FE,La Capital,Asfalto,S/D,I,Dentro,Urbana,S/D,S/D,Intersección,S/D,S/D,Nocturna,S/D,Lateral,S/D,Colisión,S/D,S/D,S/D,S/D
2020,2824,2020-03-08,Domingo,6:47:00,,0,2,"Automóvil,Peatón",Gral Jose de San Martin Y Piacenza,2,1,0,0,0,0,1,"-33.73416115934,-61.974586022537",Calle,,VENADO TUERTO,General LÓPEZ,Asfalto,No existe,VIII,Dentro,Urbana,Ninguna,No existe,Intersección,Bueno,S/D,Diurna,Buen Tiempo,S/D,Peatón,Atropello,Ninguna,Faltante,Ninguna,Sin restricción
2020,2825,2020-03-08,Domingo,11:10:00,Ruta Secundaria 98-s,0,2,"Moto/Ciclomotor,Moto/Ciclomotor",Ruta provincial 98-s,2,1,0,0,1,0,0,"-28.97163391113278,-59.846713542938",Ruta,98-s,LA SARITA,General Obligado,Asfalto,S/D,IX,Dentro,Urbana,S/D,S/D,Intersección,S/D,Buena,Diurna,S/D,S/D,S/D,Colisión,S/D,S/D,S/D,S/D
2020,2826,2020-03-08,Domingo,19:00:00,,0,2,"Pickup/Utilitario,Moto/Ciclomotor",Pellegrini Y Poleti,2,1,0,0,1,0,0,"-32.808692483829,-61.396865944303",Calle,,CAÑADA DE GÓMEZ,Iriondo,Asfalto,No existe,X,Dentro,Urbana,Ninguna,No existe,Intersección,Bueno,Buena,Atardecer,Buen Tiempo,Lateral,S/D,Colisión,Ninguna,Faltante,Ninguna,Sin restricción
2020,2827,2020-03-09,Lunes,19:00:00,Ruta Provincial 6,0,2,"Automóvil,Moto/Ciclomotor",Corrientes Y San Martin,2,1,0,0,1,0,0,"-31.74308658302,-61.096938460394",Ruta,6,SAN CARLOS CENTRO,Las Colonias,Asfalto,No existe,XI,Dentro,Urbana,Ninguna,No existe,Intersección,Bueno,Buena,Atardecer,Buen Tiempo,Lateral,S/D,Colisión,Ninguna,Vertical,Ninguna,Sin restricción
2020,2828,2020-03-09,Lunes,,,0,2,"Moto/Ciclomotor,Pickup/Utilitario",A. Beltrame Y Moreno,2,1,0,0,1,0,0,"-32.816996287187,-61.396045616043",Calle,,CAÑADA DE GÓMEZ,Iriondo,Asfalto,No existe,X,Dentro,Urbana,S/D,No existe,Intersección,Bueno,S/D,S/D,S/D,Lateral,S/D,Colisión,Ninguna,Faltante,S/D,Sin restricción
2020,2829,2020-07-07,Martes,17:10:00,,0,2,"Automóvil,Moto/Ciclomotor",Zavalia Y Islas Malvinas,2,1,0,0,1,0,0,"-31.6681, -60.7257",Calle,,SANTA FE,La Capital,Asfalto,No existe,I,Dentro,Urbana,Ninguna,No existe,Recta,Bueno,Buena,Diurna,Buen Tiempo,Lateral,S/D,Colisión,Ninguna,Faltante,Ninguna,Sin restricción
2020,2830,2020-07-05,Domingo,16:00:00,,0,2,"Automóvil,Moto/Ciclomotor",Independencia,3,2,0,0,1,0,0,"-31.66552, -60.72665",Calle,,SANTA FE,La Capital,Asfalto,No existe,I,Dentro,Urbana,Ninguna,No existe,Recta,Bueno,Buena,Diurna,Buen Tiempo,Lateral,S/D,Colisión,Ninguna,Faltante,Ninguna,Sin restricción
2020,2831,2020-06-16,Martes,11:25:00,,0,2,"Automóvil,Moto/Ciclomotor",Galvez Y Lisandro de la Torre,3,2,0,0,1,0,0,"-33.155023651888,-60.505242089147",Calle,,ARROYO SECO,Rosario,Asfalto,No existe,II,Dentro,Urbana,Ninguna,No existe,Intersección,Ahuellamiento,Buena,Atardecer,Buen Tiempo,Lateral,S/D,Colisión,Ninguna,Faltante,Ninguna,Sin restricción
2020,2832,2020-05-28,Jueves,20:50:00,,0,2,"Automóvil,Moto/Ciclomotor",Lisandro de la Torre,2,1,0,0,1,0,0,"    -31.6785, -60.77495",Calle,,SANTA FE,La Capital,Asfalto,S/D,I,Dentro,Urbana,Paso Peatonal,No existe,Intersección,Bueno,Buena,Diurna,Buen Tiempo,S/D,S/D,Colisión,Ninguna,S/D,S/D,Sin restricción
2020,2833,2020-07-06,Lunes,13:00:00,,0,2,"Moto/Ciclomotor,Automóvil",Ituzaingo Y Alvear,2,1,0,0,1,0,0,"-31.63892, -60.69711",Calle,,SANTA FE,La Capital,Asfalto,No existe,I,Dentro,Urbana,S/D,No existe,Intersección,Bueno,S/D,S/D,S/D,S/D,S/D,S/D,S/D,S/D,S/D,S/D
2020,2834,2020-06-16,Martes,15:00:00,Autopista Nacional Gral. Juan Jose Valle,265,2,"Camión c / Semirremolque,Camión c / Acoplado",,3,1,0,0,2,0,0,"-33.17086896032886,-60.527440602490",Autopista,Gral. Juan Jose Valle,ARROYO SECO,Rosario,Asfalto,Natural,II,Dentro,Urbana,Ninguna,No existe,Intersección,Bueno,Buena,Diurna,Buen Tiempo,S/D,S/D,Colisión,Ninguna,Horizontal,Ninguna,Sin restricción
2020,2835,2020-06-07,Domingo,22:05:00,,0,2,"Automóvil,Moto/Ciclomotor",Andrade Y San Martin,2,1,0,0,1,0,0,"-33.192305167656,-60.468673721811",Calle,,FIGHIERA,Rosario,Asfalto,No existe,II,Dentro,Urbana,Marca Vial,No existe,Intersección,Bueno,Buena,Nocturna,Buen Tiempo,S/D,S/D,Colisión,Ninguna,Horizontal,"Cordón divisorio,Vegetación,Línea divisoria pintada",Sin restricción
2020,2836,2020-07-08,Miercoles,16:05:00,,0,2,"Moto/Ciclomotor,Automóvil",San Martin Y Mariano Comas,2,1,0,0,1,0,0,"-31.63297, -60.70247",Calle,,SANTA FE,La Capital,Asfalto,No existe,I,Dentro,Urbana,Semáforo,No existe,Intersección,Bueno,Buena,Diurna,Buen Tiempo,Lateral,S/D,Colisión,Ninguna,Faltante,Ninguna,Sin restricción
2020,2837,2020-05-29,Viernes,2:00:00,,0,1,Automóvil,Juan Bautista Alberdi 1300,2,1,0,0,1,0,0,"    -31.68308, -60.75756",Calle,,SANTO TOMÉ,La Capital,Asfalto,S/D,I,Dentro,Urbana,S/D,No existe,Recta,Bueno,S/D,Con luz artificial,Buen Tiempo,S/D,S/D,Despiste,S/D,S/D,S/D,Sin restricción
2020,2838,2020-07-06,Lunes,15:15:00,,0,2,"Bicicleta,Pickup/Utilitario",1ro de Mayo Y Hipolito Yrigoyen,2,1,0,0,1,0,0,"-31.64155, -60.70914",S/D,,SANTA FE,La Capital,Asfalto,No existe,I,S/D,S/D,Ninguna,No existe,Intersección,Bueno,Buena,Diurna,Buen Tiempo,S/D,Ciclista,Atropello,Ninguna,Faltante,Ninguna,Sin restricción
2020,2839,2020-06-14,Domingo,15:30:00,Ruta Provincial 18,1,1,Moto/Ciclomotor,,1,1,0,0,0,0,0,"-33.0379378795624,-60.6844854354858",Ruta,18,ROSARIO,Rosario,Asfalto,Ripio,II,Dentro,Rural,Ninguna,No existe,Intersección,Bueno,Buena,Diurna,Buen Tiempo,S/D,S/D,Cañda ocupante,Ninguna,Horizontal,"Guardarrail,Línea divisoria pintada",Sin restricción
2020,2840,2020-07-06,Lunes,9:40:00,,0,2,"Moto/Ciclomotor,Moto/Ciclomotor",San Martin Y Colon,3,2,0,0,1,0,0,"-29.45713, -60.21003",Calle,,VERA,Vera,Asfalto,No existe,XIX,Dentro,Urbana,Ninguna,No existe,Intersección,Bueno,Buena,Diurna,Buen Tiempo,Lateral,S/D,Colisión,Ninguna,Faltante,Ninguna,Sin restricción
2020,2841,2020-06-13,Sabado,15:00:00,Ruta Provincial 18,2,2,"Automóvil,Pickup/Utilitario",,4,2,0,0,2,0,0,"-33.046634711681314, -60.6871350140",Ruta,18,LA CAROLINA,Rosario,Asfalto,Ripio,II,Dentro,Rural,Ninguna,No existe,Intersección,Bueno,Buena,Diurna,Buen Tiempo,Lateral,S/D,Colisión,Ninguna,Horizontal,Línea divisoria pintada,Sin restricción
2020,2842,2020-06-21,Domingo,13:30:00,Ruta Provincial 18,1,1,Moto/Ciclomotor,,2,2,0,0,0,0,0,"-33.037891531415305, -60.6845781538",Ruta,18,ROSARIO,Rosario,Asfalto,No existe,II,Dentro,Urbana,Ninguna,No existe,Recta,Bueno,Buena,Diurna,Buen Tiempo,S/D,S/D,Cañda ocupante,Ninguna,Horizontal,Línea divisoria pintada,Sin restricción
2020,2843,2020-07-04,Sabado,22:00:00,,0,2,"Automóvil,Otros",Bv Belgrano Y Juan De Garay,2,1,0,0,1,0,0,"-29.88904, -60.28037",Avenida,,CALCHAQUÍ,Vera,Asfalto,No existe,XIX,Dentro,Urbana,Semáforo,Funciona,Recta,Bueno,Buena,Con luz artificial,Buen Tiempo,S/D,S/D,Colisión,Ninguna,Horizontal,Cordón divisorio,Sin restricción
2020,2844,2020-06-17,Miercoles,21:00:00,Ruta Provincial 14,34,1,Camión c / Acoplado,,1,1,0,0,0,0,0,"-33.233965318054835, -60.9362938400",Ruta,14,ARMINDA,Rosario,Asfalto,Natural,II,Dentro,Urbana,Ninguna,No existe,Intersección,Resbaladiza,Buena,Nocturna,Buen Tiempo,S/D,S/D,Vuelco,Agua,Horizontal,Línea divisoria pintada,Sin restricción
2020,2845,2020-06-22,Lunes,19:30:00,,0,2,"Moto/Ciclomotor,Automóvil",Santiago  Liniers 1869,2,1,0,0,1,0,0,"-32.855220480446,-60.716682814474",Calle,,GRANADERO BAIGORRIA,Rosario,Asfalto,No existe,II,Dentro,Urbana,Ninguna,No existe,Intersección,Bueno,Buena,Diurna,Buen Tiempo,S/D,S/D,Colisión,Ninguna,Faltante,Ninguna,Sin restricción
2020,2846,2020-06-02,Martes,18:00:00,Ruta Nacional 11,0,2,"Moto/Ciclomotor,Automóvil",Av. Lisandro de la Torre Y Av San Martin,2,1,0,0,1,0,0,"-32.847617784242,-60.706760060938",Ruta,11,GRANADERO BAIGORRIA,Rosario,Asfalto,No existe,II,Fuera,Urbana,Semáforo,Funciona,Recta,Bueno,Buena,Diurna,Buen Tiempo,De alcance,S/D,Colisión,Ninguna,Faltante,"Guardarrail,Línea divisoria pintada",Sin restricción
2020,2847,2020-05-28,Jueves,19:45:00,Ruta Provincial 6,71,2,"Moto/Ciclomotor,Camión c / Acoplado",,2,0,1,0,1,0,0,"    -31.26947, -60.85143",Ruta,6,NELSON,La Capital,Asfalto,Ripio,I,S/D,Rural,Ninguna,No existe,Recta,Bueno,Reducida polvo,Atardecer,Buen Tiempo,Frontal,S/D,Colisión,Ninguna,Horizontal,Línea divisoria pintada,Sin restricción
2020,2848,2020-06-09,Martes,8:00:00,,0,2,"Bicicleta,Automóvil",La Lomita Y Pitagoras,2,1,0,0,1,0,0,"-32.870238583475,-60.70152238245",Calle,,GRANADERO BAIGORRIA,Rosario,Hormigón,No existe,II,Dentro,Urbana,Paso Peatonal,No existe,Intersección,Bueno,Buena,Diurna,Buen Tiempo,S/D,Ciclista,Atropello,Ninguna,Horizontal,Ninguna,Sin restricción
2020,2849,2020-06-09,Martes,11:50:00,,0,2,"Bicicleta,Pickup/Utilitario",Iguazu Y Pje. Rossini,2,1,0,0,1,0,0,"-32.922947583168,-60.686572135516",Calle,,ROSARIO,Rosario,Asfalto,No existe,II,Dentro,Urbana,Señal Pare,No existe,Intersección,Bueno,Buena,Diurna,Buen Tiempo,S/D,Ciclista,Atropello,Ninguna,Vertical,Ninguna,Sin restricción
2020,2850,2020-06-09,Martes,8:00:00,,0,2,"Automóvil,Automóvil",Av. Alberdi Bis Y J.J.Paso,2,1,0,0,1,0,0,"-32.919331056176,-60.682448995841",Avenida,,ROSARIO,Rosario,Asfalto,No existe,II,Dentro,Urbana,Semáforo,Funciona,Intersección,Bueno,Buena,Diurna,Buen Tiempo,De alcance,S/D,Colisión,Ninguna,"Horizontal,Vertical","Cordón divisorio,Línea divisoria pintada",Sin restricción
2020,2851,2020-07-08,Miercoles,15:30:00,,0,2,"Moto/Ciclomotor,Automóvil",San Martin Y Paris,2,0,1,0,1,0,0,"-32.19078, -61.70837",Calle,,EL TRÉBOL,San MARTÍN,Asfalto,No existe,XVIII,Dentro,Urbana,Ninguna,No existe,Recta,Bueno,Buena,Diurna,Buen Tiempo,S/D,S/D,Colisión,Ninguna,Vertical,Ninguna,Sin restricción
2020,2852,2020-06-11,Jueves,10:35:00,,0,2,"Moto/Ciclomotor,Automóvil",Av. Genova Y Marcos Lenzoni Bis,3,2,0,0,1,0,0,"-32.915112206067,-60.682889437623",Avenida,,ROSARIO,Rosario,Asfalto,No existe,II,Dentro,Urbana,Ninguna,No existe,Intersección,Bueno,Buena,Diurna,Buen Tiempo,S/D,S/D,Colisión,Ninguna,Faltante,Ninguna,Sin restricción
2020,2854,2020-06-17,Miercoles,11:20:00,,0,2,"Moto/Ciclomotor,Automóvil",Av. Luis Carballo Y Bv. Avellaneda,3,2,0,0,1,0,0,"-32.921926129617,-60.674709727097",Avenida,,ROSARIO,Rosario,Asfalto,No existe,II,Dentro,Urbana,Ninguna,Funciona,Intersección,Bueno,Buena,Diurna,Buen Tiempo,S/D,S/D,Colisión,Ninguna,"Horizontal,Vertical","Cordón divisorio,Línea divisoria pintada",Sin restricción
2020,2855,2020-07-02,Jueves,12:30:00,,0,2,"Pickup/Utilitario,Moto/Ciclomotor",Francisco A. Candioti Y Italia,2,0,1,0,1,0,0,"-32.2017, -61.69944",Calle,,EL TRÉBOL,San MARTÍN,Asfalto,No existe,XVIII,Dentro,Urbana,Ninguna,No existe,Intersección,Bueno,Buena,Diurna,Buen Tiempo,S/D,S/D,Colisión,Ninguna,Horizontal,Ninguna,Sin restricción
2020,2856,2020-06-18,Jueves,18:20:00,,0,2,"Automóvil,Moto/Ciclomotor",Onesimo Leguizamon Y Reconquista,3,1,0,0,2,0,0,"-32.917891556567,-60.677725111667",Calle,,ROSARIO,Rosario,Asfalto,No existe,II,Dentro,Urbana,Ninguna,No existe,Intersección,Bueno,Buena,Diurna,Buen Tiempo,S/D,S/D,Colisión,Ninguna,Faltante,Ninguna,Sin restricción
2020,2857,2020-06-25,Jueves,20:45:00,,0,2,"Pickup/Utilitario,Moto/Ciclomotor",Antelo Bis Y Jose Ingenieros,2,1,0,0,1,0,0,"-32.916301472405,-60.686679887858",Calle,,ROSARIO,Rosario,Asfalto,No existe,II,Dentro,Urbana,Ninguna,No existe,Intersección,Bueno,Buena,Diurna,Buen Tiempo,Lateral,S/D,Colisión,Ninguna,Vertical,Ninguna,Sin restricción
2020,2858,2020-06-29,Lunes,13:20:00,,0,2,"Automóvil,Moto/Ciclomotor",Av. Alberdi Bis Y French,2,1,0,0,1,0,0,"-32.920874962518,-60.680996006792",Avenida,,ROSARIO,Rosario,Asfalto,No existe,II,Dentro,Urbana,Semáforo,Funciona,Intersección,Bueno,Buena,Diurna,Buen Tiempo,S/D,S/D,Colisión,Ninguna,"Horizontal,Vertical","Cordón divisorio,Línea divisoria pintada",Sin restricción
2020,2859,2020-07-08,Miercoles,12:35:00,,0,2,"Moto/Ciclomotor,Automóvil",Las Heras Y Pueyrredon,2,1,0,0,0,0,1,"-33.05455, -61.19371",Calle,,SAN CRISTÓBAL,San CRISTÓBAL,Asfalto,No existe,XVIII,S/D,Urbana,S/D,No existe,Intersección,Bueno,Buena,Diurna,Buen Tiempo,Lateral,S/D,Colisión,Ninguna,Faltante,Ninguna,S/D
2020,2860,2020-05-25,Lunes,0:00:00,,0,2,"Peatón,Automóvil",Cafferata 8782,2,1,0,0,1,0,0,"    -31.57818, -60.73362",Calle,,SANTA FE,La Capital,Hormigón,No existe,I,S/D,Urbana,Ninguna,No existe,Recta,Bueno,Buena,Nocturna,Buen Tiempo,De alcance,Peatón,Atropello,Ninguna,Faltante,Ninguna,Sin restricción
2020,2861,2020-06-04,Jueves,22:30:00,,0,2,"Moto/Ciclomotor,Automóvil",Albert Sabin Y Av. Genova,3,1,0,0,2,0,0,"-32.915367264375,-60.691911535957",Avenida,,ROSARIO,Rosario,Asfalto,No existe,II,Dentro,Urbana,Semáforo,Funciona,Intersección,Bueno,Buena,Diurna,Buen Tiempo,S/D,S/D,Colisión,Ninguna,"Horizontal,Vertical","Cordón divisorio,Vegetación,Línea divisoria pintada",Sin restricción
2020,2862,2020-07-05,Domingo,20:10:00,,0,1,Moto/Ciclomotor,20 De Junio Y Iglesias J.M,1,1,0,0,0,0,0,"-30.2311, -61.72932",Calle,,ARRUFÓ,San CRISTÓBAL,Hormigón,Natural,XIII,Dentro,S/D,Ninguna,No existe,Recta,Bueno,Buena,Nocturna,Buen Tiempo,Contra objeto fijo,S/D,Otro,Ninguna,Faltante,Ninguna,Sin restricción
2020,2863,2020-07-04,Sabado,19:00:00,,0,2,"Pickup/Utilitario,Moto/Ciclomotor",Eva Peron Y Vera Mujica,2,0,1,0,1,0,0,"-29.87836, -61.95142",Calle,,CERES,San CRISTÓBAL,"Asfalto,Hormigón",No existe,XIII,Dentro,Urbana,Ninguna,No existe,Intersección,Bueno,Buena,Diurna,Buen Tiempo,Lateral,S/D,Colisión,Ninguna,Faltante,Ninguna,Sin restricción
2020,2864,2020-05-30,Sabado,21:30:00,,0,2,"Taxi/Remis,Moto/Ciclomotor",Don Guanella Y Azopardo,2,1,0,0,1,0,0,"    -31.59505, -60.72046",Calle,,SANTA FE,La Capital,Asfalto,No existe,I,Dentro,Urbana,Ninguna,No existe,Intersección,Bueno,Buena,Nocturna,Buen Tiempo,De alcance,S/D,Colisión,Ninguna,Faltante,Ninguna,Sin restricción
2020,2865,2020-07-04,Sabado,23:15:00,,0,2,"Moto/Ciclomotor,Moto/Ciclomotor",Jaures Y Victor Hugo,2,0,1,0,1,0,0,"-33.0203, -60.63208",Calle,,VILLA GOBERNADOR GÁLVEZ,Rosario,Asfalto,No existe,II,Dentro,Urbana,Ninguna,No existe,Intersección,Con baches,S/D,"Nocturna,Con luz artificial",Otro,S/D,S/D,Colisión,Ninguna,Faltante,Ninguna,Sin restricción
2020,2866,2020-07-01,Miercoles,13:20:00,,0,3,"Moto/Ciclomotor,Pickup/Utilitario,Automóvil",Mitre Y Bomberos Voluntarios,3,1,0,0,2,0,0,"-33.02451, -60.63308",Calle,,VILLA GOBERNADOR GÁLVEZ,Rosario,Asfalto,No existe,II,S/D,Urbana,Ninguna,No existe,Intersección,S/D,Buena,Diurna,Otro,S/D,S/D,Colisión,Ninguna,Faltante,Ninguna,Sin restricción
2020,2867,2020-07-02,Jueves,21:45:00,,0,2,"Moto/Ciclomotor,Automóvil",Soldado Aguirre Y Iriondo,2,1,0,0,1,0,0,"-33.02918, -60.63565",Calle,,VILLA GOBERNADOR GÁLVEZ,Rosario,Asfalto,No existe,II,S/D,Urbana,S/D,No existe,Intersección,Bueno,Buena,Con luz artificial,S/D,S/D,S/D,S/D,Ninguna,Faltante,S/D,S/D
2020,2868,2020-07-07,Martes,,,0,2,"Moto/Ciclomotor,Automóvil",Eva Peron Y Alberdi,2,1,0,0,1,0,0,"-33.02926, -60.62555",Calle,,VILLA GOBERNADOR GÁLVEZ,Rosario,Asfalto,No existe,II,Dentro,Urbana,Ninguna,No existe,Intersección,Bueno,Buena,Diurna,Otro,S/D,S/D,Colisión,Ninguna,Faltante,Cordón divisorio,Sin restricción
2020,2869,2020-07-17,Viernes,21:15:00,,0,2,"Pickup/Utilitario,Moto/Ciclomotor",R fournier Y Juan B Justo,3,2,0,0,1,0,0,"-33.03007, -60.62809",Calle,,ROSARIO,Rosario,Asfalto,No existe,II,S/D,Urbana,S/D,No existe,Intersección,Con baches,Buena,Diurna,S/D,S/D,S/D,S/D,Ninguna,Faltante,Ninguna,S/D
2020,2870,2020-07-03,Viernes,19:45:00,Ruta Nacional 9,0,2,"Camión c / Acoplado,Automóvil",,3,1,0,0,2,0,0,"-33.06059, -60.65183",Ruta,9,ALVEAR,Rosario,Asfalto,No existe,II,Dentro,Rural,Ninguna,No existe,Recta,Bueno,Buena,Nocturna,Buen Tiempo,Frontal,S/D,Colisión,Ninguna,Faltante,Guardarrail,Sin restricción
2020,2871,2020-07-01,Miercoles,17:30:00,,0,1,Moto/Ciclomotor,San Luis Y Bv San diego,1,1,0,0,0,0,0,"-33.0184, -60.60454",Calle,,VILLA GOBERNADOR GÁLVEZ,Rosario,Asfalto,No existe,II,Dentro,Urbana,Ninguna,No existe,Intersección,Bueno,Buena,Diurna,Buen Tiempo,S/D,S/D,Despiste,Ninguna,Faltante,Ninguna,Sin restricción
2020,2872,2020-06-03,Miercoles,14:00:00,,0,2,"Automóvil,Moto/Ciclomotor",Bv. Wilde Y Mendoza,2,1,0,0,1,0,0,"-32.940346474717,-60.738390476304",Avenida,,ROSARIO,Rosario,Asfalto,No existe,II,Dentro,Urbana,Semáforo,Funciona,Rotonda,Bueno,Buena,Diurna,Buen Tiempo,S/D,S/D,Colisión,Ninguna,"Horizontal,Vertical","Cordón divisorio,Línea divisoria pintada",Sin restricción
2020,2873,2020-07-01,Miercoles,21:40:00,,0,2,"Automóvil,Automóvil",Av Juan Domingo Peron Y Cordoba,3,3,0,0,0,0,0,"-33.0149, -60.61533",Calle,,VILLA GOBERNADOR GÁLVEZ,Rosario,Asfalto,No existe,II,Dentro,Urbana,Ninguna,No existe,Recta,Bueno,Buena,"Nocturna,Con luz artificial",Buen Tiempo,Lateral,S/D,Colisión,Ninguna,Faltante,Cordón divisorio,Sin restricción
2020,2874,2020-06-12,Viernes,18:30:00,,0,2,"Transporte de Pasajeros Urbano (> 8 asientos),Peatón",Brasil Y Cochabamba,2,0,1,0,1,0,0,"-32.949958070742,-60.719136955185",Calle,,ROSARIO,Rosario,Asfalto,No existe,II,Dentro,Urbana,Ninguna,No existe,Intersección,"Con baches,Deteriorada",Buena,Diurna,Buen Tiempo,S/D,Peatón,Atropello,Ninguna,Faltante,Ninguna,Sin restricción
2020,2875,2020-07-06,Lunes,14:30:00,,0,2,"Camión c / Acoplado,Moto/Ciclomotor",Sargento Cabral Y Moreno,2,0,1,0,1,0,0,"-32.92289, -60.81002",Calle,,FUNES,Rosario,Ripio,Natural,II,Dentro,Urbana,Ninguna,No existe,Recta,Bueno,Buena,Diurna,Buen Tiempo,Lateral,S/D,Colisión,Ninguna,Faltante,Ninguna,Sin restricción
2020,2876,2020-06-12,Viernes,14:35:00,,0,2,"Pickup/Utilitario,Automóvil",Brasil 1136,2,1,0,0,1,0,0,"-32.940872823596,-60.71953148958",Calle,,ROSARIO,Rosario,Asfalto,No existe,II,Dentro,Urbana,Paso Peatonal,No existe,Recta,Bueno,Buena,Diurna,Buen Tiempo,De alcance,S/D,Colisión,Ninguna,"Horizontal,Vertical",Ninguna,Sin restricción
2020,2877,2020-07-02,Jueves,21:20:00,Ruta Nacional 9,303,2,"Automóvil,Taxi/Remis",,6,6,0,0,0,0,0,"-32.92168, -60.81012",Ruta,9,FUNES,Rosario,Asfalto,Ripio,II,Dentro,Urbana,Ninguna,No existe,Recta,Bueno,Buena,"Nocturna,Con luz artificial",Buen Tiempo,"Frontal,Lateral",S/D,Colisión,Ninguna,Horizontal,Línea divisoria pintada,Sin restricción
2020,2878,2020-06-23,Martes,19:10:00,,0,2,"Automóvil,Moto/Ciclomotor",Nicaragua Y San Lorenzo,3,2,0,0,1,0,0,"-32.934740731292,-60.720998919441",Calle,,ROSARIO,Rosario,Asfalto,No existe,II,Dentro,Urbana,Ninguna,No existe,Intersección,Bueno,Buena,Diurna,Buen Tiempo,S/D,S/D,Colisión,Ninguna,Faltante,Ninguna,Sin restricción
2020,2879,2020-06-27,Sabado,12:15:00,,0,2,"Automóvil,Peatón",Cam De Las Carretas 9200,2,1,0,0,1,0,0,"-32.93452716510475, -60.75911867028",Calle,,ROSARIO,Rosario,Asfalto,No existe,II,Dentro,Urbana,Ninguna,No existe,Recta,Bueno,Buena,Diurna,Buen Tiempo,S/D,Peatón,Atropello,Ninguna,Faltante,Ninguna,Sin restricción
2020,2880,2020-07-07,Martes,10:10:00,Ruta Provincial 21,0,2,"Bicicleta,Automóvil",,2,1,0,0,1,0,0,"-33.13358, -60.52337",Ruta,21,ARROYO SECO,Rosario,Asfalto,Natural,II,Dentro,Rural,Ninguna,No existe,Intersección,Bueno,Buena,Diurna,Buen Tiempo,Lateral,Ciclista,Atropello,Ninguna,Faltante,Ninguna,Sin restricción
2020,2881,2020-06-11,Jueves,17:05:00,,0,2,"Vehículo Oficial,Moto/Ciclomotor",Av. Sorrento 7100,3,1,0,0,2,0,0,"-32.908234496571,-60.722652034506",Avenida,,ROSARIO,Rosario,Asfalto,No existe,II,Dentro,Urbana,Semáforo,Funciona,Intersección,Bueno,Buena,Diurna,Buen Tiempo,S/D,S/D,Colisión,Ninguna,"Horizontal,Vertical","Cordón divisorio,Línea divisoria pintada",Sin restricción