anio_acci,nro_acci,fecha,desc_dia,hora_aprox,desc_ruta,km,cant_participantes,desc_participante,calle_avenida_km,total,heridos_leves,heridos_graves,heridos_gravisimos,ilesos,fallecidos,sin_datos,posicion_XY,desc_tipo_via,desc_ruta_ori,desc_loc,desc_dpto,desc_tipo_calzada,desc_tipo_banquina,desc_unidad_regional,desc_lugar_calzada,desc_zona,desc_prioridad,desc_estado_semaforo,desc_lugar_via,desc_estado_via,desc_estado_visibilidad,desc_luminosidad,desc_estado_clima,desc_tipo_colision,desc_tipo_atropello,desc_tipo_hecho,desc_pres_calzada,desc_senializacion,desc_separacion_via,desc_restriccion
2020,2882,2020-06-01,Lunes,9:15:00,,0,2,"Pickup/Utilitario,Moto/Ciclomotor",Gorriti Y Solis,4,1,0,0,3,0,0,"-32.924086058004,-60.70403752122",Calle,,ROSARIO,Rosario,Asfalto,No existe,II,Dentro,Urbana,Ninguna,No existe,Intersección,Bueno,Buena,Diurna,Buen Tiempo,Lateral,S/D,Colisión,Ninguna,Faltante,Ninguna,Sin restricción
2020,2883,2020-07-04,Sabado,12:45:00,,0,2,"Moto/Ciclomotor,Automóvil",Av. Eva Peron 5722,2,1,0,0,1,0,0,"-32.93522, -60.70043",S/D,,ROSARIO,Rosario,S/D,No existe,II,S/D,S/D,Ninguna,No existe,Recta,Bueno,Buena,Diurna,S/D,S/D,S/D,Colisión,Ninguna,Faltante,Ninguna,Sin restricción
2020,2884,2020-06-05,Viernes,21:20:00,,0,2,"Automóvil,Moto/Ciclomotor",Gorriti Y Tte.Agneta,2,1,0,0,1,0,0,"-32.923991902834,-60.700446720135",Calle,,ROSARIO,Rosario,Asfalto,No existe,II,Dentro,Urbana,Ninguna,No existe,Intersección,Bueno,Buena,Diurna,Buen Tiempo,Lateral,S/D,Colisión,Ninguna,Faltante,Ninguna,Sin restricción
2020,2885,2020-06-09,Martes,20:20:00,,0,2,"Automóvil,Moto/Ciclomotor",F.More Y Velez Sarsfield,2,1,0,0,1,0,0,"-32.925465323952,-60.693994409331",Calle,,ROSARIO,Rosario,Asfalto,No existe,II,Dentro,Urbana,Ninguna,No existe,Intersección,Bueno,Buena,"Nocturna,Con luz artificial",Buen Tiempo,Lateral,S/D,Colisión,Ninguna,Faltante,Ninguna,Sin restricción
2020,2886,2020-06-06,Sabado,10:55:00,,0,2,"Pickup/Utilitario,Moto/Ciclomotor",French Y Peru,3,1,1,0,1,0,0,"-32.921745480215,-60.712163006153",Calle,,ROSARIO,Rosario,Asfalto,No existe,II,Dentro,Urbana,Ninguna,No existe,Intersección,Bueno,Buena,"Nocturna,Con luz artificial",Buen Tiempo,Lateral,S/D,Colisión,Ninguna,Faltante,Ninguna,Sin restricción
2020,2887,2020-03-05,Jueves,,,0,1,Moto/Ciclomotor,,2,0,0,0,0,2,0,"-31.75011, -61.31653",Camino Rural,,SANTA CLARA DE BUENA VISTA,Las Colonias,Tierra,S/D,XI,Dentro,Rural,Ninguna,S/D,Intersección,S/D,Buena,Nocturna,Buen Tiempo,Contra objeto fijo,S/D,Colisión,Ninguna,Faltante,Ninguna,Sin restricción
2020,2888,2020-07-02,Jueves,19:06:00,,0,2,"Automóvil,Moto/Ciclomotor",F.M.Esquiu Y Camilo Aldao,4,1,1,0,2,0,0,"-32.92268, -60.69664",Calle,,ROSARIO,Rosario,Asfalto,No existe,II,Dentro,Urbana,S/D,No existe,Intersección,S/D,Buena,Atardecer,S/D,S/D,S/D,S/D,S/D,Faltante,S/D,S/D
2020,2889,2020-06-13,Sabado,2:00:00,,0,2,"Moto/Ciclomotor,Automóvil",Colombia Y Perez Bulnes,2,1,0,0,1,0,0,"-32.942530302616,-60.716016086781",Calle,,ROSARIO,Rosario,Asfalto,No existe,II,Dentro,Urbana,Ninguna,Funciona,Intersección,Bueno,Buena,"Nocturna,Con luz artificial",Buen Tiempo,Lateral,S/D,Colisión,Ninguna,Faltante,Ninguna,Sin restricción
2020,2890,2020-03-19,Jueves,14:10:00,Ruta Provincial 1,240,1,Automóvil,,2,0,0,0,0,2,0,"-29.78175, -59.78982",Ruta,1,ALEJANDRA,San Javier,Asfalto,Natural,XIV,Dentro,Rural,Ninguna,No existe,Recta,Bueno,Buena,Diurna,Buen Tiempo,S/D,S/D,Despiste,Ninguna,Vertical,Línea divisoria pintada,Sin restricción
2020,2891,2020-06-26,Viernes,16:00:00,,0,2,"Moto/Ciclomotor,Automóvil",G.Carrasco Y P.L.Funes,2,1,0,0,1,0,0,"-32.920662711777,-60.701955776226",Calle,,ROSARIO,Rosario,Asfalto,No existe,II,Dentro,Urbana,Ninguna,No existe,Intersección,Bueno,Buena,Diurna,Buen Tiempo,S/D,S/D,Colisión,Ninguna,Faltante,Ninguna,Sin restricción
2020,2892,2020-03-10,Martes,9:47:00,,0,2,"Peatón,Moto/Ciclomotor",Rivarola Y Dr.G.Colombres,2,0,0,0,0,1,1,"-32.96626, -60.72479",Avenida,,ROSARIO,Rosario,Asfalto,No existe,II,Dentro,Urbana,Ninguna,No existe,Intersección,Bueno,Buena,Diurna,S/D,S/D,Peatón,Atropello,Ninguna,Horizontal,Cordón divisorio,Sin restricción
2020,2893,2020-06-11,Jueves,12:50:00,,0,1,Moto/Ciclomotor,Av. Genova Y Av. Provincias Unidas,2,2,0,0,0,0,0,"-32.916012724222,-60.7138704799",Avenida,,ROSARIO,Rosario,Asfalto,No existe,II,Fuera,Urbana,Semáforo,Funciona,Intersección,Bueno,Buena,Diurna,Buen Tiempo,S/D,S/D,Cañda ocupante,Ninguna,"Horizontal,Vertical","Cordón divisorio,Vegetación,Línea divisoria pintada",Sin restricción
2020,2894,2020-06-19,Viernes,12:25:00,,0,2,"Pickup/Utilitario,Moto/Ciclomotor",Dr.Maradona Y La Republica,4,2,2,0,0,0,0,"-32.919588942203,-60.751200782101",Calle,,ROSARIO,Rosario,Asfalto,No existe,II,Dentro,Urbana,Ninguna,No existe,Intersección,Bueno,Buena,Diurna,Buen Tiempo,Lateral,S/D,Colisión,Ninguna,Faltante,Ninguna,Sin restricción
2020,2895,2020-07-03,Viernes,19:20:00,,0,2,"Moto/Ciclomotor,Pickup/Utilitario",J.B.Justo Y Olavarria Bis,2,1,0,0,1,0,0,"-32.91468, -60.70462",Calle,,ROSARIO,Rosario,S/D,No existe,II,Dentro,Urbana,Ninguna,No existe,Intersección,S/D,Reducida,Atardecer,Otro,S/D,S/D,S/D,S/D,Faltante,Ninguna,Sin restricción
2020,2896,2020-06-13,Sabado,11:30:00,Ruta Nacional 9,0,3,"Transporte de Pasajeros,Taxi/Remis,Automóvil",Av. Eva Peron 9500,6,5,0,0,1,0,0,"-32.92531728744508,-60.762993693351",Ruta,9,ROSARIO,Rosario,Asfalto,No existe,II,Dentro,Urbana,Ninguna,Funciona,Intersección,Bueno,Buena,Diurna,Buen Tiempo,Múltiple,S/D,Colisión,Ninguna,Horizontal,"Guardarrail,Cordón divisorio",Sin restricción
2020,2897,2020-07-05,Domingo,12:25:00,,0,2,"Automóvil,Pickup/Utilitario",Bv. Wilde,5,1,1,0,3,0,0,"-32.92818, -60.73908",Calle,,ROSARIO,Rosario,Asfalto,No existe,II,Dentro,Urbana,S/D,S/D,Intersección,Bueno,Buena,Diurna,Buen Tiempo,S/D,S/D,Colisión,Ninguna,S/D,S/D,Sin restricción
2020,2898,2020-07-01,Miercoles,8:10:00,,0,2,"Automóvil,Moto/Ciclomotor",Donado Y Chubut,2,1,0,0,1,0,0,"-32.94599, -60.72669",Calle,,ROSARIO,Rosario,Asfalto,No existe,II,Dentro,Urbana,S/D,S/D,Intersección,Bueno,Buena,Diurna,Buen Tiempo,S/D,S/D,Colisión,Ninguna,S/D,S/D,Sin restricción
2020,2899,2020-03-08,Domingo,19:30:00,Autopista Nacional Gral. Juan Jose Valle,260,1,Camión Chasis,,1,0,0,0,0,1,0,"-33.21464, -60.47855",Autopista,Gral. Juan Jose Valle,FIGHIERA,Rosario,Asfalto,Natural,II,Fuera,Rural,Ninguna,No existe,Recta,Bueno,Buena,Nocturna,Buen Tiempo,S/D,S/D,Vuelco,Ninguna,Faltante,Ninguna,Sin restricción
2020,2900,2020-07-05,Domingo,19:20:00,,0,2,"Moto/Ciclomotor,Bicicleta",Garibaldi Y Larrea,2,2,0,0,0,0,0,"-32.97963, -60.68361",Calle,,ROSARIO,Rosario,Asfalto,Pavimento,II,Dentro,Urbana,Ninguna,No existe,Intersección,Otro,Reducida,Atardecer,Otro,Otro,Ciclista,Atropello,Otro,Faltante,"Cordón divisorio,Vegetación",Sin restricción
2020,2901,2020-06-18,Jueves,14:45:00,,0,2,"Moto/Ciclomotor,Moto/Ciclomotor",Bv. Rondeau 3800,2,1,1,0,0,0,0,"-32.880276769137,-60.696534457283",Avenida,,ROSARIO,Rosario,Asfalto,No existe,II,Dentro,Urbana,Ninguna,No existe,Intersección,Bueno,Buena,Diurna,Buen Tiempo,S/D,S/D,Colisión,Ninguna,Horizontal,"Cordón divisorio,Vegetación,Línea divisoria pintada",Sin restricción
2020,2902,2020-07-04,Sabado,8:00:00,,0,2,"Automóvil,Moto/Ciclomotor",Virasoro Y San Nicolas,2,1,0,0,1,0,0,"-32.96379, -60.67826",Calle,,ROSARIO,Rosario,Asfalto,S/D,II,S/D,Urbana,Semáforo,Funciona,Intersección,Otro,Buena,Diurna,Otro,Otro,S/D,Colisión,Ninguna,S/D,Ninguna,Sin restricción
2020,2903,2020-03-01,Domingo,6:25:00,Ruta Nacional 11,439.5,2,"Moto/Ciclomotor,Automóvil",,3,1,0,0,1,1,0,"-31.8311, -60.87558",Ruta,11,DESVÍO ARIJÓN,San JERÓNIMO,Asfalto,Pavimento,XV,Dentro,Rural,Ninguna,No existe,Recta,Deteriorada,Reducida,Nocturna,Niebla,Frontal,S/D,Colisión,Ninguna,Faltante,Línea divisoria pintada,Sin restricción
2020,2904,2020-06-09,Martes,17:30:00,,0,2,"Moto/Ciclomotor,Automóvil",Matheu Y Warnes,2,1,0,0,1,0,0,"-32.888483661485,-60.695672866938",Calle,,ROSARIO,Rosario,Asfalto,No existe,II,Dentro,Urbana,Ninguna,No existe,Intersección,Bueno,Buena,Diurna,Buen Tiempo,S/D,S/D,Colisión,Ninguna,Faltante,Ninguna,Sin restricción
2020,2905,2020-07-02,Jueves,17:30:00,,0,2,"Moto/Ciclomotor,Moto/Ciclomotor",Av. Provincias Unidas Y Calle 1825,2,0,1,0,1,0,0,"-32.96962, -60.71134",Avenida,,ROSARIO,Rosario,Asfalto,Pavimento,II,Dentro,Urbana,Ninguna,No existe,Intersección,Bueno,Buena,Diurna,Otro,Otro,S/D,Colisión,Otro,Faltante,"Cordón divisorio,Vegetación",Sin restricción
2020,2906,2020-06-04,Jueves,17:20:00,,0,2,"Automóvil,Moto/Ciclomotor",Cruz Chica Y Palestina,3,2,0,0,1,0,0,"-32.885847463568,-60.705794261938",Calle,,ROSARIO,Rosario,Asfalto,No existe,II,Dentro,Urbana,Ninguna,No existe,Intersección,Bueno,Buena,Diurna,Buen Tiempo,S/D,S/D,Colisión,Ninguna,Faltante,Ninguna,Sin restricción
2020,2907,2020-06-18,Jueves,17:20:00,,0,2,"Moto/Ciclomotor,Automóvil",Garzon Y Pje. Galileo,2,1,0,0,1,0,0,"-32.887492540419,-60.727307673592",Calle,,ROSARIO,Rosario,Asfalto,No existe,II,Dentro,Urbana,Ninguna,No existe,Intersección,"Con baches,Deteriorada",Buena,Diurna,Buen Tiempo,Lateral,S/D,Colisión,Ninguna,Faltante,Ninguna,Sin restricción
2020,2908,2020-07-02,Jueves,17:00:00,,0,2,"Automóvil,Moto/Ciclomotor",Bv. 27 De Febrero Y San Nicolas,5,1,0,0,0,0,4,"-32.96153, -60.67769",Avenida,,ROSARIO,Rosario,Asfalto,Pavimento,II,Dentro,Urbana,S/D,Funciona,Intersección,Bueno,Buena,Diurna,Otro,S/D,S/D,Colisión,Otro,Horizontal,Cordón divisorio,Sin restricción
2020,2909,2020-06-13,Sabado,16:15:00,,0,2,"Moto/Ciclomotor,Bicicleta",Conway Y Villa del Parque,2,0,1,0,1,0,0,"-32.884326841598,-60.728199228229",Calle,,ROSARIO,Rosario,Asfalto,No existe,II,Dentro,Urbana,Otra Señal,No existe,Intersección,Bueno,Buena,Diurna,Buen Tiempo,S/D,Ciclista,Atropello,Ninguna,Vertical,Ninguna,Sin restricción
2020,2910,2020-07-01,Miercoles,15:00:00,,0,2,"Camión Chasis,Moto/Ciclomotor",Av. De Las Palmeras Y Godoy Cruz,2,1,0,0,1,0,0,"-32.97918, -60.73595",Avenida,,ROSARIO,Rosario,Asfalto,Pavimento,II,Dentro,Urbana,Ninguna,No existe,Intersección,Bueno,Buena,Diurna,Otro,Otro,S/D,Colisión,Otro,Faltante,Cordón divisorio,Sin restricción
2020,2911,2020-06-28,Domingo,,,0,2,"Automóvil,Moto/Ciclomotor",Albert Sabin Y Almafuerte,2,1,0,0,1,0,0,"-32.917363340557,-60.690725588104",Avenida,,ROSARIO,Rosario,Asfalto,No existe,II,Dentro,Urbana,Paso Peatonal,No existe,Intersección,Bueno,Buena,"Nocturna,Con luz artificial",Buen Tiempo,S/D,S/D,Colisión,Ninguna,Horizontal,"Cordón divisorio,Vegetación,Línea divisoria pintada",Sin restricción
2020,2912,2020-07-06,Lunes,16:00:00,,0,2,"Automóvil,Moto/Ciclomotor",Bv. Oroño Y Sanchez de Bustamante,2,1,0,0,1,0,0,"-33.0026, -60.66517",Avenida,,ROSARIO,Rosario,Asfalto,No existe,II,Dentro,Urbana,Ninguna,No existe,Recta,Bueno,Buena,Diurna,Buen Tiempo,Otro,S/D,Colisión,Ninguna,Faltante,Cordón divisorio,Sin restricción
2020,2913,2020-06-16,Martes,13:40:00,,0,2,"Camión Chasis,Moto/Ciclomotor",Av. Ovidio Lagos Y Bv. Segui,2,1,0,0,1,0,0,"-32.974880612142,-60.669285244493",Avenida,,ROSARIO,Rosario,Asfalto,No existe,II,Dentro,Urbana,Semáforo,Funciona,Intersección,Bueno,Buena,Diurna,Buen Tiempo,Lateral,S/D,Colisión,Ninguna,"Horizontal,Vertical","Cordón divisorio,Vegetación,Línea divisoria pintada",Sin restricción
2020,2914,2020-07-06,Lunes,12:40:00,,0,2,"Automóvil,Automóvil",Alvear Y Hilarion de la Quintana,3,2,0,0,1,0,0,"-32.97957, -60.66378",Calle,,ROSARIO,Rosario,Asfalto,No existe,II,Dentro,Urbana,Ninguna,No existe,Recta,Bueno,Buena,Diurna,Buen Tiempo,Múltiple,S/D,Colisión,Agua,Faltante,Ninguna,Sin restricción
2020,2915,2020-05-27,Miercoles,12:20:00,,0,2,"Moto/Ciclomotor,Automóvil",Calcuta Y Fray J S M de Oro,2,1,0,0,1,0,0,"    -30.31498, -61.22384",Calle,,SAN CRISTÓBAL,San CRISTÓBAL,Asfalto,No existe,XIII,Dentro,Urbana,Ninguna,S/D,Distribuidor,Deteriorada,Buena,Diurna,Buen Tiempo,Frontal,S/D,Colisión,S/D,S/D,Ninguna,Sin restricción
2020,2916,2020-05-29,Viernes,14:30:00,,0,2,"Pickup/Utilitario,Moto/Ciclomotor",Caseros Y Gral Alvear,3,0,2,0,1,0,0,"    -30.31084, -61.2337",Calle,,SAN CRISTÓBAL,San CRISTÓBAL,Asfalto,No existe,XIII,Dentro,Urbana,Ninguna,No funciona,Intersección,Bueno,Buena,Diurna,Buen Tiempo,Lateral,S/D,Colisión,Ninguna,Vertical,Ninguna,Sin restricción
2020,2917,2020-07-15,Miercoles,2:00:00,,0,2,"Moto/Ciclomotor,Taxi/Remis",Galvez Y Av. Corrientes,3,2,0,0,1,0,0,"-32.96802, -60.64791",Calle,,ROSARIO,Rosario,Asfalto,S/D,II,S/D,Urbana,S/D,S/D,Intersección,S/D,S/D,S/D,S/D,S/D,S/D,Colisión,S/D,S/D,S/D,S/D
2020,2918,2020-05-29,Viernes,10:55:00,,0,2,"Pickup/Utilitario,Moto/Ciclomotor",Rivadavia Y Bartolome Mitre,2,0,1,0,1,0,0,"    -30.53241, -61.95872",Calle,,SUARDI,San CRISTÓBAL,Hormigón,Natural,XIII,Dentro,Urbana,Ninguna,No existe,Intersección,Deteriorada,Buena,Diurna,Buen Tiempo,Lateral,S/D,Colisión,Ninguna,Faltante,Ninguna,Sin restricción
2020,2919,2020-07-08,Miercoles,12:00:00,,0,2,"Moto/Ciclomotor,Automóvil",Tucuman Y Mitre,2,1,0,0,1,0,0,"-32.94166, -60.63838",Calle,,ROSARIO,Rosario,Asfalto,S/D,II,S/D,Urbana,S/D,S/D,Recta,S/D,S/D,Diurna,S/D,S/D,S/D,S/D,S/D,S/D,S/D,S/D
2020,2920,2020-07-06,Lunes,13:50:00,,0,2,"Automóvil,Automóvil",E.Deliot Y E.Zeballos,2,1,0,0,1,0,0,"-32.94845, -60.67725",Calle,,ROSARIO,Rosario,Asfalto,S/D,II,S/D,Urbana,S/D,S/D,Intersección,S/D,S/D,S/D,S/D,S/D,S/D,Colisión,S/D,S/D,S/D,S/D
2020,2921,2020-05-24,Domingo,16:40:00,,0,2,"Pickup/Utilitario,Moto/Ciclomotor",Islas Malvinas Y Agote,3,1,0,0,2,0,0,"    -30.36381, -61.91252",Calle,,SAN GUILLERMO,San CRISTÓBAL,Arena,Pavimento,XIII,Dentro,Urbana,Ninguna,No existe,Intersección,Bueno,Reducida polvo,Atardecer,Buen Tiempo,Lateral,S/D,Colisión,S/D,Horizontal,S/D,Sin restricción
2020,2922,2020-07-02,Jueves,9:00:00,,0,2,"Moto/Ciclomotor,Taxi/Remis",Italia Y Pasco,3,2,0,0,1,0,0,"-32.95786, -60.65117",Calle,,ROSARIO,Rosario,Asfalto,S/D,II,S/D,Urbana,Señal Pare,S/D,Intersección,S/D,S/D,Diurna,S/D,S/D,S/D,S/D,S/D,S/D,S/D,S/D
2020,2923,2020-07-05,Domingo,9:30:00,,0,2,"Moto/Ciclomotor,Automóvil",3 De Febrero Y L.N.Alem,2,1,0,0,1,0,0,"-32.95449, -60.62991",Calle,,ROSARIO,Rosario,Asfalto,S/D,II,S/D,Urbana,S/D,No existe,Intersección,Bueno,Buena,Diurna,S/D,S/D,S/D,S/D,S/D,S/D,S/D,S/D
2020,2924,2020-07-02,Jueves,19:20:00,,0,2,"Moto/Ciclomotor,Automóvil",Mitre Y 3 De Febrero,3,1,0,0,2,0,0,"-32.95256, -60.64115",Calle,,ROSARIO,Rosario,Asfalto,S/D,II,S/D,Urbana,S/D,S/D,Intersección,S/D,S/D,S/D,S/D,S/D,S/D,S/D,S/D,S/D,S/D,S/D
2020,2925,2020-07-06,Lunes,9:10:00,,0,2,"Moto/Ciclomotor,Automóvil",Av. Francia Y 9 De Julio,3,1,0,0,2,0,0,"-32.94885, -60.66746",Avenida,,ROSARIO,Rosario,Asfalto,S/D,II,Dentro,Urbana,Semáforo,Funciona,Intersección,S/D,S/D,Diurna,S/D,S/D,S/D,Colisión,S/D,S/D,Ninguna,S/D
2020,2926,2020-07-06,Lunes,9:10:00,,0,2,"Peatón,Taxi/Remis",Cordoba Y Paraguay,2,1,0,0,1,0,0,"-32.94547, -60.64371",Calle,,ROSARIO,Rosario,Asfalto,S/D,II,S/D,Urbana,S/D,Funciona,Intersección,S/D,S/D,S/D,S/D,S/D,Peatón,Atropello,S/D,S/D,S/D,S/D
2020,2927,2020-07-01,Miercoles,18:30:00,,0,2,"Moto/Ciclomotor,Bicicleta",Av. Pellegrini Y Maipu,3,3,0,0,0,0,0,"-32.95766, -60.63802",Avenida,,ROSARIO,Rosario,Asfalto,S/D,II,S/D,Urbana,S/D,Funciona,S/D,S/D,S/D,"Atardecer,Con luz artificial",S/D,S/D,Ciclista,Atropello,S/D,Vertical,S/D,S/D
2020,2928,2020-05-31,Domingo,19:45:00,Ruta Nacional 11,0,1,Moto/Ciclomotor,Libertad 338,1,1,0,0,0,0,0,"    -30.36837, -60.39894",Ruta,11,GOBERNADOR CRESPO,San Justo,Asfalto,Natural,XVI,Dentro,Urbana,Ninguna,No existe,Recta,Bueno,Buena,S/D,Buen Tiempo,S/D,S/D,Despiste,Ninguna,Faltante,Línea divisoria pintada,Sin restricción
2020,2929,2020-07-06,Lunes,18:10:00,,0,2,"Automóvil,Automóvil",Balcarce Y San Juan,3,1,0,0,2,0,0,"-32.94778, -60.6529",Calle,,ROSARIO,Rosario,Asfalto,S/D,II,Dentro,Urbana,S/D,Funciona,Intersección,S/D,S/D,"Amanecer,Con luz artificial",S/D,S/D,S/D,Colisión,S/D,S/D,S/D,S/D
2020,2930,2020-07-07,Martes,10:55:00,,0,2,"Moto/Ciclomotor,Vehículo Oficial",9 De Julio Y Iriondo,2,1,0,0,1,0,0,"-32.94825, -60.6715",Calle,,ROSARIO,Rosario,S/D,S/D,II,S/D,Urbana,S/D,S/D,S/D,S/D,S/D,S/D,S/D,S/D,S/D,Colisión,S/D,S/D,S/D,S/D
2020,2931,2020-07-08,Miercoles,19:05:00,,0,2,"Automóvil,Moto/Ciclomotor",Italia 282,2,1,0,0,1,0,0,"-32.93863, -60.64644",Calle,,ROSARIO,Rosario,Asfalto,S/D,II,Dentro,Urbana,S/D,No existe,Recta,S/D,S/D,Con luz artificial,S/D,S/D,S/D,S/D,S/D,S/D,S/D,S/D
2020,2932,2020-07-01,Miercoles,8:45:00,,0,2,"Automóvil,Moto/Ciclomotor",Montevideo Y Alsina,2,1,0,0,1,0,0,"-32.9493, -60.6789",Calle,,ROSARIO,Rosario,Asfalto,S/D,II,S/D,Urbana,S/D,S/D,Intersección,S/D,S/D,Diurna,S/D,S/D,S/D,Colisión,S/D,S/D,S/D,S/D
2020,2933,2020-07-06,Lunes,16:30:00,,0,2,"Pickup/Utilitario,Moto/Ciclomotor",3 De Febrero Y Dorrego,3,2,0,0,1,0,0,"-32.95082, -60.65088",Calle,,ROSARIO,Rosario,Asfalto,S/D,II,S/D,Urbana,Señal Pare,S/D,Intersección,Bueno,Buena,Diurna,S/D,S/D,S/D,Otro,S/D,S/D,S/D,S/D
2020,2934,2020-05-23,Sabado,23:50:00,Ruta Nacional 33,538,1,Camión c / Acoplado,,1,1,0,0,0,0,0,"-34.25548, -62.67073",Ruta,33,RUFINO,General LÓPEZ,S/D,S/D,VIII,S/D,Urbana,S/D,S/D,Recta,S/D,S/D,Nocturna,S/D,Contra objeto fijo,S/D,Colisión,S/D,S/D,S/D,S/D
2020,2935,2020-07-07,Martes,12:30:00,,0,2,"Automóvil,Automóvil",Santa Fe 4800,2,1,0,0,1,0,0,"-32.93598, -60.68839",Calle,,ROSARIO,Rosario,Asfalto,S/D,II,S/D,Urbana,S/D,S/D,Recta,S/D,S/D,S/D,S/D,S/D,S/D,S/D,S/D,S/D,S/D,S/D
2020,2936,2020-05-17,Domingo,7:15:00,,0,2,"Vehículo Oficial,Automóvil",Av. Ovidio Lagos 3900,4,3,0,0,1,0,0,"-32.97853, -60.67031",Calle,,ROSARIO,Rosario,S/D,S/D,II,S/D,Urbana,S/D,S/D,Recta,S/D,S/D,Amanecer,S/D,S/D,S/D,Colisión,S/D,S/D,S/D,S/D
2020,2937,2020-07-03,Viernes,20:10:00,,0,2,"Moto/Ciclomotor,Automóvil",3 De Febrero Y Servando Bayo,2,1,0,0,1,0,0,"-32.94451, -60.68618",Calle,,ROSARIO,Rosario,Asfalto,No existe,II,Dentro,Urbana,Ninguna,No existe,Intersección,Bueno,Buena,Diurna,Buen Tiempo,Lateral,S/D,Colisión,Ninguna,Faltante,Ninguna,Sin restricción
2020,2938,2020-05-28,Jueves,15:35:00,,0,2,"Automóvil,Bicicleta",B de Tucuman Y Gdor Cabal,2,1,0,0,1,0,0,"    -30.79095, -60.59449",Calle,,SAN JUSTO,San Justo,Asfalto,No existe,XVI,Dentro,Urbana,Ninguna,No existe,Intersección,Bueno,Buena,Diurna,Buen Tiempo,Otro,Ciclista,Atropello,Ninguna,Faltante,Ninguna,Sin restricción
2020,2939,2020-05-17,Domingo,,,0,2,"Pickup/Utilitario,Moto/Ciclomotor",Boulevard Villada Y General Bartolome Mitre,2,1,0,0,1,0,0,"-33.04087, -61.17313",Calle,,CASILDA,Caseros,S/D,S/D,IV,S/D,Urbana,S/D,S/D,Intersección,S/D,S/D,S/D,S/D,S/D,S/D,Colisión,S/D,S/D,S/D,S/D
2020,2940,2020-07-03,Viernes,15:30:00,,0,2,"Automóvil,Moto/Ciclomotor",L.N.Alem Y Pasco,3,1,0,0,2,0,0,"-32.96137, -60.63169",Calle,,ROSARIO,Rosario,Asfalto,No existe,II,Dentro,Urbana,Señal Pare,No existe,Intersección,Bueno,Buena,Diurna,Buen Tiempo,Lateral,S/D,Colisión,Ninguna,Vertical,Ninguna,Sin restricción
2020,2941,2020-05-29,Viernes,14:00:00,,0,2,"Automóvil,Moto/Ciclomotor",25 de Mayo Y Av Gral San Martin,2,1,0,0,1,0,0,"    -30.36363, -60.3998",Avenida,,GOBERNADOR CRESPO,San Justo,Asfalto,No existe,XVI,Dentro,Urbana,Ninguna,No existe,Intersección,Bueno,Buena,Diurna,Buen Tiempo,Lateral,S/D,Colisión,Ninguna,Faltante,Ninguna,Sin restricción
2020,2942,2020-05-17,Domingo,,,0,1,Moto/Ciclomotor,,1,0,1,0,0,0,0,"-31.44898, -60.93036",S/D,,ESPERANZA,Las Colonias,S/D,S/D,XI,S/D,S/D,S/D,S/D,S/D,S/D,S/D,S/D,S/D,S/D,S/D,Cañda ocupante,S/D,S/D,S/D,S/D
2020,2943,2020-07-02,Jueves,13:50:00,,0,2,"Automóvil,Automóvil",Entre Rios Y Pasco,3,1,0,0,2,0,0,"-32.95894, -60.64425",Calle,,ROSARIO,Rosario,Asfalto,No existe,II,Dentro,Urbana,Señal Pare,S/D,Intersección,Bueno,Buena,Diurna,Buen Tiempo,Lateral,S/D,Colisión,Ninguna,Vertical,Línea divisoria pintada,Sin restricción
2020,2944,2020-05-17,Domingo,20:15:00,,0,1,Moto/Ciclomotor,,1,1,0,0,0,0,0,"-32.12701, -61.54109",Calle,,CASAS,San MARTÍN,S/D,S/D,XVIII,S/D,Urbana,S/D,S/D,S/D,S/D,S/D,Nocturna,S/D,Contra objeto fijo,S/D,Colisión,S/D,S/D,S/D,S/D
2020,2945,2020-07-02,Jueves,15:50:00,,0,2,"Bicicleta,Automóvil",Sarmiento Y Cerrito,2,1,0,0,1,0,0,"-32.96185, -60.64209",S/D,,ROSARIO,Rosario,Asfalto,No existe,II,S/D,S/D,S/D,No existe,Intersección,Bueno,Buena,Diurna,Buen Tiempo,Lateral,Ciclista,Atropello,S/D,S/D,Ninguna,Sin restricción
2020,2946,2020-05-19,Martes,10:20:00,,0,1,Moto/Ciclomotor,pbro d Balbiano Y Jujuy,1,0,1,0,0,0,0,"-32.03534, -61.22558",Calle,,GÁLVEZ,San JERÓNIMO,S/D,S/D,XV,S/D,Urbana,S/D,S/D,Intersección,S/D,S/D,Diurna,S/D,Atropello animal,S/D,Colisión,S/D,S/D,S/D,S/D
2020,2947,2020-07-06,Lunes,,Ruta Nacional A008,0,2,"Moto/Ciclomotor,Taxi/Remis",San Martin Y Av. Circunvalacion,2,1,0,0,1,0,0,"-33.01654, -60.65218",Ruta,A008,ROSARIO,Rosario,Asfalto,No existe,II,S/D,Urbana,Semáforo,Funciona,Intersección,Bueno,Buena,Diurna,Buen Tiempo,Lateral,S/D,Colisión,Ninguna,Vertical,Cordón divisorio,Sin restricción
2020,2948,2020-05-20,Miercoles,,,0,2,"Bicicleta,Automóvil",Buenos Aires Y Boulevard Ovidio Lagos,2,1,0,0,1,0,0,"-33.04367, -61.16494",Calle,,CASILDA,Caseros,S/D,S/D,IV,S/D,Urbana,S/D,S/D,Intersección,S/D,S/D,S/D,S/D,S/D,Ciclista,Atropello,S/D,S/D,S/D,S/D