anio_acci,nro_acci,fecha,desc_dia,hora_aprox,desc_ruta,km,cant_participantes,desc_participante,calle_avenida_km,total,heridos_leves,heridos_graves,heridos_gravisimos,ilesos,fallecidos,sin_datos,posicion_XY,desc_tipo_via,desc_ruta_ori,desc_loc,desc_dpto,desc_tipo_calzada,desc_tipo_banquina,desc_unidad_regional,desc_lugar_calzada,desc_zona,desc_prioridad,desc_estado_semaforo,desc_lugar_via,desc_estado_via,desc_estado_visibilidad,desc_luminosidad,desc_estado_clima,desc_tipo_colision,desc_tipo_atropello,desc_tipo_hecho,desc_pres_calzada,desc_senializacion,desc_separacion_via,desc_restriccion
2020,2949,2020-05-26,Martes,20:20:00,Ruta Provincial 18,4,2,"Moto/Ciclomotor,Pickup/Utilitario",,3,2,0,0,1,0,0,"    -33.11309, -60.70681",Ruta,18,PIÑERO,Rosario,Asfalto,S/D,II,S/D,Rural,Ninguna,No existe,Recta,Bueno,Buena,Nocturna,Buen Tiempo,Frontal,S/D,Colisión,Ninguna,Faltante,Ninguna,S/D
2020,2950,2020-07-06,Lunes,7:40:00,,0,2,"Bicicleta,Automóvil",BAIGORRIA Y COLECTORA DE CIRCUNVALACION,2,0,1,0,1,0,0,"-32.8944, -60.72106",S/D,,ROSARIO,Rosario,Hormigón,Pavimento,II,S/D,S/D,Ninguna,No existe,Curva,Bueno,Buena,Diurna,S/D,S/D,Ciclista,Atropello,Ninguna,S/D,Ninguna,S/D
2020,2951,2020-05-20,Miercoles,,,0,2,"Moto/Ciclomotor,Pickup/Utilitario",,2,1,0,0,1,0,0,"-31.44898, -60.93036",S/D,,ESPERANZA,Las Colonias,S/D,S/D,XI,S/D,S/D,S/D,S/D,S/D,S/D,S/D,S/D,S/D,S/D,S/D,Colisión,S/D,S/D,S/D,S/D
2020,2952,2020-07-06,Lunes,19:20:00,,0,2,"Moto/Ciclomotor,Automóvil",BAIGORRIA Y COLECTORA DE CIRCUNVALACION,2,1,0,0,1,0,0,"-32.8944, -60.72106",S/D,,ROSARIO,Rosario,Asfalto,Pavimento,II,S/D,Urbana,Ninguna,No existe,Curva,Bueno,Buena,Nocturna,Buen Tiempo,Lateral,S/D,Colisión,Ninguna,S/D,Ninguna,Sin restricción
2020,2953,2020-07-08,Miercoles,16:50:00,,0,2,"Automóvil,Moto/Ciclomotor",Ayacucho Y Ameghino,2,1,0,0,1,0,0,"-32.98923, -60.63677",Calle,,ROSARIO,Rosario,Asfalto,Pavimento,II,S/D,Urbana,S/D,S/D,Intersección,Bueno,S/D,Diurna,S/D,S/D,S/D,S/D,S/D,S/D,S/D,S/D
2020,2954,2020-05-26,Martes,18:50:00,,0,2,"Automóvil,Moto/Ciclomotor",Av Gral Paz Y Av Galicia,2,1,0,0,1,0,0,"    -31.60829, -60.67722",Avenida,,SANTA FE,La Capital,Asfalto,No existe,I,Dentro,Urbana,Ninguna,Funciona,Intersección,Bueno,S/D,Atardecer,Buen Tiempo,Lateral,S/D,Colisión,Ninguna,S/D,Ninguna,Sin restricción
2020,2955,2020-03-11,Miercoles,8:59:00,,0,2,"Moto/Ciclomotor,Pickup/Utilitario",Jujuy Y Perillo N - Calle 18,4,2,0,0,2,0,0,"-33.735217298136,-61.949823685368",Calle,,VENADO TUERTO,General LÓPEZ,Asfalto,No existe,VIII,Dentro,Urbana,Otra Señal,No existe,Intersección,Bueno,Buena,Amanecer,Buen Tiempo,S/D,S/D,Colisión,Ninguna,Vertical,Ninguna,Sin restricción
2020,2956,2020-03-11,Miercoles,9:10:00,,0,1,Moto/Ciclomotor,Cornelio Saavedra Y Iturraspe,1,1,0,0,0,0,0,"-33.749109782445,-61.959914132257",Calle,,VENADO TUERTO,General LÓPEZ,Asfalto,No existe,VIII,Dentro,Urbana,Ninguna,No existe,Intersección,Bueno,Buena,Diurna,Buen Tiempo,S/D,S/D,Cañda ocupante,Ninguna,Faltante,Ninguna,Sin restricción
2020,2957,2020-03-11,Miercoles,22:30:00,,0,2,"Moto/Ciclomotor,Moto/Ciclomotor",,2,2,0,0,0,0,0,"-28.48778978611527,-59.354847646527",S/D,,VILLA OCAMPO,General Obligado,S/D,S/D,IX,S/D,S/D,S/D,S/D,S/D,S/D,S/D,Nocturna,S/D,S/D,S/D,Colisión,S/D,S/D,S/D,S/D
2020,2958,2020-03-11,Miercoles,18:30:00,,0,1,Automóvil,Calle 24 - Olessio Y Calle 67-Enrique Angelelli,2,1,0,0,1,0,0,"-29.169222509103,-59.653202432834",Calle,,RECONQUISTA,General Obligado,Asfalto,No existe,IX,Dentro,Urbana,Ninguna,No existe,Intersección,Bueno,Buena,Diurna,Buen Tiempo,S/D,S/D,Despiste,Ninguna,Faltante,Ninguna,Sin restricción
2020,2959,2020-03-11,Miercoles,7:10:00,,0,1,Moto/Ciclomotor,25 de Mayo Y Bv Sarmiento,1,1,0,0,0,0,0,"-28.490649317211,-59.357910156855",Avenida,,VILLA OCAMPO,General Obligado,Asfalto,No existe,IX,Dentro,Urbana,S/D,S/D,Intersección,Bueno,Buena,Amanecer,Buen Tiempo,S/D,S/D,Cañda ocupante,Ninguna,S/D,"Cordón divisorio,Vegetación",Sin restricción
2020,2960,2020-03-13,Viernes,12:00:00,,0,2,"Moto/Ciclomotor,Pickup/Utilitario",B de Tucuman Y Gdor Cabal,3,0,1,0,1,0,1,"-30.787086110221,-60.593627329409",Calle,,SAN JUSTO,San Justo,Asfalto,No existe,XVI,Dentro,Urbana,Ninguna,No existe,Intersección,Bueno,Buena,Diurna,Buen Tiempo,S/D,S/D,Colisión,Ninguna,Faltante,Ninguna,Sin restricción
2020,2961,2020-03-14,Sabado,17:30:00,Ruta Nacional 8,0,2,"Moto/Ciclomotor,Pickup/Utilitario",Ruta Nac 8 Y Vuelta de Obligado,3,1,1,0,1,0,0,"-33.767454230795,-61.964341239014",Ruta,8,VENADO TUERTO,General LÓPEZ,Asfalto,Ripio,VIII,Dentro,Urbana,Ninguna,No existe,Intersección,Bueno,Buena,Diurna,Buen Tiempo,S/D,S/D,Colisión,Ninguna,Horizontal,"Guardarrail,Línea divisoria pintada",Sin restricción
2020,2962,2020-03-14,Sabado,,Autopista Provincial Brigadier E.LÓPEZ,0,3,"Camión,Camión,Peatón",,3,1,0,0,2,0,0,"-32.8813934326172,-60.7123079895973",Autopista,Brigadier E.LÓPEZ,ROSARIO,Rosario,Asfalto,Pavimento,II,Dentro,Urbana,Otra Señal,No existe,Intersección,Bueno,Buena,Diurna,Buen Tiempo,S/D,Peatón,"Colisión,Atropello",Ninguna,"Horizontal,Vertical","Guardarrail,Cordón divisorio,Línea divisoria pintada",Sin restricción
2020,2963,2020-05-20,Miercoles,11:00:00,Ruta Provincial 95,2,1,Automóvil,,1,1,0,0,0,0,0,"-32.43111, -60.81418",Ruta,95,GABOTO,San JERÓNIMO,S/D,S/D,XV,S/D,Urbana,S/D,S/D,Recta,S/D,S/D,Diurna,S/D,S/D,S/D,Despiste,S/D,S/D,S/D,S/D
2020,2964,2020-05-20,Miercoles,,Ruta Nacional 11,108,2,"Moto/Ciclomotor,Automóvil",,2,0,1,0,1,0,0,"-31.96676, -60.92556",Ruta,11,CORONDA,San JERÓNIMO,S/D,S/D,XV,S/D,Urbana,S/D,S/D,Recta,S/D,S/D,S/D,S/D,S/D,S/D,Colisión,S/D,S/D,S/D,S/D
2020,2965,2020-05-21,Jueves,,,0,2,"Moto/Ciclomotor,Pickup/Utilitario",Mendoza Y General Manuel Belgrano,2,1,0,0,1,0,0,"-33.04579, -61.15732",Calle,,CASILDA,Caseros,S/D,S/D,IV,S/D,Urbana,S/D,S/D,Intersección,S/D,S/D,S/D,S/D,S/D,S/D,Colisión,S/D,S/D,S/D,S/D
2020,2966,2020-06-19,Viernes,16:30:00,,0,2,"Pickup/Utilitario,Moto/Ciclomotor",Biedma Y Crespo,2,1,0,0,1,0,0,"-32.975976234175,-60.677059564027",Calle,,ROSARIO,Rosario,Asfalto,No existe,II,Dentro,Urbana,Ninguna,No existe,Intersección,Bueno,Buena,Diurna,Buen Tiempo,Lateral,S/D,Colisión,Ninguna,Faltante,Ninguna,Sin restricción
2020,2967,2020-05-21,Jueves,22:05:00,,0,2,"Moto/Ciclomotor,Moto/Ciclomotor",9 de Julio Y Risso,2,1,0,0,0,1,0,"-31.60037, -60.6957",Calle,,SANTA FE,La Capital,Tierra,No existe,I,Dentro,Urbana,Ninguna,No existe,Intersección,Con baches,Buena,Nocturna,Buen Tiempo,S/D,S/D,Colisión,Ninguna,Faltante,"Ninguna,S/D",Sin restricción
2020,2968,2020-06-22,Lunes,15:40:00,,0,2,"Moto/Ciclomotor,Pickup/Utilitario",Bv. Segui Y Crespo,2,1,0,0,1,0,0,"-32.973592332999,-60.676463518664",Avenida,,ROSARIO,Rosario,Asfalto,No existe,II,Dentro,Urbana,Ninguna,No existe,Recta,Bueno,Buena,Diurna,Buen Tiempo,S/D,S/D,Colisión,Ninguna,Horizontal,"Cordón divisorio,Línea divisoria pintada",Sin restricción
2020,2969,2020-05-22,Viernes,,,0,2,"Moto/Ciclomotor,Pickup/Utilitario",,2,1,0,0,1,0,0,"-31.44898, -60.93036",S/D,,ESPERANZA,Las Colonias,S/D,S/D,XI,S/D,S/D,S/D,S/D,S/D,S/D,S/D,S/D,S/D,S/D,S/D,Colisión,S/D,S/D,S/D,S/D
2020,2970,2020-06-01,Lunes,20:40:00,,0,2,"Automóvil,Moto/Ciclomotor",Av. Battle y Ordo�ez Y Bv. Oro�o,2,1,0,0,1,0,0,"-33.009297518676,-60.664898224387",Avenida,,ROSARIO,Rosario,Asfalto,No existe,II,Dentro,Urbana,Semáforo,Funciona,Rotonda,Bueno,Buena,"Nocturna,Con luz artificial",Buen Tiempo,S/D,S/D,Colisión,Ninguna,"Horizontal,Vertical",Cordón divisorio,Sin restricción
2020,2971,2020-05-22,Viernes,22:00:00,,0,2,"Moto/Ciclomotor,Automóvil",Primera Junta Y Ameghino Florentino,2,1,0,0,1,0,0,"-32.03917, -61.21476",Calle,,GÁLVEZ,San JERÓNIMO,S/D,S/D,XV,Dentro,Urbana,S/D,S/D,Intersección,S/D,S/D,Nocturna,S/D,S/D,S/D,Colisión,S/D,S/D,S/D,S/D
2020,2972,2020-06-03,Miercoles,17:00:00,,0,2,"Automóvil,Peatón",Bv. Oroño Y Dr.Rivas,2,1,0,0,1,0,0,"-32.98096783995,-60.662560543862",Avenida,,ROSARIO,Rosario,Asfalto,No existe,II,Dentro,Urbana,Señal Pare,No existe,Intersección,Bueno,Buena,Atardecer,Buen Tiempo,S/D,Peatón,Atropello,Ninguna,"Horizontal,Vertical","Cordón divisorio,Línea divisoria pintada",Sin restricción
2020,2973,2020-06-13,Sabado,15:00:00,,0,2,"Camión Chasis,Moto/Ciclomotor",Alsina Y Bv. Segui,3,2,0,0,1,0,0,"-32.972297335989,-60.684661369737",Avenida,,ROSARIO,Rosario,Asfalto,No existe,II,Dentro,Urbana,Señal Pare,No existe,Intersección,Bueno,Buena,Diurna,Buen Tiempo,S/D,S/D,Colisión,Ninguna,"Horizontal,Vertical","Cordón divisorio,Línea divisoria pintada",Sin restricción
2020,2974,2020-05-22,Viernes,14:00:00,,0,2,"Moto/Ciclomotor,Pickup/Utilitario",Santa Fe Y Laprida,2,0,1,0,1,0,0,"-32.05262, -61.59631",Calle,,CAÑADA ROSQUÍN,San MARTÍN,S/D,S/D,XVIII,S/D,Urbana,S/D,S/D,Intersección,S/D,S/D,Diurna,S/D,S/D,S/D,Colisión,S/D,S/D,S/D,S/D
2020,2975,2020-06-05,Viernes,17:35:00,,0,2,"Automóvil,Moto/Ciclomotor",Calle 2106 6900,2,1,0,0,1,0,0,"-33.018500083626,-60.687372914556",Calle,,ROSARIO,Rosario,Asfalto,No existe,II,Dentro,Urbana,Ninguna,No existe,Intersección,Bueno,Buena,Atardecer,Buen Tiempo,Lateral,S/D,Colisión,Ninguna,Faltante,Ninguna,Sin restricción
2020,2976,2020-05-23,Sabado,,,0,2,"Bicicleta,Automóvil",,2,1,0,0,1,0,0,"-31.44898, -60.93036",S/D,,ESPERANZA,Las Colonias,S/D,S/D,XI,S/D,S/D,S/D,S/D,S/D,S/D,S/D,S/D,S/D,S/D,Ciclista,Atropello,S/D,S/D,S/D,S/D
2020,2977,2020-05-23,Sabado,19:55:00,,0,2,"Bicicleta,Pickup/Utilitario",Avda 25 de Mayo Y Dorrego,2,1,0,0,1,0,0,"-32.02804, -61.2183",Calle,,GÁLVEZ,San JERÓNIMO,S/D,S/D,XV,S/D,Urbana,S/D,S/D,Intersección,S/D,S/D,Nocturna,S/D,S/D,Ciclista,Atropello,S/D,S/D,S/D,S/D
2020,2978,2020-06-08,Lunes,17:15:00,,0,2,"Moto/Ciclomotor,Automóvil",Av. Ovidio Lagos Y Bv. Segui,2,1,0,0,1,0,0,"-32.974880612142,-60.669285244493",Avenida,,ROSARIO,Rosario,Asfalto,No existe,II,Dentro,Urbana,Semáforo,Funciona,Intersección,Bueno,Buena,Diurna,Buen Tiempo,S/D,S/D,Colisión,Ninguna,"Horizontal,Vertical","Cordón divisorio,Vegetación,Línea divisoria pintada",Sin restricción
2020,2979,2020-06-09,Martes,12:55:00,,0,2,"Automóvil,Camión Chasis",Garay Y Iriondo,2,1,0,0,1,0,0,"-32.968848173376,-60.676681717078",Calle,,ROSARIO,Rosario,Asfalto,No existe,II,Dentro,Urbana,Ninguna,No existe,Intersección,Bueno,Buena,Diurna,Buen Tiempo,Lateral,S/D,Colisión,Ninguna,Faltante,Ninguna,Sin restricción
2020,2980,2020-05-23,Sabado,18:05:00,,0,1,Moto/Ciclomotor,pbro d Balbiano Y Hipolito Irigoyen,1,0,1,0,0,0,0,"-32.03541, -61.22284",Calle,,GÁLVEZ,San JERÓNIMO,S/D,S/D,XV,S/D,Urbana,S/D,S/D,Intersección,S/D,S/D,Atardecer,S/D,Contra objeto fijo,S/D,Colisión,S/D,S/D,S/D,S/D
2020,2981,2020-06-09,Martes,15:30:00,,0,2,"Moto/Ciclomotor,Automóvil",Av. Francia Y Pte.Quintana,3,1,1,0,1,0,0,"-32.977586056072,-60.674742461757",Avenida,,ROSARIO,Rosario,Asfalto,No existe,II,Dentro,Urbana,Ninguna,No existe,Intersección,Bueno,Buena,Diurna,Buen Tiempo,S/D,S/D,Colisión,Ninguna,Faltante,"Cordón divisorio,Vegetación",Sin restricción
2020,2982,2020-05-24,Domingo,20:15:00,,0,2,"Moto/Ciclomotor,Moto/Ciclomotor",Bartolome Mitre Y Alvear,2,1,1,0,0,0,0,"-29.23744, -61.77365",Calle,,TOSTADO,9 de Julio,S/D,S/D,XII,S/D,Urbana,S/D,S/D,Intersección,S/D,S/D,Nocturna,S/D,S/D,S/D,Colisión,S/D,S/D,S/D,S/D
2020,2983,2020-06-10,Miercoles,16:15:00,,0,2,"Automóvil,Moto/Ciclomotor",España 6800,3,1,0,0,2,0,0,"-33.016481863005,-60.656776487145",Calle,,ROSARIO,Rosario,Asfalto,No existe,II,Dentro,Urbana,Señal Pare,No existe,Intersección,Bueno,Buena,Diurna,Buen Tiempo,S/D,S/D,Colisión,Ninguna,Vertical,Ninguna,Sin restricción
2020,2984,2020-03-04,Miercoles,7:12:00,,0,1,Moto/Ciclomotor,rivadavia Bernardino 434,1,0,0,0,0,1,0,"-30.94862, -60.6516",Calle,,VIDELA,San Justo,S/D,S/D,XVI,Dentro,Urbana,S/D,S/D,Recta,S/D,S/D,Diurna,S/D,Contra objeto fijo,S/D,Colisión,S/D,S/D,S/D,S/D
2020,2985,2020-06-02,Martes,16:40:00,,0,2,"Bicicleta,Automóvil",Av. Francia Y Viamonte,3,1,0,0,2,0,0,"-32.960397275415,-60.670383765349",Avenida,,ROSARIO,Rosario,Asfalto,No existe,II,Dentro,Urbana,Paso Peatonal,No existe,Intersección,Bueno,Buena,Diurna,Buen Tiempo,S/D,Ciclista,Atropello,Ninguna,"Horizontal,Vertical","Cordón divisorio,Vegetación,Línea divisoria pintada",Sin restricción
2020,2986,2020-03-08,Domingo,3:50:00,,0,2,"Moto/Ciclomotor,Pickup/Utilitario",Saavedra Y Belgrano,2,0,0,0,1,1,0,"-29.22909, -61.77437",Calle,,TOSTADO,9 de Julio,S/D,S/D,XII,Dentro,Urbana,S/D,S/D,Intersección,S/D,S/D,Nocturna,S/D,S/D,S/D,Colisión,S/D,S/D,S/D,S/D
2020,2987,2020-03-15,Domingo,18:30:00,Ruta Provincial 65,7,2,"Moto/Ciclomotor,Camión",,5,0,0,0,0,4,1,"-32.3719, -61.00328",Ruta,65,MONJE,San JERÓNIMO,Asfalto,Natural,XV,Dentro,Rural,Ninguna,No existe,Recta,Bueno,S/D,Diurna,S/D,S/D,S/D,Colisión,Ninguna,Faltante,Línea divisoria pintada,Sin restricción
2020,2988,2020-05-24,Domingo,16:40:00,Ruta Provincial 13,53,3,"Vehículo Oficial,Camión c / Acoplado,Camión",,4,2,0,0,2,0,0,"-32.0392, -61.79928",Ruta,13,CARLOS PELLEGRINI,San MARTÍN,S/D,S/D,XVIII,S/D,S/D,S/D,S/D,Cruce,S/D,S/D,Diurna,S/D,Múltiple,S/D,Colisión,S/D,S/D,S/D,S/D
2020,2989,2020-05-24,Domingo,17:15:00,,0,1,Moto/Ciclomotor,Patricias Argentinas Y 25 de Mayo,1,0,1,0,0,0,0,"-32.14368, -61.99153",Calle,,PIAMONTE,San MARTÍN,S/D,S/D,XVIII,S/D,Urbana,S/D,S/D,Intersección,S/D,S/D,Diurna,S/D,Atropello animal,S/D,Colisión,S/D,S/D,S/D,S/D
2020,2990,2020-06-02,Martes,14:30:00,,0,2,"Bicicleta,Bicicleta",Av. Pellegrini Y Santiago,2,1,0,0,1,0,0,"-32.954010894954,-60.658727519339",Avenida,,ROSARIO,Rosario,Asfalto,No existe,II,Dentro,Urbana,Ninguna,Funciona,Intersección,Bueno,Buena,Diurna,Buen Tiempo,De alcance,Ciclista,Atropello,Ninguna,"Horizontal,Vertical","Cordón divisorio,Línea divisoria pintada",Sin restricción
2020,2991,2020-03-16,Lunes,15:50:00,,0,2,"Automóvil,Peatón",Eva Peron 800,3,1,1,0,0,1,0,"-32.85852, -60.71731",Calle,,GRANADERO BAIGORRIA,Rosario,Asfalto,No existe,II,Dentro,Urbana,Ninguna,No existe,Intersección,Bueno,S/D,Diurna,S/D,S/D,Peatón,Atropello,Ninguna,Faltante,Ninguna,Sin restricción
2020,2992,2020-06-03,Miercoles,16:00:00,,0,1,Moto/Ciclomotor,Bv. Avellaneda Y Rueda,2,2,0,0,0,0,0,"-32.963682450769,-60.685437853603",Avenida,,ROSARIO,Rosario,Asfalto,No existe,II,Dentro,Urbana,Paso Peatonal,No existe,Intersección,Bueno,Buena,Diurna,Buen Tiempo,Atropello animal,S/D,Colisión,Ninguna,Horizontal,Cordón divisorio,Sin restricción
2020,2993,2020-05-17,Domingo,,,0,2,"Moto/Ciclomotor,Automóvil",Av. Battle y Ordo�ez Y Buenos Aires,4,0,3,0,1,0,0,"-33.0088, -60.64465",Avenida,,ROSARIO,Rosario,S/D,S/D,II,S/D,Urbana,S/D,S/D,Intersección,S/D,S/D,S/D,S/D,S/D,S/D,Colisión,S/D,S/D,S/D,S/D
2020,2994,2020-07-23,Jueves,14:00:00,,0,1,Moto/Ciclomotor,España Y Virasoro,2,2,0,0,0,0,0,"-32.95883, -60.693",Calle,,ROSARIO,Rosario,Asfalto,No existe,II,Dentro,Urbana,Señal Pare,No existe,Recta,Bueno,Buena,"Amanecer,Con luz artificial",Buen Tiempo,Contra objeto fijo,S/D,Colisión,Ninguna,Vertical,Ninguna,Sin restricción
2020,2995,2020-06-06,Sabado,18:25:00,,0,2,"Bicicleta,Automóvil",Ituzaingo Y Mitre,2,1,0,0,1,0,0,"-32.960471819529,-60.643137685641",Calle,,ROSARIO,Rosario,Asfalto,No existe,II,Dentro,Urbana,Señal Pare,No existe,Intersección,Bueno,Buena,Diurna,Buen Tiempo,S/D,Ciclista,Atropello,Ninguna,"Horizontal,Vertical",Ninguna,Sin restricción
2020,2996,2020-05-19,Martes,13:30:00,Ruta Secundaria 4-s,77,2,"Moto/Ciclomotor,Automóvil",,2,1,0,0,1,0,0,"-33.77226, -61.94776",Ruta,4-s,VENADO TUERTO,General LÓPEZ,S/D,S/D,VIII,S/D,Urbana,S/D,S/D,Intersección,S/D,S/D,Diurna,S/D,S/D,S/D,Colisión,S/D,S/D,S/D,S/D
2020,2997,2020-03-25,Miercoles,15:50:00,,0,2,"Moto/Ciclomotor,Automóvil",Pacheco Y 8 de Noviembre,3,2,0,0,0,1,0,"-32.90923, -60.69112",Calle,,ROSARIO,Rosario,Asfalto,No existe,II,Dentro,Urbana,Ninguna,No existe,Intersección,Bueno,S/D,Diurna,S/D,S/D,S/D,Colisión,Ninguna,Faltante,Ninguna,Sin restricción
2020,2998,2020-06-11,Jueves,15:15:00,,0,2,"Moto/Ciclomotor,Automóvil",Italia Y Pasco,2,1,0,0,1,0,0,"-32.957833242801,-60.65118829615",Calle,,ROSARIO,Rosario,Asfalto,No existe,II,Dentro,Urbana,Señal Pare,No existe,Intersección,Bueno,Buena,Diurna,Buen Tiempo,Lateral,S/D,Colisión,Ninguna,Faltante,Ninguna,Sin restricción
2020,2999,2020-06-20,Sabado,18:55:00,,0,2,"Moto/Ciclomotor,Taxi/Remis",Pueyrredon Y Rueda,2,1,0,0,1,0,0,"-32.967600796673,-60.663578397435",Calle,,ROSARIO,Rosario,Asfalto,No existe,II,Dentro,Urbana,Señal Pare,No existe,Intersección,Bueno,Buena,Diurna,Buen Tiempo,Lateral,S/D,Colisión,Ninguna,Vertical,Ninguna,Sin restricción
2020,3000,2020-05-19,Martes,15:43:00,,0,2,"Automóvil,Moto/Ciclomotor",Jose Aufranc Y Junin,2,1,0,0,0,0,1,"-33.73389, -61.98377",Calle,,VENADO TUERTO,General LÓPEZ,S/D,S/D,VIII,S/D,Urbana,S/D,S/D,Intersección,S/D,S/D,Diurna,S/D,S/D,S/D,Colisión,S/D,S/D,S/D,S/D
2020,3001,2020-06-21,Domingo,22:35:00,,0,2,"Moto/Ciclomotor,Automóvil",Bv. Oroño Y Lugones,2,1,0,0,1,0,0,"-32.958132288941,-60.657066542658",Avenida,,ROSARIO,Rosario,Asfalto,No existe,II,Dentro,Urbana,Paso Peatonal,No existe,Intersección,Bueno,Buena,"Nocturna,Con luz artificial",Buen Tiempo,De alcance,S/D,Colisión,Ninguna,"Horizontal,Vertical",Línea divisoria pintada,Sin restricción
2020,3002,2020-05-19,Martes,19:00:00,Autopista Nacional A012,60,2,"Peatón,Camión c / Acoplado",,3,2,0,0,1,0,0,"-32.77362, -60.78887",Autopista,A012,SAN LORENZO,San Lorenzo,S/D,S/D,XVII,S/D,Urbana,S/D,S/D,Recta,S/D,S/D,Atardecer,S/D,S/D,Peatón,Atropello,S/D,S/D,S/D,S/D
2020,3003,2020-03-02,Lunes,5:30:00,Ruta Nacional 11,362.8,1,Automóvil,,2,0,0,0,0,2,0,"-32.47513, -60.88581",Ruta,11,OLIVEROS,Iriondo,Asfalto,Natural,X,Dentro,Rural,Ninguna,No existe,Curva,Bueno,S/D,Nocturna,S/D,S/D,S/D,Despiste,Ninguna,Faltante,Línea divisoria pintada,Sin restricción
2020,3004,2020-06-23,Martes,10:30:00,,0,2,"Automóvil,Automóvil",Mitre Y Rueda,2,1,0,0,1,0,0,"-32.970791458565,-60.645728659044",Calle,,ROSARIO,Rosario,Asfalto,No existe,II,Dentro,Urbana,Ninguna,No existe,Intersección,Bueno,Buena,Diurna,Buen Tiempo,Lateral,S/D,Colisión,Ninguna,Faltante,Ninguna,Sin restricción
2020,3005,2020-06-26,Viernes,13:45:00,,0,2,"Moto/Ciclomotor,Automóvil",Av. Francia Y Bv. 27 De Febrero,2,1,0,0,1,0,0,"-32.962794501847,-60.670771834849",Avenida,,ROSARIO,Rosario,Asfalto,No existe,II,Dentro,Urbana,Semáforo,Funciona,Intersección,Bueno,Buena,Diurna,Buen Tiempo,Lateral,S/D,Colisión,Ninguna,"Horizontal,Vertical","Cordón divisorio,Vegetación,Línea divisoria pintada",Sin restricción
2020,3006,2020-05-19,Martes,8:40:00,Autopista Nacional A009,11,2,"Moto/Ciclomotor,Automóvil",,3,2,0,0,1,0,0,"-29.16867, -59.65683",Autopista,A009,RECONQUISTA,General Obligado,S/D,S/D,IX,S/D,Urbana,S/D,S/D,Intersección,S/D,S/D,Amanecer,S/D,S/D,S/D,Colisión,S/D,S/D,S/D,S/D
2020,3007,2020-05-19,Martes,,,0,1,Pickup/Utilitario,Saavedra 7800,1,0,1,0,0,0,0,"-32.96942, -60.70452",Calle,,ROSARIO,Rosario,S/D,S/D,II,S/D,Urbana,S/D,S/D,Recta,S/D,S/D,Nocturna,S/D,Contra objeto fijo,S/D,Colisión,S/D,S/D,S/D,S/D
2020,3008,2020-05-19,Martes,,,0,2,"Moto/Ciclomotor,Automóvil",San Jeronimo Y Salta,3,0,2,0,0,0,1,"-31.64992, -60.709",Calle,,SANTA FE,La Capital,S/D,S/D,I,S/D,Urbana,S/D,S/D,Intersección,S/D,S/D,Diurna,S/D,S/D,S/D,Colisión,S/D,S/D,S/D,S/D
2020,3009,2020-05-20,Miercoles,,,0,2,"Moto/Ciclomotor,Pickup/Utilitario",A Aufranc Y Dr Romang,2,1,0,0,1,0,0,"-31.44498, -60.91984",Calle,,ESPERANZA,Las Colonias,S/D,S/D,XI,S/D,Urbana,S/D,S/D,Intersección,S/D,S/D,Diurna,S/D,S/D,S/D,Colisión,S/D,S/D,S/D,S/D
2020,3010,2020-05-28,Jueves,20:30:00,,0,2,"Automóvil,Moto/Ciclomotor",Rivadavia Y Llerena,2,1,0,0,1,0,0,"    -31.61415, -60.6946",Calle,,SANTA FE,La Capital,Asfalto,No existe,I,S/D,Urbana,Ninguna,No existe,Intersección,Bueno,Reducida,Nocturna,Buen Tiempo,Múltiple,S/D,Colisión,Ninguna,S/D,Ninguna,Sin restricción
2020,3011,2020-05-21,Jueves,,,0,2,"Pickup/Utilitario,Automóvil",Av Roque Saenz Pe�a Y 1ro de Mayo,3,1,0,0,2,0,0,"-31.24714, -61.4783",Calle,,RAFAELA,Castellanos,S/D,S/D,V,S/D,Urbana,S/D,S/D,Intersección,S/D,S/D,S/D,S/D,Lateral,S/D,Colisión,S/D,S/D,S/D,S/D
2020,3012,2020-05-29,Viernes,10:30:00,,0,2,"Automóvil,Otros",Av Almte Brown Y Bv Muttis,3,1,0,0,1,0,1,"    -31.62977, -60.67849",Avenida,,SANTA FE,La Capital,Asfalto,No existe,I,S/D,Urbana,Ninguna,No existe,Rotonda,Bueno,Buena,Diurna,Buen Tiempo,Lateral,S/D,Colisión,S/D,Vertical,Ninguna,Sin restricción
2020,3013,2020-05-22,Viernes,17:15:00,,0,2,"Moto/Ciclomotor,Automóvil",Calle 24 - Olessio Y Calle 55-Mendoza,2,1,0,0,1,0,0,"-29.16379, -59.65236",Calle,,RECONQUISTA,General Obligado,S/D,S/D,IX,S/D,Urbana,S/D,S/D,Intersección,S/D,S/D,Diurna,S/D,S/D,S/D,Colisión,S/D,S/D,S/D,S/D
2020,3014,2020-05-24,Domingo,,,0,2,"Moto/Ciclomotor,Moto/Ciclomotor",Calle 15-Pcio. Diez Y Calle 18-Belgrano,3,2,0,0,1,0,0,"-29.14421, -59.64608",Calle,,RECONQUISTA,General Obligado,S/D,S/D,IX,S/D,Urbana,S/D,S/D,Intersección,S/D,S/D,S/D,S/D,S/D,S/D,Colisión,S/D,S/D,S/D,S/D
2020,3015,2020-05-26,Martes,15:00:00,,0,2,"Automóvil,Moto/Ciclomotor",Av Pe�aloza Y Reg 12 de Infanteria,3,0,1,1,1,0,0,"    -31.59383, -60.71199",Avenida,,SANTA FE,La Capital,Asfalto,Pavimento,I,Dentro,Urbana,Semáforo,Funciona,Intersección,Bueno,Buena,Diurna,Buen Tiempo,Lateral,S/D,Colisión,Ninguna,Horizontal,Cordón divisorio,Sin restricción