anio_acci,nro_acci,fecha,desc_dia,hora_aprox,desc_ruta,km,cant_participantes,desc_participante,calle_avenida_km,total,heridos_leves,heridos_graves,heridos_gravisimos,ilesos,fallecidos,sin_datos,posicion_XY,desc_tipo_via,desc_ruta_ori,desc_loc,desc_dpto,desc_tipo_calzada,desc_tipo_banquina,desc_unidad_regional,desc_lugar_calzada,desc_zona,desc_prioridad,desc_estado_semaforo,desc_lugar_via,desc_estado_via,desc_estado_visibilidad,desc_luminosidad,desc_estado_clima,desc_tipo_colision,desc_tipo_atropello,desc_tipo_hecho,desc_pres_calzada,desc_senializacion,desc_separacion_via,desc_restriccion
2020,3213,2020-06-10,Miercoles,22:15:00,,0,2,"Pickup/Utilitario,Moto/Ciclomotor",Rioja 2873,2,0,1,0,1,0,0,"-32.943223498088,-60.66273476669",Calle,,ROSARIO,Rosario,Asfalto,No existe,II,Dentro,Urbana,Ninguna,No existe,Intersección,Bueno,Buena,Diurna,Buen Tiempo,De alcance,S/D,Colisión,Ninguna,Horizontal,Línea divisoria pintada,Sin restricción
2020,3214,2020-07-19,Domingo,18:30:00,,0,2,"Moto/Ciclomotor,Automóvil",Garibaldi Y Rueda,3,1,0,0,2,0,0,"-33.59744, -61.3157",Calle,,CARRERAS,General LÓPEZ,Ripio,No existe,VIII,Dentro,Urbana,Ninguna,No existe,Intersección,Con baches,Buena,Atardecer,Buen Tiempo,Lateral,S/D,Colisión,Ninguna,Faltante,Ninguna,Sin restricción
2020,3215,2020-06-10,Miercoles,9:00:00,,0,2,"Moto/Ciclomotor,Automóvil",3 De Febrero Y Valparaiso,2,1,0,0,1,0,0,"-32.944941813624,-60.683439900993",Calle,,ROSARIO,Rosario,Asfalto,No existe,II,Dentro,Urbana,Ninguna,No existe,Intersección,Bueno,Buena,Diurna,Buen Tiempo,S/D,S/D,Colisión,Ninguna,Faltante,Ninguna,Sin restricción
2020,3216,2020-07-19,Domingo,0:15:00,,0,2,"Automóvil,Moto/Ciclomotor",Av Almte Brown Y Gutierrez,2,1,0,0,1,0,0,"-31.62862, -60.67831",Avenida,,SANTA FE,La Capital,Asfalto,No existe,I,Dentro,Urbana,Ninguna,No existe,Intersección,Bueno,Reducida,Nocturna,Buen Tiempo,Lateral,S/D,Colisión,S/D,S/D,Ninguna,Sin restricción
2020,3217,2020-06-25,Jueves,17:30:00,,0,2,"Automóvil,Moto/Ciclomotor",Av Gral Paz 4900,2,1,0,0,1,0,0,"-31.624962862363,-60.689225543945",Avenida,,SANTA FE,La Capital,Asfalto,No existe,I,Dentro,Urbana,Ninguna,No existe,Intersección,Bueno,Buena,Diurna,Buen Tiempo,Lateral,S/D,Colisión,Ninguna,Faltante,Ninguna,Sin restricción
2020,3218,2020-07-19,Domingo,20:00:00,,0,2,"Moto/Ciclomotor,Automóvil",Av A del Valle Y Pje Calcena,3,2,0,0,1,0,0,"-31.62623, -60.679",Avenida,,SANTA FE,La Capital,Asfalto,No existe,I,Dentro,Urbana,Ninguna,No existe,Intersección,Bueno,Reducida,Nocturna,Buen Tiempo,Lateral,S/D,Colisión,Ninguna,S/D,Ninguna,Sin restricción
2020,3219,2020-06-09,Martes,12:10:00,,0,2,"Automóvil,Bicicleta",Tucuman 1800,2,1,0,0,1,0,0,"-32.940047179941,-60.646708940278",Calle,,ROSARIO,Rosario,Asfalto,No existe,II,Dentro,Urbana,Paso Peatonal,No existe,Intersección,Bueno,Buena,Diurna,Buen Tiempo,S/D,Ciclista,Atropello,Ninguna,Horizontal,Ninguna,Sin restricción
2020,3220,2020-07-19,Domingo,0:50:00,,0,2,"Automóvil,Moto/Ciclomotor",Saavedra Y Salta,2,1,0,0,1,0,0,"-31.64846, -60.71661",Calle,,SANTA FE,La Capital,Hormigón,No existe,I,Dentro,Urbana,Semáforo,Intermitente,Intersección,Bueno,Reducida,Nocturna,Buen Tiempo,Lateral,S/D,Colisión,S/D,Faltante,Ninguna,Sin restricción
2020,3221,2020-06-20,Sabado,1:15:00,,0,2,"Moto/Ciclomotor,Automóvil",Gdor Candioti Y Gutierrez,2,1,0,0,0,0,1,"-31.625313189199,-60.691984282779",Calle,,SANTA FE,La Capital,Asfalto,No existe,I,Dentro,Urbana,Ninguna,No existe,Intersección,Bueno,Buena,Diurna,Buen Tiempo,Lateral,S/D,Colisión,Ninguna,Faltante,Ninguna,Sin restricción
2020,3222,2020-06-24,Miercoles,8:30:00,,0,2,"Bicicleta,Automóvil",Centeno Y Patricias Argentinas,2,0,1,0,1,0,0,"-32.987071, -60.635204",Calle,,ROSARIO,Rosario,Asfalto,No existe,II,Dentro,Urbana,Ninguna,No existe,Recta,Bueno,Buena,Diurna,Otro,S/D,Ciclista,Atropello,Ninguna,Faltante,Ninguna,Sin restricción
2020,3223,2020-07-19,Domingo,5:10:00,,0,2,"Moto/Ciclomotor,Automóvil",Av Facundo Zuviria Y Boneo,3,1,1,0,1,0,0,"-31.60282, -60.70228",Avenida,,SANTA FE,La Capital,Asfalto,No existe,I,Dentro,Urbana,Ninguna,Funciona,Intersección,Bueno,Buena,"Nocturna,Con luz artificial",Buen Tiempo,Lateral,S/D,Colisión,Ninguna,S/D,Ninguna,Sin restricción
2020,3224,2020-06-27,Sabado,17:55:00,,0,2,"Automóvil,Moto/Ciclomotor",Angel Cassanello Y Las Heras,2,1,0,0,1,0,0,"-31.610345, -60.689824",Calle,,SANTA FE,La Capital,Asfalto,No existe,I,Dentro,Urbana,Ninguna,No existe,Intersección,Bueno,Buena,Diurna,Buen Tiempo,Lateral,S/D,Colisión,Ninguna,Faltante,Ninguna,Sin restricción
2020,3225,2020-06-25,Jueves,16:30:00,,0,2,"Pickup/Utilitario,Bicicleta",Av. Ovidio Lagos Y Mendoza,2,0,1,0,1,0,0,"-32.947383936038,-60.662740126343",Avenida,,ROSARIO,Rosario,Asfalto,No existe,II,Dentro,Urbana,Paso Peatonal,No existe,Intersección,Bueno,Buena,Diurna,Buen Tiempo,S/D,Ciclista,Atropello,Ninguna,Horizontal,Línea divisoria pintada,Sin restricción
2020,3226,2020-07-19,Domingo,18:00:00,,0,2,"Peatón,Moto/Ciclomotor",Laprida 1700,2,1,0,0,1,0,0,"-30.30212, -61.24182",Calle,,SAN CRISTÓBAL,San CRISTÓBAL,Tierra,No existe,XIII,Dentro,Urbana,Ninguna,No existe,Recta,Bueno,Buena,Diurna,Buen Tiempo,S/D,Peatón,Atropello,Ninguna,Faltante,Ninguna,Sin restricción
2020,3227,2020-06-17,Miercoles,13:00:00,,0,2,"Moto/Ciclomotor,Pickup/Utilitario",,2,1,0,0,1,0,0,"-31.619460, -60.692005",S/D,,SANTA FE,La Capital,Asfalto,No existe,I,Dentro,Urbana,Ninguna,No existe,Recta,Bueno,Buena,Diurna,Buen Tiempo,"Contra objeto fijo,Lateral",S/D,Colisión,Ninguna,Faltante,Ninguna,Sin restricción
2020,3228,2020-06-17,Miercoles,13:00:00,,0,2,"Moto/Ciclomotor,Pickup/Utilitario",Pasco Y San Martin,3,0,1,0,2,0,0,"-32.959830875752,-60.639986235476",Calle,,ROSARIO,Rosario,Asfalto,No existe,II,Dentro,Urbana,Paso Peatonal,No existe,Intersección,Bueno,Buena,Diurna,Buen Tiempo,Lateral,S/D,Colisión,Ninguna,Horizontal,Ninguna,Sin restricción
2020,3229,2020-06-17,Miercoles,18:25:00,,0,2,"Bicicleta,Automóvil",B Ferreyra Y Manuel Roca,2,0,1,0,1,0,0,"-34.26473783351,-62.715972172203",Calle,,RUFINO,General LÓPEZ,Asfalto,No existe,VIII,Dentro,Urbana,Ninguna,No existe,Intersección,Bueno,Buena,"Nocturna,Con luz artificial",Otro,S/D,Ciclista,Atropello,Ninguna,Faltante,Ninguna,Sin restricción
2020,3231,2020-06-26,Viernes,8:40:00,,0,2,"Automóvil,Vehículo Oficial",Montevideo Y Rodriguez,2,0,1,0,1,0,0,"-32.95246196844,-60.661178976953",Calle,,ROSARIO,Rosario,Asfalto,No existe,II,Dentro,Urbana,Ninguna,No existe,Intersección,Bueno,Buena,Diurna,Buen Tiempo,S/D,S/D,Colisión,Ninguna,Faltante,Ninguna,Sin restricción
2020,3232,2020-07-19,Domingo,16:45:00,,0,2,"Automóvil,Bicicleta",Gral Paz Y Elorza,2,1,0,0,1,0,0,"-32.91416, -60.813",Calle,,FUNES,Rosario,Asfalto,No existe,II,Dentro,Urbana,Ninguna,No existe,Intersección,Bueno,Buena,Diurna,Buen Tiempo,S/D,Ciclista,Atropello,Ninguna,Faltante,Ninguna,Sin restricción
2020,3233,2020-06-22,Lunes,12:30:00,,0,2,"Moto/Ciclomotor,Automóvil",E.Zeballos Y Pueyrredon,2,0,1,0,1,0,0,"-32.951560110466,-60.659527783152",Calle,,ROSARIO,Rosario,Asfalto,No existe,II,Dentro,Urbana,Ninguna,No existe,Intersección,Bueno,Buena,Diurna,Buen Tiempo,Lateral,S/D,Colisión,Ninguna,Faltante,Ninguna,Sin restricción
2020,3234,2020-06-06,Sabado,6:30:00,Ruta Nacional 7,410,2,"Automóvil,Camión c / Acoplado",,2,1,0,0,1,0,0,"-34.28435, -62.69329",Ruta,7,RUFINO,General LÓPEZ,Asfalto,Natural,VIII,Dentro,Rural,Marca Vial,No existe,Recta,Con baches,Buena,Nocturna,Buen Tiempo,Frontal,S/D,Colisión,S/D,Horizontal,Línea divisoria pintada,Sin restricción
2020,3235,2020-06-13,Sabado,12:30:00,,0,2,"Moto/Ciclomotor,Automóvil",Pje Calcena Y Velez Sarsfield,3,1,0,0,1,0,1,"-31.625593900680563,-60.68196952342",Calle,,SANTA FE,La Capital,Asfalto,No existe,I,Dentro,Urbana,Ninguna,No existe,Intersección,Bueno,Buena,Diurna,Buen Tiempo,Lateral,S/D,Colisión,Ninguna,Faltante,Ninguna,Sin restricción
2020,3236,2020-07-19,Domingo,12:50:00,,0,2,"Moto/Ciclomotor,Automóvil",Av. Eva Peron Y Peru,3,1,1,0,1,0,0,"-32.93318, -60.71173",Avenida,,ROSARIO,Rosario,Asfalto,No existe,II,Dentro,Urbana,Semáforo,Funciona,Intersección,Bueno,Buena,Diurna,Buen Tiempo,Lateral,S/D,Colisión,Ninguna,S/D,Cordón divisorio,Sin restricción
2020,3237,2020-06-17,Miercoles,15:40:00,,0,2,"Automóvil,Moto/Ciclomotor",9 De Julio Y Lavalle,2,1,0,0,1,0,0,"-32.946739419559,-60.679627166393",Calle,,ROSARIO,Rosario,Asfalto,No existe,II,Dentro,Urbana,Ninguna,No existe,Intersección,Bueno,Buena,Diurna,Buen Tiempo,S/D,S/D,Colisión,Ninguna,Faltante,Ninguna,Sin restricción
2020,3238,2020-06-05,Viernes,11:20:00,,0,2,"Peatón,Automóvil",San Lorenzo Y Sarmiento,2,1,0,0,1,0,0,"-32.944182986434,-60.637643981201",Calle,,ROSARIO,Rosario,Asfalto,No existe,II,Dentro,Urbana,Paso Peatonal,No existe,Intersección,Bueno,Buena,Diurna,Buen Tiempo,S/D,Peatón,Atropello,Ninguna,"Horizontal,Vertical",Línea divisoria pintada,Sin restricción
2020,3239,2020-07-19,Domingo,18:30:00,,0,2,"Bicicleta,Automóvil",Av. Genova Y Pje. Yamandu Bis,2,1,0,0,1,0,0,"-32.91581, -60.70516",Avenida,,ROSARIO,Rosario,Asfalto,No existe,II,Dentro,Urbana,Ninguna,No existe,Intersección,Bueno,Buena,Atardecer,Buen Tiempo,S/D,Ciclista,Atropello,Ninguna,Faltante,Ninguna,Sin restricción
2020,3241,2020-07-19,Domingo,5:40:00,,0,2,"Moto/Ciclomotor,Pickup/Utilitario",Castellanos Y Av. Pellegrini,2,1,0,0,1,0,0,"-32.95063, -60.67778",Avenida,,ROSARIO,Rosario,Asfalto,No existe,II,Dentro,Urbana,Ninguna,No existe,Intersección,Bueno,Buena,Amanecer,Buen Tiempo,Lateral,S/D,Colisión,Ninguna,Faltante,Ninguna,Sin restricción
2020,3242,2020-06-04,Jueves,13:30:00,,0,2,"Bicicleta,Moto/Ciclomotor",Ricchieri Y Salta,2,2,0,0,0,0,0,"-32.93503199227,-60.66103856748",Calle,,ROSARIO,Rosario,Asfalto,No existe,II,Dentro,Urbana,Semáforo,Funciona,Intersección,Bueno,Buena,Diurna,Buen Tiempo,S/D,Ciclista,Atropello,Ninguna,"Horizontal,Vertical",Línea divisoria pintada,Sin restricción
2020,3243,2020-06-02,Martes,10:10:00,,0,2,"Automóvil,Bicicleta",Av Cobos Y Pte Juan Dominog Peron,2,0,1,0,1,0,0,"-34.264454616994,-62.711876693953",Avenida,,RUFINO,General LÓPEZ,Asfalto,Pavimento,VIII,Dentro,Urbana,Ninguna,No existe,Intersección,Bueno,Buena,Diurna,Buen Tiempo,S/D,Ciclista,Atropello,Ninguna,Faltante,Ninguna,Sin restricción
2020,3244,2020-06-07,Domingo,23:00:00,,0,2,"Automóvil,Automóvil",Alvear Y Ricardo Aldao,3,1,0,0,2,0,0,"-31.611458752747,-60.689036450032",Calle,,SANTA FE,La Capital,Asfalto,No existe,I,Dentro,Urbana,Ninguna,No existe,Intersección,Bueno,Buena,"Nocturna,Con luz artificial",Buen Tiempo,Lateral,S/D,Colisión,Ninguna,Faltante,Ninguna,Sin restricción
2020,3245,2020-07-19,Domingo,11:00:00,,0,2,"Moto/Ciclomotor,Automóvil",Bv. Avellaneda Y 9 De Julio,3,1,0,0,2,0,0,"-32.9465, -60.68095",Avenida,,ROSARIO,Rosario,Asfalto,No existe,II,Dentro,Urbana,Semáforo,Funciona,Intersección,Bueno,Buena,Diurna,Buen Tiempo,De alcance,S/D,Colisión,Ninguna,Faltante,Ninguna,Sin restricción
2020,3246,2020-05-15,Viernes,10:45:00,,0,2,"Moto/Ciclomotor,Automóvil",Bv Belgrano Y Pueyrredon,2,1,0,0,1,0,0,"-29.887835650222,-60.286247282318",Avenida,,CALCHAQUÍ,Vera,Asfalto,No existe,XIX,Dentro,Urbana,Ninguna,No existe,Intersección,Bueno,Buena,Diurna,Buen Tiempo,De alcance,S/D,Colisión,Ninguna,Horizontal,Ninguna,Sin restricción
2020,3247,2020-07-19,Domingo,18:10:00,,0,2,"Bicicleta,Pickup/Utilitario",El Mangrullo Y Costanera,2,1,0,0,1,0,0,"-32.9983, -60.61485",Calle,,ROSARIO,Rosario,Asfalto,No existe,II,Dentro,Urbana,Ninguna,No existe,Intersección,Bueno,Buena,Atardecer,Buen Tiempo,S/D,Ciclista,Atropello,Ninguna,Faltante,Ninguna,Sin restricción
2020,3248,2020-06-14,Domingo,5:20:00,,0,2,"Automóvil,Automóvil",Pje Koch,5,3,0,0,2,0,0,"-31.596095, -60.724284",Calle,,SANTA FE,La Capital,Asfalto,No existe,I,Dentro,Urbana,Ninguna,No existe,Recta,Bueno,Buena,Amanecer,Buen Tiempo,De alcance,S/D,Colisión,Ninguna,S/D,Ninguna,Sin restricción
2020,3249,2020-06-16,Martes,,,0,2,"Automóvil,Automóvil",1 de Mayo Y Pte.Quintana,2,1,0,0,1,0,0,"-32.984031421976,-60.638762095264",Calle,,ROSARIO,Rosario,Asfalto,No existe,II,Dentro,Urbana,Ninguna,No existe,Intersección,Bueno,Buena,S/D,Buen Tiempo,S/D,S/D,Colisión,Ninguna,Faltante,Ninguna,Sin restricción
2020,3250,2020-07-19,Domingo,7:55:00,Ruta Provincial 1,1,1,Automóvil,,1,1,0,0,0,0,0,"-31.63466, -60.62006",Ruta,1,COLASTINE,La Capital,Asfalto,No existe,I,S/D,Urbana,Semáforo,Funciona,Recta,Bueno,Buena,Amanecer,Buen Tiempo,Contra objeto fijo,S/D,"Colisión,Despiste",Ninguna,Vertical,Cordón divisorio,Sin restricción
2020,3251,2020-06-12,Viernes,17:35:00,,0,2,"Pickup/Utilitario,Moto/Ciclomotor",Bv Belgrano Y Sgto Cabral,3,0,1,0,2,0,0,"-29.888009694433,-60.285026184749",Avenida,,CALCHAQUÍ,Vera,Asfalto,No existe,XIX,Dentro,Urbana,Ninguna,No existe,Intersección,Bueno,Buena,Atardecer,Buen Tiempo,De alcance,S/D,Colisión,Ninguna,Faltante,Ninguna,Sin restricción
2020,3252,2020-06-19,Viernes,22:20:00,,0,2,"Automóvil,Moto/Ciclomotor",Av. Pellegrini Y Constitucion,2,1,0,0,1,0,0,"-32.950995906208,-60.676432084009",Avenida,,ROSARIO,Rosario,Asfalto,No existe,II,Dentro,Urbana,Semáforo,Funciona,Intersección,Bueno,Buena,"Nocturna,Con luz artificial",Buen Tiempo,De alcance,S/D,Colisión,Ninguna,"Horizontal,Vertical","Cordón divisorio,Línea divisoria pintada",Sin restricción
2020,3253,2020-06-03,Miercoles,20:00:00,,0,2,"Moto/Ciclomotor,Automóvil",ARENALES Y MORENO,2,1,0,0,0,0,1,"-31.677625, -60.769134",Calle,,SANTO TOMÉ,La Capital,Asfalto,No existe,I,Dentro,Urbana,Ninguna,No existe,Intersección,Bueno,Buena,Nocturna,Buen Tiempo,De alcance,S/D,Colisión,Ninguna,Faltante,Ninguna,Sin restricción
2020,3254,2020-06-28,Domingo,14:40:00,Ruta Nacional 11,0,2,"Moto/Ciclomotor,Automóvil",Bv Belgrano Y Juan De Garay,3,0,1,0,2,0,0,"-29.888683216876,-60.280136511792",Ruta,11,CALCHAQUÍ,Vera,Asfalto,Pavimento,XIX,Dentro,Urbana,Marca Vial,No existe,Intersección,Bueno,Buena,Diurna,Buen Tiempo,De alcance,S/D,Colisión,Ninguna,Horizontal,Ninguna,Sin restricción
2020,3255,2020-05-29,Viernes,12:15:00,,0,2,"Moto/Ciclomotor,Taxi/Remis",Mitre Y Ocampo,2,1,0,0,1,0,0,"    -32.96625, -60.6446",Calle,,ROSARIO,Rosario,Asfalto,No existe,II,Dentro,Urbana,Ninguna,S/D,Intersección,Bueno,Reducida polvo,Diurna,Buen Tiempo,Lateral,S/D,Colisión,Ninguna,S/D,Ninguna,Sin restricción
2020,3256,2020-07-20,Lunes,1:30:00,,0,1,Automóvil,Mendoza 200,1,1,0,0,0,0,0,"-32.71691, -60.72876",Calle,,PUERTO SAN MARTÍN,San Lorenzo,Asfalto,No existe,XVII,Dentro,Urbana,Ninguna,No existe,Recta,Bueno,Buena,Nocturna,Buen Tiempo,Contra objeto fijo,S/D,Colisión,Ninguna,Faltante,Ninguna,Sin restricción
2020,3257,2020-06-23,Martes,15:00:00,,0,2,"Pickup/Utilitario,Moto/Ciclomotor",Ituzaingo Y Rivadavia,3,1,0,0,2,0,0,"-29.888410270214084,-60.29067546129",Calle,,CALCHAQUÍ,Vera,Ripio,No existe,XIX,Dentro,Urbana,Ninguna,No existe,Intersección,Bueno,Buena,Diurna,Buen Tiempo,De alcance,S/D,Colisión,Ninguna,Faltante,Ninguna,Sin restricción
2020,3258,2020-05-31,Domingo,13:45:00,,0,1,Automóvil,,4,4,0,0,0,0,0,"    -31.97314, -62.10898",Camino Rural,,LAS PETACAS,San MARTÍN,Ripio,Natural,XVII,Fuera,Rural,Ninguna,No existe,Recta,Otro,Buena,Diurna,Buen Tiempo,S/D,S/D,Vuelco,Material Suelto,Faltante,Ninguna,Sin restricción
2020,3259,2020-06-04,Jueves,18:25:00,,0,2,"Automóvil,Moto/Ciclomotor",9 de Julio Y San Martin,2,1,0,0,1,0,0,"-29.459289629842,-60.210468192169",Calle,,VERA,Vera,Asfalto,No existe,XIX,Dentro,Urbana,Ninguna,No existe,Intersección,Bueno,Buena,Diurna,Buen Tiempo,Lateral,S/D,Colisión,Ninguna,Faltante,Ninguna,Sin restricción
2020,3260,2020-07-20,Lunes,11:10:00,,0,1,Pickup/Utilitario,Camino Rural,1,1,0,0,0,0,0,"-31.0787, -60.08039",Camino Rural,,HELVECIA,Garay,Tierra,No existe,VII,S/D,Rural,Ninguna,No existe,Recta,Otro,Reducida polvo,Diurna,Buen Tiempo,S/D,S/D,Vuelco,Ninguna,Faltante,Ninguna,Sin restricción
2020,3261,2020-07-20,Lunes,12:00:00,,0,2,"Automóvil,Moto/Ciclomotor",Simon Bolivar Y Parana,2,1,0,0,1,0,0,"-31.24801, -61.50264",Calle,,RAFAELA,Castellanos,Asfalto,No existe,V,S/D,Urbana,Otra Señal,No existe,Intersección,Bueno,Buena,Diurna,Buen Tiempo,Frontal,S/D,Colisión,S/D,Horizontal,Cordón divisorio,Sin restricción
2020,3262,2020-05-28,Jueves,0:00:00,,0,2,"Camión c / Acoplado,Camión c / Acoplado",Gral Lucho Mansilla,2,1,0,0,1,0,0,"    -32.66111, -60.79477",Calle,,TIMBÚES,San Lorenzo,Ripio,No existe,XVII,Dentro,Urbana,Ninguna,No existe,Cruce,Con baches,Reducida polvo,Nocturna,Buen Tiempo,S/D,S/D,Colisión,Ninguna,Vertical,Ninguna,Sin restricción
2020,3263,2020-06-13,Sabado,17:30:00,,0,2,"Camión Chasis,Moto/Ciclomotor",Alvear Y R S Pe�a,2,1,0,0,1,0,0,"-29.465845234884,-60.218043648491",Calle,,VERA,Vera,Tierra,No existe,XIX,Dentro,Urbana,Ninguna,No existe,Intersección,Bueno,Buena,Diurna,Buen Tiempo,Lateral,S/D,Colisión,Ninguna,Faltante,Ninguna,Sin restricción
2020,3264,2020-07-20,Lunes,16:30:00,,0,1,Moto/Ciclomotor,Santa Fe Y Guemes,1,1,0,0,0,0,0,"-32.48547, -61.57451",Calle,,LAS ROSAS,Belgrano,Asfalto,No existe,III,S/D,Urbana,Ninguna,No existe,Intersección,Resbaladiza,Buena,Diurna,Buen Tiempo,Atropello animal,S/D,Colisión,Ninguna,Vertical,Ninguna,Sin restricción
2020,3265,2020-07-20,Lunes,12:00:00,,0,2,"Automóvil,Moto/Ciclomotor",Bv Belgrano Y Sgto Cabral,2,1,0,0,1,0,0,"-29.88832, -60.28524",Avenida,,CALCHAQUÍ,Vera,Asfalto,No existe,XIX,Dentro,Urbana,Ninguna,No existe,Intersección,Bueno,Buena,Diurna,Buen Tiempo,De alcance,S/D,Colisión,Ninguna,Faltante,Ninguna,Sin restricción
2020,3266,2020-06-18,Jueves,13:10:00,,0,2,"Camión,Peatón",Alvear Y Santa Fe,4,3,0,0,1,0,0,"-29.46790700966,-60.203604341086",Calle,,VERA,Vera,Ripio,No existe,XIX,Dentro,Urbana,Ninguna,No existe,Recta,Bueno,Buena,Diurna,Buen Tiempo,S/D,Peatón,Atropello,Ninguna,Faltante,Ninguna,Sin restricción
2020,3267,2020-07-20,Lunes,15:00:00,,0,2,"Moto/Ciclomotor,Automóvil",D F Sarmiento Y Av San Sebastian,3,1,0,0,2,0,0,"-32.99842, -60.77574",Calle,,PEREZ,Rosario,Asfalto,No existe,II,Dentro,Urbana,Ninguna,S/D,Intersección,Bueno,Buena,Diurna,Buen Tiempo,Lateral,S/D,Colisión,Ninguna,S/D,Ninguna,Sin restricción
2020,3268,2020-06-26,Viernes,18:45:00,,0,2,"Moto/Ciclomotor,Automóvil",Buenos Aires Y Rivadavia,2,1,0,0,1,0,0,"-29.463687753192,-60.210441190228",Calle,,VERA,Vera,Asfalto,No existe,XIX,Dentro,Urbana,Ninguna,No existe,Intersección,Bueno,Buena,Diurna,Buen Tiempo,Lateral,S/D,Colisión,Ninguna,Faltante,Ninguna,Sin restricción
2020,3269,2020-05-27,Miercoles,17:00:00,,0,1,Moto/Ciclomotor,España,1,0,1,0,0,0,0,"    -32.68215, -60.79774",Calle,,TIMBÚES,San Lorenzo,Asfalto,Natural,XVII,Dentro,Urbana,Ninguna,No existe,Rotonda,Bueno,Buena,Diurna,Buen Tiempo,S/D,S/D,Despiste,Ninguna,Vertical,Línea divisoria pintada,Sin restricción
2020,3271,2020-05-25,Lunes,16:10:00,,0,2,"Automóvil,Automóvil",Fray Luis Beltran Y Bv Estanislao Lopez,2,1,0,0,1,0,0,"    -32.89698, -60.91089",Avenida,,ROLDÁN,San Lorenzo,Asfalto,Pavimento,XVII,Dentro,Urbana,Ninguna,No existe,Intersección,Bueno,Buena,Diurna,Buen Tiempo,Lateral,S/D,Colisión,Ninguna,S/D,Ninguna,Sin restricción
2020,3272,2020-07-20,Lunes,17:00:00,,0,2,"Moto/Ciclomotor,Peatón",Av. De Las Palmeras 3400,2,1,0,0,1,0,0,"-32.97174, -60.73404",Avenida,,ROSARIO,Rosario,Asfalto,Pavimento,II,Dentro,Urbana,Ninguna,No existe,Recta,Otro,Buena,Atardecer,S/D,S/D,Peatón,Atropello,S/D,Faltante,"Cordón divisorio,Vegetación,Línea divisoria pintada",Sin restricción
2020,3273,2020-07-20,Lunes,12:30:00,,0,2,"Moto/Ciclomotor,Automóvil",Biedma Y Rodriguez,2,1,0,0,1,0,0,"-32.97767, -60.66755",Calle,,ROSARIO,Rosario,Asfalto,No existe,II,Dentro,Urbana,Ninguna,No existe,Recta,Bueno,Buena,Diurna,Buen Tiempo,Lateral,S/D,Colisión,Ninguna,Faltante,Ninguna,Sin restricción
2020,3274,2020-05-30,Sabado,10:00:00,,0,2,"Pickup/Utilitario,Moto/Ciclomotor",Salta Y 1 de Mayo,2,1,0,0,1,0,0,"    -32.90397, -60.91117",Calle,,ROLDÁN,San Lorenzo,Asfalto,Pavimento,XVII,Dentro,Urbana,Ninguna,No existe,Intersección,Bueno,Buena,Diurna,Buen Tiempo,Lateral,S/D,Colisión,Ninguna,Faltante,Ninguna,Sin restricción
2020,3275,2020-07-20,Lunes,10:45:00,,0,2,"Moto/Ciclomotor,Camión Chasis",Pueyrredon Y 3 De Febrero,3,1,0,0,2,0,0,"-32.94938, -60.65901",Calle,,ROSARIO,Rosario,Asfalto,S/D,II,S/D,Urbana,S/D,S/D,Intersección,S/D,S/D,Diurna,S/D,S/D,S/D,Colisión,S/D,S/D,S/D,Sin restricción
2020,3276,2020-06-27,Sabado,10:50:00,,0,2,"Automóvil,Automóvil",España Y Mitre B,2,1,0,0,1,0,0,"-29.457669211841,-60.213938825836",Calle,,VERA,Vera,Asfalto,No existe,XIX,Dentro,Urbana,Ninguna,No existe,Intersección,Bueno,Buena,Diurna,Buen Tiempo,Lateral,S/D,Colisión,Ninguna,Faltante,Ninguna,Sin restricción
2020,3277,2020-07-20,Lunes,13:30:00,,0,2,"Bicicleta,Moto/Ciclomotor",Manuel Garcia Y Ghiraldo,2,1,0,0,1,0,0,"-32.90045, -60.71087",Calle,,ROSARIO,Rosario,Asfalto,Pavimento,II,S/D,Urbana,Ninguna,No existe,Intersección,Bueno,Buena,Diurna,Buen Tiempo,S/D,Ciclista,Atropello,Ninguna,Horizontal,Cordón divisorio,Sin restricción