anio_acci,nro_acci,fecha,desc_dia,hora_aprox,desc_ruta,km,cant_participantes,desc_participante,calle_avenida_km,total,heridos_leves,heridos_graves,heridos_gravisimos,ilesos,fallecidos,sin_datos,posicion_XY,desc_tipo_via,desc_ruta_ori,desc_loc,desc_dpto,desc_tipo_calzada,desc_tipo_banquina,desc_unidad_regional,desc_lugar_calzada,desc_zona,desc_prioridad,desc_estado_semaforo,desc_lugar_via,desc_estado_via,desc_estado_visibilidad,desc_luminosidad,desc_estado_clima,desc_tipo_colision,desc_tipo_atropello,desc_tipo_hecho,desc_pres_calzada,desc_senializacion,desc_separacion_via,desc_restriccion
2020,3278,2020-05-31,Domingo,19:00:00,Ruta Nacional 9,0,2,"Moto/Ciclomotor,Automóvil",Urquiza Y Ruta Nacional 9,2,1,0,0,1,0,0,"    -32.90554, -60.90873",Ruta,9,ROLDÁN,San Lorenzo,Asfalto,Pavimento,XVII,Dentro,Urbana,Ninguna,Funciona,Intersección,Bueno,Buena,"Atardecer,Con luz artificial",S/D,Otro,S/D,Colisión,Ninguna,Vertical,Ninguna,Sin restricción
2020,3279,2020-07-20,Lunes,12:10:00,Autopista Nacional A008,22,2,"Moto/Ciclomotor,Camión c / Acoplado",,2,1,0,0,0,0,1,"-32.93123, -60.72308",Autopista,A008,ROSARIO,Rosario,Asfalto,No existe,II,Dentro,Urbana,Ninguna,Funciona,Intersección,Bueno,Buena,Diurna,Buen Tiempo,Lateral,S/D,Colisión,Ninguna,"Horizontal,Vertical",Ninguna,Sin restricción
2020,3280,2020-05-27,Miercoles,15:00:00,Ruta Nacional 175,0,2,"Moto/Ciclomotor,Automóvil",Avenida San Martin bis Y Tucuman,4,2,0,0,2,0,0,"    -32.71935, -60.73158",Ruta,175,PUERTO SAN MARTÍN,San Lorenzo,Asfalto,No existe,XVII,Dentro,Urbana,Ninguna,No existe,Intersección,S/D,S/D,Diurna,S/D,Lateral,S/D,Colisión,Ninguna,S/D,Ninguna,Sin restricción
2020,3281,2020-07-20,Lunes,10:05:00,Autopista Nacional A008,29,2,"Moto/Ciclomotor,Automóvil",,2,1,0,0,1,0,0,"-32.92054, -60.72369",Autopista,A008,ROSARIO,Rosario,Asfalto,S/D,II,Dentro,Urbana,Ninguna,Funciona,Intersección,Bueno,Buena,Diurna,Buen Tiempo,De alcance,S/D,Colisión,Ninguna,S/D,Ninguna,Sin restricción
2020,3282,2020-05-26,Martes,6:00:00,Ruta Nacional 11,0,2,"Moto/Ciclomotor,Automóvil",Cordoba Y Ruta Nac 11,2,1,0,0,1,0,0,"    -32.71348, -60.75667",Ruta,11,PUERTO SAN MARTÍN,San Lorenzo,Asfalto,Natural,XVII,Dentro,Urbana,Otra Señal,No existe,Intersección,Bueno,Buena,Amanecer,S/D,Lateral,S/D,Colisión,S/D,S/D,Ninguna,Sin restricción
2020,3283,2020-07-20,Lunes,15:15:00,,0,2,"Pickup/Utilitario,Moto/Ciclomotor",Rivadavia Y Santiago del Estero,2,1,0,0,1,0,0,"-33.07989, -60.56803",Calle,,SANTA FE,La Capital,Asfalto,Pavimento,I,Dentro,Urbana,Semáforo,Funciona,Intersección,Bueno,Buena,Diurna,Buen Tiempo,Lateral,S/D,Colisión,Ninguna,Faltante,Ninguna,Sin restricción
2020,3284,2020-05-29,Viernes,17:20:00,,0,2,"Pickup/Utilitario,Bicicleta",Rioja Y Panama,2,1,0,0,1,0,0,"    -32.82793, -60.71905",Calle,,CAPITÁN BERMÚDEZ,San Lorenzo,Asfalto,Ripio,XVII,Dentro,Urbana,S/D,No existe,Intersección,Bueno,S/D,Diurna,Buen Tiempo,S/D,S/D,Colisión,S/D,Faltante,S/D,Sin restricción
2020,3285,2020-06-23,Martes,11:30:00,,0,2,"Automóvil,Moto/Ciclomotor",Juan Diaz De Solis Y Mariano Moreno,2,1,0,0,1,0,0,"-31.665670996537,-60.766098733828",Calle,,SANTO TOMÉ,La Capital,Asfalto,No existe,I,Dentro,Urbana,Ninguna,No existe,Intersección,Bueno,S/D,Diurna,Buen Tiempo,Lateral,S/D,Colisión,Ninguna,Faltante,Ninguna,S/D
2020,3286,2020-07-21,Martes,9:00:00,,0,1,Moto/Ciclomotor,Domingo Faustino Sarmiento Y Las Tunas,1,1,0,0,0,0,0,"-31.41529, -60.92094",Calle,,ESPERANZA,Las Colonias,Tierra,No existe,XI,Dentro,Urbana,Ninguna,No existe,Intersección,Bueno,Buena,Diurna,Buen Tiempo,Atropello animal,S/D,Colisión,Ninguna,Vertical,Ninguna,Sin restricción
2020,3287,2020-05-27,Miercoles,9:35:00,,0,2,"Automóvil,Automóvil",C Colon,3,1,0,0,2,0,0,"    -32.81328, -60.72097",Calle,,CAPITÁN BERMÚDEZ,San Lorenzo,Asfalto,Pavimento,XVII,Dentro,Urbana,Ninguna,S/D,Intersección,Bueno,Buena,Diurna,Buen Tiempo,S/D,S/D,Colisión,Ninguna,S/D,S/D,S/D
2020,3288,2020-06-11,Jueves,10:45:00,Autovía Nacional 19,0,2,"Moto/Ciclomotor,Pickup/Utilitario",Avenida Ejercito Argentino Y Azcuenaga,2,1,0,0,1,0,0,"-31.671912968158725,-60.77409803867",Autovía,19,SANTO TOMÉ,La Capital,Asfalto,Pavimento,I,Dentro,Urbana,Semáforo,Funciona,Intersección,Bueno,Buena,Diurna,Buen Tiempo,Lateral,S/D,Colisión,S/D,"Horizontal,Vertical",Ninguna,Sin restricción
2020,3289,2020-07-23,Jueves,13:45:00,,0,2,"Moto/Ciclomotor,Moto/Ciclomotor",Sarmiento Y Cordoba,2,1,0,0,1,0,0,"-32.95883, -60.693",Calle,,ROSARIO,Rosario,Asfalto,No existe,II,S/D,Urbana,Ninguna,Funciona,Intersección,Bueno,Buena,Diurna,Buen Tiempo,Lateral,S/D,Colisión,Ninguna,S/D,Ninguna,Sin restricción
2020,3290,2020-07-21,Martes,15:15:00,,0,2,"Moto/Ciclomotor,Automóvil",Rivadavia Y Marcos Avellaneda,3,2,0,0,1,0,0,"-31.45447, -60.92989",Avenida,,ESPERANZA,Las Colonias,S/D,S/D,XI,S/D,Urbana,S/D,S/D,Intersección,S/D,S/D,Diurna,S/D,S/D,S/D,Colisión,S/D,S/D,S/D,S/D
2020,3291,2020-06-19,Viernes,11:40:00,,0,2,"Peatón,Moto/Ciclomotor",Avenida San Martin Y Juan de Garay,2,2,0,0,0,0,0,"-29.231081150641,-61.772413465779",Avenida,,TOSTADO,9 de Julio,Hormigón,No existe,XII,Dentro,Urbana,Señal Pare,No existe,Recta,Bueno,Buena,Diurna,Buen Tiempo,S/D,Peatón,Atropello,Ninguna,Vertical,Ninguna,Sin restricción
2020,3292,2020-06-09,Martes,18:50:00,,0,2,"Moto/Ciclomotor,Automóvil",Islas Malvinas Y Santiago del Estero,2,0,1,0,1,0,0,"-29.233573079109192,-61.76441252231",Calle,,TOSTADO,9 de Julio,Ripio,No existe,XII,Dentro,Urbana,Ninguna,No existe,Intersección,Con baches,Reducida,"Nocturna,Con luz artificial",Buen Tiempo,Lateral,S/D,Colisión,Ninguna,Faltante,Ninguna,Sin restricción
2020,3293,2020-05-26,Martes,,,0,2,"Automóvil,Moto/Ciclomotor",Ing White 400,4,3,0,0,1,0,0,"    -32.76253, -60.73866",Calle,,SAN LORENZO,San Lorenzo,Asfalto,S/D,XVII,Dentro,Urbana,S/D,S/D,Intersección,S/D,S/D,S/D,S/D,S/D,S/D,Colisión,S/D,S/D,S/D,S/D
2020,3294,2020-06-06,Sabado,11:00:00,,0,1,Moto/Ciclomotor,Tucuman,2,1,0,0,1,0,0,"-29.229693388185,-61.763276175976",Calle,,TOSTADO,9 de Julio,Ripio,No existe,XII,Dentro,Urbana,Ninguna,No existe,Recta,S/D,Buena,Diurna,Buen Tiempo,S/D,S/D,Cañda ocupante,"Agua,Otro",Faltante,Ninguna,Sin restricción
2020,3295,2020-07-21,Martes,,,0,2,"Automóvil,Moto/Ciclomotor",General Lopez Y Urquiza,3,2,0,0,1,0,0,"-32.74769, -60.73525",Calle,,SAN LORENZO,San Lorenzo,S/D,S/D,XVII,S/D,Urbana,S/D,S/D,Intersección,S/D,S/D,S/D,S/D,S/D,S/D,Colisión,S/D,S/D,S/D,S/D
2020,3296,2020-05-26,Martes,11:35:00,,0,2,"Automóvil,Moto/Ciclomotor",6 de Caballeria Y Carlos Silvestre Begnis,2,1,0,0,1,0,0,"    -29.23812, -61.7665",Calle,,TOSTADO,9 de Julio,Asfalto,No existe,XVII,Dentro,Urbana,Ninguna,No existe,Intersección,Bueno,Buena,Diurna,Buen Tiempo,Lateral,S/D,Colisión,Ninguna,Faltante,Ninguna,Sin restricción
2020,3297,2020-06-12,Viernes,23:00:00,,0,2,"Automóvil,Moto/Ciclomotor",Alberdi Y Guemes,4,1,1,0,2,0,0,"-33.639741573464,-61.857785257558",Avenida,,MURPHY,General LÓPEZ,Asfalto,No existe,VIII,Dentro,Urbana,Ninguna,No existe,Intersección,Bueno,Reducida,"Nocturna,Con luz artificial",Buen Tiempo,De alcance,S/D,Colisión,S/D,Faltante,Cordón divisorio,S/D
2020,3298,2020-07-21,Martes,2:50:00,,0,2,"Moto/Ciclomotor,Automóvil",Juan Bautista Alberdi Y Salta,2,1,0,0,1,0,0,"-31.68258, -60.76047",Calle,,SANTO TOMÉ,La Capital,Asfalto,No existe,I,Dentro,Urbana,Marca Vial,No existe,Intersección,Bueno,Buena,"Nocturna,Con luz artificial",Buen Tiempo,Frontal,S/D,Colisión,Ninguna,Faltante,Ninguna,Sin restricción
2020,3299,2020-06-02,Martes,18:15:00,,0,2,"Automóvil,Moto/Ciclomotor",Laprida 341,3,1,0,0,2,0,0,"-33.645870673858,-61.864007473698",Calle,,MURPHY,General LÓPEZ,Asfalto,No existe,VIII,Dentro,Urbana,Ninguna,No existe,Recta,S/D,S/D,Diurna,Buen Tiempo,Lateral,S/D,Colisión,S/D,Faltante,Ninguna,S/D
2020,3300,2020-07-21,Martes,13:40:00,,0,2,"Automóvil,Moto/Ciclomotor",French Y Av Gral Paz,3,2,0,0,1,0,0,"-31.59646, -60.67308",Avenida,,SANTA FE,La Capital,Asfalto,S/D,I,Dentro,Urbana,Ninguna,No existe,Intersección,Bueno,S/D,Diurna,Buen Tiempo,Lateral,S/D,Colisión,Ninguna,Vertical,Cordón divisorio,Sin restricción
2020,3301,2020-06-22,Lunes,15:30:00,,0,1,Moto/Ciclomotor,Lagos,1,1,0,0,0,0,0,"-33.602347243911,-61.301128495237",Calle,,CARRERAS,General LÓPEZ,Tierra,No existe,VIII,Dentro,Urbana,Ninguna,No existe,Recta,Con baches,Buena,Diurna,S/D,S/D,S/D,Cañda ocupante,Ninguna,Faltante,S/D,S/D
2020,3302,2020-06-02,Martes,12:00:00,,0,2,"Moto/Ciclomotor,Pickup/Utilitario",Avenida San Martin Y Sarmiento,2,1,0,0,1,0,0,"-31.453159263724,-61.704383240748",Avenida,,CLUCELLAS,Castellanos,Asfalto,No existe,V,Dentro,Urbana,Ninguna,No existe,Intersección,Bueno,Buena,Diurna,Buen Tiempo,Otro,S/D,Colisión,Ninguna,Faltante,Ninguna,Sin restricción
2020,3303,2020-07-21,Martes,9:45:00,,0,2,"Pickup/Utilitario,Moto/Ciclomotor",Saavedra Y Catamarca,2,1,0,0,1,0,0,"-31.64281, -60.71504",Calle,,SANTA FE,La Capital,Hormigón,No existe,I,Dentro,Urbana,Ninguna,No existe,Intersección,Bueno,Buena,Diurna,Buen Tiempo,Lateral,S/D,Colisión,Ninguna,Faltante,Ninguna,Sin restricción
2020,3304,2020-07-21,Martes,13:30:00,,0,2,"Automóvil,Transporte de Pasajeros Urbano (> 8 asientos)",Av Blas Parera Y Martin Zapata,2,0,0,0,0,0,2,"-31.615809961329,-60.717728526572",Avenida,,SANTA FE,La Capital,Asfalto,No existe,I,S/D,Urbana,Semáforo,Funciona,Intersección,Bueno,Buena,Diurna,Buen Tiempo,Lateral,S/D,Colisión,Ninguna,Vertical,Línea divisoria pintada,Sin restricción
2020,3305,2020-06-03,Miercoles,17:20:00,Ruta Nacional 34,132,2,"Camión c / Acoplado,Automóvil",,2,2,0,0,0,0,0,"-32.03102, -61.60294",Ruta,34,CAÑADA ROSQUÍN,San MARTÍN,Asfalto,Natural,XVIII,Dentro,Rural,Marca Vial,No existe,Recta,Bueno,Buena,Diurna,Buen Tiempo,Frontal,S/D,Colisión,Ninguna,Horizontal,Línea divisoria pintada,Sin restricción
2020,3306,2020-07-21,Martes,11:30:00,,0,2,"Automóvil,Moto/Ciclomotor",Moreno Y E Aleman,2,0,1,0,1,0,0," -29.46105, -60.21337",Calle,,VERA,Vera,Asfalto,No existe,XIX,Dentro,Urbana,Ninguna,No existe,Intersección,Bueno,Buena,Diurna,Buen Tiempo,Lateral,S/D,Colisión,Ninguna,Faltante,Ninguna,Sin restricción
2020,3307,2020-06-13,Sabado,19:20:00,Ruta Nacional 33,779,2,"Moto/Ciclomotor,Automóvil",,2,1,0,0,1,0,0,"-33.00877, -60.79542",Ruta,33,ZAVALLA,Rosario,Asfalto,Natural,II,Dentro,Rural,Marca Vial,No existe,Recta,Bueno,Buena,"Nocturna,Con luz artificial",Buen Tiempo,De alcance,S/D,Colisión,Ninguna,Horizontal,Línea divisoria pintada,Sin restricción
2020,3308,2020-07-21,Martes,19:30:00,,0,2,"Bicicleta,Automóvil",Mitre 2353,2,1,0,0,1,0,0,"-32.96457, -60.64414",Calle,,ROSARIO,Rosario,S/D,S/D,II,S/D,Urbana,S/D,S/D,Intersección,S/D,S/D,Atardecer,S/D,S/D,Ciclista,Atropello,S/D,S/D,Ninguna,S/D
2020,3309,2020-06-30,Martes,12:40:00,Autopista Nacional 9,282,2,"Automóvil,Camión",,3,2,1,0,0,0,0,"-33.04997, -60.65992",Autopista,9,VILLA GOBERNADOR GÁLVEZ,Rosario,Asfalto,Pavimento,II,Dentro,Rural,Marca Vial,No existe,Recta,S/D,S/D,Diurna,Buen Tiempo,De alcance,S/D,Colisión,S/D,Horizontal,"Vegetación,S/D",Sin restricción
2020,3310,2020-07-01,Miercoles,,,0,1,Moto/Ciclomotor,Reconquista Y 2 de Abril,1,1,0,0,0,0,0,"-29.21828, -61.76738",S/D,,TOSTADO,9 de Julio,S/D,S/D,XII,S/D,S/D,S/D,S/D,S/D,S/D,S/D,S/D,S/D,Atropello animal,S/D,Colisión,S/D,S/D,S/D,S/D
2020,3311,2020-07-01,Miercoles,6:30:00,,0,2,"Pickup/Utilitario,Bicicleta",Urquiza Y Larrea,2,1,0,0,1,0,0,"-32.90741, -60.90922",S/D,,ROLDÁN,San Lorenzo,S/D,S/D,XVII,S/D,S/D,S/D,S/D,S/D,S/D,S/D,S/D,S/D,S/D,Ciclista,Atropello,S/D,S/D,S/D,S/D
2020,3312,2020-06-12,Viernes,18:40:00,,0,2,"Peatón,Automóvil",Bv. Oroño Y Rioja,2,1,0,0,1,0,0,"-32.944884764963,-60.653469477983",Avenida,,ROSARIO,Rosario,Asfalto,No existe,II,Dentro,Urbana,Semáforo,Funciona,Intersección,Bueno,Buena,Diurna,Buen Tiempo,S/D,Peatón,Atropello,Ninguna,"Horizontal,Vertical","Cordón divisorio,Vegetación,Línea divisoria pintada",Sin restricción
2020,3313,2020-07-09,Jueves,,Ruta Nacional 11,0,2,"Moto/Ciclomotor,Automóvil",Av San Martin Y Santiago del Estero,3,1,0,0,2,0,0,"-32.74133, -60.73406",Ruta,11,SAN LORENZO,San Lorenzo,Asfalto,S/D,XVII,S/D,Urbana,S/D,S/D,Intersección,S/D,S/D,S/D,S/D,S/D,S/D,Colisión,S/D,S/D,S/D,S/D
2020,3314,2020-07-01,Miercoles,18:00:00,,0,1,Moto/Ciclomotor,Sarmiento,1,0,1,0,0,0,0,"-31.05992, -61.16797",S/D,,CORONDA,San JERÓNIMO,S/D,S/D,XV,S/D,S/D,S/D,S/D,S/D,S/D,S/D,S/D,S/D,S/D,S/D,Despiste,S/D,S/D,S/D,S/D
2020,3315,2020-06-12,Viernes,9:00:00,,0,2,"Bicicleta,Automóvil",Bv. Avellaneda Y San Juan,2,1,0,0,1,0,0,"-32.942828885117,-60.67996595428",Avenida,,ROSARIO,Rosario,Asfalto,No existe,II,Dentro,Urbana,Semáforo,Funciona,Intersección,Bueno,Buena,Diurna,Buen Tiempo,S/D,Ciclista,Atropello,Ninguna,"Horizontal,Vertical","Cordón divisorio,Vegetación,Línea divisoria pintada",Sin restricción
2020,3316,2020-07-09,Jueves,,,0,2,"Bicicleta,Automóvil",Cordoba Y Av Urquiza,2,1,0,0,1,0,0,"-31.62685, -60.70774",Calle,,SANTA FE,La Capital,Asfalto,S/D,I,S/D,Urbana,S/D,S/D,Intersección,S/D,S/D,S/D,S/D,S/D,Ciclista,Atropello,S/D,S/D,S/D,S/D
2020,3317,2020-07-10,Viernes,,,0,2,"Moto/Ciclomotor,Automóvil",San Lorenzo Y Martin Zapata,2,1,0,0,1,0,0,"-31.61782, -60.70919",Calle,,SANTA FE,La Capital,Asfalto,S/D,I,S/D,Urbana,S/D,S/D,Intersección,S/D,S/D,S/D,S/D,S/D,S/D,Colisión,S/D,S/D,S/D,S/D
2020,3318,2020-07-28,Martes,22:50:00,,0,2,"Pickup/Utilitario,Camión c / Acoplado",,3,2,0,0,1,0,0,"-32.95883, -60.693",Calle,,ROSARIO,Rosario,S/D,S/D,II,S/D,S/D,S/D,S/D,S/D,S/D,S/D,S/D,S/D,S/D,S/D,S/D,S/D,S/D,S/D,S/D
2020,3319,2020-06-13,Sabado,14:50:00,,0,3,"Automóvil,Moto/Ciclomotor,Taxi/Remis",Av. Pellegrini Y Santiago,3,1,0,0,2,0,0,"-32.954010894954,-60.658727519339",Avenida,,ROSARIO,Rosario,Asfalto,No existe,II,Dentro,Urbana,Semáforo,Funciona,Intersección,Bueno,Buena,Diurna,Buen Tiempo,Múltiple,S/D,Colisión,Ninguna,"Horizontal,Vertical","Cordón divisorio,Vegetación,Línea divisoria pintada",Sin restricción
2020,3320,2020-06-08,Lunes,19:30:00,,0,2,"Automóvil,Moto/Ciclomotor",Bv. 27 De Febrero Y España,3,1,0,0,2,0,0,"-32.966173224752,-60.651862261544",Avenida,,ROSARIO,Rosario,Asfalto,No existe,II,Dentro,Urbana,Semáforo,Funciona,Intersección,Bueno,Buena,Atardecer,Buen Tiempo,S/D,S/D,Colisión,Ninguna,"Horizontal,Vertical","Cordón divisorio,Línea divisoria pintada",Sin restricción
2020,3321,2020-07-10,Viernes,,Ruta Nacional 11,0,2,"Moto/Ciclomotor,Automóvil",Av San Martin Y Belgrano,2,1,0,0,1,0,0,"-32.78225, -60.72656",Ruta,11,FRAY LUIS BELTRÁN,San Lorenzo,Asfalto,S/D,XVII,S/D,Urbana,S/D,S/D,Intersección,S/D,S/D,S/D,S/D,S/D,S/D,Colisión,S/D,S/D,S/D,S/D
2020,3323,2020-07-10,Viernes,,,0,1,Taxi/Remis,San Juan Y Juan M De Rosas,1,1,0,0,0,0,0,"-32.7514, -60.73981",Calle,,SAN LORENZO,San Lorenzo,Asfalto,S/D,XVII,S/D,Urbana,S/D,S/D,Intersección,S/D,S/D,S/D,S/D,S/D,S/D,Vuelco,S/D,S/D,S/D,S/D
2020,3324,2020-06-17,Miercoles,13:40:00,,0,2,"Peatón,Automóvil",3 De Febrero Y Mariano Moreno,2,1,0,0,1,0,0,"-32.950549174901,-60.652175543379",Calle,,ROSARIO,Rosario,Asfalto,No existe,II,Dentro,Urbana,Paso Peatonal,No existe,Intersección,Bueno,Buena,Diurna,Buen Tiempo,S/D,Peatón,Atropello,Ninguna,"Horizontal,Vertical",Ninguna,Sin restricción
2020,3325,2020-07-11,Sabado,,Ruta Nacional 11,0,1,Automóvil,Ruta Nac 11 Y Faustino Sarmiento,1,1,0,0,0,0,0,"-31.78698, -60.8552",Ruta,11,SAUCE VIEJO,La Capital,Asfalto,S/D,I,S/D,Urbana,S/D,S/D,Curva,S/D,S/D,S/D,S/D,S/D,S/D,Vuelco,S/D,S/D,S/D,S/D
2020,3326,2020-06-30,Martes,18:55:00,,0,2,"Pickup/Utilitario,Moto/Ciclomotor",Casiano Casas Y Superi,2,1,0,0,1,0,0,"-32.896937065228,-60.714646617411",Calle,,ROSARIO,Rosario,Asfalto,No existe,II,Dentro,Urbana,Otra Señal,No existe,Intersección,Bueno,Buena,Atardecer,Buen Tiempo,S/D,S/D,Colisión,Ninguna,Vertical,Ninguna,Sin restricción
2020,3327,2020-07-02,Jueves,21:15:00,,0,2,"Automóvil,Peatón",,2,1,0,0,1,0,0,"-33.02451, -60.63308",S/D,,VILLA GOBERNADOR GÁLVEZ,Rosario,S/D,S/D,II,S/D,S/D,S/D,S/D,S/D,S/D,S/D,S/D,S/D,S/D,Peatón,Atropello,S/D,S/D,S/D,S/D
2020,3328,2020-07-12,Domingo,,Ruta Nacional 11,483,2,"Bicicleta,Moto/Ciclomotor",Ruta Nacional 11,2,0,2,0,0,0,0,"-31.50374, -60.72797",Ruta,11,RECREO,La Capital,Asfalto,S/D,I,S/D,Urbana,S/D,S/D,Recta,S/D,S/D,S/D,S/D,S/D,Ciclista,Atropello,S/D,S/D,S/D,S/D
2020,3329,2020-06-16,Martes,15:20:00,,0,2,"Automóvil,Bicicleta",España 300,3,1,0,0,2,0,0,"-32.93911315949,-60.645049550484",Calle,,ROSARIO,Rosario,Asfalto,No existe,II,Dentro,Urbana,Semáforo,Funciona,Intersección,Bueno,Buena,Diurna,Buen Tiempo,S/D,Ciclista,Atropello,Ninguna,"Horizontal,Vertical",Línea divisoria pintada,Sin restricción
2020,3331,2020-07-12,Domingo,,,0,2,"Pickup/Utilitario,Moto/Ciclomotor",Av. Ovidio Lagos Y Lamadrid,2,0,1,0,1,0,0,"-32.99791, -60.67484",Calle,,ROSARIO,Rosario,Asfalto,S/D,II,S/D,Urbana,S/D,S/D,Intersección,S/D,S/D,S/D,S/D,S/D,S/D,Colisión,S/D,S/D,S/D,S/D
2020,3332,2020-05-26,Martes,13:00:00,,0,2,"Automóvil,Moto/Ciclomotor",Bvard 20 de Junio Y Sgo del Estero,2,1,0,0,1,0,0,"    -32.03051, -61.21444",Calle,,GÁLVEZ,San JERÓNIMO,Asfalto,S/D,XV,Dentro,Urbana,S/D,S/D,Intersección,S/D,S/D,Diurna,S/D,S/D,S/D,Colisión,S/D,S/D,S/D,S/D
2020,3333,2020-10-23,Viernes,11:00:00,,0,2,"Automóvil,Moto/Ciclomotor",Alvear Y San Lorenzo,4,1,0,0,3,0,0,"-32.941196814405,-60.654068114406",S/D,,ROSARIO,Rosario,Asfalto,No existe,II,Dentro,Urbana,Señal Pare,No existe,Intersección,Bueno,Buena,Diurna,Buen Tiempo,S/D,S/D,Colisión,Ninguna,"Horizontal,Vertical",Ninguna,Sin restricción
2020,3334,2020-07-02,Jueves,,,0,2,"Pickup/Utilitario,Moto/Ciclomotor",Agrelo Y Godoy Cruz,2,1,0,0,1,0,0,"-32.88949, -60.69242",S/D,,ROSARIO,Rosario,S/D,S/D,II,S/D,S/D,S/D,S/D,S/D,S/D,S/D,S/D,S/D,S/D,S/D,S/D,S/D,S/D,S/D,S/D
2020,3335,2020-07-13,Lunes,,,0,2,"Moto/Ciclomotor,Otros",Av Blas Parera Y Pavon,2,0,1,0,0,0,1,"-31.58984, -60.72484",Calle,,SANTA FE,La Capital,Asfalto,S/D,I,S/D,Urbana,S/D,S/D,Intersección,S/D,S/D,S/D,S/D,S/D,S/D,Colisión,S/D,S/D,S/D,S/D
2020,3336,2020-07-14,Martes,,,0,2,"Automóvil,Moto/Ciclomotor",Mar del Plata Y Av. Luis Carballo,2,0,1,0,1,0,0,"-32.92228, -60.68209",Calle,,ROSARIO,Rosario,Asfalto,S/D,II,S/D,Urbana,S/D,S/D,Intersección,S/D,S/D,S/D,S/D,S/D,S/D,Colisión,S/D,S/D,S/D,S/D
2020,3337,2020-06-12,Viernes,9:50:00,,0,2,"Moto/Ciclomotor,Bicicleta",Laprida Y San Juan,2,2,0,0,0,0,0,"-32.950971133849,-60.634955387147",Calle,,ROSARIO,Rosario,Asfalto,No existe,II,Dentro,Urbana,Señal Pare,No existe,Intersección,Bueno,Buena,Diurna,Buen Tiempo,S/D,Ciclista,Atropello,Ninguna,"Horizontal,Vertical",Línea divisoria pintada,Sin restricción
2020,3338,2020-06-30,Martes,,Ruta Nacional 33,550,1,Automóvil,,3,3,0,0,0,0,0,"-34.24851, -62.65514",Ruta,33,RUFINO,General LÓPEZ,S/D,S/D,VIII,S/D,S/D,S/D,S/D,S/D,S/D,S/D,S/D,S/D,S/D,S/D,Vuelco,S/D,S/D,S/D,S/D
2020,3339,2020-07-14,Martes,,,0,2,"Peatón,Automóvil",Garay,2,1,0,0,1,0,0,"-31.96729, -60.9185",Calle,,CORONDA,San JERÓNIMO,Asfalto,S/D,XV,S/D,Urbana,S/D,S/D,Recta,S/D,S/D,S/D,S/D,S/D,Peatón,Atropello,S/D,S/D,S/D,S/D
2020,3340,2020-06-08,Lunes,16:25:00,,0,2,"Moto/Ciclomotor,Automóvil",Necochea 1400,2,1,0,0,1,0,0,"-32.95629954083,-60.626068399409",Calle,,ROSARIO,Rosario,Asfalto,No existe,II,Dentro,Urbana,Paso Peatonal,No existe,Intersección,Bueno,Buena,Diurna,Buen Tiempo,S/D,S/D,Colisión,Ninguna,Horizontal,Ninguna,Sin restricción
2020,3341,2020-07-02,Jueves,,,0,2,"Moto/Ciclomotor,Pickup/Utilitario",12 de Octubre Y Sarmiento,2,1,0,0,1,0,0,"-29.23194, -61.77088",S/D,,TOSTADO,9 de Julio,S/D,S/D,XII,S/D,S/D,S/D,S/D,S/D,S/D,S/D,S/D,S/D,S/D,S/D,S/D,S/D,S/D,S/D,S/D
2020,3342,2020-07-14,Martes,,,0,2,"Moto/Ciclomotor,Moto/Ciclomotor",Hipolito Irigoyen Y Bvard Pasteur,3,3,0,0,0,0,0,"-32.03198, -61.22528",Calle,,GÁLVEZ,San JERÓNIMO,Asfalto,S/D,XV,S/D,Urbana,S/D,S/D,Intersección,S/D,S/D,S/D,S/D,S/D,S/D,Colisión,S/D,S/D,S/D,S/D
2020,3343,2020-07-14,Martes,14:00:00,Autopista Nacional A007,6.5,2,"Camión,Moto/Ciclomotor",Av Circunvalaci�n,3,1,0,0,1,1,0,"-31.66834, -60.72997",Autopista,A007,SANTA FE,La Capital,Asfalto,No existe,I,Dentro,Urbana,Ninguna,No existe,Rotonda,Bueno,Buena,Diurna,Buen Tiempo,Lateral,S/D,Colisión,Ninguna,Faltante,"Guardarrail,S/D",Sin restricción
2020,3344,2020-05-15,Viernes,15:25:00,,0,2,"Automóvil,Automóvil",San Luis Y Santiago,3,1,1,0,1,0,0,"-32.945840910085,-60.656663669725",Calle,,ROSARIO,Rosario,Asfalto,No existe,II,Dentro,Urbana,Paso Peatonal,No existe,Intersección,Bueno,Buena,Diurna,Buen Tiempo,S/D,S/D,Colisión,Ninguna,Horizontal,Línea divisoria pintada,Sin restricción
2020,3346,2020-07-02,Jueves,18:35:00,,0,2,"Bicicleta,Moto/Ciclomotor",J M Rosas,2,0,1,0,1,0,0,"-32.81914, -60.7181",S/D,,CAPITÁN BERMÚDEZ,San Lorenzo,S/D,S/D,XVII,S/D,S/D,S/D,S/D,S/D,S/D,S/D,S/D,S/D,S/D,Ciclista,Atropello,S/D,S/D,S/D,S/D
2020,3347,2020-05-25,Lunes,,Ruta Provincial 10,0,2,"Pickup/Utilitario,Moto/Ciclomotor",Bvard 20 de Junio Y Dorrego,2,1,0,0,1,0,0,"    -32.03137, -61.21569",Ruta,10,GÁLVEZ,San JERÓNIMO,Hormigón,No existe,XV,Dentro,Urbana,Ninguna,No existe,Intersección,S/D,S/D,Nocturna,S/D,S/D,S/D,Colisión,S/D,S/D,S/D,S/D