anio_acci,nro_acci,fecha,desc_dia,hora_aprox,desc_ruta,km,cant_participantes,desc_participante,calle_avenida_km,total,heridos_leves,heridos_graves,heridos_gravisimos,ilesos,fallecidos,sin_datos,posicion_XY,desc_tipo_via,desc_ruta_ori,desc_loc,desc_dpto,desc_tipo_calzada,desc_tipo_banquina,desc_unidad_regional,desc_lugar_calzada,desc_zona,desc_prioridad,desc_estado_semaforo,desc_lugar_via,desc_estado_via,desc_estado_visibilidad,desc_luminosidad,desc_estado_clima,desc_tipo_colision,desc_tipo_atropello,desc_tipo_hecho,desc_pres_calzada,desc_senializacion,desc_separacion_via,desc_restriccion
2020,3348,2020-06-01,Lunes,13:50:00,,0,2,"Moto/Ciclomotor,Automóvil",Bv. Oroño Y Jujuy,2,1,0,0,1,0,0,"-32.935559453724,-60.651131304906",Avenida,,ROSARIO,Rosario,Asfalto,No existe,II,Dentro,Urbana,Paso Peatonal,No existe,Intersección,Bueno,Buena,Diurna,Buen Tiempo,S/D,S/D,Colisión,Ninguna,Horizontal,"Cordón divisorio,Vegetación",Sin restricción
2020,3349,2020-07-11,Sabado,,Ruta Nacional A012,0,1,Pickup/Utilitario,,1,1,0,0,0,0,0,"-32.77109, -60.91147",Ruta,A012,LUIS PALACIOS,San Lorenzo,Asfalto,S/D,XV,S/D,Urbana,S/D,S/D,Curva,S/D,S/D,S/D,S/D,Contra objeto fijo,S/D,Colisión,S/D,S/D,S/D,S/D
2020,3350,2020-07-03,Viernes,18:00:00,,0,1,Moto/Ciclomotor,AV HIPOLITO YRIGOYEN,1,1,0,0,0,0,0,"-29.05488, -60.41434",S/D,,FORTÍN OLMOS,Vera,S/D,S/D,XIX,S/D,S/D,S/D,S/D,S/D,S/D,S/D,S/D,S/D,S/D,S/D,Despiste,S/D,S/D,S/D,S/D
2020,3351,2020-05-25,Lunes,,,0,2,"Bicicleta,Automóvil",,2,1,0,0,1,0,0,"    -31.44865, -60.93057",Calle,,ESPERANZA,Las Colonias,S/D,S/D,XI,Dentro,Urbana,S/D,No existe,Intersección,S/D,S/D,S/D,S/D,S/D,Ciclista,Atropello,S/D,S/D,S/D,S/D
2020,3353,2020-07-04,Sabado,6:55:00,,0,2,"Moto/Ciclomotor,Automóvil",Tucuman Y Av Pellegrini,2,1,0,0,1,0,0,"-31.89249, -61.85875",S/D,,SAN JORGE,San MARTÍN,S/D,S/D,XVIII,S/D,S/D,S/D,S/D,S/D,S/D,S/D,S/D,S/D,S/D,S/D,S/D,S/D,S/D,S/D,S/D
2020,3354,2020-06-02,Martes,16:05:00,,0,2,"Moto/Ciclomotor,Pickup/Utilitario",Cordoba 3000,2,1,0,0,1,0,0,"-32.941762948993,-60.664156640197",Calle,,ROSARIO,Rosario,Asfalto,No existe,II,Dentro,Urbana,Semáforo,Funciona,Intersección,Bueno,Buena,Diurna,Buen Tiempo,S/D,S/D,Colisión,Ninguna,"Horizontal,Vertical",Línea divisoria pintada,Sin restricción
2020,3355,2020-06-15,Lunes,1:30:00,,0,2,"Automóvil,Moto/Ciclomotor",E.Zeballos Y Suipacha,2,0,1,0,1,0,0,"-32.950339577717,-60.666333529083",Calle,,ROSARIO,Rosario,Asfalto,No existe,II,Dentro,Urbana,Ninguna,No existe,Intersección,Bueno,Buena,Diurna,Buen Tiempo,S/D,S/D,Colisión,Ninguna,Faltante,Ninguna,Sin restricción
2020,3356,2020-05-26,Martes,,,0,2,"Vehículo Oficial,Automóvil",Tucuman Y General Manuel Belgrano,2,1,0,0,1,0,0,"    -33.04489, -61.15796",Calle,,CASILDA,Caseros,Hormigón,S/D,IV,Dentro,Urbana,Ninguna,No existe,Intersección,S/D,S/D,S/D,S/D,S/D,S/D,Colisión,S/D,S/D,S/D,S/D
2020,3357,2020-07-09,Jueves,11:00:00,,0,2,"Moto/Ciclomotor,Pickup/Utilitario",Calle 44-27 de Abril Y Calle 89,2,1,0,0,1,0,0,"-29.17688, -59.66069",Calle,,RECONQUISTA,General Obligado,Asfalto,S/D,IX,S/D,Urbana,S/D,S/D,S/D,S/D,S/D,S/D,S/D,S/D,S/D,Colisión,S/D,S/D,S/D,S/D
2020,3358,2020-07-04,Sabado,,,0,2,"Pickup/Utilitario,Moto/Ciclomotor",,2,0,1,0,1,0,0,"-31.97352, -60.92064",S/D,,CORONDA,San JERÓNIMO,S/D,S/D,XV,S/D,S/D,S/D,S/D,S/D,S/D,S/D,S/D,S/D,S/D,S/D,S/D,S/D,S/D,S/D,S/D
2020,3359,2020-06-05,Viernes,12:20:00,,0,2,"Moto/Ciclomotor,Pickup/Utilitario",9 De Julio Y Constitucion,3,1,0,0,2,0,0,"-32.947473149393,-60.675544609106",Calle,,ROSARIO,Rosario,Asfalto,No existe,II,Dentro,Urbana,Ninguna,No existe,Intersección,Bueno,Buena,Diurna,Buen Tiempo,S/D,S/D,Colisión,Ninguna,Faltante,Ninguna,Sin restricción
2020,3360,2020-05-26,Martes,,,0,2,"Automóvil,Moto/Ciclomotor",Buenos Aires,2,1,0,0,1,0,0,"    -30.93785, -61.55397",Calle,,SUNCHALES,Castellanos,S/D,S/D,V,Dentro,Urbana,Ninguna,S/D,Intersección,S/D,S/D,Diurna,S/D,S/D,S/D,Colisión,S/D,S/D,S/D,S/D
2020,3361,2020-07-09,Jueves,4:30:00,Ruta Provincial 21,0,2,"Pickup/Utilitario,Automóvil",Av Gral San Martin Y Av de Circunvalacion,3,3,0,0,0,0,0,"-33.01685, -60.63388",Ruta,21,VILLA GOBERNADOR GÁLVEZ,Rosario,Asfalto,S/D,II,S/D,Urbana,S/D,S/D,Intersección,S/D,S/D,S/D,S/D,S/D,S/D,Colisión,S/D,S/D,S/D,S/D
2020,3362,2020-07-04,Sabado,22:00:00,,0,2,"Moto/Ciclomotor,Automóvil",1ro de Mayo Y Cordoba,2,1,0,0,0,0,1,"-32.03785, -61.22437",S/D,,GÁLVEZ,San JERÓNIMO,S/D,S/D,XV,S/D,S/D,S/D,S/D,S/D,S/D,S/D,S/D,S/D,S/D,S/D,S/D,S/D,S/D,S/D,S/D
2020,3363,2020-06-11,Jueves,18:05:00,,0,2,"Automóvil,Automóvil",3 De Febrero Y Suipacha,3,1,0,0,2,0,0,"-32.948123503114,-60.665770974958",Calle,,ROSARIO,Rosario,Asfalto,No existe,II,Dentro,Urbana,Ninguna,No existe,Intersección,Bueno,Buena,Diurna,Buen Tiempo,S/D,S/D,Colisión,Ninguna,Faltante,Ninguna,Sin restricción
2020,3364,2020-07-10,Viernes,,Ruta Secundaria 4-s,0,2,"Moto/Ciclomotor,Automóvil",Alvear Y Miguel de Azcuenaga,2,1,0,0,1,0,0,"-33.75068, -61.96917",Ruta,4-s,VENADO TUERTO,General LÓPEZ,Asfalto,S/D,VIII,S/D,Urbana,S/D,S/D,Intersección,S/D,S/D,S/D,S/D,S/D,S/D,Colisión,S/D,S/D,S/D,S/D
2020,3365,2020-05-27,Miercoles,,,0,2,"Moto/Ciclomotor,Taxi/Remis",Av. Pellegrini Y Buenos Aires,2,1,0,0,1,0,0,"    -32.95823, -60.63541",Avenida,,ROSARIO,Rosario,Asfalto,Ripio,II,Dentro,Urbana,S/D,S/D,Intersección,S/D,S/D,S/D,S/D,Lateral,S/D,Colisión,S/D,S/D,S/D,Sin restricción
2020,3366,2020-07-04,Sabado,14:30:00,,0,2,"Moto/Ciclomotor,Moto/Ciclomotor",,4,4,0,0,0,0,0,"-31.89757, -61.86013",S/D,,SAN JORGE,San MARTÍN,S/D,S/D,XVIII,S/D,S/D,S/D,S/D,S/D,S/D,S/D,S/D,S/D,S/D,S/D,S/D,S/D,S/D,S/D,S/D
2020,3367,2020-07-10,Viernes,,,0,2,"Moto/Ciclomotor,Moto/Ciclomotor",Almafuerte Y Quintana,2,2,0,0,0,0,0,"-33.73286, -61.96987",Calle,,VENADO TUERTO,General LÓPEZ,Asfalto,S/D,VIII,S/D,Urbana,S/D,S/D,Intersección,S/D,S/D,S/D,S/D,S/D,S/D,Colisión,S/D,S/D,S/D,S/D
2020,3368,2020-06-16,Martes,15:25:00,,0,2,"Moto/Ciclomotor,Pickup/Utilitario",Olegario V.Andrade Y Sarmiento,2,1,0,0,1,0,0,"-32.995862953533,-60.649196139486",Calle,,ROSARIO,Rosario,Asfalto,No existe,II,Dentro,Urbana,Ninguna,No existe,Intersección,Bueno,Buena,Diurna,Buen Tiempo,De alcance,S/D,Colisión,Ninguna,Faltante,Ninguna,Sin restricción
2020,3369,2020-07-10,Viernes,20:30:00,,0,1,Moto/Ciclomotor,España 350,1,1,0,0,0,0,0,"-33.74745, -61.95984",Calle,,VENADO TUERTO,General LÓPEZ,Asfalto,S/D,VIII,S/D,Urbana,S/D,S/D,Recta,S/D,S/D,S/D,S/D,Atropello animal,S/D,Colisión,S/D,S/D,S/D,S/D
2020,3370,2020-05-27,Miercoles,,,0,2,"Vehículo Oficial,Otros",Mitre,2,1,0,0,1,0,0,"    -31.60483, -60.68142",Calle,,SANTA FE,La Capital,Asfalto,No existe,I,Dentro,Urbana,Ninguna,No existe,Intersección,S/D,S/D,S/D,S/D,Lateral,S/D,Colisión,S/D,S/D,S/D,S/D
2020,3371,2020-06-01,Lunes,14:45:00,,0,2,"Bicicleta,Pickup/Utilitario",Av. Uriburu Y Mitre,3,2,0,0,1,0,0,"-32.990871453276,-60.650795815256",Avenida,,ROSARIO,Rosario,Asfalto,No existe,II,Dentro,Urbana,Paso Peatonal,No existe,Intersección,Bueno,Buena,Diurna,Buen Tiempo,S/D,Ciclista,Atropello,Ninguna,"Horizontal,Vertical","Cordón divisorio,Vegetación,Línea divisoria pintada",Sin restricción
2020,3372,2020-07-10,Viernes,21:00:00,,0,2,"Moto/Ciclomotor,Automóvil",Rosa Maria Alarcon de Larriera 1200,4,3,0,0,1,0,0,"-33.73593, -61.98075",Calle,,VENADO TUERTO,General LÓPEZ,Asfalto,S/D,VIII,S/D,Urbana,S/D,S/D,Recta,S/D,S/D,S/D,S/D,S/D,S/D,Colisión,S/D,S/D,S/D,S/D
2020,3373,2020-07-04,Sabado,20:50:00,,0,2,"Bicicleta,Moto/Ciclomotor",,2,0,1,0,0,0,1,"-29.68888, -60.25143",S/D,,MARGARITA,Vera,S/D,S/D,XIX,S/D,S/D,S/D,S/D,S/D,S/D,S/D,S/D,S/D,S/D,Ciclista,Atropello,S/D,S/D,S/D,S/D
2020,3374,2020-07-11,Sabado,21:00:00,,0,2,"Moto/Ciclomotor,Moto/Ciclomotor",Urquiza Y Libertad,2,1,1,0,0,0,0,"-32.82975, -61.3942",Calle,,CAÑADA DE GÓMEZ,Iriondo,Asfalto,S/D,X,S/D,Urbana,S/D,S/D,Intersección,S/D,S/D,S/D,S/D,S/D,S/D,Colisión,S/D,S/D,S/D,S/D
2020,3375,2020-05-30,Sabado,,,0,1,Moto/Ciclomotor,1 de mayo 937,1,1,0,0,0,0,0,"    -31.69541, -60.78567",Calle,,SANTO TOMÉ,La Capital,S/D,S/D,I,Dentro,Urbana,S/D,S/D,Intersección,S/D,S/D,S/D,S/D,S/D,S/D,"Cañda ocupante,Despiste",S/D,S/D,S/D,S/D
2020,3376,2020-06-04,Jueves,11:25:00,,0,2,"Bicicleta,Automóvil",Beruti Y Dean Funes,2,1,0,0,1,0,0,"-32.978859342789,-60.627432015518",Calle,,ROSARIO,Rosario,Asfalto,No existe,II,Dentro,Urbana,Ninguna,No existe,Intersección,Bueno,Buena,Diurna,Buen Tiempo,S/D,Ciclista,Atropello,Ninguna,Faltante,Ninguna,Sin restricción
2020,3377,2020-05-30,Sabado,,,0,2,"Moto/Ciclomotor,Moto/Ciclomotor",Buenos Aires Y Independencia,2,2,0,0,0,0,0,"    -32.05305, -61.59449",Calle,,CAÑADA ROSQUÍN,San MARTÍN,Asfalto,S/D,I,Dentro,Urbana,Ninguna,No existe,Intersección,S/D,S/D,S/D,S/D,Lateral,S/D,Colisión,S/D,S/D,S/D,S/D
2020,3378,2020-06-09,Martes,15:20:00,,0,2,"Moto/Ciclomotor,Moto/Ciclomotor",Ameghino Y Laprida,2,1,0,0,1,0,0,"-32.987800885297,-60.644482286443",Calle,,ROSARIO,Rosario,Asfalto,No existe,II,Dentro,Urbana,Ninguna,No existe,Intersección,Bueno,Buena,Diurna,Buen Tiempo,Lateral,S/D,Colisión,Ninguna,Faltante,Ninguna,Sin restricción
2020,3379,2020-07-05,Domingo,,,0,2,"Moto/Ciclomotor,Pickup/Utilitario",AGUSTO CABANIUS Y BELGRANO,2,1,0,0,1,0,0,"-34.32448, -62.03533",S/D,,SAN GREGORIO,General LÓPEZ,S/D,S/D,VIII,S/D,S/D,S/D,S/D,S/D,S/D,S/D,S/D,S/D,S/D,S/D,S/D,S/D,S/D,S/D,S/D
2020,3380,2020-05-31,Domingo,,,0,2,"Automóvil,Automóvil",Dean Funes 4400,2,1,0,0,1,0,0,"    -32.96753, -60.69065",Calle,,ROSARIO,Rosario,Asfalto,S/D,II,Dentro,Urbana,S/D,No existe,Intersección,S/D,S/D,S/D,S/D,Lateral,S/D,Colisión,S/D,S/D,S/D,S/D
2020,3381,2020-07-05,Domingo,,,0,2,"Moto/Ciclomotor,Automóvil",San Martin Y Misiones,2,0,1,0,1,0,0,"-33.8862, -61.68794",S/D,,SANTA ISABEL,General LÓPEZ,S/D,S/D,VIII,S/D,S/D,S/D,S/D,S/D,S/D,S/D,S/D,S/D,S/D,S/D,S/D,S/D,S/D,S/D,S/D
2020,3382,2020-05-27,Miercoles,6:45:00,,0,2,"Automóvil,Bicicleta",Bv San Martin Y Lisandro De La Torre,2,1,0,0,1,0,0,"    -32.23454, -60.98159",Avenida,,BARRANCAS,San JERÓNIMO,S/D,S/D,XV,Dentro,Urbana,S/D,S/D,Intersección,S/D,S/D,Amanecer,S/D,S/D,Ciclista,Atropello,S/D,S/D,S/D,S/D
2020,3383,2020-06-26,Viernes,17:50:00,,0,2,"Moto/Ciclomotor,Moto/Ciclomotor",Guemes Gral Y Rotania,2,1,0,0,1,0,0,"-30.946032106876377,-61.54794216156",Calle,,SUNCHALES,Castellanos,Hormigón,No existe,V,Dentro,Urbana,Otra Señal,No existe,Recta,Bueno,Buena,Diurna,Buen Tiempo,De alcance,S/D,Colisión,Ninguna,Vertical,S/D,Sin restricción
2020,3384,2020-07-11,Sabado,,,0,2,"Moto/Ciclomotor,Automóvil",Quintana Y A. Capdevila,2,1,0,0,1,0,0,"-32.80714, -61.39734",Calle,,CAÑADA DE GÓMEZ,Iriondo,Asfalto,S/D,X,S/D,Urbana,S/D,S/D,Intersección,S/D,S/D,S/D,S/D,S/D,S/D,Colisión,S/D,S/D,S/D,S/D
2020,3385,2020-06-12,Viernes,10:00:00,,0,2,"Moto/Ciclomotor,Automóvil",Alberdi Y Cordoba,2,1,0,0,1,0,0,"-31.68073275489,-60.771885583704",Calle,,SANTA FE,La Capital,Asfalto,No existe,I,Dentro,Urbana,Ninguna,No existe,Intersección,Bueno,Buena,Diurna,Buen Tiempo,Lateral,S/D,Colisión,Ninguna,Vertical,Ninguna,Sin restricción
2020,3386,2020-07-05,Domingo,19:20:00,,0,2,"Automóvil,Moto/Ciclomotor",Bv Domingo F Sarmiento 971,3,2,0,0,1,0,0,"-32.45772, -60.88848",S/D,,MACIEL,San JERÓNIMO,S/D,S/D,XV,S/D,S/D,S/D,S/D,S/D,S/D,S/D,S/D,S/D,S/D,S/D,S/D,S/D,S/D,S/D,S/D
2020,3387,2020-07-11,Sabado,13:30:00,,0,3,"Automóvil,Moto/Ciclomotor,Moto/Ciclomotor",Mariano Moreno Y Gregorio Donnet,5,0,0,0,2,0,3,"-31.44422, -60.9309",Calle,,ESPERANZA,Las Colonias,Asfalto,S/D,XI,S/D,Urbana,S/D,S/D,Intersección,S/D,S/D,S/D,S/D,S/D,S/D,Colisión,S/D,S/D,S/D,S/D
2020,3388,2020-07-27,Lunes,18:30:00,,0,2,"Bicicleta,Moto/Ciclomotor",Rafaela,3,0,2,0,1,0,0,"-32.95883, -60.693",Avenida,,ROSARIO,Rosario,Asfalto,No existe,II,Dentro,Urbana,Ninguna,No existe,Intersección,Bueno,S/D,Nocturna,Buen Tiempo,S/D,Ciclista,Atropello,Ninguna,Faltante,Ninguna,Sin restricción
2020,3389,2020-07-12,Domingo,20:30:00,,0,2,"Moto/Ciclomotor,Moto/Ciclomotor",Juan Jose Castelli Y Carlos Pellegrini,3,1,0,0,2,0,0,"-33.74892, -61.96156",Calle,,VENADO TUERTO,General LÓPEZ,Asfalto,S/D,VIII,S/D,Urbana,S/D,S/D,Intersección,S/D,S/D,S/D,S/D,S/D,S/D,Colisión,S/D,S/D,S/D,S/D
2020,3390,2020-06-12,Viernes,22:10:00,,0,2,"Moto/Ciclomotor,Automóvil",J Castelli Y Lisandro de la Torre,2,1,0,0,1,0,0,"-31.679463, -60.768235",Calle,,SANTA FE,La Capital,Asfalto,No existe,I,Dentro,Urbana,Ninguna,No existe,Intersección,Bueno,Reducida,Nocturna,Buen Tiempo,De alcance,S/D,Colisión,Ninguna,Faltante,Ninguna,Sin restricción
2020,3391,2020-07-12,Domingo,11:00:00,,0,2,"Automóvil,Moto/Ciclomotor",Calle 47-Islas Malvinas Y Calle 24 - Olessio,3,2,0,0,1,0,0,"-29.161, -59.65195",Calle,,RECONQUISTA,General Obligado,Asfalto,S/D,IX,S/D,Urbana,S/D,S/D,Intersección,S/D,S/D,S/D,S/D,S/D,S/D,Colisión,S/D,S/D,S/D,S/D
2020,3392,2020-07-06,Lunes,,,0,2,"Moto/Ciclomotor,Automóvil",Simon De Iriondo Y Mitre,2,1,0,0,1,0,0,"-31.49207, -60.73387",S/D,,SANTA FE,La Capital,S/D,S/D,I,S/D,S/D,S/D,S/D,S/D,S/D,S/D,S/D,S/D,S/D,S/D,S/D,S/D,S/D,S/D,S/D
2020,3393,2020-06-22,Lunes,16:45:00,,0,2,"Automóvil,Pickup/Utilitario",Lainez Y Melincue,2,1,0,0,1,0,0,"-33.005238674785,-60.647761227866",Calle,,ROSARIO,Rosario,Asfalto,No existe,II,Dentro,Urbana,Ninguna,No existe,Intersección,Bueno,Buena,Diurna,Buen Tiempo,S/D,S/D,Colisión,Ninguna,Faltante,Ninguna,Sin restricción
2020,3394,2020-06-27,Sabado,16:30:00,,0,3,"Moto/Ciclomotor,Moto/Ciclomotor,Automóvil",Av. Corrientes Y Dr.Rivas,3,2,0,0,1,0,0,"-32.982909497305,-60.651725798177",Calle,,ROSARIO,Rosario,Asfalto,No existe,II,Dentro,Urbana,Ninguna,No existe,Intersección,Bueno,Buena,Diurna,Buen Tiempo,"Lateral,Múltiple",S/D,Colisión,Ninguna,Faltante,Ninguna,Sin restricción
2020,3395,2020-07-06,Lunes,16:20:00,Ruta Provincial 13,0,1,Moto/Ciclomotor,,2,2,0,0,0,0,0,"-32.05357, -61.79437",Ruta,13,CARLOS PELLEGRINI,San MARTÍN,S/D,S/D,XVIII,S/D,S/D,S/D,S/D,S/D,S/D,S/D,S/D,S/D,S/D,S/D,Despiste,S/D,S/D,S/D,S/D
2020,3396,2020-07-12,Domingo,14:30:00,,0,2,"Moto/Ciclomotor,Peatón",Av 18 de Junio Y Gral Guemes,2,2,0,0,0,0,0,"-29.35286, -59.97264",Calle,,MALABRIGO,General Obligado,Asfalto,S/D,VIII,S/D,Urbana,S/D,S/D,Intersección,S/D,S/D,S/D,S/D,S/D,Peatón,Atropello,S/D,S/D,S/D,S/D
2020,3397,2020-06-15,Lunes,22:50:00,,0,1,Moto/Ciclomotor,Simon De Iriondo Y Uruguay,2,1,0,0,1,0,0,"-31.683788769654,-60.762334816826",Calle,,SANTA FE,La Capital,Asfalto,No existe,I,Dentro,Urbana,Ninguna,No existe,Intersección,Bueno,Reducida,Nocturna,Buen Tiempo,Atropello animal,S/D,Colisión,Ninguna,Faltante,Ninguna,Sin restricción
2020,3398,2020-06-03,Miercoles,14:20:00,,0,2,"Automóvil,Automóvil",Bv. Rondeau Y Matheu,2,1,0,0,1,0,0,"-32.888415137618,-60.694082137978",Avenida,,ROSARIO,Rosario,Asfalto,No existe,II,Dentro,Urbana,Semáforo,Funciona,Intersección,Bueno,S/D,Diurna,S/D,De alcance,S/D,Colisión,S/D,"Horizontal,Vertical",Cordón divisorio,S/D
2020,3399,2020-07-07,Martes,,Ruta Nacional 168,0,2,"Bicicleta,Otros",,2,1,0,0,0,0,1,"-31.63943, -60.63227",Ruta,168,SANTA FE,La Capital,S/D,S/D,I,S/D,S/D,S/D,S/D,S/D,S/D,S/D,S/D,S/D,S/D,Ciclista,Atropello,S/D,S/D,S/D,S/D
2020,3400,2020-07-12,Domingo,17:00:00,,0,1,Moto/Ciclomotor,Juan B Justo,2,1,0,0,1,0,0,"-31.71686, -61.09023",Calle,,SAN CARLOS CENTRO,Las Colonias,Asfalto,S/D,XI,S/D,Urbana,S/D,S/D,Intersección,S/D,S/D,S/D,S/D,S/D,S/D,Cañda ocupante,S/D,S/D,S/D,S/D
2020,3401,2020-06-26,Viernes,20:40:00,,0,2,"Moto/Ciclomotor,Automóvil",Pje. Hipocrates Y Santa Rosa de Lima,2,1,0,0,1,0,0,"-32.991700974671,-60.632852496479",Calle,,ROSARIO,Rosario,Asfalto,No existe,II,Dentro,Urbana,Ninguna,No existe,Intersección,Bueno,Buena,"Nocturna,Con luz artificial",Buen Tiempo,Lateral,S/D,Colisión,Ninguna,Faltante,Ninguna,Sin restricción
2020,3402,2020-07-07,Martes,,,0,1,Automóvil,Cafferata Y E.Zeballos,1,1,0,0,0,0,0,"-32.94911, -60.67318",S/D,,ROSARIO,Rosario,S/D,S/D,II,S/D,S/D,S/D,S/D,S/D,S/D,S/D,S/D,S/D,Contra objeto fijo,S/D,"Colisión,Despiste",S/D,S/D,S/D,S/D
2020,3403,2020-06-26,Viernes,23:20:00,,0,2,"Moto/Ciclomotor,Camión Chasis",Ceibo Y San Martin,2,1,0,0,1,0,0,"-33.013375947492,-60.651667504587",Calle,,ROSARIO,Rosario,Asfalto,No existe,II,Dentro,Urbana,Semáforo,Funciona,Intersección,Bueno,Buena,"Nocturna,Con luz artificial",Buen Tiempo,Lateral,S/D,Colisión,Ninguna,"Horizontal,Vertical",Línea divisoria pintada,Sin restricción
2020,3404,2020-07-07,Martes,,,0,2,"Bicicleta,Automóvil",,2,1,0,0,1,0,0,"-33.04509, -61.16543",S/D,,CASILDA,Caseros,S/D,S/D,IV,S/D,S/D,S/D,S/D,S/D,S/D,S/D,S/D,S/D,S/D,Ciclista,Atropello,S/D,S/D,S/D,S/D
2020,3405,2020-07-07,Martes,,,0,2,"Moto/Ciclomotor,Pickup/Utilitario",Mendoza Y España,3,2,0,0,1,0,0,"-33.04993, -61.16462",S/D,,CASILDA,Caseros,S/D,S/D,IV,S/D,S/D,S/D,S/D,S/D,S/D,S/D,S/D,S/D,S/D,S/D,S/D,S/D,S/D,S/D,S/D
2020,3406,2020-06-26,Viernes,19:00:00,,0,2,"Moto/Ciclomotor,Automóvil",Marco Polo Y Salva,3,1,0,0,2,0,0,"-33.010671033847,-60.639861028363",Calle,,ROSARIO,Rosario,Asfalto,No existe,II,Dentro,Urbana,Ninguna,No existe,Intersección,Bueno,Buena,Atardecer,Buen Tiempo,Lateral,S/D,Colisión,Ninguna,Faltante,Ninguna,Sin restricción
2020,3407,2020-06-03,Miercoles,16:20:00,,0,2,"Moto/Ciclomotor,Automóvil",Peru Y Pje. Volta,3,1,1,0,1,0,0,"-32.95859569657,-60.710652458314",Calle,,ROSARIO,Rosario,Asfalto,No existe,II,Dentro,Urbana,Ninguna,No existe,Intersección,Con baches,Buena,Diurna,Otro,Otro,S/D,Colisión,Otro,Faltante,Ninguna,Sin restricción
2020,3408,2020-06-16,Martes,14:00:00,,0,2,"Moto/Ciclomotor,Pickup/Utilitario",Pje Buenos Aires Y Uruguay,2,1,0,0,0,0,1,"-31.681510603594,-60.773742852177",Calle,,SANTA FE,La Capital,Asfalto,No existe,I,Dentro,Urbana,Ninguna,No existe,Intersección,Bueno,Buena,Diurna,Buen Tiempo,De alcance,S/D,Colisión,Ninguna,Faltante,Ninguna,Sin restricción
2020,3409,2020-07-08,Miercoles,,,0,1,Camión,,1,1,0,0,0,0,0,"-34.00538, -61.90031",S/D,,MARÍA TERESA,General LÓPEZ,S/D,S/D,VIII,S/D,S/D,S/D,S/D,S/D,S/D,S/D,S/D,S/D,S/D,S/D,Vuelco,S/D,S/D,S/D,S/D
2020,3410,2020-06-25,Jueves,9:30:00,,0,2,"Bicicleta,Automóvil",Garay Y Mariano Moreno,2,1,0,0,1,0,0,"-32.972257175264,-60.657637926228",Calle,,ROSARIO,Rosario,Asfalto,No existe,II,Dentro,Urbana,Ninguna,No existe,Intersección,Bueno,Buena,Diurna,Buen Tiempo,S/D,Ciclista,Atropello,Ninguna,Faltante,Ninguna,Sin restricción
2020,3411,2020-07-08,Miercoles,,,0,1,Otros,,1,0,1,0,0,0,0,"-31.44985, -60.93",S/D,,ESPERANZA,Las Colonias,S/D,S/D,XI,S/D,S/D,S/D,S/D,S/D,S/D,S/D,S/D,S/D,S/D,S/D,Vuelco,S/D,S/D,S/D,S/D
2020,3412,2020-06-03,Miercoles,10:05:00,Ruta Nacional 33,0,2,"Peatón,Transporte de Pasajeros Urbano (> 8 asientos)",Av. De Las Palmeras Y Av. Pte.Peron,2,0,1,0,1,0,0,"-32.980269146877,-60.736122078621",Ruta,33,ROSARIO,Rosario,Asfalto,Pavimento,II,Dentro,Urbana,Semáforo,Funciona,Intersección,Otro,Reducida,Diurna,Otro,S/D,Peatón,Atropello,Otro,Vertical,"Cordón divisorio,Línea divisoria pintada",Sin restricción
2020,3413,2020-07-08,Miercoles,12:25:00,Ruta Provincial 64,0,2,"Automóvil,Automóvil",35s,2,1,0,0,1,0,0,"-31.8946, -61.39727",Ruta,64,COLONIA BELGRANO,San MARTÍN,S/D,S/D,XVIII,S/D,S/D,S/D,S/D,S/D,S/D,S/D,S/D,S/D,S/D,S/D,S/D,S/D,S/D,S/D,S/D
2020,3414,2020-07-13,Lunes,2:00:00,Ruta Nacional 8,360,1,Automóvil,,1,1,0,0,0,0,0,"-33.80199, -61.93692",Ruta,8,VENADO TUERTO,General LÓPEZ,Asfalto,S/D,VIII,S/D,Urbana,S/D,S/D,S/D,S/D,S/D,S/D,S/D,S/D,S/D,Otro,S/D,S/D,S/D,S/D
2020,3415,2020-06-18,Jueves,8:00:00,,0,2,"Moto/Ciclomotor,Taxi/Remis",Alberdi Y Alsina,2,1,0,0,1,0,0,"-31.682474927088,-60.761105996211",Calle,,SANTA FE,La Capital,Asfalto,No existe,I,Dentro,Urbana,Ninguna,No existe,Recta,Bueno,Buena,Diurna,Buen Tiempo,De alcance,S/D,Colisión,Ninguna,Faltante,Ninguna,Sin restricción
2020,3416,2020-06-09,Martes,17:30:00,,0,2,"Moto/Ciclomotor,Automóvil",Rivarola 7900,3,1,1,0,1,0,0,"-32.966303447632,-60.728438938182",Calle,,ROSARIO,Rosario,Asfalto,No existe,II,Dentro,Urbana,Ninguna,No existe,Recta,Bueno,Reducida,Diurna,Otro,De alcance,S/D,Colisión,Otro,Faltante,Ninguna,Sin restricción
2020,3417,2020-07-02,Jueves,8:05:00,Ruta Nacional 19,5,1,Pickup/Utilitario,,2,2,0,0,0,0,0,"-31.66614, -60.80951",Ruta,19,SANTA FE,La Capital,S/D,S/D,I,S/D,S/D,S/D,S/D,S/D,S/D,S/D,S/D,S/D,S/D,S/D,Despiste,S/D,S/D,S/D,S/D
2020,3418,2020-06-29,Lunes,22:50:00,,0,1,Pickup/Utilitario,Bv. Oroño Y Bv. Segui,2,1,0,0,1,0,0,"-32.9764734024,-60.661412628935",Avenida,,ROSARIO,Rosario,Asfalto,No existe,II,Dentro,Urbana,Semáforo,Funciona,Intersección,Bueno,Buena,"Nocturna,Con luz artificial",Buen Tiempo,Contra objeto fijo,S/D,Colisión,Ninguna,"Horizontal,Vertical","Cordón divisorio,Vegetación,Línea divisoria pintada",Sin restricción
2020,3419,2020-07-10,Viernes,20:40:00,,0,1,Moto/Ciclomotor,,1,1,0,0,0,0,0,"-32.92731, -60.76611",Calle,,ROSARIO,Rosario,S/D,S/D,II,S/D,S/D,S/D,S/D,S/D,S/D,S/D,S/D,S/D,S/D,S/D,"Vuelco,Despiste",S/D,S/D,S/D,S/D
2020,3420,2020-07-13,Lunes,,,0,2,"Moto/Ciclomotor,Peatón",Av A del Valle Y Lavaisse,2,2,0,0,0,0,0,"-31.61294, -60.69574",Calle,,SANTA FE,La Capital,Asfalto,S/D,I,S/D,Urbana,S/D,S/D,Intersección,S/D,S/D,S/D,S/D,S/D,Peatón,Atropello,S/D,S/D,S/D,S/D