anio_acci,nro_acci,fecha,desc_dia,hora_aprox,desc_ruta,km,cant_participantes,desc_participante,calle_avenida_km,total,heridos_leves,heridos_graves,heridos_gravisimos,ilesos,fallecidos,sin_datos,posicion_XY,desc_tipo_via,desc_ruta_ori,desc_loc,desc_dpto,desc_tipo_calzada,desc_tipo_banquina,desc_unidad_regional,desc_lugar_calzada,desc_zona,desc_prioridad,desc_estado_semaforo,desc_lugar_via,desc_estado_via,desc_estado_visibilidad,desc_luminosidad,desc_estado_clima,desc_tipo_colision,desc_tipo_atropello,desc_tipo_hecho,desc_pres_calzada,desc_senializacion,desc_separacion_via,desc_restriccion
2020,3421,2020-06-20,Sabado,19:30:00,,0,2,"Moto/Ciclomotor,Automóvil",Balcarce Y Hipolito Irigoyen,2,1,0,0,1,0,0,"-31.677325999457,-60.765540592839",Calle,,SANTO TOMÉ,La Capital,Asfalto,No existe,I,Dentro,Urbana,Señal Pare,No existe,Intersección,Bueno,Buena,Atardecer,Buen Tiempo,Lateral,S/D,Colisión,Ninguna,Vertical,Ninguna,Sin restricción
2020,3422,2020-07-13,Lunes,11:30:00,,0,2,"Pickup/Utilitario,Moto/Ciclomotor",Sarmiento Y 1ro de Mayo,2,1,0,0,1,0,0,"-31.73708, -61.09686",Calle,,SAN CARLOS CENTRO,Las Colonias,Asfalto,S/D,XI,S/D,Urbana,S/D,S/D,Intersección,S/D,S/D,S/D,S/D,S/D,S/D,Colisión,S/D,S/D,S/D,S/D
2020,3423,2020-06-26,Viernes,9:15:00,,0,2,"Moto/Ciclomotor,Automóvil",Juan Canals Y San Martin,2,1,0,0,1,0,0,"-32.989853798815,-60.646430950346",Calle,,ROSARIO,Rosario,Asfalto,No existe,II,Dentro,Urbana,Señal Pare,No existe,Intersección,Bueno,Buena,Diurna,Buen Tiempo,S/D,S/D,Colisión,Ninguna,"Horizontal,Vertical","Cordón divisorio,Vegetación,Línea divisoria pintada",Sin restricción
2020,3424,2020-07-13,Lunes,10:00:00,,0,2,"Automóvil,Bicicleta",Calle 11-Alvear Y Calle 16-Obligado,2,1,0,0,1,0,0,"-29.14221, -59.64461",Calle,,RECONQUISTA,General Obligado,Asfalto,S/D,IX,S/D,Urbana,S/D,S/D,Intersección,S/D,S/D,S/D,S/D,S/D,Ciclista,Atropello,S/D,S/D,S/D,S/D
2020,3425,2020-06-10,Miercoles,22:30:00,,0,2,"Automóvil,Moto/Ciclomotor",Dean Funes Y M.Gonzalez,2,1,0,0,1,0,0,"-32.968035412538,-60.73083437031",Calle,,ROSARIO,Rosario,Asfalto,No existe,II,Dentro,Urbana,Ninguna,No existe,Intersección,Otro,Reducida,Nocturna,Otro,Lateral,S/D,Colisión,Otro,Faltante,Vegetación,Sin restricción
2020,3426,2020-07-14,Martes,,,0,2,"Pickup/Utilitario,Moto/Ciclomotor",Bv G L Lhemann Y Simon Bolivar,2,1,0,0,1,0,0,"-31.24993, -61.49109",Calle,,RAFAELA,Castellanos,Asfalto,S/D,V,S/D,Urbana,S/D,S/D,Intersección,S/D,S/D,S/D,S/D,S/D,S/D,Colisión,S/D,S/D,S/D,S/D
2020,3427,2020-06-22,Lunes,15:30:00,,0,2,"Moto/Ciclomotor,Automóvil",Italia Y Padre R. Giaccone,3,1,0,0,2,0,0,"-33.00818321471,-60.658904233491",Calle,,ROSARIO,Rosario,Asfalto,No existe,II,Dentro,Urbana,Ninguna,No existe,Intersección,Bueno,Buena,Diurna,Buen Tiempo,Lateral,S/D,Colisión,Ninguna,Faltante,Ninguna,Sin restricción
2020,3428,2020-06-21,Domingo,19:40:00,,0,2,"Moto/Ciclomotor,Pickup/Utilitario",Alberdi Y Cordoba,2,0,1,0,1,0,0,"-31.68073275489,-60.771885583704",Calle,,SANTA FE,La Capital,Asfalto,No existe,I,Dentro,Urbana,Ninguna,No existe,Intersección,Bueno,Buena,Atardecer,Buen Tiempo,Lateral,S/D,Colisión,Ninguna,Faltante,Ninguna,Sin restricción
2020,3429,2020-07-14,Martes,9:00:00,,0,1,Moto/Ciclomotor,Calle 1 Y Calle 2,1,1,0,0,0,0,0,"-29.11132, -59.664",Calle,,AVELLANEDA,General Obligado,Asfalto,S/D,IX,S/D,Urbana,S/D,S/D,Intersección,S/D,S/D,S/D,S/D,S/D,S/D,Cañda ocupante,S/D,S/D,S/D,S/D
2020,3430,2020-06-23,Martes,11:30:00,,0,2,"Moto/Ciclomotor,Pickup/Utilitario",Gaboto Y J.M.de Rosas,2,1,0,0,1,0,0,"-32.97456395774,-60.638051776913",Calle,,ROSARIO,Rosario,Asfalto,No existe,II,Dentro,Urbana,Ninguna,No existe,Intersección,Bueno,Buena,Diurna,Buen Tiempo,Lateral,S/D,Colisión,Ninguna,Faltante,Ninguna,Sin restricción
2020,3431,2020-07-14,Martes,8:50:00,,0,1,Moto/Ciclomotor,Bv. Balcarce Y Marconi,1,1,0,0,0,0,0,"-32.8237, -61.38274",Calle,,CAÑADA DE GÓMEZ,Iriondo,Asfalto,S/D,X,S/D,Urbana,S/D,S/D,Intersección,S/D,S/D,S/D,S/D,S/D,S/D,Cañda ocupante,S/D,S/D,S/D,S/D
2020,3432,2020-06-11,Jueves,12:30:00,,0,2,"Pickup/Utilitario,Moto/Ciclomotor",Calle 1849 4100,2,0,1,0,1,0,0,"-32.972398, -60.710300",Calle,,ROSARIO,Rosario,Asfalto,No existe,II,Dentro,Urbana,Ninguna,No existe,Intersección,Otro,Buena,Diurna,Otro,Otro,S/D,Colisión,S/D,Faltante,Ninguna,S/D
2020,3433,2020-06-21,Domingo,14:30:00,,0,2,"Moto/Ciclomotor,Pickup/Utilitario",Laprida Y Rui Barbosa,3,0,1,0,2,0,0,"-33.006239706577,-60.646836379244",Calle,,ROSARIO,Rosario,Asfalto,No existe,II,Dentro,Urbana,Ninguna,No existe,Intersección,Bueno,Buena,Diurna,Buen Tiempo,Lateral,S/D,Colisión,Ninguna,Faltante,Ninguna,Sin restricción
2020,3434,2020-07-14,Martes,9:30:00,,0,2,"Automóvil,Bicicleta",9 de Julio Y Fco Angeloni,2,1,0,0,1,0,0,"-30.7894, -60.58803",Calle,,SAN JUSTO,San Justo,Asfalto,S/D,XVI,S/D,Urbana,S/D,S/D,Intersección,S/D,S/D,S/D,S/D,S/D,Ciclista,Atropello,S/D,S/D,S/D,S/D
2020,3435,2020-06-12,Viernes,14:00:00,,0,2,"Moto/Ciclomotor,Moto/Ciclomotor",ABORIGENES ARGENTINOS  4900,2,1,1,0,0,0,0,"-32.980868,-60.691001",Calle,,ROSARIO,Rosario,Asfalto,Pavimento,II,Dentro,Urbana,Ninguna,No existe,Recta,Bueno,Buena,Diurna,Otro,Lateral,S/D,Colisión,Otro,Faltante,Ninguna,Sin restricción
2020,3436,2020-06-27,Sabado,11:00:00,,0,2,"Moto/Ciclomotor,Automóvil",Balcarce Y J Macia,2,1,0,0,1,0,0,"-31.67818609751,-60.758940776583",Calle,,SANTO TOMÉ,La Capital,Asfalto,No existe,I,Dentro,Urbana,Ninguna,No existe,Intersección,Bueno,Buena,Diurna,Buen Tiempo,Lateral,S/D,Colisión,Ninguna,Faltante,Ninguna,Sin restricción
2020,3437,2020-07-15,Miercoles,7:10:00,Ruta Nacional 11,0,3,"Camión,Automóvil,Automóvil",Avenida San Martin Y Ruta Nacional 11,3,2,0,0,1,0,0,"-28.48855, -59.34548",Ruta,11,VILLA OCAMPO,General Obligado,Asfalto,S/D,IX,S/D,Urbana,S/D,S/D,Intersección,S/D,S/D,S/D,S/D,Múltiple,S/D,Colisión,S/D,S/D,S/D,S/D
2020,3438,2020-06-17,Miercoles,18:50:00,,0,2,"Moto/Ciclomotor,Automóvil",Bv. Segui Y Entre Rios,2,1,0,0,1,0,0,"-32.978461451284,-60.649145899938",Avenida,,ROSARIO,Rosario,Asfalto,No existe,II,Dentro,Urbana,Señal Pare,No existe,Intersección,Bueno,Buena,Atardecer,Buen Tiempo,Lateral,S/D,Colisión,Ninguna,"Horizontal,Vertical","Cordón divisorio,Vegetación",Sin restricción
2020,3439,2020-06-12,Viernes,17:32:00,,0,2,"Peatón,Moto/Ciclomotor",Biedma 6830,2,0,1,0,1,0,0,"-32.973432, -60.712377",Calle,,ROSARIO,Rosario,Tierra,No existe,II,Dentro,Urbana,Ninguna,No existe,Recta,Deteriorada,Buena,Diurna,Otro,S/D,Peatón,Atropello,S/D,Faltante,Ninguna,Sin restricción
2020,3440,2020-06-29,Lunes,15:15:00,,0,2,"Moto/Ciclomotor,Taxi/Remis",Libertad Y Uruguay,2,1,0,0,1,0,0,"-31.68362001541,-60.763409160421",Calle,,SANTA FE,La Capital,Asfalto,No existe,I,Dentro,Urbana,Ninguna,No existe,Intersección,Bueno,Buena,Diurna,Buen Tiempo,Lateral,S/D,Colisión,Ninguna,Faltante,Ninguna,Sin restricción
2020,3441,2020-07-01,Miercoles,,,0,2,"Pickup/Utilitario,Automóvil",,5,5,0,0,0,0,0,"-31.13696, -60.98959",S/D,,PROGRESO,Las Colonias,S/D,S/D,XI,S/D,Rural,S/D,S/D,S/D,S/D,S/D,S/D,S/D,S/D,S/D,S/D,S/D,S/D,S/D,S/D
2020,3442,2020-07-15,Miercoles,10:15:00,,0,2,"Moto/Ciclomotor,Automóvil",,2,1,0,0,1,0,0,"-28.4915, -59.61273",Calle,,VILLA ANA,General Obligado,S/D,S/D,IX,S/D,Urbana,S/D,S/D,S/D,S/D,S/D,S/D,S/D,S/D,S/D,Colisión,S/D,S/D,S/D,S/D
2020,3443,2020-06-18,Jueves,15:35:00,,0,2,"Moto/Ciclomotor,Moto/Ciclomotor",Garibaldi Y Trento,2,2,0,0,0,0,0,"-32.983609082056,-60.661212071071",Calle,,ROSARIO,Rosario,Asfalto,No existe,II,Dentro,Urbana,Ninguna,No existe,Intersección,Bueno,Buena,Diurna,Buen Tiempo,Lateral,S/D,Colisión,Ninguna,Faltante,Ninguna,Sin restricción
2020,3444,2020-07-15,Miercoles,14:20:00,,0,3,"Automóvil,Automóvil,Automóvil",Piacenza Y Mariano Moreno,3,1,0,0,2,0,0,"-33.73592, -61.97777",Calle,,VENADO TUERTO,General LÓPEZ,Asfalto,S/D,VIII,S/D,Urbana,S/D,S/D,Intersección,S/D,S/D,S/D,S/D,Múltiple,S/D,Colisión,S/D,S/D,S/D,S/D
2020,3445,2020-07-01,Miercoles,19:00:00,,0,1,Camión,,1,1,0,0,0,0,0,"-32.68212, -61.52541",S/D,,LAS PAREJAS,Belgrano,S/D,S/D,III,S/D,S/D,S/D,S/D,S/D,S/D,S/D,S/D,S/D,S/D,S/D,S/D,S/D,S/D,S/D,S/D
2020,3446,2020-06-16,Martes,10:00:00,,0,2,"Bicicleta,Moto/Ciclomotor",Lorenzo Monasterio Y Pres Domingo Faustino Sarmient,2,1,0,0,0,0,1,"-31.657556547131,-60.787250622301",Calle,,SANTO TOMÉ,La Capital,Tierra,No existe,I,Dentro,Urbana,Ninguna,No existe,Intersección,Deteriorada,Buena,Diurna,Buen Tiempo,Frontal,Ciclista,Atropello,Ninguna,Faltante,Ninguna,Sin restricción
2020,3447,2020-06-12,Viernes,20:00:00,,0,2,"Moto/Ciclomotor,Moto/Ciclomotor",BV 27 DE FEBRERO Y JUAN PABLO II,4,2,1,0,1,0,0,"-32.959569795453,-60.720310752485",Avenida,,ROSARIO,Rosario,Asfalto,No existe,II,Dentro,Urbana,Semáforo,Funciona,Intersección,Otro,Buena,"Nocturna,Con luz artificial",Otro,Otro,S/D,Colisión,Ninguna,"Horizontal,Vertical",Cordón divisorio,Sin restricción
2020,3448,2020-06-17,Miercoles,18:55:00,,0,2,"Moto/Ciclomotor,Pickup/Utilitario",Pje. Lord Kelvin Y Pte.Roca,3,2,0,0,1,0,0,"-32.973816554615,-60.652332278107",Calle,,ROSARIO,Rosario,Asfalto,No existe,II,Dentro,Urbana,Ninguna,No existe,Intersección,Bueno,Buena,Atardecer,Buen Tiempo,Lateral,S/D,Colisión,Ninguna,Faltante,Ninguna,Sin restricción
2020,3449,2020-06-11,Jueves,14:00:00,,0,2,"Bicicleta,Pickup/Utilitario",Balcarce Y Bv. Segui,2,1,0,0,1,0,0,"-32.976498938319,-60.660130948177",Avenida,,ROSARIO,Rosario,Asfalto,No existe,II,Dentro,Urbana,Ninguna,No existe,Intersección,Bueno,Buena,Diurna,Buen Tiempo,S/D,Ciclista,Atropello,Ninguna,Faltante,Ninguna,Sin restricción
2020,3450,2020-06-03,Miercoles,10:45:00,,0,2,"Bicicleta,Automóvil",Cordoba Y 7 de marzo,2,1,0,0,1,0,0,"-31.666076538414,-60.768395450617",Calle,,SANTO TOMÉ,La Capital,Asfalto,No existe,I,Dentro,Urbana,Señal Pare,No existe,Intersección,Bueno,Buena,Diurna,Buen Tiempo,S/D,Ciclista,Atropello,Ninguna,Vertical,Ninguna,Sin restricción
2020,3451,2020-06-10,Miercoles,22:25:00,,0,2,"Automóvil,Automóvil",Av. Corrientes Y Benito Juarez,3,1,0,0,2,0,0,"-32.993052452465,-60.653646099027",Calle,,ROSARIO,Rosario,Asfalto,No existe,II,Dentro,Urbana,Ninguna,No existe,Intersección,Bueno,Buena,Diurna,Buen Tiempo,Lateral,S/D,Colisión,Ninguna,Faltante,Ninguna,Sin restricción
2020,3452,2020-07-15,Miercoles,17:50:00,,0,2,"Moto/Ciclomotor,Moto/Ciclomotor",Lisandro de la Torre Y Rosa Maria Alarcon de Larriera,2,1,0,0,0,0,1,"-33.73705, -61.98283",Calle,,VENADO TUERTO,General LÓPEZ,Asfalto,S/D,VIII,S/D,Urbana,S/D,S/D,Intersección,S/D,S/D,S/D,S/D,S/D,S/D,Colisión,S/D,S/D,S/D,S/D
2020,3453,2020-06-13,Sabado,20:00:00,,0,2,"Automóvil,Peatón",Av. Pellegrini Y Matienzo,2,1,0,0,1,0,0,"-32.948019783166,-60.694383397382",Avenida,,ROSARIO,Rosario,Asfalto,No existe,II,Dentro,Urbana,Semáforo,Funciona,Intersección,Otro,Reducida,Nocturna,Otro,S/D,Peatón,Atropello,Otro,"Horizontal,Vertical",Cordón divisorio,Sin restricción
2020,3455,2020-06-07,Domingo,19:50:00,,0,2,"Moto/Ciclomotor,Automóvil",Azcuenaga Y 9 de Julio,2,1,0,0,1,0,0,"-31.666150979096,-60.773984551979",Calle,,SANTA FE,La Capital,"Asfalto,Tierra",No existe,I,Dentro,Urbana,Ninguna,No existe,Intersección,Bueno,Buena,"Atardecer,Con luz artificial",Buen Tiempo,Lateral,S/D,Colisión,Ninguna,Faltante,Ninguna,Sin restricción
2020,3456,2020-06-07,Domingo,22:00:00,,0,2,"Bicicleta,Automóvil",Chacabuco 3700,2,1,0,0,1,0,0,"-32.98295965579,-60.631309060829",Calle,,ROSARIO,Rosario,Asfalto,No existe,II,Dentro,Urbana,Ninguna,No existe,Intersección,Bueno,Buena,"Nocturna,Con luz artificial",Buen Tiempo,S/D,Ciclista,Atropello,Ninguna,Faltante,Ninguna,Sin restricción
2020,3457,2020-06-24,Miercoles,13:00:00,,0,2,"Automóvil,Moto/Ciclomotor",Rivarola 7900,2,0,1,0,1,0,0,"-32.966303447632,-60.728438938182",Calle,,ROSARIO,Rosario,Asfalto,No existe,II,Dentro,Urbana,Ninguna,No existe,Intersección,Otro,Buena,Diurna,Otro,S/D,S/D,Colisión,S/D,Faltante,Ninguna,S/D
2020,3458,2020-07-01,Miercoles,18:58:00,Ruta Nacional 11,0,2,"Moto/Ciclomotor,Bicicleta",,2,1,0,0,1,0,0,"-28.46421, -59.33887",Ruta,11,VILLA OCAMPO,General Obligado,S/D,S/D,IX,S/D,S/D,S/D,S/D,S/D,S/D,S/D,S/D,S/D,S/D,Ciclista,Atropello,S/D,S/D,S/D,S/D
2020,3459,2020-06-12,Viernes,22:00:00,,0,2,"Moto/Ciclomotor,Transporte de Pasajeros Urbano (> 8 asientos)",Pte.Quintana Y Serrano,2,1,0,0,1,0,0,"-33.000402733717,-60.631860312589",Calle,,ROSARIO,Rosario,Asfalto,No existe,II,Dentro,Urbana,Ninguna,No existe,Intersección,Bueno,Buena,"Nocturna,Con luz artificial",Buen Tiempo,Lateral,S/D,Colisión,Ninguna,Faltante,Ninguna,Sin restricción
2020,3460,2020-06-09,Martes,11:20:00,Ruta Nacional 11,0,2,"Peatón,Automóvil",Alvear Y Avenida Nuestra Se�ora del Luj,2,1,0,0,1,0,0,"-31.667895560693,-60.765088901955",Ruta,11,SANTO TOMÉ,La Capital,Asfalto,No existe,I,Dentro,Urbana,Semáforo,Funciona,Cruce,Bueno,Buena,Diurna,Buen Tiempo,S/D,Peatón,Atropello,Ninguna,"Horizontal,Vertical",Ninguna,Sin restricción
2020,3461,2020-07-15,Miercoles,,,0,1,Moto/Ciclomotor,Paz Y Roca,1,1,0,0,0,0,0,"-33.75766, -61.97363",Calle,,VENADO TUERTO,General LÓPEZ,Asfalto,S/D,VIII,S/D,Urbana,S/D,S/D,Intersección,S/D,S/D,S/D,S/D,S/D,S/D,Cañda ocupante,S/D,S/D,S/D,S/D
2020,3462,2020-06-11,Jueves,18:10:00,,0,2,"Pickup/Utilitario,Moto/Ciclomotor",Esteban de Luca Y Mitre,4,2,0,0,2,0,0,"-32.994972444644,-60.65062326518",Calle,,ROSARIO,Rosario,Asfalto,No existe,II,Dentro,Urbana,Ninguna,No existe,Intersección,Bueno,Buena,Diurna,Buen Tiempo,Lateral,S/D,Colisión,Ninguna,Faltante,Ninguna,Sin restricción
2020,3463,2020-06-22,Lunes,12:50:00,,0,2,"Automóvil,Pickup/Utilitario",Barra 2910,3,2,0,0,1,0,0,"-32.962728847013,-60.705922844813",Calle,,ROSARIO,Rosario,Asfalto,No existe,II,Dentro,Urbana,Ninguna,No existe,Recta,Otro,Buena,Diurna,Otro,De alcance,S/D,Colisión,Otro,Faltante,Ninguna,Sin restricción
2020,3464,2020-06-12,Viernes,15:25:00,,0,2,"Moto/Ciclomotor,Moto/Ciclomotor",Anchorena Y San Martin,2,2,0,0,0,0,0,"-32.997737962283,-60.648133772397",Calle,,ROSARIO,Rosario,Asfalto,No existe,II,Dentro,Urbana,Semáforo,Funciona,Intersección,Bueno,Buena,Diurna,Buen Tiempo,Lateral,S/D,Colisión,Ninguna,"Horizontal,Vertical","Cordón divisorio,Vegetación,Línea divisoria pintada",Sin restricción
2020,3465,2020-06-19,Viernes,14:15:00,,0,1,Automóvil,Av. Pte.Peron Y San Nicolas,1,1,0,0,0,0,0,"-32.95679971575738,-60.676477700471",Avenida,,ROSARIO,Rosario,Asfalto,No existe,II,Dentro,Urbana,Semáforo,Funciona,Intersección,Bueno,Buena,Diurna,Otro,Contra objeto fijo,S/D,Colisión,Otro,"Horizontal,Vertical",Cordón divisorio,Sin restricción
2020,3466,2020-06-09,Martes,10:45:00,,0,2,"Bicicleta,Automóvil",Juan Bautista Sargento Cabral Y Juan Jose Castelli,2,1,0,0,1,0,0,"-31.658426990461,-60.763471959194",Calle,,SANTO TOMÉ,La Capital,Asfalto,No existe,I,Dentro,Urbana,Ninguna,No existe,Intersección,Con baches,Buena,Diurna,Buen Tiempo,S/D,Peatón,Atropello,Ninguna,Faltante,Ninguna,Sin restricción
2020,3467,2020-06-17,Miercoles,9:20:00,,0,2,"Moto/Ciclomotor,Automóvil",Av. Battle y Ordo�ez 3800,3,0,1,0,2,0,0,"-33.010038417966,-60.687415885336",Avenida,,ROSARIO,Rosario,Asfalto,No existe,II,Dentro,Urbana,Ninguna,No existe,Intersección,Bueno,Buena,Diurna,Otro,Lateral,S/D,Colisión,Ninguna,Faltante,Ninguna,Sin restricción
2020,3468,2020-06-26,Viernes,7:30:00,,0,2,"Automóvil,Moto/Ciclomotor",Azcuenaga Y Sebastian Gaboto,2,1,0,0,1,0,0,"-31.667911602066,-60.774389298844",Calle,,SANTO TOMÉ,La Capital,Ripio,No existe,I,Dentro,Urbana,Ninguna,No existe,Intersección,Bueno,Buena,Diurna,Buen Tiempo,Frontal,S/D,Colisión,Ninguna,Faltante,Ninguna,Sin restricción
2020,3469,2020-06-07,Domingo,18:30:00,,0,2,"Automóvil,Moto/Ciclomotor",Gobernador Crespo Y Rio Negro,2,1,0,0,1,0,0,"-31.673396755061,-60.77331175855",Calle,,SANTO TOMÉ,La Capital,Asfalto,No existe,I,Dentro,Urbana,Ninguna,No existe,Intersección,Bueno,Buena,Diurna,Buen Tiempo,Lateral,S/D,Colisión,Ninguna,Faltante,Ninguna,Sin restricción
2020,3470,2020-07-15,Miercoles,16:10:00,,0,2,"Automóvil,Vehículo Oficial",9 de Julio Y Bordabhere,3,1,0,0,2,0,0,"-33.02841, -60.6481",Calle,,VILLA GOBERNADOR GÁLVEZ,Rosario,Asfalto,S/D,II,S/D,Urbana,S/D,S/D,Intersección,S/D,S/D,S/D,S/D,S/D,S/D,Colisión,S/D,S/D,S/D,S/D
2020,3471,2020-07-16,Jueves,19:30:00,Ruta Provincial 70,0,2,"Moto/Ciclomotor,Automóvil",Av Luis Fanti Y Ituzaingo,4,1,0,0,3,0,0,"-31.26162, -61.49638",Ruta,70,RAFAELA,Castellanos,Asfalto,S/D,V,S/D,Urbana,S/D,S/D,Intersección,S/D,S/D,S/D,S/D,S/D,S/D,Colisión,S/D,S/D,S/D,S/D
2020,3472,2020-07-02,Jueves,13:45:00,,0,2,"Moto/Ciclomotor,Pickup/Utilitario",Bv 12 de octubre Y Dean Funes,5,2,0,0,3,0,0,"-33.74517, -61.98171",S/D,,VENADO TUERTO,General LÓPEZ,S/D,S/D,VIII,S/D,S/D,S/D,S/D,S/D,S/D,S/D,S/D,S/D,S/D,S/D,S/D,S/D,S/D,S/D,S/D
2020,3473,2020-07-16,Jueves,,,0,2,"Moto/Ciclomotor,Pickup/Utilitario",Blas Olibero Y J M Williner,2,1,0,0,1,0,0,"-31.26253, -61.4997",Calle,,RAFAELA,Castellanos,Asfalto,S/D,V,S/D,Urbana,S/D,S/D,Intersección,S/D,S/D,S/D,S/D,S/D,S/D,Colisión,S/D,S/D,S/D,S/D
2020,3474,2020-06-26,Viernes,6:35:00,Ruta Nacional 11,0,2,"Moto/Ciclomotor,Bicicleta",ROVERANO,2,2,0,0,0,0,0,"-31.763489, -60.832898",Ruta,11,SAUCE VIEJO,La Capital,Asfalto,Pavimento,I,Dentro,Urbana,Ninguna,No existe,Intersección,Bueno,Reducida,Amanecer,Niebla,S/D,Ciclista,Atropello,Ninguna,Faltante,Línea divisoria pintada,Sin restricción
2020,3476,2020-07-16,Jueves,6:30:00,Ruta Nacional 11,0,1,Moto/Ciclomotor,Ruta Nacional 11,1,1,0,0,0,0,0,"-29.18254, -59.65157",Ruta,11,RECONQUISTA,General Obligado,Asfalto,S/D,IX,S/D,Urbana,S/D,S/D,Recta,S/D,S/D,S/D,S/D,S/D,S/D,Cañda ocupante,S/D,S/D,S/D,S/D
2020,3477,2020-07-16,Jueves,20:45:00,,0,2,"Moto/Ciclomotor,Bicicleta",,2,1,0,0,1,0,0,"-28.03484, -59.25582",Camino Rural,,FLORENCIA,General Obligado,S/D,S/D,IX,S/D,Rural,S/D,S/D,S/D,S/D,S/D,S/D,S/D,S/D,Ciclista,Atropello,S/D,S/D,S/D,S/D
2020,3478,2020-07-02,Jueves,10:00:00,Ruta Nacional 11,0,2,"Pickup/Utilitario,Moto/Ciclomotor",,2,1,0,0,1,0,0,"-29.19008, -59.6873",Ruta,11,RECONQUISTA,General Obligado,S/D,S/D,IX,S/D,S/D,S/D,S/D,S/D,S/D,S/D,S/D,S/D,S/D,S/D,S/D,S/D,S/D,S/D,S/D
2020,3479,2020-07-16,Jueves,11:00:00,,0,2,"Moto/Ciclomotor,Automóvil",Calle 5,2,1,0,0,1,0,0,"-28.4141, -59.25934",Calle,,TACUARENDÍ,General Obligado,Asfalto,S/D,IX,S/D,Urbana,S/D,S/D,Recta,S/D,S/D,S/D,S/D,S/D,S/D,Colisión,S/D,S/D,S/D,S/D
2020,3480,2020-06-21,Domingo,15:15:00,,0,1,Moto/Ciclomotor,Avenida de la Bandera Y Rosas,1,1,0,0,0,0,0,"-31.716512, -60.799279",Avenida,,SAUCE VIEJO,La Capital,Ripio,No existe,I,Dentro,Urbana,Ninguna,No existe,Intersección,Bueno,Buena,Diurna,Buen Tiempo,S/D,S/D,Cañda ocupante,Ninguna,Faltante,Ninguna,Sin restricción
2020,3481,2020-07-02,Jueves,11:05:00,,0,2,"Bicicleta,Automóvil",Calle 13 Y Calle 2,2,0,1,0,1,0,0,"-29.11795, -59.66497",S/D,,AVELLANEDA,General Obligado,S/D,S/D,IX,S/D,S/D,S/D,S/D,S/D,S/D,S/D,S/D,S/D,S/D,Ciclista,Atropello,S/D,S/D,S/D,S/D
2020,3482,2020-06-22,Lunes,,Ruta Provincial 21,0,2,"Peatón,Moto/Ciclomotor",Av Juan Domingo Peron Y Av Gral San Martin,2,1,0,0,1,0,0,"-33.02551, -60.6248",Ruta,21,VILLA GOBERNADOR GÁLVEZ,Rosario,Asfalto,S/D,II,S/D,Urbana,S/D,S/D,Intersección,S/D,S/D,S/D,S/D,S/D,Peatón,Atropello,S/D,S/D,S/D,S/D
2020,3483,2020-06-23,Martes,8:00:00,Ruta Nacional 11,454,2,"Moto/Ciclomotor,Moto/Ciclomotor",,2,1,1,0,0,0,0,"-31.716047, -60.807808",Ruta,11,SAUCE VIEJO,La Capital,Asfalto,Pavimento,I,Dentro,Urbana,Ninguna,No existe,Cruce,Bueno,Reducida,Amanecer,Niebla,Lateral,S/D,Colisión,Ninguna,Faltante,Ninguna,Accidente Previo
2020,3484,2020-04-10,Viernes,22:20:00,,0,2,"Transporte de Pasajeros Urbano (> 8 asientos),Moto/Ciclomotor",Av. Francia Y Cerrito,2,0,0,0,1,1,0,"-32.95699, -60.66933",Calle,,ROSARIO,Rosario,Asfalto,No existe,II,Dentro,Urbana,Ninguna,No existe,Intersección,Bueno,S/D,Nocturna,S/D,Lateral,S/D,Colisión,Ninguna,Faltante,Ninguna,Sin restricción
2020,3485,2020-07-02,Jueves,12:00:00,,0,1,Automóvil,Avenida 17,1,1,0,0,0,0,0,"-32.68404, -61.5289",Avenida,,LAS PAREJAS,Belgrano,S/D,S/D,III,S/D,S/D,S/D,S/D,S/D,S/D,S/D,S/D,S/D,S/D,S/D,Despiste,S/D,S/D,S/D,S/D
2020,3486,2020-10-15,Jueves,,,0,2,"Automóvil,Moto/Ciclomotor",Superi Y Union,2,1,0,0,1,0,0,"-32.89642, -60.70236",Calle,,ROSARIO,Rosario,Asfalto,No existe,II,S/D,Urbana,Ninguna,S/D,Recta,Bueno,Buena,Diurna,Otro,S/D,S/D,Colisión,Ninguna,Faltante,Ninguna,Sin restricción
2020,3487,2020-06-02,Martes,9:10:00,Ruta Provincial 2,0,2,"Automóvil,Moto/Ciclomotor",QUINTEROS,2,1,0,0,1,0,0,"-31.5528845787048,-60.692811012268",Ruta,2,MONTE VERA,La Capital,"Asfalto,Tierra",Natural,I,Dentro,Rural,Ninguna,No existe,Intersección,Bueno,Buena,Diurna,Buen Tiempo,Lateral,S/D,Colisión,Ninguna,Faltante,Línea divisoria pintada,Sin restricción
2020,3488,2020-04-12,Domingo,15:15:00,,0,2,"Peatón,Camión Chasis",Belgrano Y Haiti,2,0,0,0,1,1,0,"-32.69478, -60.72983",Calle,,PUERTO SAN MARTÍN,San Lorenzo,Asfalto,No existe,XVII,Dentro,Urbana,Ninguna,No existe,Recta,Ahuellamiento,Buena,Diurna,Buen Tiempo,S/D,Peatón,Atropello,Ninguna,Horizontal,Ninguna,Sin restricción
2020,3489,2020-04-15,Miercoles,7:45:00,Autopista Nacional Rosario -Cordoba,308,2,"Automóvil,Moto/Ciclomotor",,2,0,0,0,1,1,0,"-32.93343, -60.83943",Autopista,Rosario -Cordoba,FUNES,Rosario,Asfalto,Natural,II,Dentro,Rural,Ninguna,No existe,Recta,Bueno,Buena,Diurna,Buen Tiempo,De alcance,S/D,Colisión,Ninguna,Faltante,Línea divisoria pintada,Sin restricción