anio_acci,nro_acci,fecha,desc_dia,hora_aprox,desc_ruta,km,cant_participantes,desc_participante,calle_avenida_km,total,heridos_leves,heridos_graves,heridos_gravisimos,ilesos,fallecidos,sin_datos,posicion_XY,desc_tipo_via,desc_ruta_ori,desc_loc,desc_dpto,desc_tipo_calzada,desc_tipo_banquina,desc_unidad_regional,desc_lugar_calzada,desc_zona,desc_prioridad,desc_estado_semaforo,desc_lugar_via,desc_estado_via,desc_estado_visibilidad,desc_luminosidad,desc_estado_clima,desc_tipo_colision,desc_tipo_atropello,desc_tipo_hecho,desc_pres_calzada,desc_senializacion,desc_separacion_via,desc_restriccion
2020,3553,2020-06-18,Jueves,21:30:00,Ruta Provincial 21,0,2,"Moto/Ciclomotor,Automóvil",Av Gral San Martin 3100,2,1,0,0,1,0,0,"-33.037238774105,-60.6143200086",Ruta,21,VILLA GOBERNADOR GÁLVEZ,Rosario,Asfalto,No existe,II,Dentro,Urbana,Ninguna,No existe,Recta,Bueno,Buena,"Nocturna,Con luz artificial",Buen Tiempo,De alcance,S/D,Colisión,Ninguna,Faltante,Ninguna,Sin restricción
2020,3554,2020-06-12,Viernes,8:20:00,Ruta Provincial 21,0,2,"Automóvil,Automóvil",Av Gral San Martin 3500,2,1,0,0,1,0,0,"-33.04086685180666,-60.611507892608",Ruta,21,VILLA GOBERNADOR GÁLVEZ,Rosario,Asfalto,No existe,II,Dentro,Urbana,Ninguna,No existe,Recta,Bueno,Buena,Diurna,Buen Tiempo,Lateral,S/D,Colisión,Ninguna,Faltante,Ninguna,Sin restricción
2020,3555,2020-08-07,Viernes,18:30:00,Ruta Nacional 11,338,2,"Bicicleta,Pickup/Utilitario",,2,1,0,0,1,0,0,"-32.681091427803054,-60.78196227550",Ruta,11,TIMBÚES,San Lorenzo,Asfalto,No existe,XVII,Dentro,Urbana,Ninguna,No existe,Intersección,Bueno,Buena,Atardecer,Buen Tiempo,S/D,Ciclista,Atropello,Ninguna,Horizontal,Línea divisoria pintada,Sin restricción
2020,3556,2020-08-02,Domingo,13:20:00,Autopista Nacional A008,5,2,"Automóvil,Automóvil",Av. Circunvalacion,3,1,0,0,2,0,0,"-32.881101, -60.709430",Autopista,A008,ROSARIO,Rosario,Hormigón,Pavimento,II,Dentro,Rural,Marca Vial,No existe,Recta,Bueno,Buena,Diurna,S/D,Lateral,S/D,Colisión,S/D,Horizontal,Barrera de alto impacto,Sin restricción
2020,3557,2020-08-22,Sabado,18:15:00,Ruta Provincial 10,7.1,1,Automóvil,,2,2,0,0,0,0,0,"-32.717757168617055, -60.8052590872",Ruta,10,SAN LORENZO,San Lorenzo,Ripio,No existe,XVII,Dentro,Rural,Ninguna,No existe,Recta,Deteriorada,Buena,Atardecer,Buen Tiempo,S/D,S/D,Vuelco,Ninguna,Faltante,Ninguna,Sin restricción
2020,3558,2020-08-03,Lunes,17:10:00,,0,3,"Moto/Ciclomotor,Camión Chasis,Pickup/Utilitario",Caseros 500,5,1,0,0,4,0,0,"-30.317677203508,-61.235376953917",Calle,,SAN CRISTÓBAL,San CRISTÓBAL,Asfalto,No existe,XIII,Dentro,Urbana,Ninguna,No existe,Recta,Bueno,Buena,Diurna,Buen Tiempo,De alcance,S/D,Colisión,Ninguna,Faltante,Ninguna,Sin restricción
2020,3559,2020-08-03,Lunes,0:30:00,Autopista Nacional A008,0,1,Automóvil,Av de Circunvalacion,2,2,0,0,0,0,0,"-33.015105, -60.621405",Autopista,A008,VILLA GOBERNADOR GÁLVEZ,Rosario,Asfalto,No existe,II,Dentro,Urbana,Marca Vial,No existe,Curva,Bueno,Buena,"Nocturna,Con luz artificial",Buen Tiempo,Contra objeto fijo,S/D,Colisión,Ninguna,Horizontal,Guardarrail,Sin restricción
2020,3560,2020-08-09,Domingo,18:30:00,,0,1,Moto/Ciclomotor,,1,1,0,0,0,0,0,"-32.762989997863734,-60.79263210296",Camino Rural,,RICARDONE,San Lorenzo,Tierra,No existe,XVII,Dentro,Rural,Ninguna,No existe,Recta,Bueno,Buena,Diurna,Buen Tiempo,S/D,S/D,Cañda ocupante,Ninguna,Faltante,Ninguna,Sin restricción
2020,3561,2020-08-03,Lunes,17:10:00,,0,2,"Moto/Ciclomotor,Automóvil",Gral Alvear Y Sarmiento,2,0,1,0,1,0,0,"-30.309696285234,-61.23952335665",Calle,,SAN CRISTÓBAL,San CRISTÓBAL,Asfalto,No existe,XIII,Dentro,Urbana,Ninguna,No existe,Intersección,Bueno,Buena,Diurna,Buen Tiempo,Lateral,S/D,Colisión,Ninguna,Faltante,Ninguna,Sin restricción
2020,3562,2020-08-28,Viernes,20:30:00,,0,1,Moto/Ciclomotor,,2,0,1,0,1,0,0,"-32.798395156860316,-60.76662540435",Camino Rural,,RICARDONE,San Lorenzo,Tierra,No existe,XVII,Dentro,Rural,Ninguna,No existe,Recta,Bueno,Buena,Nocturna,Buen Tiempo,Contra objeto fijo,S/D,Colisión,Ninguna,Faltante,Ninguna,Desvío Provisorio
2020,3563,2020-08-19,Miercoles,21:30:00,Autopista Nacional A012,0,2,"Moto/Ciclomotor,Pickup/Utilitario",Bv Caferatta 400,2,1,0,0,1,0,0,"-32.768445611000075,-60.77964484691",Autopista,A012,RICARDONE,San Lorenzo,Asfalto,No existe,XVII,Dentro,Urbana,Paso Peatonal,No existe,Recta,Bueno,Buena,Diurna,Buen Tiempo,S/D,S/D,Colisión,Ninguna,Horizontal,Línea divisoria pintada,Sin restricción
2020,3564,2020-08-10,Lunes,15:30:00,Autopista Nacional A008,0,2,"Automóvil,Taxi/Remis",Av de Circunvalacion Y Juan Lavalle,4,1,0,0,3,0,0,"-33.007942736148834,-60.61801493167",Autopista,A008,VILLA GOBERNADOR GÁLVEZ,Rosario,Asfalto,No existe,II,Dentro,Urbana,Marca Vial,No existe,Recta,Deteriorada,Buena,Diurna,Buen Tiempo,De alcance,S/D,Colisión,Ninguna,Horizontal,Barrera de hormigón,Sin restricción
2020,3565,2020-08-03,Lunes,21:00:00,Autopista Nacional A008,0,2,"Moto/Ciclomotor,Pickup/Utilitario",Av. Circunvalacion Y J.J.Paso,2,1,0,0,1,0,0,"-32.922568, -60.723579",Autopista,A008,ROSARIO,Rosario,Asfalto,No existe,II,Dentro,Urbana,Marca Vial,No existe,Recta,Bueno,Buena,Nocturna,Buen Tiempo,Contra objeto fijo,S/D,Colisión,Ninguna,Horizontal,Barrera de hormigón,Sin restricción
2020,3566,2020-08-18,Martes,5:30:00,Autopista Nacional A008,0,2,"Bicicleta,Moto/Ciclomotor",Av. Circunvalacion Y J.J.Paso,2,2,0,0,0,0,0,"-32.92054, -60.72362",Autopista,A008,ROSARIO,Rosario,Asfalto,No existe,II,Dentro,Urbana,Marca Vial,No existe,Recta,Bueno,Buena,Nocturna,Buen Tiempo,S/D,Ciclista,Atropello,Ninguna,Horizontal,"Barrera de hormigón,Ninguna",Sin restricción
2020,3567,2020-08-03,Lunes,16:25:00,,0,2,"Moto/Ciclomotor,Automóvil",AV URIBURU Y JUAN PABLO II,2,0,1,0,1,0,0,"-32.992291,-60.700488",Avenida,,ROSARIO,Rosario,Asfalto,No existe,II,Dentro,Urbana,Ninguna,No existe,Intersección,Bueno,Buena,Diurna,Buen Tiempo,Otro,S/D,Colisión,Ninguna,Faltante,Ninguna,Sin restricción
2020,3568,2020-06-26,Viernes,14:20:00,,0,2,"Automóvil,Moto/Ciclomotor",Almirante Brown Y G Lehmann,2,1,0,0,1,0,0,"-31.45178616848,-60.925636841653",Calle,,ESPERANZA,Las Colonias,Asfalto,No existe,XI,Dentro,Urbana,Ninguna,No existe,Intersección,Bueno,Buena,Diurna,Buen Tiempo,Frontal,S/D,Colisión,Ninguna,Horizontal,Línea divisoria pintada,Sin restricción
2020,3569,2020-08-27,Jueves,11:00:00,Autopista Nacional A008,0,2,"Automóvil,Taxi/Remis",Av. Circunvalacion Y Bv. 27 De Febrero,4,4,0,0,0,0,0,"-32.95959055423739,-60.720797181129",Autopista,A008,ROSARIO,Rosario,Asfalto,Pavimento,II,Dentro,Urbana,Marca Vial,No existe,Recta,Bueno,Buena,Diurna,Buen Tiempo,Lateral,S/D,Colisión,Ninguna,Horizontal,Barrera de hormigón,Sin restricción
2020,3570,2020-06-26,Viernes,9:50:00,Ruta Provincial 70,0,2,"Moto/Ciclomotor,Pickup/Utilitario",R P A Janssen Y Ruta provincial 70,2,1,0,0,1,0,0,"-31.441217442575,-60.935758370769",Ruta,70,ESPERANZA,Las Colonias,Asfalto,No existe,XI,Dentro,Urbana,Semáforo,Funciona,Intersección,Bueno,Buena,Diurna,Buen Tiempo,Frontal,S/D,Colisión,Ninguna,Vertical,Guardarrail,Sin restricción
2020,3571,2020-06-22,Lunes,16:45:00,Ruta Provincial 70,0,2,"Pickup/Utilitario,Moto/Ciclomotor",1 de Mayo Y Ruta provincial 70,2,1,0,0,1,0,0,"-31.444710602471,-60.921080011898",Ruta,70,ESPERANZA,Las Colonias,Asfalto,Pavimento,XI,Dentro,Urbana,Señal Pare,No existe,Intersección,Bueno,Buena,Diurna,Buen Tiempo,S/D,S/D,Colisión,Ninguna,Vertical,Cordón divisorio,Sin restricción
2020,3572,2020-06-11,Jueves,11:20:00,,0,2,"Automóvil,Moto/Ciclomotor",Castelli Y Mariano Moreno,3,1,0,0,2,0,0,"-31.451041999174,-60.933114464568",Calle,,ESPERANZA,Las Colonias,Asfalto,No existe,XVI,Dentro,Urbana,Ninguna,No existe,Intersección,Bueno,Buena,Diurna,Buen Tiempo,Frontal,S/D,Colisión,Ninguna,Horizontal,Línea divisoria pintada,Sin restricción
2020,3573,2020-08-06,Jueves,9:15:00,Autopista Nacional A008,19,2,"Bicicleta,Automóvil",Av. Circunvalacion,3,1,0,0,2,0,0,"-33.01459, -60.66422",Autopista,A008,ROSARIO,Rosario,Asfalto,Pavimento,II,Dentro,Urbana,Ninguna,No existe,Recta,Bueno,Buena,Diurna,Buen Tiempo,S/D,Ciclista,Atropello,Ninguna,Horizontal,Guardarrail,Sin restricción
2020,3574,2020-06-27,Sabado,,,0,2,"Moto/Ciclomotor,Otros",Cullen Y J M Estrada,2,1,0,0,1,0,0,"-31.45045298312,-60.939667764351",Calle,,ESPERANZA,Las Colonias,Asfalto,No existe,XI,Dentro,Urbana,Ninguna,No existe,Intersección,Bueno,Buena,Diurna,Buen Tiempo,S/D,S/D,Colisión,Ninguna,Faltante,Ninguna,Sin restricción
2020,3576,2020-06-01,Lunes,22:40:00,,0,2,"Automóvil,Moto/Ciclomotor",9 de Julio Y Rosario,3,1,0,0,2,0,0,"-31.58130437926,-60.939076788427",Calle,,FRANCK,Las Colonias,Asfalto,No existe,XI,Dentro,Urbana,Ninguna,No existe,Intersección,Bueno,Buena,"Nocturna,Con luz artificial",Buen Tiempo,Lateral,S/D,Colisión,Ninguna,Horizontal,Línea divisoria pintada,Sin restricción
2020,3577,2020-10-21,Miercoles,21:15:00,,0,2,"Automóvil,Moto/Ciclomotor",9 de Julio Y Juan Jose Paso,3,1,1,0,1,0,0,"-32.95883, -60.693",Calle,,ROSARIO,Rosario,Asfalto,No existe,II,Dentro,Urbana,Ninguna,No existe,Intersección,Bueno,Buena,Diurna,Buen Tiempo,Frontal,S/D,Colisión,Ninguna,Faltante,Ninguna,Sin restricción
2020,3578,2020-08-12,Miercoles,9:20:00,,0,2,"Automóvil,Moto/Ciclomotor",General Lopez Y Tucuman,2,1,0,0,1,0,0,"-32.742151916027076,-60.73511481285",Calle,,SAN LORENZO,San Lorenzo,Asfalto,No existe,XVII,Dentro,Urbana,Ninguna,No existe,Intersección,S/D,S/D,Diurna,S/D,S/D,S/D,Colisión,S/D,Faltante,Ninguna,S/D
2020,3579,2020-08-15,Sabado,20:50:00,,0,2,"Automóvil,Moto/Ciclomotor",San Carlos Y San Luis,2,1,0,0,1,0,0,"-32.753519650698,-60.732511050795",Calle,,SAN LORENZO,San Lorenzo,Asfalto,No existe,XVII,Dentro,Urbana,Ninguna,No existe,Intersección,S/D,S/D,Nocturna,S/D,S/D,S/D,Colisión,S/D,Faltante,Ninguna,S/D
2020,3580,2020-08-16,Domingo,7:10:00,,0,1,Moto/Ciclomotor,Cayetano Silva Y Fray Garcia,2,0,1,0,1,0,0,"-32.731084078874,-60.747310595152",Calle,,SAN LORENZO,San Lorenzo,Ripio,No existe,XVII,Dentro,Urbana,Ninguna,No existe,Intersección,S/D,S/D,Diurna,S/D,S/D,S/D,Cañda ocupante,S/D,Faltante,Ninguna,S/D
2020,3581,2020-08-19,Miercoles,17:50:00,,0,2,"Automóvil,Moto/Ciclomotor",Brown Y Urquiza,2,0,1,0,1,0,0,"-32.747510363801,-60.74163796675",Avenida,,SAN LORENZO,San Lorenzo,Asfalto,No existe,XVII,Dentro,Urbana,Ninguna,No existe,Intersección,S/D,S/D,Diurna,S/D,S/D,S/D,Colisión,S/D,Faltante,Cordón divisorio,S/D
2020,3582,2020-06-05,Viernes,15:25:00,Autovía Nacional 19,14,1,Pickup/Utilitario,,1,0,1,0,0,0,0,"-31.646782013469156, -60.9135319830",Autovía,19,SAN AGUSTÍN,Las Colonias,Asfalto,Natural,XI,Dentro,Rural,Ninguna,No existe,Recta,Ahuellamiento,Reducida,Diurna,Viento Fuerte,S/D,S/D,Vuelco,Agua,Horizontal,Línea divisoria pintada,Sin restricción
2020,3583,2020-06-28,Domingo,14:50:00,Ruta Provincial 4,43,1,Moto/Ciclomotor,,2,1,0,0,0,0,1,"-31.079910443477246, -60.9049665733",Ruta,4,SANTO DOMINGO,Las Colonias,Asfalto,Natural,XI,Dentro,Rural,Ninguna,No existe,Curva,Bueno,Buena,Diurna,Buen Tiempo,S/D,S/D,Despiste,Ninguna,Horizontal,Ninguna,Sin restricción
2020,3584,2020-08-19,Miercoles,18:00:00,,0,2,"Moto/Ciclomotor,Automóvil",Colombres Y Jose Manuel Estrada,3,0,2,0,1,0,0,"-32.777971978801,-60.730920680332",Calle,,SAN LORENZO,San Lorenzo,Asfalto,No existe,XVII,Dentro,Urbana,Ninguna,No existe,Intersección,S/D,S/D,Diurna,S/D,S/D,S/D,Colisión,S/D,Faltante,Ninguna,S/D
2020,3585,2020-08-24,Lunes,0:00:00,,0,2,"Moto/Ciclomotor,Moto/Ciclomotor",Ayohuma Y Congreso,2,0,1,0,1,0,0,"-32.761699925176,-60.740603053725",Calle,,SAN LORENZO,San Lorenzo,Asfalto,No existe,XVII,Dentro,Urbana,Ninguna,No existe,Intersección,S/D,S/D,Nocturna,S/D,S/D,S/D,Colisión,S/D,Faltante,Ninguna,S/D
2020,3586,2020-08-24,Lunes,16:15:00,,0,2,"Moto/Ciclomotor,Automóvil",Irigoyen Y Santiago del Estero,3,1,0,0,2,0,0,"-32.741244714009,-60.736107456316",Calle,,SAN LORENZO,San Lorenzo,Asfalto,No existe,XVII,Dentro,Urbana,Ninguna,No existe,Intersección,S/D,S/D,Diurna,S/D,S/D,S/D,Colisión,S/D,Faltante,Ninguna,S/D
2020,3587,2020-07-27,Lunes,10:00:00,,0,1,Moto/Ciclomotor,Thompson Y Urquiza,1,1,0,0,0,0,0,"-32.95883, -60.693",Avenida,,ROSARIO,Rosario,Asfalto,No existe,II,Dentro,Urbana,Ninguna,No existe,Intersección,S/D,S/D,Diurna,Buen Tiempo,S/D,S/D,Cañda ocupante,S/D,Faltante,Cordón divisorio,S/D
2020,3588,2020-08-30,Domingo,1:45:00,,0,2,"Automóvil,Automóvil",Artigas Y Dorrego,5,3,2,0,0,0,0,"-32.745759913408,-60.737254231943",Calle,,SAN LORENZO,San Lorenzo,Asfalto,No existe,XVII,Dentro,Urbana,Ninguna,No existe,Intersección,S/D,S/D,Nocturna,S/D,S/D,S/D,Colisión,S/D,Faltante,Ninguna,S/D
2020,3589,2020-08-29,Sabado,14:30:00,,0,2,"Automóvil,Moto/Ciclomotor",Terzaghi Y Urquiza,2,1,0,0,1,0,0,"-32.747435978158,-60.747329724868",Avenida,,SAN LORENZO,San Lorenzo,Asfalto,No existe,XVII,Dentro,Rural,Ninguna,No existe,Intersección,S/D,S/D,Diurna,S/D,S/D,S/D,Colisión,S/D,Faltante,Cordón divisorio,S/D
2020,3590,2020-08-02,Domingo,2:15:00,,0,2,"Moto/Ciclomotor,Moto/Ciclomotor",Richieri,4,2,0,0,2,0,0,"-32.748745, -60.734586",Calle,,SAN LORENZO,San Lorenzo,Asfalto,No existe,XVII,Dentro,Urbana,S/D,S/D,Intersección,S/D,S/D,Nocturna,S/D,S/D,S/D,Colisión,S/D,S/D,Ninguna,S/D
2020,3591,2020-08-04,Martes,18:30:00,Ruta Provincial 10,0,2,"Automóvil,Moto/Ciclomotor",,2,1,0,0,1,0,0,"-32.721977, -60.762378",Ruta,10,SAN LORENZO,San Lorenzo,Asfalto,Pavimento,XVII,Dentro,Urbana,Ninguna,No existe,Paso a Nivel FFCC,Con baches,S/D,Diurna,S/D,S/D,S/D,Colisión,S/D,Faltante,Ninguna,S/D
2020,3592,2020-08-05,Miercoles,19:30:00,Ruta Nacional 11,0,2,"Moto/Ciclomotor,Automóvil",Av San Martin Y San Juan,2,1,0,0,1,0,0,"-32.751422116987,-60.734243819474",Ruta,11,SAN LORENZO,San Lorenzo,Asfalto,No existe,XVII,Dentro,Urbana,Paso Peatonal,No existe,Intersección,Bueno,S/D,Atardecer,S/D,Lateral,S/D,Colisión,S/D,Horizontal,Cordón divisorio,S/D
2020,3593,2020-08-07,Viernes,11:40:00,,0,2,"Automóvil,Moto/Ciclomotor",Brown Y Salta,3,1,0,0,2,0,0,"-32.744756301973,-60.741540461164",Calle,,SAN LORENZO,San Lorenzo,Asfalto,No existe,XVII,Dentro,Urbana,Ninguna,No existe,Intersección,S/D,S/D,Diurna,S/D,S/D,S/D,Colisión,S/D,Faltante,Ninguna,S/D
2020,3594,2020-10-14,Miercoles,10:05:00,,0,2,"Moto/Ciclomotor,Automóvil",Italia Y Biedma,2,1,0,0,1,0,0,"-32.97964, -60.65667",Calle,,ROSARIO,Rosario,Asfalto,No existe,II,Dentro,Urbana,Señal Pare,No existe,Intersección,Bueno,Buena,Diurna,Buen Tiempo,Lateral,S/D,Colisión,Ninguna,Vertical,Ninguna,Sin restricción
2020,3595,2020-07-03,Viernes,12:10:00,,0,2,"Moto/Ciclomotor,Pickup/Utilitario",Calle 2 Y Calle 6,3,2,0,0,1,0,0,"-29.11358, -59.66432",S/D,,AVELLANEDA,General Obligado,S/D,S/D,IX,S/D,S/D,S/D,S/D,S/D,S/D,S/D,S/D,S/D,S/D,S/D,S/D,S/D,S/D,S/D,S/D
2020,3596,2020-10-12,Lunes,19:10:00,Ruta Nacional 34,0,2,"Automóvil,Automóvil",Ruta Nac 34 Y Ruta Pcial Sec 34,7,7,0,0,0,0,0,"-32.8533, -60.78214",Ruta,34,IBARLUCEA,Rosario,Asfalto,Natural,II,Dentro,Urbana,Señal Pare,No existe,Intersección,Bueno,Buena,Atardecer,Buen Tiempo,Lateral,S/D,Colisión,Ninguna,Vertical,Línea divisoria pintada,Sin restricción
2020,3597,2020-08-01,Sabado,19:20:00,Ruta Nacional 11,0,2,"Moto/Ciclomotor,Automóvil",Cayetano Silva Y Ruta Nac 11,2,1,0,0,1,0,0,"-32.731956839561484,-60.74247479438",Ruta,11,SAN LORENZO,San Lorenzo,Asfalto,Pavimento,XVII,Dentro,Urbana,Ninguna,No existe,Intersección,S/D,S/D,Atardecer,S/D,Lateral,S/D,Colisión,S/D,Faltante,Ninguna,S/D
2020,3598,2020-10-14,Miercoles,15:55:00,,0,2,"Moto/Ciclomotor,Pickup/Utilitario",Ameghino Y L.N.Alem,2,1,0,0,1,0,0,"-32.98889, -60.63852",Calle,,ROSARIO,Rosario,Asfalto,No existe,II,Dentro,Urbana,Ninguna,No existe,Intersección,Bueno,Buena,Diurna,Buen Tiempo,Lateral,S/D,Colisión,Ninguna,Faltante,Ninguna,Sin restricción
2020,3599,2020-08-02,Domingo,20:30:00,,0,2,"Automóvil,Moto/Ciclomotor",Av San Martin Y Eva Peron,4,2,0,0,2,0,0,"-32.727026489557,-60.732801025236",Avenida,,SAN LORENZO,San Lorenzo,Hormigón,No existe,XVII,Dentro,Urbana,Ninguna,No existe,Intersección,Bueno,S/D,Nocturna,S/D,Lateral,S/D,Colisión,S/D,Faltante,Cordón divisorio,S/D
2020,3600,2020-10-14,Miercoles,10:00:00,,0,2,"Moto/Ciclomotor,Automóvil",Olegario V.Andrade Y San Martin,2,1,0,0,1,0,0,"-32.99583, -60.6478",Calle,,ROSARIO,Rosario,Asfalto,No existe,II,Dentro,Urbana,Semáforo,Funciona,Intersección,Bueno,Buena,Diurna,Buen Tiempo,Lateral,S/D,Colisión,Ninguna,Vertical,Ninguna,Sin restricción
2020,3601,2020-07-04,Sabado,20:00:00,Ruta Nacional 178,0,2,"Tren,Automóvil",,2,2,0,0,0,0,0,"-32.76635, -61.54183",Ruta,178,CAÑADA DE GÓMEZ,Iriondo,S/D,S/D,X,S/D,S/D,S/D,S/D,S/D,S/D,S/D,S/D,S/D,S/D,S/D,S/D,S/D,S/D,S/D,S/D
2020,3602,2020-10-10,Sabado,5:50:00,,0,1,Automóvil,Mitre 3100,2,2,0,0,0,0,0,"-32.97314, -60.6463",Calle,,ROSARIO,Rosario,Asfalto,No existe,II,Dentro,Urbana,Ninguna,No existe,Recta,Bueno,Buena,Diurna,Buen Tiempo,Contra objeto fijo,S/D,Colisión,Ninguna,Faltante,Ninguna,Sin restricción
2020,3603,2020-10-13,Martes,15:15:00,,0,2,"Transporte de Pasajeros Urbano (> 8 asientos),Automóvil",Milan Y Av. Corrientes,3,1,0,0,1,0,1,"-32.9898, -60.65348",Calle,,ROSARIO,Rosario,Asfalto,No existe,II,Dentro,Urbana,Ninguna,No existe,Recta,Bueno,Buena,Diurna,Buen Tiempo,S/D,S/D,Colisión,Ninguna,Faltante,Ninguna,Sin restricción
2020,3604,2020-07-04,Sabado,19:30:00,Ruta Nacional 9,0,2,"Pickup/Utilitario,Camión",,2,0,1,0,1,0,0,"-33.0576, -60.65422",Ruta,9,ALVEAR,Rosario,S/D,S/D,II,S/D,S/D,S/D,S/D,S/D,S/D,S/D,S/D,S/D,S/D,S/D,S/D,S/D,S/D,S/D,S/D
2020,3605,2020-10-14,Miercoles,17:40:00,,0,2,"Bicicleta,Automóvil",Bv. Argentino,2,1,0,0,1,0,0,"-32.92401, -60.74641",Avenida,,ROSARIO,Rosario,Asfalto,S/D,II,S/D,Urbana,S/D,S/D,Recta,Bueno,S/D,S/D,S/D,S/D,Ciclista,Atropello,S/D,Horizontal,S/D,S/D
2020,3606,2020-07-04,Sabado,,,0,2,"Automóvil,Moto/Ciclomotor",Av. Pte.Peron Y Alberdi,3,2,0,0,1,0,0,"-33.24079, -60.33351",S/D,,ROSARIO,Rosario,S/D,S/D,II,S/D,S/D,S/D,S/D,S/D,S/D,S/D,S/D,S/D,S/D,S/D,S/D,S/D,S/D,S/D,S/D
2020,3607,2020-08-13,Jueves,11:25:00,,0,1,Bicicleta,Av San Martin 2847,1,1,0,0,0,0,0,"-32.73353302717,-60.733798835952",Avenida,,SAN LORENZO,San Lorenzo,Asfalto,No existe,XVII,Dentro,Urbana,Ninguna,No existe,Intersección,S/D,S/D,Diurna,S/D,Contra objeto fijo,S/D,Colisión,S/D,Faltante,Cordón divisorio,S/D
2020,3608,2020-06-04,Jueves,2:50:00,,0,1,Moto/Ciclomotor,CAMINO RURAL,1,1,0,0,0,0,0,"-31.149715874344114,-60.99233153276",Camino Rural,,PROGRESO,Las Colonias,Tierra,No existe,XI,Dentro,Rural,Ninguna,No existe,Recta,Bueno,Buena,Nocturna,Buen Tiempo,S/D,S/D,Cañda ocupante,Ninguna,Faltante,Ninguna,Sin restricción
2020,3609,2020-10-11,Domingo,3:10:00,,0,2,"Automóvil,Moto/Ciclomotor",Bv. Bouchard,3,2,0,0,1,0,0,"-32.89052, -60.7353",Calle,,ROSARIO,Rosario,Asfalto,No existe,II,S/D,Urbana,Ninguna,S/D,Recta,Bueno,Buena,Nocturna,Buen Tiempo,S/D,S/D,Colisión,Ninguna,S/D,Ninguna,Sin restricción
2020,3610,2020-07-06,Lunes,,,0,2,"Automóvil,Automóvil",Castellanos Y E.Zeballos,2,1,0,0,1,0,0,"-32.94843, -60.6772",S/D,,ROSARIO,Rosario,S/D,S/D,II,S/D,S/D,S/D,S/D,S/D,S/D,S/D,S/D,S/D,S/D,S/D,S/D,S/D,S/D,S/D,S/D
2020,3611,2020-10-08,Jueves,,,0,2,"Taxi/Remis,Taxi/Remis",Paraguay 1150,5,2,0,0,2,0,1,"-32.94988, -60.64484",Calle,,ROSARIO,Rosario,Asfalto,S/D,II,S/D,Urbana,S/D,S/D,Recta,Bueno,Buena,Diurna,S/D,S/D,S/D,S/D,S/D,S/D,S/D,S/D
2020,3612,2020-06-19,Viernes,7:00:00,Ruta Secundaria 62-s,4,1,Camión c / Acoplado,,1,1,0,0,0,0,0,"-31.009211540222132,-61.02701425552",Ruta,62-s,PROGRESO,Las Colonias,Asfalto,Natural,XI,Dentro,Rural,Ninguna,No existe,Recta,Bueno,Reducida,Diurna,Niebla,S/D,S/D,Vuelco,Ninguna,Faltante,Ninguna,Sin restricción
2020,3613,2020-08-04,Martes,7:15:00,Autopista Nacional A012,47.5,2,"Camión c / Acoplado,Camión Chasis",,2,1,0,0,1,0,0,"-32.91951, -60.89819",Autopista,A012,ROLDÁN,San Lorenzo,Asfalto,Natural,XVII,Dentro,Rural,Marca Vial,No existe,Recta,Bueno,Buena,Diurna,Buen Tiempo,Frontal,S/D,Colisión,Ninguna,Horizontal,Línea divisoria pintada,Sin restricción
2020,3614,2020-08-07,Viernes,10:00:00,,0,2,"Moto/Ciclomotor,Pickup/Utilitario",Belgrano Y Bvard España,3,1,0,0,2,0,0,"-29.881978538567,-61.938440991722",Avenida,,CERES,San CRISTÓBAL,Asfalto,No existe,XIII,Dentro,Urbana,Ninguna,No existe,Rotonda,Bueno,Buena,Diurna,Buen Tiempo,Lateral,S/D,Colisión,Ninguna,Faltante,"Cordón divisorio,Vegetación",Sin restricción
2020,3615,2020-06-16,Martes,9:30:00,,0,1,Moto/Ciclomotor,Buenos  Aires Y Julio Calvo,1,0,1,0,0,0,0,"-30.980147279405,-61.022847644144",Calle,,PROVIDENCIA,Las Colonias,Ripio,No existe,XI,Dentro,Urbana,Ninguna,No existe,Intersección,Bueno,Buena,Diurna,Buen Tiempo,Atropello animal,S/D,Colisión,Ninguna,Faltante,Ninguna,Sin restricción
2020,3616,2020-10-15,Jueves,7:00:00,,0,2,"Moto/Ciclomotor,Bicicleta",Montevideo Y Av. Corrientes,2,1,0,0,1,0,0,"-32.9554, -60.64478",Calle,,ROSARIO,Rosario,Asfalto,S/D,II,S/D,Urbana,S/D,S/D,Recta,Bueno,S/D,Diurna,S/D,S/D,Ciclista,Atropello,S/D,S/D,S/D,S/D
2020,3617,2020-06-06,Sabado,11:45:00,,0,1,Moto/Ciclomotor,KELLER  277,1,0,1,0,0,0,0,"-31.265147924423182,-61.07169985771",Calle,,GRUTLY SUR,Las Colonias,Asfalto,No existe,XI,Dentro,Urbana,Ninguna,No existe,Recta,Resbaladiza,Buena,Diurna,Lluvia,Contra objeto fijo,S/D,Colisión,Agua,Faltante,Ninguna,Sin restricción