anio_acci,nro_acci,fecha,desc_dia,hora_aprox,desc_ruta,km,cant_participantes,desc_participante,calle_avenida_km,total,heridos_leves,heridos_graves,heridos_gravisimos,ilesos,fallecidos,sin_datos,posicion_XY,desc_tipo_via,desc_ruta_ori,desc_loc,desc_dpto,desc_tipo_calzada,desc_tipo_banquina,desc_unidad_regional,desc_lugar_calzada,desc_zona,desc_prioridad,desc_estado_semaforo,desc_lugar_via,desc_estado_via,desc_estado_visibilidad,desc_luminosidad,desc_estado_clima,desc_tipo_colision,desc_tipo_atropello,desc_tipo_hecho,desc_pres_calzada,desc_senializacion,desc_separacion_via,desc_restriccion
2020,3618,2020-10-13,Martes,6:45:00,,0,2,"Automóvil,Moto/Ciclomotor",Italia Y Montevideo,3,0,1,0,2,0,0,"-32.9544, -60.6503",Calle,,ROSARIO,Rosario,Asfalto,S/D,II,S/D,Urbana,S/D,S/D,Recta,Bueno,S/D,Diurna,Buen Tiempo,S/D,S/D,Colisión,S/D,S/D,S/D,S/D
2020,3620,2020-08-19,Miercoles,8:40:00,Autopista Nacional A012,0,2,"Automóvil,Moto/Ciclomotor",Ruta Nacional 9,2,0,1,0,1,0,0,"-32.90803, -60.89492",Autopista,A012,ROLDÁN,San Lorenzo,Asfalto,Ripio,XVII,Dentro,Rural,Semáforo,No funciona,Cruce,Ahuellamiento,Buena,Diurna,Lluvia,Lateral,S/D,Colisión,Agua,"Horizontal,Vertical",Línea divisoria pintada,Sin restricción
2020,3621,2020-06-25,Jueves,18:30:00,,0,1,Automóvil,AVENIDA LA TRADICI�N,1,1,0,0,0,0,0,"-31.5995595656546,-60.8717289646747",Camino Rural,,COLONIA SAN JOSÉ,Las Colonias,Ripio,No existe,XI,Dentro,Rural,Ninguna,No existe,Recta,Ahuellamiento,Reducida,Nocturna,Buen Tiempo,S/D,S/D,Vuelco,Ninguna,Faltante,Ninguna,Sin restricción
2020,3622,2020-10-15,Jueves,11:30:00,,0,2,"Moto/Ciclomotor,Automóvil",Guemes Y Alvear,2,1,0,0,1,0,0,"-32.93301, -60.65198",Calle,,ROSARIO,Rosario,Asfalto,S/D,II,S/D,Urbana,S/D,S/D,Recta,Bueno,S/D,Diurna,S/D,S/D,S/D,Colisión,S/D,S/D,S/D,S/D
2020,3623,2020-07-06,Lunes,,,0,2,"Moto/Ciclomotor,Automóvil",Calle 64 Y Calle 7,4,1,2,0,1,0,0,"-31.42739, -62.06138",S/D,,FRONTERA,Castellanos,S/D,S/D,V,S/D,S/D,S/D,S/D,S/D,S/D,S/D,S/D,S/D,S/D,S/D,S/D,S/D,S/D,S/D,S/D
2020,3624,2020-06-13,Sabado,12:15:00,,0,2,"Moto/Ciclomotor,Pickup/Utilitario",America Y Uruguay,3,2,0,0,1,0,0,"-31.453778612435,-60.906178157717",Calle,,ESPERANZA,Las Colonias,Asfalto,No existe,XI,Dentro,Urbana,Ninguna,No existe,Intersección,Bueno,Buena,Diurna,Buen Tiempo,S/D,S/D,Colisión,Ninguna,Faltante,Ninguna,Sin restricción
2020,3625,2020-08-07,Viernes,14:00:00,,0,2,"Moto/Ciclomotor,Automóvil",Gral Belgrano Y Hipolito Irigoyen,3,2,0,0,1,0,0,"-30.305948251078,-61.233842095913",Calle,,SAN CRISTÓBAL,San CRISTÓBAL,Asfalto,No existe,XIII,Dentro,Urbana,Ninguna,No existe,Intersección,Bueno,Buena,Diurna,Buen Tiempo,Frontal,S/D,Colisión,Ninguna,Faltante,Ninguna,Sin restricción
2020,3626,2020-07-06,Lunes,,,0,2,"Automóvil,Pickup/Utilitario",,3,3,0,0,0,0,0,"-31.17445, -61.91788",S/D,,CORONEL FRAGA,Castellanos,S/D,S/D,V,S/D,S/D,S/D,S/D,S/D,S/D,S/D,S/D,S/D,S/D,S/D,S/D,S/D,S/D,S/D,S/D
2020,3627,2020-08-15,Sabado,13:10:00,,0,2,"Pickup/Utilitario,Moto/Ciclomotor",Almte Brown Y Galvez,2,1,0,0,1,0,0,"-32.89364576339722,-60.907201319932",Calle,,ROLDÁN,San Lorenzo,Asfalto,No existe,XVII,Dentro,Urbana,Ninguna,No existe,Intersección,Bueno,Buena,Diurna,Buen Tiempo,Lateral,S/D,Colisión,Ninguna,Faltante,Ninguna,Sin restricción
2020,3628,2020-10-10,Sabado,18:00:00,,0,2,"Bicicleta,Automóvil",Amenabar Y San Martin,2,1,0,0,1,0,0,"-32.97244, -60.64315",Avenida,,ROSARIO,Rosario,Asfalto,No existe,II,Dentro,Urbana,Semáforo,Funciona,Recta,Bueno,Buena,Diurna,Buen Tiempo,S/D,Ciclista,Atropello,Ninguna,Vertical,Ninguna,Sin restricción
2020,3629,2020-07-06,Lunes,6:30:00,Ruta Nacional 168,0,2,"Bicicleta,Automóvil",,2,0,1,0,1,0,0,"-31.65933, -60.59879",Ruta,168,SANTA FE,La Capital,S/D,S/D,I,S/D,S/D,S/D,S/D,S/D,S/D,S/D,S/D,S/D,S/D,Ciclista,Atropello,S/D,S/D,S/D,S/D
2020,3630,2020-06-18,Jueves,20:30:00,,0,2,"Moto/Ciclomotor,Moto/Ciclomotor",Cordoba Y Enrique Senn,3,3,0,0,0,0,0,"-31.242804238045,-61.216651424999",Calle,,FELICIA,Las Colonias,Asfalto,No existe,XI,Dentro,Urbana,Ninguna,No existe,Intersección,Bueno,Buena,"Nocturna,Con luz artificial",Buen Tiempo,S/D,S/D,Colisión,Ninguna,Faltante,Ninguna,Sin restricción
2020,3631,2020-10-10,Sabado,18:50:00,,0,2,"Automóvil,Automóvil",Galvez Y Av. Corrientes,2,1,0,0,1,0,0,"-32.968, -60.64796",Calle,,ROSARIO,Rosario,Asfalto,No existe,II,Dentro,Urbana,Señal Pare,No existe,Intersección,Bueno,Buena,Diurna,Buen Tiempo,Lateral,S/D,Colisión,Ninguna,Vertical,Ninguna,Sin restricción
2020,3632,2020-07-06,Lunes,20:40:00,Ruta Nacional 11,927,1,Moto/Ciclomotor,,1,1,0,0,0,0,0,"-28.03278, -59.22381",Ruta,11,FLORENCIA,General Obligado,S/D,S/D,IX,S/D,S/D,S/D,S/D,S/D,S/D,S/D,S/D,S/D,S/D,S/D,Despiste,S/D,S/D,S/D,S/D
2020,3633,2020-10-13,Martes,17:20:00,,0,2,"Automóvil,Otros",Av. Ovidio Lagos Y Av. Pte.Peron,2,1,0,0,0,0,1,"-32.95535, -60.66476",Calle,,ROSARIO,Rosario,Asfalto,No existe,II,S/D,Urbana,Semáforo,Funciona,Intersección,Bueno,Buena,Con luz artificial,Buen Tiempo,Otro,S/D,Colisión,Ninguna,Faltante,Ninguna,Sin restricción
2020,3634,2020-05-26,Martes,,,0,1,Automóvil,Av. Ovidio Lagos Y Mendoza,2,2,0,0,0,0,0,"    -32.9474, -60.66274",Avenida,,ROSARIO,Rosario,S/D,S/D,II,Dentro,Urbana,S/D,No existe,Intersección,S/D,S/D,S/D,S/D,Contra objeto fijo,S/D,Colisión,S/D,S/D,S/D,S/D
2020,3635,2020-07-06,Lunes,,,0,2,"Automóvil,Moto/Ciclomotor",Calle 15 Y Calle 16,2,1,0,0,1,0,0,"-29.12, -59.65644",S/D,,AVELLANEDA,General Obligado,S/D,S/D,IX,S/D,S/D,S/D,S/D,S/D,S/D,S/D,S/D,S/D,S/D,S/D,S/D,S/D,S/D,S/D,S/D
2020,3636,2020-10-10,Sabado,18:45:00,,0,2,"Moto/Ciclomotor,Automóvil",,3,1,0,0,2,0,0,"-31.25582, -61.48973",Calle,,RAFAELA,Castellanos,Hormigón,No existe,V,S/D,Urbana,Ninguna,No existe,Intersección,Bueno,Buena,Diurna,Buen Tiempo,Lateral,S/D,Colisión,S/D,Horizontal,Ninguna,Sin restricción
2020,3637,2020-06-21,Domingo,16:00:00,Ruta Provincial 10,152,2,"Automóvil,Moto/Ciclomotor",,7,7,0,0,0,0,0,"-31.619886608058202, -61.2847880287",Ruta,10,SA PEREIRA,Las Colonias,Hormigón,Natural,XI,Dentro,Rural,Ninguna,No existe,Recta,Bueno,Buena,Diurna,Buen Tiempo,De alcance,S/D,Colisión,Ninguna,Horizontal,Línea divisoria pintada,Sin restricción
2020,3638,2020-08-08,Sabado,18:55:00,,0,1,Moto/Ciclomotor,Bv 25 de Mayo Y J B Justo,1,0,1,0,0,0,0,"-30.314304273636,-61.240579361825",Avenida,,SAN CRISTÓBAL,San CRISTÓBAL,Asfalto,No existe,XIII,Dentro,Urbana,Ninguna,No existe,Intersección,Bueno,Buena,Atardecer,Buen Tiempo,Atropello animal,S/D,Colisión,Ninguna,Faltante,Cordón divisorio,Sin restricción
2020,3639,2020-08-04,Martes,8:00:00,,0,2,"Pickup/Utilitario,Moto/Ciclomotor",Fray Luis Beltran Y Maciel,3,2,0,0,1,0,0,"-32.894068834484,-60.910113447467",Calle,,ROLDÁN,San Lorenzo,Asfalto,No existe,XVII,Dentro,Urbana,Ninguna,No existe,Intersección,Bueno,Buena,Diurna,Buen Tiempo,Lateral,S/D,Colisión,Ninguna,Faltante,Ninguna,Sin restricción
2020,3640,2020-05-27,Miercoles,8:05:00,Ruta Nacional 11,0,2,"Moto/Ciclomotor,Automóvil",,2,1,0,0,1,0,0,"    -29.15463, -59.65761",Ruta,11,RECONQUISTA,General Obligado,S/D,No existe,IX,Dentro,Urbana,S/D,S/D,Intersección,S/D,S/D,Diurna,S/D,Lateral,S/D,Colisión,S/D,S/D,S/D,S/D
2020,3641,2020-07-06,Lunes,7:35:00,Ruta Nacional 11,0,2,"Moto/Ciclomotor,Pickup/Utilitario",Calle 322,2,1,0,0,1,0,0,"-29.10747, -59.65077",Ruta,11,AVELLANEDA,General Obligado,Asfalto,Natural,IX,Dentro,Urbana,S/D,S/D,S/D,S/D,S/D,Diurna,S/D,S/D,S/D,Colisión,S/D,Horizontal,"Línea divisoria pintada,S/D",S/D
2020,3642,2020-05-28,Jueves,,,0,2,"Moto/Ciclomotor,Moto/Ciclomotor",,2,2,0,0,0,0,0,"    -28.34678, -59.25762",Calle,,LAS TOSCAS,General Obligado,S/D,No existe,IX,Dentro,Urbana,S/D,S/D,Intersección,S/D,S/D,Diurna,S/D,Lateral,S/D,Colisión,S/D,S/D,S/D,Sin restricción
2020,3643,2020-08-10,Lunes,0:10:00,,0,1,Pickup/Utilitario,Avenida Mendoza Y Avenida Irigoyen,2,2,0,0,0,0,0,"-29.889732599258437,-61.94091796875",Avenida,,CERES,San CRISTÓBAL,Tierra,No existe,XIII,Dentro,Urbana,Ninguna,No existe,Curva,Con baches,Buena,Nocturna,Buen Tiempo,S/D,S/D,Vuelco,Ninguna,Faltante,Ninguna,Sin restricción
2020,3644,2020-08-31,Lunes,18:05:00,Ruta Nacional 11,0,2,"Moto/Ciclomotor,Moto/Ciclomotor",Bolivia Y Ruta Nac 11,3,3,0,0,0,0,0,"-32.7087986469269,-60.7604402303695",Ruta,11,PUERTO SAN MARTÍN,San Lorenzo,Asfalto,Ripio,XVII,Dentro,Urbana,Ninguna,No existe,Intersección,S/D,Buena,Diurna,Lluvia,Lateral,S/D,Colisión,Ninguna,Faltante,Ninguna,Sin restricción
2020,3645,2020-10-12,Lunes,20:40:00,Ruta Provincial 6,0,2,"Automóvil,Bicicleta",Paso Vinal,2,1,0,0,1,0,0,"-31.41048, -60.90508",Ruta,6,ESPERANZA,Las Colonias,Asfalto,Natural,XI,S/D,Urbana,Marca Vial,Intermitente,Recta,Bueno,Reducida,Nocturna,Buen Tiempo,S/D,Ciclista,Atropello,Ninguna,Faltante,Línea divisoria pintada,Sin restricción
2020,3646,2020-05-29,Viernes,,,0,1,Pickup/Utilitario,,1,1,0,0,0,0,0,"    -34.17729, -61.53115",Calle,,TEODELINA,General LÓPEZ,Tierra,Natural,VIII,Dentro,Rural,Ninguna,No existe,Recta,S/D,S/D,Diurna,S/D,S/D,S/D,Vuelco,S/D,S/D,S/D,Sin restricción
2020,3647,2020-08-28,Viernes,19:25:00,,0,2,"Peatón,Automóvil",Pte Hipolito Irigoyen Y Rivadavia,2,1,0,0,1,0,0,"-32.707680599632,-60.747350059077",Calle,,PUERTO SAN MARTÍN,San Lorenzo,Asfalto,No existe,XVII,Dentro,Urbana,Ninguna,No existe,Intersección,Deteriorada,Reducida,Nocturna,Buen Tiempo,S/D,Peatón,Atropello,Ninguna,Faltante,Ninguna,Sin restricción
2020,3648,2020-08-14,Viernes,23:50:00,,0,1,Automóvil,Riobamba 1585,2,1,1,0,0,0,0,"-30.302890546233,-61.244763099053",Calle,,SAN CRISTÓBAL,San CRISTÓBAL,Tierra,No existe,XIII,Fuera,Urbana,Ninguna,No existe,Recta,Bueno,Reducida,Nocturna,Buen Tiempo,Contra objeto fijo,S/D,"Colisión,Despiste","Material Suelto,Fluidos",Faltante,Ninguna,Sin restricción
2020,3649,2020-07-06,Lunes,7:00:00,,0,2,"Moto/Ciclomotor,Moto/Ciclomotor",Calle 68-Armada Argentina Y Calle 47-Islas Malvinas,2,2,0,0,0,0,0,"-29.1601, -59.66033",S/D,,RECONQUISTA,General Obligado,S/D,S/D,IX,S/D,S/D,S/D,S/D,S/D,S/D,S/D,S/D,S/D,S/D,S/D,S/D,S/D,S/D,S/D,S/D
2020,3650,2020-08-23,Domingo,17:15:00,Ruta Nacional 175,0,2,"Moto/Ciclomotor,Automóvil",Av San Martin Y Cordoba,3,2,0,0,1,0,0,"-32.717491842598,-60.731139094683",Ruta,175,PUERTO SAN MARTÍN,San Lorenzo,Asfalto,No existe,XVII,Dentro,Urbana,Paso Peatonal,No existe,Intersección,Bueno,Buena,Diurna,Buen Tiempo,Lateral,S/D,Colisión,Ninguna,Horizontal,Ninguna,Sin restricción
2020,3651,2020-06-30,Martes,17:15:00,,0,2,"Automóvil,Pickup/Utilitario",CAMINO RURAL,5,4,0,0,1,0,0,"-31.15345001220703,-60.993003845214",Camino Rural,,PROGRESO,Las Colonias,Tierra,Natural,XI,Dentro,Rural,Ninguna,No existe,Intersección,Bueno,Buena,Diurna,Buen Tiempo,Lateral,S/D,Colisión,Ninguna,Faltante,Ninguna,Sin restricción
2020,3652,2020-10-12,Lunes,20:40:00,Ruta Provincial 6,0,1,Pickup/Utilitario,Paso Vinal,2,2,0,0,0,0,0,"-31.41048, -60.9051",Ruta,6,ESPERANZA,Las Colonias,Asfalto,Natural,XI,S/D,Urbana,Marca Vial,Intermitente,Recta,Bueno,Reducida,Nocturna,Buen Tiempo,S/D,S/D,Despiste,Ninguna,Faltante,Línea divisoria pintada,Sin restricción
2020,3653,2020-07-06,Lunes,,,0,2,"Moto/Ciclomotor,Automóvil",Calle 50 Y Calle 33-Pueyrredon,2,1,0,0,1,0,0,"-29.15174, -59.66756",S/D,,RECONQUISTA,General Obligado,S/D,S/D,IX,S/D,S/D,S/D,S/D,S/D,S/D,S/D,S/D,S/D,S/D,S/D,S/D,S/D,S/D,S/D,S/D
2020,3654,2020-05-29,Viernes,6:45:00,Ruta Provincial 94,0,2,"Pickup/Utilitario,Pickup/Utilitario",,3,1,0,0,2,0,0,"    -34.17341, -61.52888",Ruta,94,MARGARITA,Vera,Tierra,S/D,XIX,Dentro,Urbana,S/D,No existe,Puente,S/D,S/D,Diurna,S/D,S/D,S/D,Colisión,S/D,S/D,S/D,S/D
2020,3655,2020-10-15,Jueves,15:10:00,,0,2,"Moto/Ciclomotor,Moto/Ciclomotor",Cavour Y M M T de Hoenfels,2,2,0,0,0,0,0,"-31.41698, -60.93386",Calle,,ESPERANZA,Las Colonias,Tierra,Natural,XI,Dentro,Rural,Ninguna,No existe,Intersección,S/D,Buena,Diurna,Buen Tiempo,S/D,S/D,Colisión,Ninguna,Faltante,Ninguna,Sin restricción
2020,3656,2020-05-02,Sabado,21:30:00,,0,2,"Moto/Ciclomotor,Transporte de Pasajeros Urbano (> 8 asientos)",J.B.Justo Y Sarratea Bis,3,1,0,0,1,1,0,"-32.91567, -60.74154",Calle,,ROSARIO,Rosario,Asfalto,No existe,II,Dentro,Urbana,Ninguna,No existe,Intersección,Bueno,S/D,Nocturna,S/D,S/D,S/D,Colisión,Ninguna,Faltante,Ninguna,Sin restricción
2020,3657,2020-08-16,Domingo,18:10:00,,0,2,"Pickup/Utilitario,Moto/Ciclomotor",Santa Fe Y Victoria,5,2,0,0,3,0,0,"-29.882018125971,-61.944330299295",Calle,,CERES,San CRISTÓBAL,Asfalto,No existe,XIII,Dentro,Urbana,Ninguna,No existe,Intersección,Bueno,Buena,Diurna,Buen Tiempo,Lateral,S/D,Colisión,Ninguna,Faltante,Ninguna,Sin restricción
2020,3658,2020-07-06,Lunes,12:19:00,Ruta Nacional 11,0,1,Moto/Ciclomotor,Calle 1 - Independencia,1,1,0,0,0,0,0,"-29.135618, -59.654912",Ruta,11,RECONQUISTA,General Obligado,S/D,S/D,IX,S/D,Urbana,S/D,S/D,S/D,S/D,S/D,S/D,S/D,S/D,S/D,Otro,S/D,S/D,S/D,S/D
2020,3659,2020-08-16,Domingo,17:25:00,,0,2,"Moto/Ciclomotor,Automóvil",Piton Y Pte Hipolito Irigoyen,2,1,0,0,1,0,0,"-32.709025,-60.747679",Calle,,PUERTO SAN MARTÍN,San Lorenzo,Asfalto,No existe,XVII,Dentro,Urbana,Ninguna,No existe,Intersección,Bueno,Buena,Diurna,Buen Tiempo,Lateral,S/D,Colisión,Ninguna,Faltante,Ninguna,Sin restricción
2020,3660,2020-10-15,Jueves,13:00:00,,0,2,"Moto/Ciclomotor,Pickup/Utilitario",Sierras De Cordoba Y Aconcagua,2,1,0,0,1,0,0,"-31.01314, -60.91191",Calle,,MARÍA LUISA,Las Colonias,Ripio,No existe,XI,Dentro,Urbana,Ninguna,No existe,Recta,Bueno,Buena,Diurna,Buen Tiempo,Lateral,S/D,Colisión,Material Suelto,Faltante,Ninguna,Sin restricción
2020,3661,2020-05-02,Sabado,1:30:00,Ruta Nacional 11,334,2,"Moto/Ciclomotor,Camión c / Acoplado",Yapeyu,2,0,0,0,1,1,0,"-32.70584, -60.76269",Ruta,11,PUERTO SAN MARTÍN,San Lorenzo,Asfalto,Natural,XVII,Dentro,Rural,Ninguna,No existe,Recta,Ahuellamiento,Reducida,Nocturna,S/D,De alcance,S/D,Colisión,Ninguna,Horizontal,Ninguna,Sin restricción
2020,3662,2020-07-07,Martes,,,0,4,"Pickup/Utilitario,Pickup/Utilitario,Automóvil,Automóvil",Av Facundo Zuviria Y Agustin Delgado,4,4,0,0,0,0,0,"-31.61957, -60.70537",S/D,,SANTA FE,La Capital,S/D,S/D,I,S/D,S/D,S/D,S/D,S/D,S/D,S/D,S/D,S/D,S/D,S/D,S/D,S/D,S/D,S/D,S/D
2020,3663,2020-08-15,Sabado,1:55:00,Ruta Nacional 11,0,2,"Automóvil,Moto/Ciclomotor",La Paz Y Ruta Nac 11,3,2,0,0,1,0,0,"-32.708046,-60.760973",Ruta,11,PUERTO SAN MARTÍN,San Lorenzo,Asfalto,Ripio,XVII,Dentro,Urbana,Ninguna,No existe,Intersección,Bueno,Buena,Nocturna,Buen Tiempo,Lateral,S/D,Colisión,Ninguna,Faltante,Ninguna,Sin restricción
2020,3664,2020-06-26,Viernes,9:55:00,,0,2,"Pickup/Utilitario,Automóvil",Chacabuco Y Rafaela,5,2,0,0,3,0,0,"-31.450486638586,-60.916981969582",Calle,,ESPERANZA,Las Colonias,Asfalto,No existe,XI,Dentro,Urbana,Ninguna,No existe,Intersección,Bueno,Buena,Diurna,Buen Tiempo,Frontal,S/D,Colisión,Ninguna,Faltante,"Cordón divisorio,Vegetación",Sin restricción
2020,3665,2020-07-07,Martes,19:15:00,,0,3,"Moto/Ciclomotor,Automóvil,Automóvil",ARROYO DEL REY,3,1,0,0,2,0,0,"-29.13261, -59.65443",S/D,,RECONQUISTA,General Obligado,S/D,S/D,IX,S/D,S/D,S/D,S/D,S/D,S/D,S/D,S/D,S/D,S/D,S/D,S/D,S/D,S/D,S/D,S/D
2020,3666,2020-08-09,Domingo,4:20:00,,0,1,Automóvil,Pte Hipolito Irigoyen 1000,4,2,0,0,2,0,0,"-32.707680599632,-60.747350059077",Calle,,PUERTO SAN MARTÍN,San Lorenzo,Asfalto,No existe,XVII,Dentro,Urbana,Ninguna,No existe,Recta,S/D,Buena,Nocturna,Buen Tiempo,Contra objeto fijo,S/D,Colisión,Ninguna,Faltante,Ninguna,Sin restricción
2020,3667,2020-05-30,Sabado,,,0,2,"Moto/Ciclomotor,Moto/Ciclomotor",Juan Jose Castelli Y Carlos Pellegrini,2,1,0,0,0,0,1,"    -33.73738, -61.97061",Calle,,VENADO TUERTO,General LÓPEZ,S/D,S/D,VIII,Dentro,Urbana,S/D,S/D,Intersección,S/D,S/D,S/D,S/D,Lateral,S/D,Colisión,S/D,S/D,S/D,S/D
2020,3668,2020-10-08,Jueves,20:30:00,,0,1,Moto/Ciclomotor,Av San Martin,1,0,1,0,0,0,0,"-31.39594, -61.08091",Calle,,HUMBOLDT,Las Colonias,Asfalto,Natural,XI,Dentro,Urbana,Ninguna,No existe,Cruce,Bueno,Buena,Atardecer,Buen Tiempo,Atropello animal,S/D,Colisión,Ninguna,Horizontal,Cordón divisorio,Sin restricción
2020,3669,2020-05-03,Domingo,15:00:00,Ruta Nacional 34,188,1,Automóvil,,1,0,0,0,0,1,0,"-31.53604, -61.52796",Ruta,34,ANGÉLICA,Castellanos,Asfalto,Pavimento,V,Fuera,Rural,Ninguna,No existe,Recta,Bueno,Buena,Diurna,Buen Tiempo,Contra objeto fijo,S/D,Colisión,Ninguna,Horizontal,Línea divisoria pintada,Sin restricción
2020,3670,2020-05-31,Domingo,,,0,2,"Moto/Ciclomotor,Moto/Ciclomotor",,3,2,0,0,1,0,0,"    -29.16052, -59.65616",Calle,,RECONQUISTA,General Obligado,S/D,S/D,IX,S/D,S/D,S/D,S/D,Intersección,S/D,S/D,Diurna,S/D,S/D,S/D,Colisión,S/D,S/D,S/D,S/D
2020,3671,2020-05-04,Lunes,6:30:00,Ruta Nacional 98,156,1,Moto/Ciclomotor,Ruta Prov 2 Y Saavedra,1,0,0,0,0,1,0,"-29.22899, -61.78508",Ruta,98,TOSTADO,9 de Julio,Asfalto,Natural,XII,Dentro,Urbana,Ninguna,No existe,Recta,Bueno,Reducida,Nocturna,Buen Tiempo,S/D,S/D,Cañda ocupante,Ninguna,Faltante,Ninguna,Sin restricción
2020,3672,2020-08-19,Miercoles,11:20:00,,0,2,"Automóvil,Bicicleta",Alberti Y Caseros,2,1,0,0,1,0,0,"-30.303891432619,-61.231966059714",Calle,,SAN CRISTÓBAL,San CRISTÓBAL,Asfalto,No existe,XIII,Dentro,Urbana,Ninguna,No existe,Intersección,Bueno,Buena,Diurna,Buen Tiempo,S/D,Ciclista,Atropello,Ninguna,Faltante,Ninguna,Sin restricción
2020,3673,2020-08-05,Miercoles,19:50:00,Ruta Nacional 175,0,2,"Moto/Ciclomotor,Automóvil",Av San Martin Y Cayetano Nerbutti,2,1,0,0,1,0,0,"-32.718378873477,-60.731332994732",Ruta,175,PUERTO SAN MARTÍN,San Lorenzo,Asfalto,No existe,XVII,Dentro,Urbana,Paso Peatonal,No existe,Intersección,Bueno,Buena,Nocturna,Buen Tiempo,Lateral,S/D,Colisión,Ninguna,Horizontal,Ninguna,Sin restricción
2020,3674,2020-07-07,Martes,21:40:00,,0,2,"Pickup/Utilitario,Moto/Ciclomotor",Calle 43 Y Calle 20 9 de Julio,2,1,0,0,1,0,0,"-29.15145, -59.64835",S/D,,RECONQUISTA,General Obligado,S/D,S/D,IX,S/D,S/D,S/D,S/D,S/D,S/D,S/D,S/D,S/D,S/D,S/D,S/D,S/D,S/D,S/D,S/D
2020,3675,2020-10-13,Martes,19:50:00,Ruta Provincial 6,48,2,"Camión c / Acoplado,Moto/Ciclomotor",,2,1,0,0,1,0,0,"-31.60434, -60.94418",Ruta,6,FRANCK,Las Colonias,Asfalto,Natural,XI,S/D,Rural,Ninguna,No existe,Recta,Bueno,Reducida,Nocturna,Buen Tiempo,De alcance,S/D,Colisión,Ninguna,Vertical,Ninguna,Sin restricción
2020,3676,2020-05-09,Sabado,14:25:00,,0,2,"Moto/Ciclomotor,Automóvil",Bv. Avellaneda 4900,2,0,0,0,1,1,0,"-32.99653, -60.68881",Calle,,ROSARIO,Rosario,Asfalto,No existe,II,Dentro,Urbana,Ninguna,No existe,Recta,Bueno,Buena,Diurna,Buen Tiempo,S/D,S/D,Colisión,Ninguna,Faltante,Ninguna,Sin restricción
2020,3677,2020-06-14,Domingo,15:55:00,,0,2,"Automóvil,Automóvil",Mendoza Y Moreno,4,4,0,0,0,0,0,"-31.746754113128,-61.093583629927",Calle,,SAN CARLOS CENTRO,Las Colonias,Ripio,No existe,XI,Dentro,Urbana,Ninguna,No existe,Intersección,Bueno,Buena,Diurna,Buen Tiempo,Lateral,S/D,Colisión,Ninguna,Vertical,Ninguna,Sin restricción
2020,3678,2020-08-20,Jueves,21:40:00,,0,2,"Moto/Ciclomotor,Automóvil",Avenida Lassaga Y Azcuenaga,2,0,0,1,1,0,0,"-30.30214369297028,-61.234928369522",Avenida,,SAN CRISTÓBAL,San CRISTÓBAL,Ripio,No existe,XIII,Dentro,Urbana,Ninguna,No existe,Intersección,Bueno,Buena,Nocturna,Buen Tiempo,Lateral,S/D,Colisión,Ninguna,Faltante,Ninguna,Sin restricción
2020,3679,2020-05-16,Sabado,21:52:00,Ruta Nacional 11,484,2,"Pickup/Utilitario,Peatón",Lehman,2,0,0,0,1,1,0,"-31.49008, -60.73185",Ruta,11,RECREO,La Capital,Asfalto,No existe,I,Dentro,Urbana,Ninguna,No existe,Recta,Bueno,Reducida,Nocturna,S/D,S/D,Peatón,Atropello,Ninguna,Faltante,Ninguna,Sin restricción
2020,3680,2020-10-13,Martes,18:00:00,Ruta Secundaria 67-s,0,2,"Bicicleta,Automóvil",Urquiza Y Mariano Moreno,2,1,0,0,1,0,0,"-31.58401, -60.93893",Ruta,67-s,FRANCK,Las Colonias,Asfalto,No existe,XI,S/D,Urbana,Ninguna,No existe,Intersección,Bueno,Buena,Diurna,Buen Tiempo,De alcance,Ciclista,Atropello,Ninguna,Vertical,Ninguna,Sin restricción
2020,3681,2020-08-04,Martes,4:00:00,Ruta Nacional 175,0,2,"Moto/Ciclomotor,Camión c / Acoplado",Cordoba Y Pte Hipolito Irigoyen,2,1,0,0,1,0,0,"-32.714414, -60.749068",Ruta,175,PUERTO SAN MARTÍN,San Lorenzo,Asfalto,No existe,XVII,Dentro,Urbana,Ninguna,No existe,Intersección,S/D,Buena,Nocturna,Buen Tiempo,De alcance,S/D,Colisión,Ninguna,Faltante,Ninguna,Sin restricción
2020,3682,2020-06-26,Viernes,,,0,2,"Moto/Ciclomotor,Moto/Ciclomotor",,2,1,0,0,0,0,1,"-31.448825188884307,-60.93028956909",S/D,,ESPERANZA,Las Colonias,S/D,S/D,XI,S/D,S/D,S/D,S/D,S/D,S/D,S/D,S/D,S/D,S/D,S/D,Colisión,S/D,S/D,S/D,S/D
2020,3683,2020-08-28,Viernes,11:40:00,,0,2,"Moto/Ciclomotor,Automóvil",Bv Rivadavia Y Pringles,2,1,0,0,1,0,0,"-30.308800576509,-61.237911206959",Calle,,SAN CRISTÓBAL,San CRISTÓBAL,Asfalto,No existe,XIII,Dentro,Urbana,Ninguna,No existe,Intersección,Bueno,Buena,Diurna,Buen Tiempo,Lateral,S/D,Colisión,Ninguna,Faltante,Ninguna,Sin restricción
2020,3684,2020-07-07,Martes,8:00:00,,0,2,"Moto/Ciclomotor,Automóvil",Belgrano Manuel Y Almafuerte,2,1,0,0,1,0,0,"-31.73271, -61.0929",S/D,,SAN CARLOS CENTRO,Las Colonias,S/D,S/D,XI,S/D,S/D,S/D,S/D,S/D,S/D,S/D,S/D,S/D,S/D,S/D,S/D,S/D,S/D,S/D,S/D