anio_acci,nro_acci,fecha,desc_dia,hora_aprox,desc_ruta,km,cant_participantes,desc_participante,calle_avenida_km,total,heridos_leves,heridos_graves,heridos_gravisimos,ilesos,fallecidos,sin_datos,posicion_XY,desc_tipo_via,desc_ruta_ori,desc_loc,desc_dpto,desc_tipo_calzada,desc_tipo_banquina,desc_unidad_regional,desc_lugar_calzada,desc_zona,desc_prioridad,desc_estado_semaforo,desc_lugar_via,desc_estado_via,desc_estado_visibilidad,desc_luminosidad,desc_estado_clima,desc_tipo_colision,desc_tipo_atropello,desc_tipo_hecho,desc_pres_calzada,desc_senializacion,desc_separacion_via,desc_restriccion
2020,3685,2020-10-10,Sabado,14:50:00,,0,2,"Automóvil,Moto/Ciclomotor",Bernardino Rivadavia Y B Mitre,3,1,0,0,2,0,0,"-31.58526, -60.93725",Calle,,FRANCK,Las Colonias,Asfalto,No existe,XI,Dentro,Urbana,Ninguna,No existe,Intersección,Bueno,Buena,Diurna,Buen Tiempo,De alcance,S/D,Colisión,Ninguna,Vertical,Ninguna,Sin restricción
2020,3686,2020-06-20,Sabado,,,0,1,Moto/Ciclomotor,,1,1,0,0,0,0,0,"-31.448825188884307,-60.93028956909",S/D,,ESPERANZA,Las Colonias,Asfalto,S/D,XI,S/D,S/D,S/D,S/D,S/D,Resbaladiza,S/D,S/D,Lluvia,S/D,S/D,Cañda ocupante,Agua,S/D,S/D,S/D
2020,3687,2020-08-04,Martes,20:00:00,Ruta Nacional 11,0,2,"Transporte de Pasajeros Urbano (> 8 asientos),Bicicleta",Av San Martin Y Moreno,2,1,0,0,1,0,0,"-32.779201853808,-60.727464634458",Ruta,11,FRAY LUIS BELTRÁN,San Lorenzo,Asfalto,Pavimento,XVII,Dentro,Urbana,Ninguna,No existe,Intersección,Otro,S/D,Nocturna,S/D,S/D,Ciclista,Atropello,Ninguna,Faltante,Ninguna,S/D
2020,3688,2020-08-09,Domingo,13:45:00,,0,2,"Automóvil,Moto/Ciclomotor",E Lopez Y Pueyrredon,3,2,0,0,1,0,0,"-30.317877531051604,-61.23405933380",Calle,,SAN CRISTÓBAL,San CRISTÓBAL,Tierra,No existe,XIII,Dentro,Urbana,Ninguna,No existe,Intersección,S/D,Buena,Diurna,Buen Tiempo,S/D,S/D,Colisión,Ninguna,Faltante,Ninguna,Sin restricción
2020,3689,2020-10-14,Miercoles,,,0,1,Moto/Ciclomotor,Av Los Colonizadores 300,1,1,0,0,0,0,0,"-31.45199, -60.91747",Calle,,ESPERANZA,Las Colonias,Asfalto,No existe,XI,Dentro,Urbana,Ninguna,No existe,Recta,Bueno,S/D,Diurna,Buen Tiempo,S/D,S/D,S/D,Ninguna,Horizontal,Cordón divisorio,Sin restricción
2020,3690,2020-06-10,Miercoles,,,0,2,"Bicicleta,Automóvil",,2,1,0,0,1,0,0,"-31.448825188884307,-60.93028956909",S/D,,ESPERANZA,Las Colonias,S/D,S/D,XI,S/D,S/D,S/D,S/D,S/D,S/D,S/D,S/D,S/D,S/D,S/D,Atropello,S/D,S/D,S/D,S/D
2020,3691,2020-08-09,Domingo,23:40:00,Ruta Nacional 11,0,2,"Automóvil,Transporte de Pasajeros Urbano (> 8 asientos)",Av San Martin Y Guido Spano,3,2,0,0,1,0,0,"-32.781902639026,-60.72664336795",Ruta,11,FRAY LUIS BELTRÁN,San Lorenzo,S/D,Ripio,XVII,Dentro,Urbana,Ninguna,No existe,Intersección,Otro,S/D,Nocturna,S/D,S/D,S/D,Colisión,Ninguna,Faltante,Ninguna,S/D
2020,3692,2020-10-11,Domingo,0:00:00,,0,2,"Moto/Ciclomotor,Automóvil",,2,1,0,0,1,0,0,"-31.448825188884307,-60.93028956909",S/D,,ROSARIO,Rosario,S/D,S/D,II,S/D,S/D,S/D,S/D,S/D,S/D,S/D,S/D,S/D,S/D,S/D,Colisión,S/D,S/D,S/D,S/D
2020,3693,2020-10-13,Martes,,,0,2,"Automóvil,Bicicleta",Santa Fe,2,1,0,0,1,0,0,"-31.468339506382, -60.938382414500",Calle,,ESPERANZA,Las Colonias,Asfalto,Pavimento,XI,Dentro,Urbana,Ninguna,No existe,Intersección,Bueno,Buena,Diurna,Buen Tiempo,S/D,Ciclista,Atropello,Ninguna,Horizontal,"Cordón divisorio,Línea divisoria pintada",Sin restricción
2020,3694,2020-07-29,Miercoles,14:50:00,,0,2,"Pickup/Utilitario,Moto/Ciclomotor",Domingo Faustino Sarmiento Y Carlos Bosch,3,1,0,0,2,0,0,"    -31.43102, -60.92592",Calle,,ESPERANZA,Las Colonias,Ripio,Pavimento,XI,Dentro,Urbana,Otra Señal,No existe,Intersección,Bueno,Buena,Diurna,Buen Tiempo,S/D,S/D,Colisión,Ninguna,Vertical,S/D,Sin restricción
2020,3695,2020-07-08,Miercoles,19:43:00,,0,2,"Moto/Ciclomotor,Automóvil",Pueyrredon Y Av Brasil,2,1,0,0,1,0,0,"-31.73271, -61.0929",S/D,,RAFAELA,Castellanos,S/D,S/D,V,S/D,S/D,S/D,S/D,S/D,S/D,S/D,S/D,S/D,S/D,S/D,S/D,S/D,S/D,S/D,S/D
2020,3696,2020-06-30,Martes,13:45:00,,0,2,"Peatón,Pickup/Utilitario",Av. Francia Y Urquiza,2,0,1,0,1,0,0,"-32.938076002544,-60.664540217063",Avenida,,ROSARIO,Rosario,Asfalto,No existe,II,Dentro,Urbana,Paso Peatonal,No existe,Intersección,Bueno,Buena,Diurna,Buen Tiempo,S/D,Peatón,Atropello,Ninguna,Horizontal,"Cordón divisorio,Vegetación",Sin restricción
2020,3697,2020-08-11,Martes,18:20:00,Ruta Nacional 11,0,2,"Moto/Ciclomotor,Peatón",Av San Martin,2,2,0,0,0,0,0,"-32.780125, -60.727216",Ruta,11,FRAY LUIS BELTRÁN,San Lorenzo,S/D,No existe,XVII,Dentro,Urbana,S/D,No existe,Recta,Otro,S/D,Diurna,S/D,S/D,Peatón,Atropello,S/D,S/D,S/D,S/D
2020,3698,2020-10-10,Sabado,,,0,2,"Automóvil,Automóvil",Laprida Y Saavedra,2,1,0,0,1,0,0,"-31.44252, -60.93432",Calle,,ESPERANZA,Las Colonias,Asfalto,No existe,XI,S/D,Urbana,Ninguna,No existe,Intersección,Bueno,Buena,Diurna,Buen Tiempo,S/D,S/D,Colisión,Ninguna,Horizontal,Cordón divisorio,Sin restricción
2020,3699,2020-10-07,Miercoles,,,0,2,"Moto/Ciclomotor,Automóvil",Superi Y Medrano,2,1,0,0,0,0,1,"-32.89624, -60.70134",S/D,,ROSARIO,Rosario,Asfalto,No existe,II,S/D,S/D,S/D,No existe,Recta,Con baches,Buena,Diurna,S/D,S/D,S/D,S/D,Ninguna,S/D,S/D,S/D
2020,3700,2020-08-31,Lunes,17:20:00,,0,2,"Pickup/Utilitario,Moto/Ciclomotor",Rivadavia Y Rondeau,2,1,0,0,1,0,0,"-29.886256132588,-61.948350490671",Calle,,CERES,San CRISTÓBAL,Asfalto,No existe,XIII,Dentro,Urbana,Ninguna,No existe,Intersección,Bueno,Buena,Diurna,Buen Tiempo,Lateral,S/D,Colisión,Ninguna,Faltante,Ninguna,Sin restricción
2020,3701,2020-06-30,Martes,20:00:00,,0,2,"Moto/Ciclomotor,Moto/Ciclomotor",Bv. Avellaneda 7000,2,1,0,0,1,0,0,"-33.019939231616,-60.689247839326",Avenida,,ROSARIO,Rosario,Asfalto,No existe,II,Dentro,Urbana,Otra Señal,No existe,Intersección,Bueno,Buena,Diurna,Buen Tiempo,S/D,S/D,Colisión,Ninguna,Vertical,Ninguna,Sin restricción
2020,3703,2020-10-10,Sabado,,,0,2,"Moto/Ciclomotor,Automóvil",Bartolome Mitre Y Marcos Avellaneda,3,1,1,0,0,0,1,"-31.45256, -60.93826",Calle,,ESPERANZA,Las Colonias,Asfalto,No existe,XI,Dentro,Urbana,Ninguna,No existe,Intersección,Bueno,S/D,Diurna,Buen Tiempo,S/D,S/D,Colisión,Ninguna,Horizontal,Cordón divisorio,Sin restricción
2020,3704,2020-08-09,Domingo,23:17:00,Ruta Provincial 30,0,1,Pickup/Utilitario,,2,1,1,0,0,0,0,"   -29.74425, -61.08284",Ruta,30,HUANQUEROS,San CRISTÓBAL,Hormigón,Ripio,XIII,Dentro,Rural,Ninguna,No existe,Recta,Bueno,Buena,Nocturna,Buen Tiempo,S/D,S/D,Vuelco,Ninguna,Faltante,Ninguna,Sin restricción
2020,3705,2020-07-21,Martes,5:15:00,,0,1,Moto/Ciclomotor,Roullon Y Bv. Segui,1,0,1,0,0,0,0,"-32.9707, -60.70099",Avenida,,ROSARIO,Rosario,Asfalto,Pavimento,II,S/D,Urbana,Semáforo,Funciona,Intersección,Bueno,Buena,"Nocturna,Con luz artificial",Buen Tiempo,Contra objeto fijo,S/D,Colisión,Ninguna,S/D,Ninguna,Sin restricción
2020,3706,2020-06-22,Lunes,21:30:00,,0,2,"Moto/Ciclomotor,Automóvil",Garzon Y Velez Sarsfield,2,1,0,0,1,0,0,"-32.925826107549,-60.706270168295",Calle,,ROSARIO,Rosario,Asfalto,No existe,II,Dentro,Urbana,Ninguna,No existe,Intersección,Bueno,Buena,"Nocturna,Con luz artificial",Buen Tiempo,S/D,S/D,Colisión,Ninguna,Faltante,Ninguna,Sin restricción
2020,3707,2020-07-30,Jueves,19:55:00,,0,2,"Moto/Ciclomotor,Pickup/Utilitario",Entre Rios Y Clarke,3,2,0,0,1,0,0,"-32.94967, -60.64187",S/D,,ROSARIO,Rosario,Hormigón,No existe,II,Dentro,Urbana,Ninguna,No existe,Intersección,Bueno,Reducida,Atardecer,Buen Tiempo,Lateral,S/D,Colisión,Ninguna,Faltante,Ninguna,Sin restricción
2020,3708,2020-10-09,Viernes,,Ruta Provincial 6,0,2,"Automóvil,Moto/Ciclomotor",Carlos Montalbetti,2,1,0,0,1,0,0,"-31.47668, -60.91924",Ruta,6,ESPERANZA,Las Colonias,Asfalto,Natural,XI,S/D,Urbana,Ninguna,No existe,Intersección,Bueno,Buena,Diurna,Buen Tiempo,S/D,S/D,Colisión,Ninguna,Horizontal,Línea divisoria pintada,Sin restricción
2020,3709,2020-08-02,Domingo,12:30:00,,0,2,"Moto/Ciclomotor,Moto/Ciclomotor",Av Gral Savio Y Julio Roca,2,2,0,0,0,0,0,"-32.7837392139,-60.73023416104",Avenida,,FRAY LUIS BELTRÁN,San Lorenzo,Asfalto,No existe,XVII,Dentro,Urbana,Ninguna,No existe,Intersección,Otro,S/D,Diurna,S/D,S/D,S/D,Colisión,Ninguna,Faltante,Ninguna,S/D
2020,3710,2020-07-27,Lunes,20:20:00,,0,2,"Automóvil,Moto/Ciclomotor",Av. Eva Peron Y Mejico,3,1,0,0,2,0,0,"-32.932, -60.71883",Avenida,,ROSARIO,Rosario,Asfalto,No existe,II,Dentro,Urbana,Ninguna,Funciona,Intersección,Bueno,Buena,Atardecer,Buen Tiempo,De alcance,S/D,Colisión,Ninguna,S/D,Cordón divisorio,Sin restricción
2020,3711,2020-06-22,Lunes,23:00:00,,0,2,"Bicicleta,Automóvil",Av. Ovidio Lagos Y Lamadrid,2,1,0,0,1,0,0,"-32.997846440095,-60.675031983696",Avenida,,ROSARIO,Rosario,Asfalto,No existe,II,Dentro,Urbana,Paso Peatonal,No existe,Intersección,Bueno,Buena,"Nocturna,Con luz artificial",Buen Tiempo,S/D,Peatón,Atropello,Ninguna,Horizontal,Cordón divisorio,Sin restricción
2020,3712,2020-08-04,Martes,23:30:00,Ruta Nacional 34,398,2,"Pickup/Utilitario,Camión c / Semirremolque",,2,1,0,0,1,0,0,"-29.807907, -62.015166",Ruta,34,CERES,San CRISTÓBAL,Asfalto,Natural,XIII,Dentro,Rural,Ninguna,No existe,Recta,Bueno,Buena,Nocturna,Buen Tiempo,Frontal,S/D,Colisión,Ninguna,Faltante,Ninguna,Sin restricción
2020,3713,2020-10-09,Viernes,,,0,2,"Automóvil,Bicicleta",Bartolome Mitre Y G Lehmann,2,1,0,0,1,0,0,"-31.44919, -60.93731",Calle,,ESPERANZA,Las Colonias,Asfalto,No existe,XI,S/D,Urbana,Ninguna,No existe,Intersección,Bueno,Buena,Diurna,Buen Tiempo,S/D,Ciclista,Atropello,Ninguna,Horizontal,Cordón divisorio,Sin restricción
2020,3714,2020-10-05,Lunes,23:50:00,,0,2,"Automóvil,Otros",Bv. Rondeau Y Washington,2,0,0,0,0,0,2,"-32.90105, -60.69062",S/D,,ROSARIO,Rosario,S/D,S/D,II,S/D,Urbana,S/D,S/D,S/D,S/D,S/D,S/D,S/D,S/D,S/D,S/D,S/D,S/D,S/D,S/D
2020,3715,2020-08-24,Lunes,14:30:00,,0,2,"Moto/Ciclomotor,Taxi/Remis",Artigas Y General Richieri,3,1,0,0,1,0,1,"-32.798102378374,-60.727228839757",Calle,,FRAY LUIS BELTRÁN,San Lorenzo,Asfalto,No existe,XVII,Dentro,Urbana,Ninguna,No existe,Intersección,Otro,S/D,Diurna,S/D,S/D,S/D,Colisión,Ninguna,Faltante,Ninguna,S/D
2020,3716,2020-07-21,Martes,8:20:00,,0,2,"Automóvil,Moto/Ciclomotor",San Nicolas 2800,3,2,0,0,1,0,0,"-32.96378, -60.67827",Calle,,ROSARIO,Rosario,Asfalto,No existe,II,Dentro,Urbana,Ninguna,No existe,Intersección,Otro,Buena,Diurna,S/D,S/D,S/D,Colisión,Otro,Faltante,Vegetación,Sin restricción
2020,3717,2020-08-12,Miercoles,11:10:00,Ruta Provincial 39,0,2,"Moto/Ciclomotor,Pickup/Utilitario",,2,0,1,0,1,0,0,"-30.194380, -61.936208",Ruta,39,VILLA TRINIDAD,San CRISTÓBAL,Asfalto,Natural,XIII,Dentro,Rural,Ninguna,No existe,Recta,Deteriorada,Buena,Diurna,Buen Tiempo,Frontal,S/D,Colisión,Ninguna,Faltante,Línea divisoria pintada,Sin restricción
2020,3718,2020-07-21,Martes,8:30:00,,0,2,"Bicicleta,Automóvil",Buenos Aires Y Saavedra,2,1,0,0,1,0,0,"-32.97892, -60.64063",Calle,,ROSARIO,Rosario,S/D,S/D,II,Dentro,Urbana,S/D,S/D,Intersección,S/D,S/D,Diurna,S/D,S/D,Ciclista,Atropello,S/D,S/D,S/D,S/D
2020,3719,2020-07-29,Miercoles,18:00:00,,0,2,"Automóvil,Bicicleta",25 de Mayo Y Moreno,2,1,0,0,1,0,0,"    -31.43864, -61.26092",Calle,,PILAR,Las Colonias,S/D,Pavimento,XI,Dentro,Urbana,Ninguna,No existe,Intersección,Bueno,Buena,Diurna,Buen Tiempo,Frontal,Ciclista,Atropello,Ninguna,Vertical,Ninguna,Sin restricción
2020,3720,2020-08-06,Jueves,13:15:00,Autopista Provincial Brigadier E.LÓPEZ,13,1,Pickup/Utilitario,,3,3,0,0,0,0,0,"-32.77516, -60.74801",Autopista,Brigadier E.LÓPEZ,FRAY LUIS BELTRÁN,San Lorenzo,Asfalto,Pavimento,XVII,Dentro,Rural,Marca Vial,No existe,Recta,Otro,S/D,Diurna,S/D,S/D,S/D,Despiste,Otro,Horizontal,Vegetación,S/D
2020,3721,2020-07-21,Martes,19:40:00,,0,2,"Moto/Ciclomotor,Automóvil",Ayacucho 6700,3,2,0,0,1,0,0,"-33.0124, -60.63559",Calle,,ROSARIO,Rosario,Asfalto,No existe,II,S/D,Urbana,Ninguna,No existe,Recta,Con baches,Buena,Atardecer,Buen Tiempo,De alcance,S/D,Colisión,Ninguna,Faltante,Ninguna,Sin restricción
2020,3722,2020-07-25,Sabado,3:15:00,Ruta Provincial 6,48.4,1,Automóvil,,1,1,0,0,0,0,0,"    -31.56797, -60.93283",Ruta,6,FRANCK,Las Colonias,Asfalto,Natural,XI,S/D,Rural,S/D,No existe,Recta,Bueno,Reducida,Nocturna,Buen Tiempo,Otro,S/D,Despiste,Ninguna,Horizontal,Ninguna,Sin restricción
2020,3723,2020-08-27,Jueves,20:20:00,Ruta Nacional 34,0,2,"Camión c / Acoplado,Automóvil",ruta pcial 39-s,2,0,1,0,1,0,0,"-30.226288, -61.728962",Ruta,34,ARRUFÓ,San CRISTÓBAL,Asfalto,Natural,XIII,Dentro,Urbana,Señal Pare,No existe,Intersección,Bueno,Reducida,Nocturna,Buen Tiempo,Lateral,S/D,Colisión,Ninguna,Vertical,Línea divisoria pintada,Sin restricción
2020,3724,2020-07-26,Domingo,6:30:00,,0,1,Moto/Ciclomotor,,1,0,1,0,0,0,0,"    -31.56444, -61.08397",Camino Rural,,SAN JERÓNIMO NORTE,Las Colonias,Ripio,Natural,XI,Dentro,Rural,Ninguna,No existe,Recta,Bueno,S/D,Nocturna,Otro,Contra objeto fijo,S/D,Colisión,Ninguna,Faltante,Ninguna,Sin restricción
2020,3725,2020-08-29,Sabado,10:15:00,Ruta Nacional 34,0,2,"Pickup/Utilitario,Automóvil",ruta pcial 39-s,5,2,0,0,3,0,0,"-30.226310, -61.728795",Ruta,34,ARRUFÓ,San CRISTÓBAL,Asfalto,Natural,XIII,Dentro,Urbana,Señal Pare,No existe,Cruce,Bueno,Buena,Diurna,Buen Tiempo,Lateral,S/D,Colisión,Ninguna,Vertical,Línea divisoria pintada,Sin restricción
2020,3726,2020-08-03,Lunes,7:10:00,Ruta Provincial 39,0,1,Moto/Ciclomotor,,1,1,0,0,0,0,0,"-30.262827, -61.490382",Ruta,39,PORTUGALETE,San CRISTÓBAL,Asfalto,Natural,XIII,Dentro,Rural,Ninguna,No existe,Recta,Bueno,Buena,Amanecer,Buen Tiempo,Atropello animal,S/D,Colisión,Ninguna,Faltante,Ninguna,Sin restricción
2020,3727,2020-10-08,Jueves,9:15:00,,0,2,"Pickup/Utilitario,Automóvil",Dr Zavalla Y Vera,3,1,0,0,2,0,0,"-31.64093, -60.71873",Calle,,SANTA FE,La Capital,Hormigón,No existe,I,S/D,Urbana,Ninguna,No existe,Intersección,Bueno,Buena,Diurna,Buen Tiempo,Lateral,S/D,Colisión,Ninguna,Faltante,Ninguna,Sin restricción
2020,3728,2020-10-03,Sabado,11:20:00,,0,2,"Automóvil,Bicicleta",Albert Sabin Y J.B.Justo,2,1,0,0,1,0,0,"-32.91431, -60.69155",S/D,,ROSARIO,Rosario,Asfalto,Pavimento,II,Dentro,Urbana,Semáforo,Funciona,Recta,Bueno,Buena,Diurna,Buen Tiempo,Frontal,Ciclista,Atropello,Ninguna,Horizontal,Barrera de hormigón,Sin restricción
2020,3729,2020-10-10,Sabado,13:25:00,,0,2,"Bicicleta,Pickup/Utilitario",Bv Pellegrini Y Av Urquiza,2,1,0,0,1,0,0,"-31.63408, -60.70984",Avenida,,SANTA FE,La Capital,Hormigón,No existe,I,Dentro,Urbana,Ninguna,Funciona,Intersección,Bueno,Buena,Diurna,Buen Tiempo,Lateral,Ciclista,Atropello,Ninguna,Vertical,Cordón divisorio,Sin restricción
2020,3730,2020-10-04,Domingo,15:10:00,,0,2,"Moto/Ciclomotor,Pickup/Utilitario",Baigorria Y Molina,2,1,0,0,1,0,0,"-32.89378, -60.70466",Calle,,ROSARIO,Rosario,Asfalto,Pavimento,II,Dentro,Urbana,Ninguna,No existe,Intersección,Bueno,Buena,Diurna,Buen Tiempo,S/D,S/D,Colisión,Ninguna,Faltante,Ninguna,S/D
2020,3731,2020-10-11,Domingo,,,0,2,"Automóvil,Moto/Ciclomotor",Francia Y Primera Junta,2,1,0,0,1,0,0,"-31.64603, -60.71461",Calle,,SANTA FE,La Capital,Hormigón,No existe,I,Dentro,Urbana,Ninguna,No existe,Intersección,Bueno,Buena,Diurna,Buen Tiempo,Lateral,S/D,Colisión,Ninguna,Faltante,Ninguna,Sin restricción
2020,3732,2020-10-13,Martes,12:30:00,,0,3,"Moto/Ciclomotor,Pickup/Utilitario,Automóvil",Av Freyre Y Mendoza,5,1,0,0,4,0,0,"-31.64623, -60.71855",Avenida,,SANTA FE,La Capital,Hormigón,No existe,I,Dentro,Urbana,Ninguna,Funciona,Intersección,Bueno,Buena,Diurna,Buen Tiempo,Lateral,S/D,Colisión,Ninguna,Faltante,Cordón divisorio,Sin restricción
2020,3733,2020-07-22,Miercoles,16:20:00,,0,2,"Automóvil,Moto/Ciclomotor",Rivadavia Y Marcos Avellaneda,3,2,0,0,1,0,0,"-31.45447, -60.92989",Avenida,,ESPERANZA,Las Colonias,Asfalto,No existe,XI,S/D,Urbana,Ninguna,No existe,Intersección,Con baches,Buena,Diurna,Buen Tiempo,Frontal,S/D,Colisión,Ninguna,Faltante,Ninguna,Sin restricción
2020,3734,2020-08-29,Sabado,4:15:00,,0,2,"Moto/Ciclomotor,Vehículo Oficial",Av Belgrano Y Yapeyu,3,0,1,0,2,0,0,"-32.807068410763,-60.728198715683",Avenida,,CAPITÁN BERMÚDEZ,San Lorenzo,Asfalto,No existe,XVII,Dentro,Urbana,Ninguna,No existe,Intersección,Bueno,Buena,"Nocturna,Con luz artificial",S/D,De alcance,S/D,Colisión,Ninguna,Faltante,Ninguna,S/D
2020,3735,2020-10-07,Miercoles,16:48:00,,0,2,"Moto/Ciclomotor,Moto/Ciclomotor",Anchoris 2829,2,2,0,0,0,0,0,"-32.88768, -60.70243",S/D,,ROSARIO,Rosario,S/D,S/D,II,S/D,S/D,S/D,S/D,S/D,S/D,S/D,S/D,S/D,S/D,S/D,S/D,S/D,S/D,S/D,S/D
2020,3736,2020-10-08,Jueves,18:30:00,,0,2,"Bicicleta,Automóvil",Entre Rios 3400,2,1,0,0,1,0,0,"-31.65827, -60.72106",Calle,,SANTA FE,La Capital,Asfalto,Pavimento,I,Dentro,Urbana,Ninguna,No existe,Recta,Bueno,Buena,Atardecer,Buen Tiempo,S/D,Ciclista,Atropello,Ninguna,Vertical,Ninguna,Sin restricción
2020,3737,2020-10-04,Domingo,4:00:00,,0,1,Moto/Ciclomotor,Bv Belgrano Y Rivadavia,1,1,0,0,0,0,0,"-32.88768, -60.70243",S/D,,ÁLVAREZ,Rosario,Asfalto,Pavimento,II,S/D,S/D,Ninguna,No existe,Recta,Bueno,Buena,Nocturna,Buen Tiempo,Otro,S/D,Cañda ocupante,Ninguna,Faltante,Cordón divisorio,Sin restricción
2020,3738,2020-10-02,Viernes,13:00:00,,0,2,"Automóvil,Moto/Ciclomotor",,2,1,0,0,1,0,0,"-32.68916, -61.52328",Calle,,ROSARIO,Rosario,Asfalto,Ripio,III,Fuera,Urbana,Ninguna,Funciona,Recta,Bueno,Buena,Diurna,Buen Tiempo,Lateral,S/D,Colisión,Ninguna,Horizontal,Ninguna,Sin restricción
2020,3739,2020-10-11,Domingo,23:30:00,,0,2,"Pickup/Utilitario,Moto/Ciclomotor",Zavalia Y Cristobal Colon,2,1,0,0,1,0,0,"-31.66906, -60.72678",Calle,,SANTA FE,La Capital,Asfalto,No existe,I,Dentro,Urbana,Ninguna,No existe,Intersección,Bueno,Buena,Nocturna,Buen Tiempo,Lateral,S/D,Colisión,Ninguna,Faltante,Ninguna,Sin restricción
2020,3740,2020-10-01,Jueves,18:30:00,,0,2,"Moto/Ciclomotor,Automóvil",Bv Belgrano Y Las Heras,2,1,0,0,1,0,0,"-33.1269, -60.80125",S/D,,ÁLVAREZ,Rosario,Asfalto,Pavimento,II,S/D,S/D,Ninguna,S/D,Recta,Bueno,Buena,Diurna,Buen Tiempo,Lateral,S/D,Colisión,Ninguna,Faltante,Ninguna,Sin restricción
2020,3741,2020-08-28,Viernes,11:39:00,,0,2,"Moto/Ciclomotor,Automóvil",Av Belgrano Y Florida,2,1,0,0,1,0,0,"-32.826221386609,-60.721723128647",Avenida,,CAPITÁN BERMÚDEZ,San Lorenzo,Asfalto,No existe,XVII,Dentro,Urbana,Ninguna,No existe,Intersección,Bueno,Buena,Diurna,S/D,S/D,S/D,Colisión,Ninguna,Faltante,Ninguna,S/D
2020,3742,2020-07-22,Miercoles,0:50:00,,0,2,"Moto/Ciclomotor,Automóvil",Av Blas Parera Y Vieytes,2,1,0,0,1,0,0,"-31.59697, -60.72274",S/D,,SANTA FE,La Capital,Asfalto,Pavimento,I,S/D,Urbana,Semáforo,Funciona,Intersección,Bueno,Buena,Nocturna,Buen Tiempo,Lateral,S/D,Colisión,Ninguna,"Horizontal,Vertical",Cordón divisorio,S/D
2020,3743,2020-10-15,Jueves,8:30:00,,0,2,"Automóvil,Moto/Ciclomotor",Bolivar Y Vera Mujica,2,1,0,0,1,0,0,"-31.66408, -60.72393",Calle,,SANTA FE,La Capital,Asfalto,No existe,I,Dentro,Urbana,Ninguna,No existe,Recta,Bueno,Buena,Diurna,Buen Tiempo,Lateral,S/D,Colisión,Ninguna,Faltante,Ninguna,Sin restricción
2020,3744,2020-08-20,Jueves,14:30:00,,0,2,"Automóvil,Moto/Ciclomotor",Dr Ghio Y Ombu,4,3,0,0,1,0,0,"-32.749121013617,-60.743726641927",Calle,,SAN LORENZO,San Lorenzo,Asfalto,No existe,XVII,Dentro,Urbana,Ninguna,No existe,Intersección,S/D,S/D,Diurna,S/D,S/D,S/D,Colisión,S/D,Faltante,Ninguna,S/D
2020,3745,2020-10-06,Martes,20:10:00,Autopista Nacional Rosario -Cordoba,302,1,Automóvil,,1,1,0,0,0,0,0,"-32.92829, -60.88546",Autopista,Rosario -Cordoba,FUNES,Rosario,Asfalto,S/D,II,S/D,S/D,Ninguna,No existe,Curva,Con baches,Buena,Nocturna,Buen Tiempo,Otro,S/D,Vuelco,Ninguna,Vertical,Vegetación,Sin restricción
2020,3746,2020-07-22,Miercoles,18:10:00,,0,4,"Automóvil,Taxi/Remis,Automóvil,Automóvil",Av Pe�aloza 6700,4,0,0,0,3,0,1,"-31.60265, -60.71267",Calle,,SANTA FE,La Capital,Asfalto,No existe,I,S/D,Urbana,Ninguna,No existe,Recta,Bueno,Buena,Diurna,Buen Tiempo,Múltiple,S/D,Colisión,Ninguna,Faltante,Ninguna,Sin restricción
2020,3747,2020-10-08,Jueves,15:15:00,,0,2,"Moto/Ciclomotor,Moto/Ciclomotor",Bv Galvez Y Necochea,2,1,0,0,1,0,0,"-31.63753, -60.69445",Avenida,,SANTA FE,La Capital,Asfalto,No existe,I,Dentro,Urbana,S/D,Funciona,Recta,Bueno,S/D,Diurna,S/D,Lateral,S/D,Colisión,S/D,S/D,S/D,S/D
2020,3748,2020-10-03,Sabado,12:40:00,,0,2,"Moto/Ciclomotor,Automóvil",Gral Paz,3,1,0,0,2,0,0,"-32.91529, -60.80682",S/D,,FUNES,Rosario,Asfalto,No existe,II,S/D,S/D,S/D,No existe,Intersección,Bueno,Buena,Diurna,Buen Tiempo,Frontal,S/D,Colisión,Ninguna,Faltante,Ninguna,Sin restricción
2020,3749,2020-10-12,Lunes,1:10:00,,0,2,"Moto/Ciclomotor,Automóvil",Av Leandro Alem,2,1,0,0,1,0,0,"-31.64297, -60.68671",Calle,,SANTA FE,La Capital,Hormigón,Pavimento,I,S/D,Urbana,S/D,Funciona,Recta,Bueno,S/D,Nocturna,S/D,Lateral,S/D,Colisión,S/D,S/D,S/D,S/D
2020,3750,2020-08-09,Domingo,17:15:00,Autopista Provincial Brigadier E.LÓPEZ,13,2,"Automóvil,Automóvil",,4,4,0,0,0,0,0,"-32.76489, -60.75206",Autopista,Brigadier E.LÓPEZ,SAN LORENZO,San Lorenzo,Asfalto,Ripio,XVII,Dentro,Rural,Ninguna,No existe,Recta,S/D,S/D,Diurna,S/D,S/D,S/D,Colisión,S/D,Horizontal,Vegetación,S/D