anio_acci,nro_acci,fecha,desc_dia,hora_aprox,desc_ruta,km,cant_participantes,desc_participante,calle_avenida_km,total,heridos_leves,heridos_graves,heridos_gravisimos,ilesos,fallecidos,sin_datos,posicion_XY,desc_tipo_via,desc_ruta_ori,desc_loc,desc_dpto,desc_tipo_calzada,desc_tipo_banquina,desc_unidad_regional,desc_lugar_calzada,desc_zona,desc_prioridad,desc_estado_semaforo,desc_lugar_via,desc_estado_via,desc_estado_visibilidad,desc_luminosidad,desc_estado_clima,desc_tipo_colision,desc_tipo_atropello,desc_tipo_hecho,desc_pres_calzada,desc_senializacion,desc_separacion_via,desc_restriccion
2020,3751,2020-07-24,Viernes,21:15:00,,0,2,"Bicicleta,Automóvil",Sarmiento Y A Gaminara,2,1,0,0,1,0,0,"    -31.73996, -61.09761",Calle,,SAN CARLOS CENTRO,Las Colonias,Asfalto,No existe,XI,Dentro,Urbana,Ninguna,No existe,Intersección,Bueno,Buena,Nocturna,Buen Tiempo,S/D,Ciclista,Atropello,Ninguna,Vertical,Ninguna,Sin restricción
2020,3752,2020-08-18,Martes,12:21:00,,0,2,"Peatón,Moto/Ciclomotor",Av. Ovidio Lagos Y Mendoza,3,2,0,0,1,0,0,"-32.947383936038,-60.662740126343",Avenida,,ROSARIO,Rosario,Asfalto,No existe,II,Dentro,Urbana,Semáforo,No existe,Intersección,Bueno,Buena,Diurna,Buen Tiempo,S/D,Peatón,Atropello,Ninguna,Vertical,Ninguna,Sin restricción
2020,3753,2020-07-22,Miercoles,18:00:00,,0,2,"Taxi/Remis,Moto/Ciclomotor",R Godoy Y Candioti,2,1,0,0,1,0,0,"-31.61715, -60.68957",Calle,,SANTA FE,La Capital,Asfalto,No existe,I,Dentro,Urbana,Ninguna,No existe,Intersección,Con baches,Buena,Atardecer,Buen Tiempo,Lateral,S/D,Colisión,Ninguna,S/D,Ninguna,Sin restricción
2020,3754,2020-10-23,Viernes,,,0,2,"Taxi/Remis,Moto/Ciclomotor",Lavalle Y Domingo Silva,2,1,0,0,1,0,0,"-32.95883, -60.693",Calle,,ROSARIO,Rosario,Asfalto,No existe,II,S/D,Urbana,S/D,No existe,Intersección,Bueno,S/D,S/D,S/D,Lateral,S/D,Colisión,S/D,S/D,S/D,S/D
2020,3755,2020-07-31,Viernes,11:00:00,,0,2,"Pickup/Utilitario,Bicicleta",Colon Y Sarmiento,2,1,0,0,1,0,0,"    -31.73901, -61.09733",Calle,,SAN CARLOS CENTRO,Las Colonias,Asfalto,No existe,XI,Dentro,Urbana,Ninguna,No existe,Intersección,Bueno,Buena,Diurna,Buen Tiempo,S/D,Ciclista,Atropello,Ninguna,Vertical,Ninguna,Sin restricción
2020,3756,2020-10-04,Domingo,12:35:00,,0,2,"Automóvil,Moto/Ciclomotor",Leandro Alem 900,3,2,0,0,1,0,0,"-32.99451, -60.76791",Calle,,PEREZ,Rosario,Asfalto,No existe,II,Dentro,Urbana,Ninguna,No existe,Recta,Bueno,Buena,Diurna,Buen Tiempo,Lateral,S/D,Colisión,Ninguna,S/D,Ninguna,Sin restricción
2020,3757,2020-07-22,Miercoles,10:00:00,,0,2,"Moto/Ciclomotor,Pickup/Utilitario",Av Facundo Zuviria Y Risso,2,1,0,0,1,0,0,"-31.5992, -60.70106",Avenida,,SANTA FE,La Capital,Asfalto,No existe,I,Dentro,Urbana,Ninguna,No existe,Intersección,Bueno,Buena,Diurna,Buen Tiempo,Lateral,S/D,Colisión,Ninguna,S/D,Ninguna,Sin restricción
2020,3758,2020-10-14,Miercoles,13:55:00,,0,2,"Automóvil,Bicicleta",Ituzaingo Y Dorrego,2,1,0,0,1,0,0,"-31.64097, -60.68755",Calle,,SANTA FE,La Capital,Asfalto,No existe,I,S/D,Urbana,S/D,No existe,Intersección,Bueno,S/D,Diurna,S/D,S/D,Ciclista,Atropello,S/D,S/D,S/D,S/D
2020,3759,2020-10-15,Jueves,20:40:00,,0,2,"Automóvil,Pickup/Utilitario",Domingo Silva Y Candioti,2,1,0,0,1,0,0,"-31.63261, -60.69412",Calle,,SANTA FE,La Capital,Asfalto,No existe,I,S/D,Urbana,S/D,No existe,Intersección,Bueno,S/D,Nocturna,S/D,Múltiple,S/D,Colisión,S/D,S/D,S/D,S/D
2020,3760,2020-07-31,Viernes,13:30:00,,0,2,"Moto/Ciclomotor,Moto/Ciclomotor",Conscriptos Muller y Colombo Y Santiago del Estero,2,2,0,0,0,0,0,"    -31.46757, -60.93909",Calle,,ESPERANZA,Las Colonias,Tierra,Ripio,XI,Dentro,Urbana,Ninguna,No existe,Intersección,Bueno,Buena,Diurna,Buen Tiempo,Lateral,S/D,Colisión,Ninguna,Faltante,Ninguna,Sin restricción
2020,3761,2020-06-01,Lunes,,,0,2,"Moto/Ciclomotor,Vehículo Oficial",Juan de Garay Y Salta,5,2,0,0,3,0,0,"-31.670128600167,-60.758121292389",Calle,,SANTO TOMÉ,La Capital,Asfalto,No existe,I,Dentro,Urbana,Ninguna,No existe,Intersección,S/D,Buena,Diurna,Buen Tiempo,S/D,S/D,Colisión,Ninguna,Faltante,Ninguna,Sin restricción
2020,3762,2020-07-22,Miercoles,20:00:00,,0,2,"Pickup/Utilitario,Moto/Ciclomotor",Av Freyre Y Monse�or Zaspe,2,1,0,0,1,0,0,"-31.65402, -60.72077",Calle,,SANTA FE,La Capital,Asfalto,No existe,I,Dentro,Urbana,Ninguna,Funciona,Intersección,Bueno,Buena,Nocturna,Buen Tiempo,Lateral,S/D,Colisión,Ninguna,Faltante,Ninguna,Sin restricción
2020,3763,2020-07-27,Lunes,11:40:00,,0,2,"Automóvil,Moto/Ciclomotor",Simon de Iriondo Y Almafuerte,2,0,1,0,1,0,0,"    -31.44042, -60.92776",Calle,,ESPERANZA,Las Colonias,Asfalto,No existe,XI,Dentro,Urbana,Ninguna,No existe,Intersección,Bueno,Buena,Diurna,Buen Tiempo,Lateral,S/D,Colisión,Ninguna,Faltante,Ninguna,Sin restricción
2020,3764,2020-10-02,Viernes,8:50:00,,0,2,"Moto/Ciclomotor,Automóvil",Jolly Medrano Y Av 9 de Julio,2,1,0,0,1,0,0,"-32.99611, -60.77115",Calle,,PEREZ,Rosario,Asfalto,No existe,II,Dentro,Urbana,Ninguna,No existe,Intersección,Bueno,Buena,Diurna,Buen Tiempo,Frontal,S/D,Colisión,Ninguna,Faltante,Ninguna,Sin restricción
2020,3765,2020-10-10,Sabado,11:05:00,,0,2,"Automóvil,Moto/Ciclomotor",Pedro Alejandro Vittori Y Luciano Molinas,2,1,0,0,1,0,0,"-31.63236, -60.69993",Calle,,SANTA FE,La Capital,Asfalto,Pavimento,I,Dentro,Urbana,Ninguna,No existe,Recta,Bueno,Buena,Diurna,Buen Tiempo,Lateral,S/D,Colisión,Ninguna,Faltante,Ninguna,Sin restricción
2020,3766,2020-07-25,Sabado,14:55:00,,0,2,"Moto/Ciclomotor,Automóvil",H Irigoyen Y Primitivo Galan,2,1,0,0,1,0,0,"    -34.26373, -62.71031",Calle,,RUFINO,General LÓPEZ,Asfalto,No existe,VII,S/D,Urbana,S/D,No existe,Intersección,Bueno,Buena,Diurna,Buen Tiempo,Lateral,S/D,Colisión,Ninguna,Vertical,Ninguna,Sin restricción
2020,3767,2020-07-22,Miercoles,19:10:00,,0,2,"Moto/Ciclomotor,Pickup/Utilitario",Corrientes Y Juan Diaz de Solis,2,1,0,0,0,0,1,"-31.65029, -60.72846",Calle,,SANTA FE,La Capital,Asfalto,No existe,I,Dentro,Urbana,Ninguna,No existe,Intersección,Bueno,Buena,Atardecer,Buen Tiempo,Lateral,S/D,Colisión,Ninguna,Faltante,Ninguna,Sin restricción
2020,3768,2020-10-02,Viernes,,Autopista Nacional A008,0,2,"Automóvil,Moto/Ciclomotor",Italia,2,1,0,0,1,0,0,"-33.00026, -60.77613",Autopista,A008,ROSARIO,Rosario,Asfalto,Pavimento,II,S/D,Urbana,Ninguna,No existe,Recta,Bueno,Buena,Diurna,Buen Tiempo,Otro,S/D,Colisión,Ninguna,S/D,Ninguna,Sin restricción
2020,3769,2020-10-13,Martes,21:30:00,,0,2,"Taxi/Remis,Bicicleta",4 de Enero Y Salta,2,1,0,0,1,0,0,"-31.64923, -60.71273",Calle,,SANTA FE,La Capital,Asfalto,Pavimento,I,Dentro,Urbana,Ninguna,No existe,Intersección,Bueno,Buena,Diurna,Buen Tiempo,S/D,Ciclista,Atropello,Ninguna,Faltante,Ninguna,Sin restricción
2020,3770,2020-07-22,Miercoles,18:00:00,,0,2,"Automóvil,Moto/Ciclomotor",Av. Pellegrini Y Magallanes,2,1,0,0,1,0,0,"-32.94833, -60.70414",Avenida,,ROSARIO,Rosario,Asfalto,Pavimento,II,Dentro,Urbana,Ninguna,No existe,Intersección,S/D,Reducida,Atardecer,S/D,S/D,S/D,Colisión,S/D,Faltante,"Cordón divisorio,Vegetación,Línea divisoria pintada",Sin restricción
2020,3771,2020-07-22,Miercoles,10:30:00,,0,2,"Moto/Ciclomotor,Automóvil",Servando Bayo Y San Luis,2,1,0,0,1,0,0,"-32.94073, -60.68523",Calle,,ROSARIO,Rosario,Asfalto,S/D,II,S/D,Urbana,S/D,S/D,Intersección,S/D,S/D,Diurna,S/D,S/D,S/D,Colisión,S/D,S/D,S/D,S/D
2020,3772,2020-10-12,Lunes,12:30:00,,0,2,"Pickup/Utilitario,Moto/Ciclomotor",Santa Fe Y J M De Rosas,2,0,0,0,1,1,0,"-30.79953,-60.59908",Calle,,SAN JUSTO,San Justo,Asfalto,No existe,XVI,Dentro,Urbana,Ninguna,No existe,Intersección,Bueno,Buena,Diurna,Buen Tiempo,Frontal,S/D,Colisión,Ninguna,Faltante,Ninguna,Sin restricción
2020,3773,2020-07-30,Jueves,20:45:00,,0,2,"Pickup/Utilitario,Moto/Ciclomotor",California Y Lisandro de la Torre,2,1,0,0,1,0,0,"    -32.77825, -61.59587",Calle,,ARMSTRONG,Belgrano,Asfalto,No existe,III,Dentro,Urbana,Ninguna,No existe,Puente,S/D,Buena,Nocturna,Buen Tiempo,Lateral,S/D,Colisión,S/D,Faltante,Ninguna,Sin restricción
2020,3774,2020-06-30,Martes,16:30:00,Ruta Secundaria 32-s,0,2,"Automóvil,Moto/Ciclomotor",Belgrano 400,2,1,0,0,1,0,0,"-32.053768385421,-61.598312682308",Ruta,32-s,CAÑADA ROSQUÍN,San MARTÍN,Asfalto,No existe,XVIII,Dentro,Urbana,Ninguna,No existe,Intersección,Bueno,S/D,Diurna,S/D,S/D,S/D,Colisión,S/D,Faltante,Ninguna,S/D
2020,3775,2020-07-22,Miercoles,9:20:00,,0,2,"Pickup/Utilitario,Automóvil",San Juan Y Parana,2,1,0,0,1,0,0,"-32.94061, -60.69234",Calle,,ROSARIO,Rosario,Asfalto,No existe,II,Dentro,Urbana,Ninguna,No existe,Recta,Bueno,Buena,Diurna,Buen Tiempo,De alcance,S/D,Colisión,Ninguna,Faltante,Ninguna,Sin restricción
2020,3776,2020-10-05,Lunes,18:15:00,Ruta Secundaria 22-s,0,2,"Automóvil,Moto/Ciclomotor",Soldado Aguirre,3,2,0,0,0,0,1,"-33.02979, -60.65602",Ruta,22-s,VILLA GOBERNADOR GÁLVEZ,Rosario,Asfalto,Ripio,II,S/D,S/D,Ninguna,No existe,Intersección,Deteriorada,Buena,Atardecer,Buen Tiempo,Lateral,S/D,Colisión,Material Suelto,Faltante,"Cordón divisorio,Línea divisoria pintada",Sin restricción
2020,3777,2020-10-15,Jueves,16:00:00,,0,2,"Moto/Ciclomotor,Bicicleta",Gral Belgrano Y Brig. Lopez,2,1,0,0,1,0,0,"-30.35545, -60.40299",Calle,,GOBERNADOR CRESPO,San Justo,Hormigón,No existe,XVI,S/D,Urbana,Ninguna,No existe,Intersección,Bueno,Buena,Diurna,Buen Tiempo,Lateral,S/D,Colisión,Ninguna,S/D,Ninguna,Sin restricción
2020,3778,2020-07-26,Domingo,21:45:00,,0,1,Moto/Ciclomotor,Buenos Aires Y Horacio Girlihg,1,1,0,0,0,0,0,"    -32.79086, -61.61164",Calle,,ARMSTRONG,Belgrano,Ripio,S/D,III,Dentro,Urbana,Ninguna,No existe,Recta,Bueno,Buena,Nocturna,Buen Tiempo,Contra objeto fijo,S/D,Colisión,Ninguna,Faltante,Ninguna,Sin restricción
2020,3779,2020-06-01,Lunes,,,0,1,Automóvil,,2,1,0,0,1,0,0,"-31.206138298026517,-60.92996460118",S/D,,CULULÚ,Las Colonias,S/D,S/D,XI,S/D,S/D,S/D,S/D,S/D,S/D,S/D,S/D,S/D,S/D,S/D,Despiste,S/D,S/D,S/D,S/D
2020,3780,2020-06-17,Miercoles,0:30:00,,0,1,Moto/Ciclomotor,1 de Mayo 1764,1,1,0,0,0,0,0,"-33.048438105846,-61.164325249122",Calle,,CASILDA,Caseros,Asfalto,No existe,IV,Dentro,Urbana,Ninguna,No existe,Recta,Bueno,Buena,Diurna,Buen Tiempo,Atropello animal,S/D,Colisión,Ninguna,Faltante,Ninguna,Sin restricción
2020,3781,2020-07-22,Miercoles,9:55:00,,0,2,"Bicicleta,Automóvil",Dean Funes Y L.N.Alem,2,1,0,0,1,0,0,"-32.97739, -60.63569",Calle,,ROSARIO,Rosario,Asfalto,No existe,II,Dentro,Urbana,Ninguna,No existe,Intersección,Bueno,Buena,Diurna,Buen Tiempo,S/D,Ciclista,Atropello,Ninguna,Faltante,Ninguna,Sin restricción
2020,3782,2020-10-01,Jueves,6:30:00,Ruta Secundaria 22-s,0,2,"Moto/Ciclomotor,Otros",,2,1,0,0,1,0,0,"-33.03036, -60.65603",Ruta,22-s,VILLA GOBERNADOR GÁLVEZ,Rosario,Asfalto,No existe,II,Dentro,Urbana,Ninguna,No existe,Recta,Bueno,Buena,Diurna,Buen Tiempo,Lateral,S/D,Colisión,Material Suelto,Faltante,"Guardarrail,Línea divisoria pintada",Sin restricción
2020,3783,2020-10-08,Jueves,19:30:00,,0,2,"Moto/Ciclomotor,Moto/Ciclomotor",Independencia Y Moreno,2,2,0,0,0,0,0,"-29.23513, -61.76868",Calle,,TOSTADO,9 de Julio,Hormigón,No existe,XII,S/D,Urbana,Ninguna,No existe,Recta,Bueno,Buena,Atardecer,Buen Tiempo,Frontal,S/D,Colisión,Ninguna,Faltante,Ninguna,Sin restricción
2020,3784,2020-07-26,Domingo,17:50:00,,0,2,"Pickup/Utilitario,Tren",Paraguay,4,2,1,0,1,0,0,"    -32.78764, -61.59685",Calle,,ARMSTRONG,Belgrano,S/D,No existe,III,S/D,Urbana,S/D,No existe,Paso a Nivel FFCC,S/D,Buena,Diurna,S/D,Lateral,S/D,Colisión,Ninguna,Faltante,Ninguna,Sin restricción
2020,3785,2020-05-18,Lunes,8:30:00,,0,2,"Moto/Ciclomotor,Pickup/Utilitario",L N Alem Y J Neme,2,0,0,0,1,1,0,"-30.79852, -60.58885",Calle,,SAN JUSTO,San Justo,Asfalto,No existe,XVI,Dentro,Urbana,Ninguna,No existe,Intersección,Bueno,Buena,Diurna,Buen Tiempo,Lateral,S/D,Colisión,Ninguna,Faltante,Ninguna,Sin restricción
2020,3786,2020-10-04,Domingo,18:00:00,,0,2,"Moto/Ciclomotor,Automóvil",UBOLDI Y OLMOS,2,1,0,0,0,0,1,"-33.03862, -60.62846",Calle,,VILLA GOBERNADOR GÁLVEZ,Rosario,Tierra,No existe,II,S/D,Urbana,Ninguna,No existe,Intersección,Con baches,Buena,Diurna,Otro,Otro,S/D,Colisión,Otro,Faltante,Ninguna,Sin restricción
2020,3787,2020-07-22,Miercoles,15:00:00,,0,2,"Moto/Ciclomotor,Automóvil",Colon 2900,3,2,0,0,0,0,1,"-32.97338, -60.63168",Calle,,ROSARIO,Rosario,Asfalto,S/D,II,S/D,Urbana,S/D,S/D,Recta,S/D,S/D,Diurna,S/D,S/D,S/D,Colisión,S/D,S/D,S/D,S/D
2020,3788,2020-06-17,Miercoles,13:00:00,Ruta Provincial 26,0,2,"Moto/Ciclomotor,Automóvil",Boulevard Lisandro de la Torre Y San Lorenzo,2,1,0,0,1,0,0,"-33.042783033369,-61.161162496589",Ruta,26,CASILDA,Caseros,Asfalto,No existe,IV,Dentro,Urbana,Otra Señal,No existe,Recta,S/D,Buena,Diurna,Buen Tiempo,Lateral,S/D,Colisión,Ninguna,Vertical,Ninguna,Sin restricción
2020,3789,2020-06-30,Martes,17:05:00,,0,1,Moto/Ciclomotor,Bme Mitre Y Lucio V Lopez,1,1,0,0,0,0,0,"-32.021914005205,-61.224767691655",Calle,,GÁLVEZ,San JERÓNIMO,Asfalto,No existe,XV,Dentro,Urbana,Ninguna,No existe,Intersección,S/D,S/D,Diurna,S/D,S/D,S/D,Cañda ocupante,S/D,Faltante,Ninguna,S/D
2020,3790,2020-10-15,Jueves,2:15:00,Ruta Secundaria 26-s,0,1,Automóvil,,4,3,0,0,1,0,0,"-33.2891, -61.0408",Ruta,26-s,VILLA MUGUETA,San Lorenzo,Tierra,No existe,XVII,S/D,Urbana,Ninguna,No existe,Recta,Bueno,Buena,Nocturna,Buen Tiempo,S/D,S/D,Despiste,Ninguna,Faltante,Ninguna,Sin restricción
2020,3791,2020-06-02,Martes,,Ruta Provincial 64,0,2,"Moto/Ciclomotor,Automóvil",Av Gral San Martin Y L N Alem,2,1,0,0,1,0,0,"-31.766978339391,-61.832141455105",Ruta,64,SASTRE,San MARTÍN,Asfalto,No existe,XVIII,Dentro,Urbana,Ninguna,No existe,Intersección,Bueno,Buena,Diurna,Buen Tiempo,S/D,S/D,Colisión,Ninguna,Faltante,Ninguna,Sin restricción
2020,3792,2020-05-19,Martes,16:15:00,,0,2,"Moto/Ciclomotor,Automóvil",Sarmiento Y Bv. Segui,2,0,0,0,1,1,0,"-32.97901, -60.64634",Calle,,ROSARIO,Rosario,Asfalto,No existe,II,Dentro,Urbana,Ninguna,No existe,Intersección,Bueno,Buena,Diurna,Buen Tiempo,Lateral,S/D,Colisión,Ninguna,Faltante,Cordón divisorio,Sin restricción
2020,3793,2020-10-08,Jueves,13:00:00,,0,2,"Automóvil,Moto/Ciclomotor",España,4,0,1,0,3,0,0,"-32.6586, -60.79309",Calle,,TIMBÚES,San Lorenzo,Ripio,No existe,XVII,Dentro,Urbana,Ninguna,No existe,Recta,Con baches,Reducida polvo,Diurna,Buen Tiempo,De alcance,S/D,Colisión,Ninguna,Faltante,Ninguna,Sin restricción
2020,3794,2020-06-17,Miercoles,16:40:00,,0,2,"Moto/Ciclomotor,Automóvil",Avda 25 de Mayo Y Dorrego,2,1,0,0,1,0,0,"-32.027994909136,-61.218344175465",Avenida,,GÁLVEZ,San JERÓNIMO,Asfalto,No existe,XV,Dentro,Urbana,Ninguna,S/D,Intersección,Bueno,Buena,Diurna,Buen Tiempo,Lateral,S/D,Colisión,Ninguna,S/D,S/D,Sin restricción
2020,3795,2020-06-29,Lunes,9:00:00,Ruta Nacional 11,480,1,Automóvil,,1,1,0,0,0,0,0,"-31.52969, -60.7226",Ruta,11,RECREO,La Capital,Asfalto,Ripio,I,Dentro,Rural,S/D,No existe,Recta,S/D,S/D,Diurna,S/D,Contra objeto fijo,S/D,Colisión,S/D,Faltante,S/D,S/D
2020,3796,2020-06-03,Miercoles,,,0,2,"Moto/Ciclomotor,Automóvil",Boulevard 25 de Mayo Y Mendoza,2,1,0,0,1,0,0,"-33.053019775774,-61.170418409258",Avenida,,CASILDA,Caseros,Hormigón,No existe,IV,Dentro,Urbana,Ninguna,No existe,Intersección,Bueno,Buena,S/D,Buen Tiempo,S/D,S/D,Colisión,Ninguna,Faltante,Ninguna,Sin restricción
2020,3797,2020-07-30,Jueves,9:05:00,Ruta Nacional 178,0,2,"Automóvil,Camión Chasis",,2,1,0,0,1,0,0,"    -32.68078, -61.52676",Ruta,178,ARMSTRONG,Belgrano,Asfalto,Ripio,III,Dentro,Urbana,S/D,Funciona,Recta,Bueno,Buena,Diurna,Buen Tiempo,Frontal,S/D,Colisión,Ninguna,Horizontal,Línea divisoria pintada,Sin restricción
2020,3798,2020-10-02,Viernes,18:30:00,,0,2,"Automóvil,Moto/Ciclomotor",J.D PERON Y SARMIENTO,2,1,0,0,1,0,0,"-33.07257, -60.57064",S/D,,PUEBLO ESTHER,Rosario,Asfalto,S/D,II,S/D,S/D,S/D,S/D,Intersección,S/D,S/D,S/D,S/D,S/D,S/D,S/D,S/D,S/D,S/D,S/D
2020,3799,2020-10-14,Miercoles,11:30:00,,0,2,"Automóvil,Moto/Ciclomotor",Gral Roca Y Lucia Miranda,2,1,0,0,1,0,0,"-32.66642, -60.79272",Calle,,TIMBÚES,San Lorenzo,Hormigón,No existe,XVII,S/D,Urbana,Ninguna,No existe,Intersección,Bueno,Buena,Diurna,Buen Tiempo,De alcance,S/D,Colisión,Ninguna,Faltante,Ninguna,Sin restricción
2020,3800,2020-07-25,Sabado,19:00:00,,0,2,"Moto/Ciclomotor,Pickup/Utilitario",Bv San Martin Y Rivadavia,2,1,0,0,1,0,0,"    -32.90008, -60.90878",Calle,,ROLDÁN,San Lorenzo,Asfalto,Pavimento,XVII,Dentro,Urbana,Otra Señal,No existe,Intersección,Bueno,Buena,Atardecer,Buen Tiempo,Lateral,S/D,Colisión,Ninguna,Horizontal,Cordón divisorio,Sin restricción
2020,3801,2020-07-29,Miercoles,18:55:00,,0,2,"Moto/Ciclomotor,Moto/Ciclomotor",Urquiza 700,3,3,0,0,0,0,0,"    -32.90741, -60.90923",Calle,,ROLDÁN,San Lorenzo,Asfalto,Natural,XVII,Dentro,Urbana,Ninguna,No existe,Recta,Bueno,Reducida polvo,Atardecer,Buen Tiempo,Lateral,S/D,Colisión,Ninguna,Horizontal,Ninguna,Sin restricción
2020,3802,2020-07-23,Jueves,14:00:00,,0,2,"Automóvil,Moto/Ciclomotor",C Escalada Y Entre Rios,3,0,2,0,1,0,0,"-32.81944, -60.71502",Calle,,CAPITÁN BERMÚDEZ,San Lorenzo,Asfalto,Pavimento,XVII,Dentro,Urbana,S/D,No existe,Cruce,Bueno,Buena,Atardecer,S/D,S/D,S/D,Colisión,Ninguna,Faltante,S/D,S/D
2020,3803,2020-10-14,Miercoles,16:40:00,,0,2,"Moto/Ciclomotor,Moto/Ciclomotor",Genaro Roldan Y Clemente Albelo,3,0,1,0,2,0,0,"-32.73182, -60.7403",Calle,,SAN LORENZO,San Lorenzo,Hormigón,No existe,XVII,S/D,Urbana,S/D,No existe,Recta,S/D,S/D,S/D,S/D,S/D,S/D,Colisión,S/D,S/D,S/D,S/D
2020,3804,2020-05-25,Lunes,2:20:00,Autopista Nacional A008,20,1,Moto/Ciclomotor,Av. Circunvalacion Y San Martin,1,0,0,0,0,1,0,"-33.016284, -60.652166",Autopista,A008,ROSARIO,Rosario,Asfalto,No existe,II,Dentro,Urbana,Ninguna,No existe,Intersección,Bueno,Buena,"Nocturna,Con luz artificial",S/D,S/D,S/D,Cañda ocupante,Ninguna,Faltante,Ninguna,Sin restricción
2020,3805,2020-06-01,Lunes,20:20:00,Autopista Provincial Brigadier E.LÓPEZ,78,2,"Camión c / Acoplado,Automóvil",,2,0,1,0,1,0,0,"-32.24523246288301,-60.994876027107",Autopista,Brigadier E.LÓPEZ,BARRANCAS,San JERÓNIMO,Hormigón,Pavimento,XV,Dentro,Rural,Ninguna,No existe,Recta,Bueno,Buena,Diurna,Buen Tiempo,De alcance,S/D,Colisión,Ninguna,Horizontal,Línea divisoria pintada,Sin restricción
2020,3806,2020-05-25,Lunes,23:44:00,,0,1,Moto/Ciclomotor,Francia Y E Gimenez,1,0,0,0,0,1,0,"-31.24931, -61.47311",Calle,,RAFAELA,Castellanos,Asfalto,No existe,V,Dentro,Urbana,Ninguna,No existe,Intersección,Bueno,S/D,Nocturna,S/D,Contra objeto fijo,S/D,Colisión,Ninguna,Faltante,Ninguna,Sin restricción
2020,3807,2020-10-08,Jueves,15:00:00,Ruta Nacional 11,0,2,"Moto/Ciclomotor,Camión Chasis",Yapeyu Y Ruta Nac 11,2,1,0,0,1,0,0,"-32.70586, -60.76269",Ruta,11,PUERTO SAN MARTÍN,San Lorenzo,Asfalto,Natural,XVII,S/D,Rural,Ninguna,No existe,Intersección,Deteriorada,Buena,Diurna,Buen Tiempo,Lateral,S/D,Colisión,S/D,S/D,Ninguna,Sin restricción
2020,3808,2020-07-23,Jueves,12:00:00,,0,2,"Pickup/Utilitario,Moto/Ciclomotor",Peru Y España,4,2,0,0,2,0,0,"-32.72372, -60.73677",Calle,,SAN LORENZO,San Lorenzo,Asfalto,No existe,XVII,S/D,Urbana,S/D,No existe,Intersección,Bueno,Buena,Diurna,Buen Tiempo,S/D,S/D,Colisión,S/D,S/D,S/D,S/D
2020,3809,2020-10-04,Domingo,18:00:00,,0,2,"Automóvil,Moto/Ciclomotor",Sanchez de Loria Y J.B.Justo,3,0,2,0,1,0,0,"-32.93626, -60.73184",S/D,,ROSARIO,Rosario,Asfalto,No existe,II,Dentro,Urbana,Ninguna,No existe,Intersección,S/D,Buena,Diurna,S/D,S/D,S/D,S/D,S/D,Faltante,Ninguna,S/D
2020,3810,2020-06-28,Domingo,,,0,2,"Moto/Ciclomotor,Moto/Ciclomotor",ANTARTIDA ARGENTINA  Y GDOR TESSIO,2,1,1,0,0,0,0,"-33.760446,-61.94015",Calle,,VENADO TUERTO,General LÓPEZ,S/D,No existe,VIII,Dentro,Urbana,S/D,S/D,Intersección,S/D,S/D,S/D,S/D,S/D,S/D,Colisión,S/D,S/D,Ninguna,S/D
2020,3811,2020-07-29,Miercoles,20:30:00,,0,2,"Bicicleta,Moto/Ciclomotor",Piton Y Falucho,2,1,0,0,1,0,0,"    -32.71083, -60.73601",Calle,,PUERTO SAN MARTÍN,San Lorenzo,Asfalto,No existe,XVII,Dentro,Urbana,Ninguna,No existe,Intersección,S/D,Buena,Nocturna,Buen Tiempo,Lateral,Ciclista,Atropello,Ninguna,S/D,Ninguna,Sin restricción
2020,3812,2020-10-09,Viernes,10:20:00,,0,2,"Moto/Ciclomotor,Pickup/Utilitario",Chaco Y Bolivia,3,1,0,0,2,0,0,"-32.71146, -60.76521",Calle,,PUERTO SAN MARTÍN,San Lorenzo,Asfalto,No existe,XVII,S/D,Urbana,Ninguna,No existe,Intersección,Bueno,Buena,Diurna,Buen Tiempo,Lateral,S/D,Colisión,Ninguna,Horizontal,Ninguna,Sin restricción
2020,3813,2020-05-27,Miercoles,11:00:00,,0,2,"Camión c / Acoplado,Bicicleta",General Paz Y Aristobulo del Valle,2,0,0,0,1,1,0,"-32.237972, -60.979023",Calle,,BARRANCAS,San JERÓNIMO,S/D,S/D,XV,Dentro,Urbana,S/D,S/D,Intersección,S/D,S/D,Diurna,S/D,S/D,Ciclista,Atropello,S/D,S/D,S/D,S/D
2020,3814,2020-06-02,Martes,14:30:00,Autopista Provincial Brigadier E.LÓPEZ,19,1,Automóvil,,2,1,1,0,0,0,0,"-32.7234436004451, -60.767528560015",Autopista,Brigadier E.LÓPEZ,PUERTO SAN MARTÍN,San Lorenzo,Asfalto,Pavimento,XVII,Dentro,Urbana,Ninguna,No existe,Recta,Bueno,Buena,Diurna,Buen Tiempo,S/D,S/D,Vuelco,Ninguna,Horizontal,Línea divisoria pintada,Sin restricción
2020,3815,2020-06-17,Miercoles,19:55:00,,0,2,"Moto/Ciclomotor,Automóvil",,3,2,0,0,1,0,0,"-28.67178241189822,-59.845568480573",Calle,,TARTAGAL,Vera,S/D,S/D,XIX,Dentro,Urbana,S/D,S/D,Intersección,S/D,S/D,Nocturna,S/D,Lateral,S/D,Colisión,S/D,S/D,S/D,Sin restricción