anio_acci,nro_acci,fecha,desc_dia,hora_aprox,desc_ruta,km,cant_participantes,desc_participante,calle_avenida_km,total,heridos_leves,heridos_graves,heridos_gravisimos,ilesos,fallecidos,sin_datos,posicion_XY,desc_tipo_via,desc_ruta_ori,desc_loc,desc_dpto,desc_tipo_calzada,desc_tipo_banquina,desc_unidad_regional,desc_lugar_calzada,desc_zona,desc_prioridad,desc_estado_semaforo,desc_lugar_via,desc_estado_via,desc_estado_visibilidad,desc_luminosidad,desc_estado_clima,desc_tipo_colision,desc_tipo_atropello,desc_tipo_hecho,desc_pres_calzada,desc_senializacion,desc_separacion_via,desc_restriccion
2020,3883,2020-10-10,Sabado,17:55:00,,0,2,"Moto/Ciclomotor,Automóvil",Lamadrid Y Bv. Avellaneda,3,2,0,0,1,0,0,"-32.99829, -60.68882",Calle,,ROSARIO,Rosario,Asfalto,No existe,II,Dentro,Urbana,Ninguna,No existe,Intersección,Bueno,Buena,Atardecer,Buen Tiempo,Lateral,S/D,Colisión,Ninguna,Faltante,Ninguna,Sin restricción
2020,3884,2020-07-23,Jueves,18:45:00,,0,2,"Moto/Ciclomotor,Pickup/Utilitario",Saavedra Y Laprida,4,1,0,0,3,0,0,"-32.97864, -60.64218",Calle,,ROSARIO,Rosario,Asfalto,No existe,II,Dentro,Urbana,Ninguna,No existe,Intersección,S/D,S/D,Atardecer,S/D,Lateral,S/D,Colisión,Otro,Faltante,Ninguna,Sin restricción
2020,3885,2020-10-06,Martes,12:10:00,,0,2,"Bicicleta,Automóvil",Laprida Y Anchorena,2,1,0,0,1,0,0,"-32.99777, -60.64716",Calle,,ROSARIO,Rosario,Asfalto,No existe,II,Dentro,Urbana,Ninguna,No existe,Intersección,Con baches,Buena,Diurna,Buen Tiempo,Lateral,Ciclista,Atropello,Ninguna,Vertical,Ninguna,Sin restricción
2020,3886,2020-10-09,Viernes,17:50:00,Ruta Provincial 21,0,2,"Moto/Ciclomotor,Automóvil",Av. Circunvalacion Y San Martin,2,1,0,0,1,0,0,"-33.01669, -60.63383",Ruta,21,ROSARIO,Rosario,Asfalto,No existe,II,S/D,Urbana,Semáforo,Funciona,Intersección,Bueno,Buena,Diurna,Buen Tiempo,De alcance,S/D,Colisión,Ninguna,Horizontal,Cordón divisorio,Sin restricción
2020,3887,2020-10-15,Jueves,19:15:00,,0,2,"Automóvil,Bicicleta",Presbitero Jose Houriet Y Ruta Nacional 11,4,1,0,0,3,0,0,"-29.464579, -60.194588",Calle,,ROSARIO,Rosario,Asfalto,Ripio,II,Dentro,Urbana,Marca Vial,No existe,Recta,S/D,S/D,Diurna,S/D,S/D,Ciclista,Atropello,S/D,Horizontal,Línea divisoria pintada,S/D
2020,3888,2020-10-09,Viernes,19:10:00,,0,2,"Bicicleta,Pickup/Utilitario",España Y Av. Battle y Ordo�ez,2,1,0,0,1,0,0,"-33.00916, -60.65731",Calle,,ROSARIO,Rosario,Asfalto,No existe,II,Dentro,Urbana,Ninguna,Funciona,Intersección,Bueno,Buena,Atardecer,Buen Tiempo,S/D,Ciclista,Atropello,Ninguna,Faltante,Ninguna,Sin restricción
2020,3889,2020-10-14,Miercoles,15:10:00,,0,2,"Automóvil,Automóvil",Biedma Y Amenabar,2,2,0,0,0,0,0,"-32.97198, -60.64601",S/D,,ROSARIO,Rosario,Asfalto,No existe,II,S/D,S/D,Ninguna,No existe,Intersección,Bueno,Buena,Diurna,Buen Tiempo,Lateral,S/D,Colisión,Ninguna,Faltante,Ninguna,Sin restricción
2020,3890,2020-07-23,Jueves,12:20:00,,0,2,"Automóvil,Pickup/Utilitario",Estado de Israel Y Av. Corrientes,4,2,0,0,2,0,0,"-32.99198, -60.6537",Calle,,ROSARIO,Rosario,Hormigón,No existe,II,Dentro,Urbana,Ninguna,No existe,Intersección,Con baches,Reducida polvo,Diurna,Buen Tiempo,Lateral,S/D,Colisión,Ninguna,Faltante,Ninguna,Sin restricción
2020,3891,2020-10-09,Viernes,8:50:00,,0,2,"Bicicleta,Automóvil",Ayacucho Y Benito Juarez,2,1,0,0,0,0,1,"-32.99254, -60.6368",Calle,,ROSARIO,Rosario,Asfalto,No existe,II,Dentro,Urbana,Ninguna,No existe,Intersección,Bueno,Buena,Diurna,Buen Tiempo,S/D,Ciclista,Atropello,Ninguna,Faltante,Ninguna,Sin restricción
2020,3892,2020-10-08,Jueves,19:45:00,Ruta Provincial 22,0,2,"Moto/Ciclomotor,Automóvil",San Martin Y Arequito,2,1,0,0,1,0,0,"-33.01745, -60.65251",Ruta,22,ROSARIO,Rosario,Asfalto,No existe,II,Dentro,Urbana,Ninguna,S/D,Intersección,Bueno,Buena,Diurna,Buen Tiempo,Lateral,S/D,Colisión,Ninguna,Faltante,Ninguna,Sin restricción
2020,3893,2020-10-03,Sabado,18:30:00,,0,2,"Moto/Ciclomotor,Moto/Ciclomotor",Sadi Carnot Y Rui Barbosa,3,3,0,0,0,0,0,"-33.00635, -60.64856",Calle,,ROSARIO,Rosario,Asfalto,No existe,II,Dentro,Urbana,Ninguna,No existe,Intersección,Bueno,Buena,Diurna,Buen Tiempo,Lateral,S/D,Colisión,Ninguna,Faltante,Ninguna,Sin restricción
2020,3895,2020-10-13,Martes,8:00:00,,0,2,"Automóvil,Pickup/Utilitario",Necochea Y Virasoro,2,1,0,0,1,0,0,"-32.97243, -60.63004",Calle,,ROSARIO,Rosario,Asfalto,No existe,II,Dentro,Urbana,Ninguna,S/D,Intersección,Bueno,Buena,Diurna,Buen Tiempo,Lateral,S/D,Colisión,Ninguna,Faltante,Ninguna,Sin restricción
2020,3896,2020-07-23,Jueves,13:35:00,Autopista Provincial Brigadier E.LÓPEZ,1,3,"Automóvil,Camión c / Acoplado,Camión c / Acoplado",,6,5,0,0,1,0,0,"-32.87479, -60.71614",Autopista,Brigadier E.LÓPEZ,ROSARIO,Rosario,Hormigón,No existe,II,Dentro,Urbana,S/D,Funciona,Recta,Otro,Reducida,Nocturna,S/D,Múltiple,S/D,Colisión,Fluidos,Horizontal,Vegetación,Sin restricción
2020,3897,2020-10-13,Martes,13:40:00,,0,2,"Moto/Ciclomotor,Automóvil",Centeno Y L.N.Alem,3,1,1,0,1,0,0,"-32.9866, -60.63797",Calle,,ROSARIO,Rosario,Asfalto,No existe,II,S/D,Urbana,Ninguna,No existe,Intersección,Bueno,Buena,Diurna,Buen Tiempo,Lateral,S/D,Colisión,Ninguna,Faltante,Ninguna,Sin restricción
2020,3898,2020-10-06,Martes,18:35:00,,0,2,"Moto/Ciclomotor,Automóvil",San Martin Y Garibaldi,2,1,0,0,1,0,0,"-32.98655, -60.64562",Avenida,,ROSARIO,Rosario,Asfalto,No existe,II,Dentro,Urbana,Ninguna,No existe,Intersección,Bueno,Buena,Atardecer,Buen Tiempo,Lateral,S/D,Colisión,Ninguna,Faltante,Ninguna,Sin restricción
2020,3899,2020-10-10,Sabado,14:00:00,Ruta Provincial 2,0,2,"Automóvil,Moto/Ciclomotor",Tucuman Y Av L de la Torre,3,1,0,0,2,0,0,"-31.29502, -60.65633",Ruta,2,LAGUNA PAIVA,La Capital,Asfalto,S/D,I,S/D,Urbana,Ninguna,No existe,Recta,Bueno,Buena,Diurna,Buen Tiempo,Lateral,S/D,Colisión,Ninguna,Faltante,Línea divisoria pintada,Sin restricción
2020,3900,2020-06-26,Viernes,19:30:00,,0,2,"Moto/Ciclomotor,Automóvil",Buenos Aires Y Independencia,2,1,0,0,1,0,0,"-32.052993178367636,-61.59447312355",Calle,,CAÑADA ROSQUÍN,San MARTÍN,Asfalto,No existe,XVIII,Dentro,Urbana,Ninguna,No existe,Intersección,S/D,S/D,Atardecer,S/D,S/D,S/D,Colisión,S/D,Faltante,Ninguna,S/D
2020,3901,2020-06-08,Lunes,21:50:00,,0,1,Moto/Ciclomotor,Bv. Avellaneda Y Pje. Cagancha,1,1,0,0,0,0,0,"-32.982073, -60.688583",Avenida,,ROSARIO,Rosario,Asfalto,No existe,II,Dentro,Urbana,Ninguna,No existe,Intersección,"Con baches,Deteriorada",Buena,Nocturna,Buen Tiempo,Contra objeto fijo,S/D,Colisión,Ninguna,Faltante,Cordón divisorio,Sin restricción
2020,3902,2020-06-21,Domingo,,,0,2,"Pickup/Utilitario,Pickup/Utilitario",Boulevard Ovidio Lagos Y  General Juan Las Heras,2,1,0,0,1,0,0,"-33.040282130241394,-61.16783559322",Avenida,,CASILDA,Caseros,Asfalto,No existe,IV,Dentro,Urbana,Ninguna,No existe,Intersección,Bueno,S/D,S/D,S/D,Lateral,S/D,Colisión,Ninguna,Faltante,"Cordón divisorio,Vegetación",Sin restricción
2020,3903,2020-10-14,Miercoles,19:50:00,,0,2,"Moto/Ciclomotor,Bicicleta",,2,2,0,0,0,0,0,"-31.55456, -60.68474",Avenida,,ANGEL GALLARDO,La Capital,Asfalto,Natural,I,Dentro,Urbana,Ninguna,No existe,Recta,Bueno,Buena,Nocturna,Buen Tiempo,S/D,Ciclista,Atropello,Ninguna,Faltante,Ninguna,Sin restricción
2020,3904,2020-06-08,Lunes,,,0,1,Moto/Ciclomotor,26 de Agosto Y Bv. Rondeau,1,1,0,0,0,0,0,"-32.873845341853,-60.698897267272",Avenida,,ROSARIO,Rosario,Asfalto,No existe,II,Dentro,Urbana,Ninguna,No existe,Intersección,Bueno,Buena,S/D,Buen Tiempo,S/D,S/D,Cañda ocupante,Ninguna,Horizontal,"Cordón divisorio,Vegetación,Línea divisoria pintada",Sin restricción
2020,3905,2020-10-08,Jueves,9:30:00,Ruta Provincial 1,0,2,"Camión c / Acoplado,Camión c / Acoplado",,3,1,0,0,2,0,0,"-31.62288, -60.59859",Ruta,1,COLASTINE,La Capital,Asfalto,Natural,I,Dentro,Urbana,Ninguna,No existe,Recta,Bueno,Buena,Diurna,Buen Tiempo,Lateral,S/D,Colisión,Ninguna,Faltante,Guardarrail,Sin restricción
2020,3906,2020-10-15,Jueves,0:20:00,Ruta Provincial 1,0,2,"Pickup/Utilitario,Automóvil",,3,1,0,0,2,0,0,"-31.63249, -60.61594",Ruta,1,COLASTINE,La Capital,Asfalto,Natural,I,S/D,Urbana,Semáforo,No existe,Recta,Bueno,Buena,Nocturna,Buen Tiempo,De alcance,S/D,Colisión,Ninguna,Vertical,Cordón divisorio,Sin restricción
2020,3907,2020-10-01,Jueves,16:55:00,,0,2,"Moto/Ciclomotor,Automóvil",San Martin Y Cabildo,3,1,0,0,2,0,0,"-33.00742, -60.65018",Calle,,ROSARIO,Rosario,Asfalto,No existe,II,Dentro,Urbana,S/D,No existe,Intersección,Bueno,Buena,Diurna,S/D,S/D,S/D,S/D,Ninguna,Faltante,S/D,S/D
2020,3908,2020-07-28,Martes,7:45:00,,0,2,"Moto/Ciclomotor,Automóvil",Av Pe�aloza Y Pavon,2,1,0,0,1,0,0,"    -31.59193, -60.71205",Avenida,,SANTA FE,La Capital,Asfalto,Pavimento,I,Dentro,Urbana,Ninguna,No existe,Intersección,Bueno,Buena,Diurna,S/D,Lateral,S/D,Colisión,Ninguna,Faltante,Cordón divisorio,Sin restricción
2020,3909,2020-06-08,Lunes,16:30:00,Ruta Nacional 98,0,2,"Pickup/Utilitario,Moto/Ciclomotor",La Pampa Y Reconquista,2,1,0,0,1,0,0,"-29.220121647622,-61.76631248949",Ruta,98,TOSTADO,9 de Julio,"Asfalto,Ripio",No existe,XII,Dentro,Urbana,Ninguna,No existe,Intersección,Bueno,Buena,Diurna,Buen Tiempo,Lateral,S/D,Colisión,Ninguna,Faltante,Ninguna,Sin restricción
2020,3910,2020-06-26,Viernes,,,0,1,Moto/Ciclomotor,,2,2,0,0,0,0,0,"-32.25814, -60.96233",Camino Rural,,BARRANCAS,San JERÓNIMO,S/D,No existe,XV,Dentro,Rural,S/D,S/D,Recta,S/D,S/D,Diurna,S/D,S/D,S/D,Cañda ocupante,S/D,S/D,S/D,S/D
2020,3911,2020-10-02,Viernes,13:00:00,,0,2,"Moto/Ciclomotor,Automóvil",Hilarion de la Quintana Y Laprida,2,1,0,0,1,0,0,"-32.98322, -60.64332",Calle,,ROSARIO,Rosario,Asfalto,No existe,II,Dentro,Urbana,Ninguna,No existe,Intersección,Bueno,Buena,Diurna,Buen Tiempo,Lateral,S/D,Colisión,Ninguna,Faltante,Ninguna,Sin restricción
2020,3912,2020-06-21,Domingo,,,0,2,"Pickup/Utilitario,Automóvil",SAN MARTIN  Y E CIANCIO,2,1,0,0,1,0,0,"-33.60514461994171,-61.613323688507",Calle,,CHOVET,General LÓPEZ,Asfalto,S/D,VIII,Dentro,Urbana,S/D,S/D,Intersección,S/D,S/D,S/D,S/D,Lateral,S/D,Colisión,S/D,S/D,S/D,S/D
2020,3913,2020-10-14,Miercoles,9:15:00,,0,2,"Moto/Ciclomotor,Automóvil",Aritobulo del Valle Y Juan Jose Castelli,2,1,0,0,1,0,0,"-31.6762, -60.76752",Calle,,SANTO TOMÉ,La Capital,Asfalto,No existe,I,Dentro,Urbana,Ninguna,No existe,Intersección,Bueno,Buena,Diurna,Buen Tiempo,De alcance,S/D,Colisión,Ninguna,Faltante,Ninguna,Sin restricción
2020,3914,2020-10-02,Viernes,12:30:00,,0,2,"Moto/Ciclomotor,Automóvil",Pte.Roca Y Dr.Rivas,3,2,0,0,1,0,0,"-32.98244, -60.65445",S/D,,ROSARIO,Rosario,Asfalto,No existe,II,S/D,S/D,Ninguna,No existe,Intersección,Bueno,Buena,Diurna,Buen Tiempo,Lateral,S/D,Colisión,Ninguna,Faltante,Ninguna,Sin restricción
2020,3915,2020-06-26,Viernes,,,0,2,"Moto/Ciclomotor,Bicicleta",,2,2,0,0,0,0,0,"-28.222675323486346,-61.52950465679",S/D,,GREGORIA P. DE DENIS,9 de Julio,S/D,No existe,XII,Dentro,Urbana,S/D,S/D,S/D,S/D,S/D,S/D,S/D,S/D,Ciclista,Atropello,S/D,S/D,S/D,S/D
2020,3916,2020-10-15,Jueves,13:20:00,,0,2,"Moto/Ciclomotor,Moto/Ciclomotor",Valentin Alsina Y Juan Bautista Alberdi,2,1,0,0,1,0,0,"-31.68251, -60.7611",Calle,,SANTO TOMÉ,La Capital,Asfalto,No existe,I,S/D,Urbana,Ninguna,No existe,Intersección,Bueno,Buena,Diurna,Buen Tiempo,De alcance,S/D,Colisión,Ninguna,Faltante,Ninguna,Sin restricción
2020,3917,2020-07-30,Jueves,22:45:00,,0,2,"Pickup/Utilitario,Bicicleta",French Y Rivadavia,2,1,0,0,1,0,0,"    -31.59331, -60.68857",Avenida,,SANTA FE,La Capital,Asfalto,S/D,I,Dentro,Urbana,Ninguna,S/D,Intersección,Bueno,S/D,Nocturna,Buen Tiempo,S/D,Ciclista,Atropello,S/D,Vertical,Cordón divisorio,Sin restricción
2020,3918,2020-06-08,Lunes,,,0,1,Moto/Ciclomotor,Avenida Independencia Y Guemes,2,2,0,0,0,0,0,"-31.857392810405,-61.571957737701",Avenida,,SAN MARTIN DE LAS ESCOBAS,San MARTÍN,S/D,No existe,XVIII,Dentro,Urbana,S/D,S/D,Intersección,S/D,Buena,S/D,S/D,Contra objeto fijo,S/D,Colisión,Material Suelto,S/D,S/D,Sin restricción
2020,3919,2020-10-03,Sabado,10:51:00,,0,2,"Moto/Ciclomotor,Automóvil",Sarmiento Y 24 De Setiembre,2,1,0,0,1,0,0,"-32.98022, -60.64664",Calle,,ROSARIO,Rosario,Asfalto,No existe,II,Dentro,Urbana,Ninguna,No existe,Intersección,Bueno,Buena,Diurna,Buen Tiempo,Lateral,S/D,Colisión,Ninguna,Faltante,Ninguna,Sin restricción
2020,3920,2020-10-08,Jueves,17:15:00,,0,2,"Automóvil,Moto/Ciclomotor",Juan Jose Paso Y  Frenguelli,2,1,0,0,1,0,0,"-31.69059, -60.78256",Calle,,SANTO TOMÉ,La Capital,Asfalto,Pavimento,I,Dentro,Urbana,Ninguna,No existe,Intersección,Bueno,Buena,Diurna,Buen Tiempo,De alcance,S/D,Colisión,Ninguna,Faltante,Cordón divisorio,Sin restricción
2020,3921,2020-07-31,Viernes,8:30:00,,0,2,"Pickup/Utilitario,Moto/Ciclomotor",Av A del Valle 10400,2,1,0,0,1,0,0,"    -31.57156, -60.68988",Avenida,,SANTA FE,La Capital,Asfalto,S/D,I,Dentro,Urbana,Ninguna,No existe,Recta,Bueno,S/D,Diurna,Buen Tiempo,S/D,S/D,Colisión,Ninguna,Vertical,Guardarrail,Sin restricción
2020,3922,2020-10-11,Domingo,19:55:00,Ruta Nacional 11,0,2,"Automóvil,Moto/Ciclomotor",Aragon,2,0,1,0,1,0,0,"-31.26416, -60.75844",Ruta,11,NELSON,La Capital,Asfalto,Natural,I,Dentro,Urbana,Ninguna,No existe,Intersección,Bueno,Buena,Atardecer,Buen Tiempo,Lateral,S/D,Colisión,Ninguna,Horizontal,Línea divisoria pintada,Sin restricción
2020,3923,2020-10-03,Sabado,12:45:00,,0,2,"Moto/Ciclomotor,Pickup/Utilitario",Dean Funes,2,1,0,0,1,0,0,"-32.97004, -60.67697",Calle,,ROSARIO,Rosario,Asfalto,No existe,II,Dentro,Urbana,Ninguna,S/D,Intersección,Bueno,Buena,Diurna,Buen Tiempo,Lateral,S/D,Colisión,Ninguna,Faltante,Ninguna,Sin restricción
2020,3924,2020-10-11,Domingo,1:35:00,,0,2,"Moto/Ciclomotor,Pickup/Utilitario",Regis Martinez Y Avellaneda,4,3,0,0,1,0,0,"-31.62239, -60.68319",Calle,,SANTA FE,La Capital,Asfalto,No existe,I,Dentro,Urbana,Ninguna,No existe,Recta,Bueno,Reducida,Nocturna,Buen Tiempo,De alcance,S/D,Colisión,Ninguna,S/D,Ninguna,Sin restricción
2020,3925,2020-07-31,Viernes,,,0,1,Moto/Ciclomotor,La Rioja Y Roque Saenz Pe�a,2,2,0,0,0,0,0,"    -31.64133, -60.7244",Calle,,SANTA FE,La Capital,Asfalto,No existe,I,S/D,Urbana,Ninguna,No existe,Intersección,S/D,Buena,Nocturna,Buen Tiempo,Contra objeto fijo,S/D,Colisión,Ninguna,Faltante,Ninguna,Sin restricción
2020,3926,2020-05-11,Lunes,1:30:00,,0,1,Moto/Ciclomotor,Bv. Segui Y Valparaiso,1,0,0,0,0,1,0,"-32.971182, -60.690094",Calle,,ROSARIO,Rosario,Asfalto,No existe,II,Dentro,Urbana,Ninguna,No existe,Intersección,Bueno,S/D,Nocturna,S/D,S/D,S/D,Cañda ocupante,Ninguna,Horizontal,Cordón divisorio,Sin restricción
2020,3927,2020-05-15,Viernes,13:10:00,Autopista Nacional A007,4,1,Moto/Ciclomotor,Av Leandro Alem Y Alberdi,1,0,0,0,0,1,0,"-31.6451, -60.69345",Autopista,A007,SANTA FE,La Capital,Asfalto,No existe,I,Dentro,Urbana,Ninguna,No existe,Intersección,Bueno,S/D,Diurna,S/D,S/D,S/D,Cañda ocupante,Ninguna,Horizontal,"Cordón divisorio,Línea divisoria pintada",Sin restricción
2020,3928,2020-07-29,Miercoles,20:30:00,,0,2,"Moto/Ciclomotor,Automóvil",Saavedra Y Gdor Crespo,2,1,0,0,1,0,0,"    -31.63932, -60.71402",Calle,,SANTA FE,La Capital,Asfalto,No existe,I,Dentro,Urbana,Ninguna,No existe,Intersección,S/D,Reducida,Nocturna,Buen Tiempo,Lateral,S/D,Colisión,Ninguna,Faltante,Ninguna,Sin restricción
2020,3929,2020-06-21,Domingo,15:45:00,,0,1,Moto/Ciclomotor,Ecuador Y Gral Urquiza,1,1,0,0,0,0,0,"-32.031412467093,-61.204183891343",Calle,,GÁLVEZ,San JERÓNIMO,Asfalto,No existe,XV,Dentro,Urbana,Ninguna,No existe,Intersección,Bueno,Buena,Diurna,Buen Tiempo,S/D,S/D,Cañda ocupante,Ninguna,Faltante,Ninguna,Sin restricción
2020,3930,2020-10-12,Lunes,7:00:00,,0,2,"Automóvil,Moto/Ciclomotor",Av Facundo Zuviria,2,1,0,0,1,0,0,"-31.61264, -60.7049",Calle,,ROSARIO,Rosario,Asfalto,Pavimento,II,S/D,Rural,Ninguna,No existe,Recta,Bueno,Buena,Diurna,Buen Tiempo,Lateral,S/D,Colisión,Ninguna,Vertical,Vegetación,Sin restricción
2020,3931,2020-05-25,Lunes,21:45:00,,0,1,Moto/Ciclomotor,Av Blas Parera 6100,1,0,0,0,0,1,0,"-31.60692, -60.71971",Calle,,SANTA FE,La Capital,Asfalto,No existe,I,Dentro,Urbana,Semáforo,Funciona,Recta,Bueno,S/D,Nocturna,S/D,S/D,S/D,Cañda ocupante,Ninguna,Vertical,Cordón divisorio,Sin restricción
2020,3932,2020-10-03,Sabado,19:30:00,,0,2,"Bicicleta,Peatón",Centeno Y San Martin,2,2,0,0,0,0,0,"-32.98526, -60.64557",Calle,,ROSARIO,Rosario,Asfalto,No existe,II,Dentro,Urbana,Ninguna,No existe,Intersección,Bueno,Buena,Atardecer,Buen Tiempo,S/D,Peatón,Atropello,Ninguna,Faltante,Ninguna,Sin restricción
2020,3933,2020-07-28,Martes,18:50:00,,0,2,"Bicicleta,Moto/Ciclomotor",Av Freyre Y Hipolito Yrigoyen,3,3,0,0,0,0,0,"    -31.64011, -60.71701",Avenida,,SANTA FE,La Capital,Asfalto,No existe,I,Dentro,Urbana,Ninguna,No existe,Intersección,Con baches,Buena,Diurna,Buen Tiempo,S/D,Ciclista,Atropello,Ninguna,Faltante,Ninguna,Sin restricción
2020,3934,2020-10-16,Viernes,13:00:00,,0,2,"Bicicleta,Automóvil",Av A del Valle 8700,2,1,0,0,1,0,0,"-32.95883, -60.693",Avenida,,ROSARIO,Rosario,Asfalto,Pavimento,II,S/D,Urbana,Ninguna,No existe,Curva,Bueno,Buena,Diurna,Buen Tiempo,S/D,Ciclista,Atropello,Ninguna,Vertical,Ninguna,Sin restricción
2020,3935,2020-06-09,Martes,,Ruta Nacional 11,0,1,Moto/Ciclomotor,13 de diciembre Y Ruta 11 Avenida Richieri,1,1,0,0,0,0,0,"-31.684863135222,-60.786816296324",Ruta,11,SANTO TOMÉ,La Capital,"Asfalto,Tierra",Ripio,I,Dentro,Urbana,Semáforo,Funciona,Intersección,Bueno,Buena,Diurna,Buen Tiempo,S/D,S/D,Cañda ocupante,Ninguna,Faltante,Ninguna,Sin restricción
2020,3936,2020-05-29,Viernes,14:00:00,,0,2,"Moto/Ciclomotor,Camión",Las Heras Y Sgto Cabral,2,0,0,0,1,1,0,"-32.58542, -61.17564",Calle,,TOTORAS,Iriondo,Asfalto,No existe,X,Dentro,Urbana,Ninguna,No existe,Intersección,Bueno,S/D,Diurna,S/D,S/D,S/D,Colisión,Ninguna,Faltante,Ninguna,Sin restricción
2020,3937,2020-10-13,Martes,10:30:00,,0,2,"Moto/Ciclomotor,Pickup/Utilitario",J Castelli 2900,2,1,0,0,1,0,0,"-31.60556, -60.69852",Calle,,SANTA FE,La Capital,Asfalto,No existe,I,S/D,Urbana,Ninguna,No existe,Intersección,Bueno,Buena,Diurna,Buen Tiempo,Lateral,S/D,Colisión,Ninguna,S/D,Ninguna,Sin restricción
2020,3938,2020-10-02,Viernes,18:10:00,,0,2,"Ambulancia,Pickup/Utilitario",Alberdi Y Harding,4,2,0,0,2,0,0,"-32.92855, -60.67501",Avenida,,ROSARIO,Rosario,Asfalto,S/D,II,S/D,Urbana,S/D,S/D,Intersección,S/D,S/D,Diurna,Buen Tiempo,S/D,S/D,S/D,S/D,S/D,S/D,S/D
2020,3939,2020-06-26,Viernes,,,0,1,Moto/Ciclomotor,Bernardino Rivadavia,3,0,0,1,2,0,0,"-28.621472, -61.629632",Calle,,VILLA MINETTI,9 de Julio,S/D,No existe,XII,Dentro,Urbana,S/D,S/D,Recta,S/D,S/D,S/D,S/D,S/D,S/D,Cañda ocupante,S/D,S/D,Ninguna,S/D
2020,3940,2020-12-04,Viernes,19:00:00,,0,2,"Bicicleta,Pickup/Utilitario",Biedma Y Crespo,2,1,0,0,1,0,0,"-31.58073, -60.6951",Avenida,,ROSARIO,Rosario,Asfalto,S/D,II,S/D,Urbana,Ninguna,No existe,Recta,Bueno,Buena,Diurna,Buen Tiempo,S/D,Ciclista,Atropello,Ninguna,S/D,Ninguna,Sin restricción
2020,3941,2020-10-08,Jueves,22:10:00,,0,2,"Automóvil,Automóvil",Pedro Centeno Y Av Pte Peron,2,0,0,0,0,0,2,"-31.62388, -60.71856",Avenida,,SANTA FE,La Capital,Asfalto,No existe,I,S/D,Urbana,Semáforo,Funciona,Intersección,Bueno,Buena,Nocturna,Buen Tiempo,Lateral,S/D,Colisión,Ninguna,Vertical,Línea divisoria pintada,Sin restricción
2020,3942,2020-10-09,Viernes,23:50:00,,0,2,"Automóvil,Camión c / Acoplado",Baigorria Y Av. Circunvalacion,4,1,0,0,3,0,0,"-32.8944, -60.72106",S/D,,ROSARIO,Rosario,Asfalto,Pavimento,II,S/D,Urbana,Ninguna,No existe,Intersección,Bueno,Buena,Nocturna,Buen Tiempo,S/D,S/D,Colisión,Ninguna,S/D,Ninguna,Sin restricción
2020,3943,2020-06-09,Martes,,,0,2,"Moto/Ciclomotor,Automóvil",Boulevard Villada Y Washington,2,1,0,0,1,0,0,"-33.042406296727,-61.176352953584",Avenida,,CASILDA,Caseros,Asfalto,No existe,IV,Dentro,Urbana,Ninguna,No existe,Intersección,Bueno,Buena,Diurna,Buen Tiempo,Lateral,S/D,Colisión,Ninguna,Faltante,"Cordón divisorio,Vegetación",Sin restricción
2020,3944,2020-07-28,Martes,15:30:00,,0,2,"Bicicleta,Automóvil",Regis Martinez Y Av Pe�aloza,2,1,0,0,1,0,0,"-32.95883, -60.693",Avenida,,ROSARIO,Rosario,Asfalto,No existe,II,S/D,Urbana,Semáforo,Funciona,Intersección,Bueno,Buena,Diurna,Buen Tiempo,Lateral,Ciclista,Atropello,Ninguna,Vertical,Ninguna,Sin restricción
2020,3945,2020-06-21,Domingo,11:00:00,,0,2,"Pickup/Utilitario,Moto/Ciclomotor",Santa Fe Y 25 de Mayo,2,1,0,0,1,0,0,"-32.056835588576,-61.60389798628",Calle,,CAÑADA ROSQUÍN,San MARTÍN,Asfalto,No existe,XVIII,Dentro,Urbana,Ninguna,No existe,Intersección,Bueno,Buena,Diurna,Buen Tiempo,Lateral,S/D,Colisión,Ninguna,Faltante,Ninguna,Sin restricción
2020,3946,2020-07-26,Domingo,13:00:00,,0,2,"Moto/Ciclomotor,Automóvil",Vera Y Roque Saenz Pe�a,2,1,0,0,1,0,0,"    -31.63988, -60.72393",Calle,,SANTA FE,La Capital,Asfalto,No existe,I,Dentro,Urbana,Ninguna,No existe,Intersección,Bueno,Buena,Diurna,Buen Tiempo,Lateral,S/D,Colisión,Ninguna,Faltante,Ninguna,Sin restricción
2020,3947,2020-06-26,Viernes,,,0,1,Bicicleta,,1,1,0,0,0,0,0,"-31.434572339057944,-61.25952959060",S/D,,PILAR,Las Colonias,S/D,No existe,XI,S/D,Urbana,S/D,S/D,S/D,S/D,S/D,S/D,S/D,S/D,S/D,Cañda ocupante,S/D,S/D,S/D,S/D