anio_acci,nro_acci,fecha,desc_dia,hora_aprox,desc_ruta,km,cant_participantes,desc_participante,calle_avenida_km,total,heridos_leves,heridos_graves,heridos_gravisimos,ilesos,fallecidos,sin_datos,posicion_XY,desc_tipo_via,desc_ruta_ori,desc_loc,desc_dpto,desc_tipo_calzada,desc_tipo_banquina,desc_unidad_regional,desc_lugar_calzada,desc_zona,desc_prioridad,desc_estado_semaforo,desc_lugar_via,desc_estado_via,desc_estado_visibilidad,desc_luminosidad,desc_estado_clima,desc_tipo_colision,desc_tipo_atropello,desc_tipo_hecho,desc_pres_calzada,desc_senializacion,desc_separacion_via,desc_restriccion
2020,3948,2020-10-12,Lunes,23:30:00,,0,1,Pickup/Utilitario,Ecuador Y Av Pte Peron,2,2,0,0,0,0,0,"-31.61957, -60.71848",Calle,,SANTA FE,La Capital,Asfalto,No existe,I,S/D,Urbana,Semáforo,Funciona,Intersección,Bueno,Buena,Nocturna,Buen Tiempo,Contra objeto fijo,S/D,Colisión,Ninguna,Vertical,Línea divisoria pintada,Sin restricción
2020,3949,2020-06-08,Lunes,9:50:00,Ruta Nacional 11,0,2,"Automóvil,Moto/Ciclomotor",Bv Domingo F Sarmiento Y San Juan,3,2,0,0,1,0,0,"-32.454654582667,-60.889349154671",Ruta,11,MACIEL,San JERÓNIMO,Asfalto,No existe,XV,Dentro,Urbana,Otra Señal,No existe,Intersección,Bueno,Buena,Diurna,Buen Tiempo,Lateral,S/D,Colisión,Ninguna,Vertical,Ninguna,Sin restricción
2020,3950,2020-07-27,Lunes,13:00:00,,0,2,"Moto/Ciclomotor,Automóvil",Av Freyre Y Hipolito Yrigoyen,2,1,0,0,1,0,0,"    -31.64016, -60.71674",Avenida,,SANTA FE,La Capital,Hormigón,No existe,I,Dentro,Urbana,Ninguna,No existe,Intersección,Bueno,Buena,Diurna,Buen Tiempo,Lateral,S/D,Colisión,Ninguna,Faltante,Ninguna,Sin restricción
2020,3951,2020-06-25,Jueves,11:50:00,Ruta Provincial 10,0,2,"Automóvil,Moto/Ciclomotor",Bvard 20 de Junio Y España,2,1,0,0,1,0,0,"-32.023512041336,-61.215188885322",Ruta,10,GÁLVEZ,San JERÓNIMO,Asfalto,No existe,XV,Dentro,Urbana,Ninguna,No existe,Intersección,Bueno,Buena,Diurna,Buen Tiempo,Lateral,S/D,Colisión,Ninguna,Vertical,"Ninguna,S/D",Sin restricción
2020,3952,2020-10-13,Martes,8:10:00,,0,2,"Moto/Ciclomotor,Pickup/Utilitario",Vera y Pintado Y Av Pte Peron,3,1,1,0,1,0,0,"-31.628905241199, -60.718535557184",Avenida,,SANTA FE,La Capital,Asfalto,No existe,I,S/D,Urbana,Semáforo,Funciona,Intersección,Bueno,Buena,Diurna,Buen Tiempo,Lateral,S/D,Colisión,Ninguna,Vertical,Línea divisoria pintada,Sin restricción
2020,3953,2020-10-03,Sabado,,,0,2,"Moto/Ciclomotor,Automóvil",Vera Mujica Y Pje. Noruega,2,1,0,0,1,0,0,"-32.95044, -60.66924",Calle,,ROSARIO,Rosario,Asfalto,S/D,II,S/D,Urbana,S/D,S/D,Recta,S/D,S/D,Nocturna,S/D,S/D,S/D,S/D,S/D,S/D,S/D,S/D
2020,3954,2020-10-11,Domingo,16:40:00,,0,1,Moto/Ciclomotor,,1,1,0,0,0,0,0,"-33.12902, -60.78773",Camino Rural,,ÁLVAREZ,Rosario,Tierra,Natural,II,Fuera,Urbana,Ninguna,S/D,Recta,Deteriorada,Buena,Diurna,Buen Tiempo,S/D,S/D,Cañda ocupante,Ninguna,Faltante,Ninguna,Sin restricción
2020,3955,2020-10-02,Viernes,17:20:00,,0,2,"Moto/Ciclomotor,Pickup/Utilitario",San Juan Y L.N.Alem,4,2,0,0,2,0,0,"-32.95207, -60.62931",Calle,,ROSARIO,Rosario,Asfalto,S/D,II,S/D,Urbana,Señal Pare,S/D,Recta,S/D,S/D,Diurna,Buen Tiempo,S/D,S/D,Colisión,S/D,S/D,S/D,S/D
2020,3956,2020-10-14,Miercoles,20:10:00,,0,2,"Pickup/Utilitario,Peatón",Calle 13 400,2,1,0,0,1,0,0,"-32.68627, -61.52549",Calle,,LAS PAREJAS,Belgrano,Ripio,Pavimento,III,Dentro,Urbana,Ninguna,No existe,Recta,Bueno,Buena,Nocturna,Buen Tiempo,Lateral,Peatón,Atropello,Ninguna,Faltante,Ninguna,Sin restricción
2020,3957,2020-06-09,Martes,8:45:00,Ruta Provincial 13,0,1,Automóvil,Ruta 40 s Y Ruta Prov. n� 13,2,2,0,0,0,0,0,"-32.200188106277,-61.700179424429",Ruta,13,EL TRÉBOL,San MARTÍN,Asfalto,Ripio,XVIII,Dentro,Urbana,Ninguna,No existe,Intersección,Bueno,Buena,Amanecer,Buen Tiempo,S/D,S/D,Vuelco,Ninguna,Horizontal,Línea divisoria pintada,Sin restricción
2020,3958,2020-10-11,Domingo,19:45:00,,0,2,"Automóvil,Pickup/Utilitario",Calle 20,5,1,0,0,4,0,0,"-32.67886, -61.51899",Calle,,LAS PAREJAS,Belgrano,Asfalto,No existe,III,S/D,Urbana,Ninguna,No existe,Recta,Bueno,Buena,"Nocturna,Con luz artificial",Buen Tiempo,De alcance,S/D,Colisión,Ninguna,Faltante,Ninguna,Sin restricción
2020,3959,2020-06-22,Lunes,,,0,1,Moto/Ciclomotor,Guemes Y 25 de Mayo,1,1,0,0,0,0,0,"-29.22453403472897,-61.773709058761",Calle,,TOSTADO,9 de Julio,Asfalto,No existe,XII,Dentro,Urbana,S/D,S/D,Recta,S/D,S/D,S/D,S/D,Atropello animal,S/D,Colisión,S/D,S/D,S/D,S/D
2020,3960,2020-10-03,Sabado,18:30:00,,0,2,"Moto/Ciclomotor,Automóvil",Bv. Oroño Y Cordoba,2,1,0,0,0,0,1,"-32.94377, -60.65319",Calle,,ROSARIO,Rosario,Asfalto,S/D,II,S/D,Urbana,S/D,S/D,Recta,S/D,S/D,Diurna,S/D,S/D,S/D,S/D,S/D,S/D,S/D,S/D
2020,3961,2020-10-05,Lunes,18:30:00,,0,2,"Bicicleta,Peatón",Bv. Oroño Y 3 De Febrero,2,1,0,0,1,0,0,"-32.95011, -60.65509",Calle,,ROSARIO,Rosario,Asfalto,S/D,II,S/D,Urbana,S/D,S/D,Recta,Bueno,S/D,Diurna,Buen Tiempo,S/D,Ciclista,Atropello,S/D,S/D,S/D,S/D
2020,3962,2020-10-11,Domingo,11:30:00,Ruta Secundaria 31-s,0,2,"Moto/Ciclomotor,Automóvil",Rio de Janeiro Y Santa Fe,2,1,0,0,1,0,0,"-32.484332773927, -61.574185090265",Ruta,31-s,LAS ROSAS,Belgrano,Asfalto,No existe,III,Dentro,Urbana,Ninguna,No existe,Recta,Bueno,Buena,Diurna,Buen Tiempo,De alcance,S/D,Colisión,Ninguna,Faltante,Ninguna,Sin restricción
2020,3963,2020-06-02,Martes,15:55:00,Autopista Nacional A008,6,2,"Bicicleta,Moto/Ciclomotor",Av. Circunvalacion Y J.J.Paso,2,1,0,0,0,1,0,"-32.92056, -60.72367",Autopista,A008,ROSARIO,Rosario,Asfalto,Pavimento,II,Dentro,Urbana,Semáforo,Funciona,Recta,Bueno,Buena,Diurna,S/D,S/D,Ciclista,Atropello,Ninguna,Vertical,Barrera de hormigón,Sin restricción
2020,3964,2020-07-27,Lunes,21:45:00,,0,1,Moto/Ciclomotor,Av Lopez y Planes Y Pje Irala,1,1,0,0,0,0,0,"    -31.62991, -60.71391",Avenida,,SANTA FE,La Capital,Asfalto,No existe,II,S/D,Urbana,S/D,Funciona,Intersección,Bueno,Buena,Nocturna,Buen Tiempo,Contra objeto fijo,S/D,Colisión,Ninguna,Vertical,Línea divisoria pintada,Sin restricción
2020,3965,2020-10-05,Lunes,15:30:00,,0,2,"Pickup/Utilitario,Peatón",Italia Y Cordoba,3,1,0,0,2,0,0,"-32.94474, -60.64789",Calle,,ROSARIO,Rosario,Asfalto,S/D,II,S/D,Urbana,S/D,S/D,Recta,Bueno,S/D,Diurna,S/D,S/D,Peatón,Atropello,S/D,S/D,S/D,S/D
2020,3966,2020-06-03,Miercoles,15:00:00,,0,2,"Pickup/Utilitario,Moto/Ciclomotor",,3,1,0,0,1,1,0,"-31.50052, -60.69857",Camino Rural,,RECREO,La Capital,Tierra,No existe,I,Dentro,Rural,Ninguna,No existe,Intersección,S/D,Buena,Diurna,Buen Tiempo,Lateral,S/D,Colisión,Ninguna,Faltante,Ninguna,Sin restricción
2020,3967,2020-10-09,Viernes,15:00:00,,0,2,"Bicicleta,Pickup/Utilitario",La Paz Y San Martin,2,1,0,0,1,0,0,"-32.96438, -60.64125",Calle,,ROSARIO,Rosario,Asfalto,No existe,II,Dentro,Urbana,Señal Pare,No existe,Intersección,Bueno,Buena,Diurna,Buen Tiempo,Lateral,Ciclista,Atropello,Ninguna,Vertical,Ninguna,Sin restricción
2020,3968,2020-07-28,Martes,13:00:00,,0,1,Bicicleta,Av Pe�aloza Y R Godoy,1,1,0,0,0,0,0,"    -31.61205, -60.71317",Avenida,,SANTA FE,La Capital,Asfalto,No existe,I,S/D,Urbana,Semáforo,Funciona,Intersección,Bueno,Buena,Diurna,Buen Tiempo,S/D,S/D,Cañda ocupante,Ninguna,Vertical,Línea divisoria pintada,Sin restricción
2020,3969,2020-10-08,Jueves,5:50:00,,0,2,"Moto/Ciclomotor,Automóvil",L.N.Alem Y San Juan,2,1,0,0,0,0,1,"-32.95206, -60.62935",Calle,,ROSARIO,Rosario,Asfalto,S/D,II,S/D,Urbana,S/D,S/D,Recta,S/D,S/D,Nocturna,S/D,S/D,S/D,Colisión,S/D,S/D,S/D,S/D
2020,3970,2020-06-03,Miercoles,17:15:00,,0,2,"Camión Chasis,Bicicleta",J.B.Justo Y Ottone Bis,2,0,0,0,1,1,0,"-32.91457, -60.70106",Calle,,ROSARIO,Rosario,Asfalto,No existe,II,Dentro,Urbana,Ninguna,No existe,Intersección,Bueno,S/D,Diurna,S/D,S/D,Ciclista,Atropello,Ninguna,Faltante,Ninguna,Sin restricción
2020,3971,2020-06-23,Martes,8:20:00,,0,2,"Moto/Ciclomotor,Automóvil",Corrientes Y Rivadavia,2,1,0,0,1,0,0,"-29.465802714847,-60.210837312477",Calle,,VERA,Vera,S/D,No existe,XIX,Dentro,Urbana,S/D,S/D,Intersección,S/D,S/D,Diurna,S/D,S/D,S/D,Colisión,S/D,S/D,Ninguna,S/D
2020,3972,2020-10-02,Viernes,16:30:00,Ruta Secundaria 36-s,0,2,"Pickup/Utilitario,Moto/Ciclomotor",,2,1,0,0,1,0,0,"-31.79457, -60.97697",Ruta,36-s,MATILDE,Las Colonias,Asfalto,Natural,XI,Dentro,Rural,Ninguna,No existe,Recta,Otro,Buena,Diurna,Buen Tiempo,Lateral,S/D,Colisión,Ninguna,S/D,Línea divisoria pintada,Sin restricción
2020,3973,2020-07-28,Martes,16:45:00,,0,2,"Moto/Ciclomotor,Camión",Av Blas Parera Y R Godoy,2,1,0,0,1,0,0,"    -31.61096, -60.71882",Avenida,,SANTA FE,La Capital,Asfalto,No existe,I,Dentro,Urbana,Semáforo,Funciona,Intersección,Bueno,Buena,Diurna,Buen Tiempo,Lateral,S/D,Colisión,Ninguna,Vertical,Línea divisoria pintada,Sin restricción
2020,3974,2020-10-10,Sabado,15:50:00,,0,2,"Moto/Ciclomotor,Automóvil",Ciudad de Coronda Y Paso de los Andes,2,1,0,0,1,0,0,"-32.46592, -61.57778",Calle,,LAS ROSAS,Belgrano,Asfalto,S/D,III,Dentro,Urbana,Ninguna,No existe,Intersección,Bueno,Buena,Diurna,Buen Tiempo,Lateral,S/D,Colisión,Ninguna,Faltante,Ninguna,Sin restricción
2020,3975,2020-06-10,Miercoles,16:10:00,,0,2,"Pickup/Utilitario,Moto/Ciclomotor",Freyre Y Pje. Boedo,2,0,1,0,1,0,0,"-32.895632269408,-60.70629946296",Calle,,ROSARIO,Rosario,Asfalto,No existe,II,Dentro,Urbana,Señal Pare,No existe,Intersección,Bueno,Buena,Diurna,Buen Tiempo,S/D,S/D,Colisión,Ninguna,"Horizontal,Vertical",Ninguna,Sin restricción
2020,3976,2020-10-04,Domingo,16:45:00,,0,2,"Automóvil,Moto/Ciclomotor",Echague y Andia Y San Lorenzo,2,1,0,0,1,0,0,"-31.57376, -61.37685",Calle,,SA PEREIRA,Las Colonias,Hormigón,No existe,XI,Dentro,Urbana,Ninguna,No existe,Intersección,Bueno,Buena,Atardecer,S/D,Lateral,S/D,Colisión,Ninguna,Faltante,Ninguna,Sin restricción
2020,3977,2020-10-13,Martes,13:10:00,,0,2,"Moto/Ciclomotor,Automóvil",Independencia Y Carlos Pellegrii,2,0,1,0,1,0,0,"-29.88123, -61.95137",Calle,,CERES,San CRISTÓBAL,Asfalto,No existe,XIII,S/D,Urbana,Ninguna,No existe,Intersección,Bueno,Buena,Diurna,Buen Tiempo,Lateral,S/D,Colisión,Ninguna,S/D,Ninguna,Sin restricción
2020,3978,2020-07-27,Lunes,13:00:00,,0,2,"Moto/Ciclomotor,Automóvil",San Jeronimo Y Pje Parpal,2,1,0,0,1,0,0,"    -31.60955, -60.69709",Avenida,,SANTA FE,La Capital,Asfalto,No existe,I,Dentro,Urbana,Ninguna,No existe,Intersección,Bueno,Buena,Diurna,Buen Tiempo,Lateral,S/D,Colisión,Ninguna,S/D,Ninguna,Sin restricción
2020,3979,2020-06-08,Lunes,7:40:00,Ruta Nacional 178,177,3,"Pickup/Utilitario,Pickup/Utilitario,Moto/Ciclomotor",Diagonal 3 Y Calle 31,3,0,0,0,2,1,0,"-32.67565, -61.52911",Ruta,178,LAS PAREJAS,Belgrano,Asfalto,No existe,III,Dentro,Urbana,Ninguna,No existe,Curva,Bueno,Reducida,Diurna,Niebla,"Lateral,Múltiple",S/D,Colisión,Ninguna,Faltante,Línea divisoria pintada,Sin restricción
2020,3980,2020-10-12,Lunes,4:00:00,,0,2,"Moto/Ciclomotor,Automóvil",Estanislao Lopez Y Rivadavia,4,0,1,0,3,0,0,"-30.531258666421, -61.958399186000",Calle,,ROSARIO,Rosario,Asfalto,No existe,II,Dentro,Urbana,Ninguna,No existe,Intersección,Bueno,Buena,Diurna,Buen Tiempo,De alcance,S/D,Colisión,Ninguna,Vertical,Ninguna,Sin restricción
2020,3981,2020-10-03,Sabado,22:00:00,,0,2,"Moto/Ciclomotor,Moto/Ciclomotor",EDUARDO TESAIRE Y SARGENTO CABRAL,3,2,1,0,0,0,0,"-31.55059, -61.07384",Calle,,SAN JERÓNIMO NORTE,Las Colonias,Asfalto,No existe,XI,Dentro,Urbana,Ninguna,No existe,Intersección,Bueno,Reducida,Nocturna,Buen Tiempo,Lateral,S/D,Colisión,Ninguna,S/D,Ninguna,Sin restricción
2020,3983,2020-10-10,Sabado,2:20:00,,0,1,Vehículo Oficial,,1,1,0,0,0,0,0,"-29.87221, -61.95584",Camino Rural,,CERES,San CRISTÓBAL,Tierra,No existe,XIII,Dentro,Rural,Ninguna,No existe,Recta,Con baches,Reducida,Nocturna,Buen Tiempo,S/D,S/D,Despiste,Ninguna,Faltante,Ninguna,Sin restricción
2020,3984,2020-06-09,Martes,9:10:00,,0,2,"Peatón,Pickup/Utilitario",Moreno Y Sarmiento,2,0,1,0,1,0,0,"-32.054287246798,-61.604345822776",Calle,,CAÑADA ROSQUÍN,San MARTÍN,Asfalto,No existe,XVIII,Dentro,Urbana,Ninguna,No existe,Intersección,Bueno,Buena,Diurna,Buen Tiempo,S/D,S/D,Colisión,Ninguna,Faltante,Ninguna,Sin restricción
2020,3985,2020-10-06,Martes,,,0,2,"Moto/Ciclomotor,Moto/Ciclomotor",Bartolome Mitre Y Guemes,4,4,0,0,0,0,0,"-31.45172, -60.93805",Calle,,ESPERANZA,Las Colonias,Asfalto,No existe,XI,Dentro,Urbana,Ninguna,No existe,Intersección,Bueno,Buena,Diurna,Buen Tiempo,S/D,S/D,Colisión,Ninguna,Horizontal,Cordón divisorio,Sin restricción
2020,3986,2020-10-11,Domingo,9:10:00,,0,2,"Pickup/Utilitario,Automóvil",Av de los Olmos Y Mitre,4,1,0,0,3,0,0,"-32.92316, -60.80051",Calle,,FUNES,Rosario,Asfalto,Ripio,II,Dentro,Urbana,Ninguna,No existe,Intersección,Bueno,Buena,Diurna,Buen Tiempo,Lateral,S/D,Colisión,Ninguna,Faltante,Ninguna,Sin restricción
2020,3987,2020-10-04,Domingo,22:20:00,,0,2,"Automóvil,Moto/Ciclomotor",Domingo Faustino Sarmiento Y Cullen,2,1,0,0,1,0,0,"-31.45213, -60.93242",Calle,,ESPERANZA,Las Colonias,Asfalto,No existe,XI,Dentro,Urbana,Ninguna,No existe,Intersección,Bueno,Buena,Nocturna,Buen Tiempo,S/D,S/D,Colisión,Ninguna,Horizontal,Cordón divisorio,Sin restricción
2020,3988,2020-10-23,Viernes,7:00:00,,0,1,Moto/Ciclomotor,Ruta Prov 1,1,0,1,0,0,0,0,"-32.95883, -60.693",Calle,,ROSARIO,Rosario,Asfalto,Natural,II,Dentro,Rural,Ninguna,No existe,Curva,Bueno,Buena,Diurna,Buen Tiempo,Atropello animal,S/D,Colisión,Ninguna,Vertical,Ninguna,Sin restricción
2020,3989,2020-10-07,Miercoles,10:15:00,,0,2,"Pickup/Utilitario,Moto/Ciclomotor",Calle 8 Y Avenida 21,2,0,1,0,1,0,0,"-32.68124, -61.52601",Avenida,,LAS PAREJAS,Belgrano,Asfalto,Pavimento,III,Dentro,Urbana,Ninguna,No existe,Intersección,Bueno,Buena,Diurna,Buen Tiempo,Lateral,S/D,Colisión,Ninguna,Faltante,Ninguna,Sin restricción
2020,3990,2020-10-09,Viernes,18:15:00,,0,2,"Moto/Ciclomotor,Moto/Ciclomotor",Alvear Y Bv T Madrejon,3,3,0,0,0,0,0,"-30.58467, -59.92976",Avenida,,SAN JAVIER,San Javier,Hormigón,Pavimento,XIV,Dentro,Urbana,Ninguna,No existe,Intersección,Bueno,Buena,Atardecer,Buen Tiempo,De alcance,S/D,Colisión,Ninguna,S/D,Ninguna,Sin restricción
2020,3991,2020-06-11,Jueves,,Ruta Nacional 11,0,2,"Moto/Ciclomotor,Automóvil",Avenida Nuestra Se�ora del Luj Y La Rioja,2,1,0,0,1,0,0,"-31.673900762685,-60.769751660037",Ruta,11,SANTO TOMÉ,La Capital,Asfalto,No existe,I,Dentro,Urbana,Semáforo,Funciona,Intersección,Bueno,Buena,S/D,Buen Tiempo,S/D,S/D,Colisión,Ninguna,"Horizontal,Vertical",Línea divisoria pintada,Sin restricción
2020,3992,2020-07-28,Martes,13:40:00,,0,2,"Moto/Ciclomotor,Pickup/Utilitario",Pedro Diaz Colodrero 2839,2,1,0,0,1,0,0,"    -31.62489, -60.70324",Calle,,SANTA FE,La Capital,Asfalto,No existe,I,Dentro,Urbana,Ninguna,No existe,Intersección,Bueno,Buena,Diurna,Buen Tiempo,Lateral,S/D,Colisión,Ninguna,S/D,Ninguna,Sin restricción
2020,3993,2020-10-02,Viernes,12:45:00,,0,2,"Moto/Ciclomotor,Automóvil",Avenida 21 Y Calle 34 bis,2,1,0,0,1,0,0,"-32.67544, -61.5104",Calle,,LAS PAREJAS,Belgrano,"Tierra,Ripio",No existe,III,Dentro,Urbana,Ninguna,No existe,Intersección,Bueno,Buena,Diurna,Buen Tiempo,Lateral,S/D,Colisión,Ninguna,Faltante,Ninguna,Sin restricción
2020,3994,2020-07-30,Jueves,16:30:00,,0,2,"Automóvil,Moto/Ciclomotor",Pedro Diaz Colodrero Y Pedro Alejandro Vittori,3,2,0,0,1,0,0,"    -31.6264, -60.69788",Calle,,SANTA FE,La Capital,Asfalto,No existe,I,Dentro,Urbana,Ninguna,No existe,Intersección,S/D,Buena,Diurna,Buen Tiempo,Lateral,S/D,Colisión,Ninguna,S/D,Línea divisoria pintada,Sin restricción
2020,3995,2020-10-11,Domingo,,,0,2,"Moto/Ciclomotor,Automóvil",,3,1,1,0,1,0,0,"-31.52107, -60.72591",S/D,,ROSARIO,Rosario,S/D,S/D,II,S/D,S/D,S/D,S/D,S/D,S/D,S/D,S/D,S/D,S/D,S/D,Colisión,S/D,S/D,S/D,S/D
2020,3996,2020-10-01,Jueves,12:35:00,,0,2,"Pickup/Utilitario,Bicicleta",Calle 10,2,1,0,0,1,0,0,"-32.68846, -61.5213",Calle,,LAS PAREJAS,Belgrano,Asfalto,Pavimento,III,Dentro,Urbana,Ninguna,No existe,Intersección,Bueno,Buena,Diurna,Buen Tiempo,Lateral,Ciclista,Atropello,Ninguna,Faltante,Ninguna,Sin restricción
2020,3997,2020-06-23,Martes,18:30:00,,0,2,"Moto/Ciclomotor,Automóvil",Bme Mitre Y Gro Baigorria,2,1,0,0,1,0,0,"-32.021369000901,-61.22517851436",Calle,,GÁLVEZ,San JERÓNIMO,Asfalto,No existe,XV,Dentro,Urbana,Ninguna,No existe,Intersección,Bueno,Buena,Diurna,Buen Tiempo,Lateral,S/D,Colisión,Ninguna,Faltante,Ninguna,Sin restricción
2020,3998,2020-06-20,Sabado,3:45:00,,0,1,Moto/Ciclomotor,Edison Y Necochea,1,1,0,0,0,0,0,"-32.03688517212868,-61.218949109315",Calle,,GÁLVEZ,San JERÓNIMO,Asfalto,No existe,XV,Dentro,Urbana,Otra Señal,No existe,Intersección,Bueno,Buena,Nocturna,Buen Tiempo,Contra objeto fijo,S/D,Colisión,Ninguna,Vertical,Ninguna,Reparación de Va
2020,3999,2020-10-01,Jueves,,,0,2,"Moto/Ciclomotor,Otros",,3,2,0,0,0,0,1,"-31.65661, -60.71782",S/D,,SANTA FE,La Capital,S/D,S/D,I,S/D,S/D,S/D,S/D,S/D,S/D,S/D,S/D,S/D,S/D,S/D,Colisión,S/D,S/D,S/D,S/D
2020,4000,2020-07-26,Domingo,6:45:00,,0,2,"Automóvil,Pickup/Utilitario",Av Urquiza Y Amenabar,3,1,0,0,2,0,0,"    -31.65807, -60.71689",Calle,,ROSARIO,Rosario,Asfalto,No existe,II,Dentro,Urbana,Ninguna,No existe,Intersección,Bueno,Buena,Diurna,Buen Tiempo,Lateral,S/D,Colisión,S/D,Faltante,Ninguna,Sin restricción
2020,4001,2020-10-09,Viernes,14:00:00,,0,1,Moto/Ciclomotor,De los Duendes Y De Los Lapachos,3,2,0,0,1,0,0,"-31.60979, -60.58744",Calle,,SAN JOSÉ DEL RINCÓN,La Capital,Asfalto,Natural,I,S/D,Urbana,Ninguna,No existe,Intersección,Bueno,Buena,Diurna,Buen Tiempo,S/D,S/D,S/D,Ninguna,Faltante,Vegetación,Sin restricción
2020,4002,2020-10-05,Lunes,16:00:00,,0,2,"Moto/Ciclomotor,Pickup/Utilitario",Av Gral Paz Y Lavaisse,2,1,0,0,1,0,0,"-31.61579, -60.68246",Calle,,SANTA FE,La Capital,Asfalto,No existe,I,Dentro,Urbana,Ninguna,No existe,Intersección,Bueno,Buena,Diurna,Buen Tiempo,Lateral,S/D,Colisión,Ninguna,S/D,Ninguna,Sin restricción
2020,4003,2020-06-15,Lunes,,,0,1,Moto/Ciclomotor,Cordoba Y San Luis,1,1,0,0,0,0,0,"-32.457529306411764,-60.89364409446",Calle,,MACIEL,San JERÓNIMO,S/D,No existe,XV,Dentro,Urbana,S/D,S/D,Recta,S/D,S/D,S/D,S/D,Atropello animal,S/D,Colisión,S/D,S/D,Ninguna,S/D
2020,4004,2020-06-11,Jueves,,,0,2,"Moto/Ciclomotor,Pickup/Utilitario",Av J J Paso Y Gdor Freyre,2,1,0,0,1,0,0,"-31.661583006304,-60.723288862821",Avenida,,SANTA FE,La Capital,Asfalto,No existe,I,Dentro,Urbana,Ninguna,No existe,Intersección,Bueno,Buena,Diurna,Buen Tiempo,S/D,S/D,Colisión,Ninguna,Faltante,"Cordón divisorio,Vegetación",Sin restricción
2020,4005,2020-10-08,Jueves,8:00:00,,0,2,"Moto/Ciclomotor,Moto/Ciclomotor",Av. Pellegrini Y Av. Circunvalacion,2,1,0,0,1,0,0,"-32.94872, -60.72193",Calle,,ROSARIO,Rosario,Asfalto,No existe,II,S/D,Urbana,S/D,No existe,Intersección,Bueno,Buena,Diurna,Buen Tiempo,S/D,S/D,Colisión,Ninguna,S/D,S/D,Sin restricción
2020,4006,2020-07-29,Miercoles,13:20:00,,0,2,"Bicicleta,Pickup/Utilitario",J J Paso Y Dr Zavalla,2,1,0,0,1,0,0,"    -31.66122, -60.72461",Calle,,SANTA FE,La Capital,Asfalto,No existe,I,Dentro,Urbana,Ninguna,No existe,Intersección,Bueno,Buena,Diurna,Buen Tiempo,S/D,Ciclista,Atropello,Ninguna,Faltante,Ninguna,Sin restricción
2020,4007,2020-10-08,Jueves,15:30:00,,0,2,"Moto/Ciclomotor,Automóvil",España Y Av. Circunvalacion,3,1,0,0,2,0,0,"-33.0159, -60.65679",Avenida,,ROSARIO,Rosario,Asfalto,No existe,II,S/D,Urbana,Ninguna,No existe,Intersección,Bueno,Buena,Diurna,Buen Tiempo,Lateral,S/D,Colisión,Ninguna,Faltante,Ninguna,Sin restricción
2020,4008,2020-10-03,Sabado,19:00:00,Autopista Nacional A008,0,1,Moto/Ciclomotor,Av. Circunvalacion Y San Martin,1,0,1,0,0,0,0,"-33.01648, -60.65243",Autopista,A008,ROSARIO,Rosario,Asfalto,Pavimento,II,S/D,Urbana,Ninguna,No existe,Recta,Bueno,Buena,Con luz artificial,Buen Tiempo,Otro,S/D,Despiste,Ninguna,Faltante,Barrera de hormigón,Sin restricción
2020,4009,2020-10-05,Lunes,15:50:00,,0,2,"Automóvil,Automóvil",Av. Circunvalacion Y Av. Uriburu,3,2,0,0,1,0,0,"-32.99235, -60.70181",Avenida,,ROSARIO,Rosario,S/D,Pavimento,II,S/D,Urbana,Señal Pare,Funciona,Otro,Bueno,Buena,Diurna,Buen Tiempo,Otro,S/D,Colisión,Ninguna,"Horizontal,Vertical",S/D,Sin restricción
2020,4010,2020-06-14,Domingo,,,0,2,"Automóvil,Moto/Ciclomotor",Brown Y Urquiza,3,1,1,0,1,0,0,"-29.583178, -60.380786",Calle,,LA GALLARETA,Vera,S/D,No existe,XIX,Dentro,Urbana,S/D,S/D,Intersección,S/D,S/D,S/D,S/D,S/D,S/D,Colisión,S/D,S/D,"Ninguna,S/D",S/D
2020,4011,2020-07-18,Sabado,21:45:00,,0,1,Moto/Ciclomotor,,1,1,0,0,0,0,0,"-28.67076, -59.8454",S/D,,TARTAGAL,Vera,S/D,S/D,XIX,S/D,Urbana,S/D,S/D,S/D,S/D,S/D,Nocturna,S/D,S/D,S/D,Cañda ocupante,S/D,S/D,S/D,S/D
2020,4012,2020-07-30,Jueves,10:30:00,,0,2,"Automóvil,Moto/Ciclomotor",Junin Y San Luis,2,1,0,0,1,0,0,"    -31.63962, -60.70106",Calle,,SANTA FE,La Capital,Asfalto,Pavimento,I,Dentro,Urbana,Ninguna,No existe,Intersección,Bueno,Buena,Diurna,Buen Tiempo,Lateral,S/D,Colisión,Ninguna,Faltante,Ninguna,Sin restricción
2020,4013,2020-06-11,Jueves,,,0,2,"Pickup/Utilitario,Bicicleta",Fray Luis Beltran Y España,2,1,0,0,1,0,0,"-33.043674436074,-61.169491912471",Calle,,CASILDA,Caseros,Asfalto,No existe,IV,Dentro,Urbana,Ninguna,No existe,Intersección,Bueno,Buena,Diurna,Buen Tiempo,S/D,Ciclista,Atropello,Ninguna,Faltante,Ninguna,Sin restricción