anio_acci,nro_acci,fecha,desc_dia,hora_aprox,desc_ruta,km,cant_participantes,desc_participante,calle_avenida_km,total,heridos_leves,heridos_graves,heridos_gravisimos,ilesos,fallecidos,sin_datos,posicion_XY,desc_tipo_via,desc_ruta_ori,desc_loc,desc_dpto,desc_tipo_calzada,desc_tipo_banquina,desc_unidad_regional,desc_lugar_calzada,desc_zona,desc_prioridad,desc_estado_semaforo,desc_lugar_via,desc_estado_via,desc_estado_visibilidad,desc_luminosidad,desc_estado_clima,desc_tipo_colision,desc_tipo_atropello,desc_tipo_hecho,desc_pres_calzada,desc_senializacion,desc_separacion_via,desc_restriccion
2020,4014,2020-07-30,Jueves,13:10:00,,0,2,"Moto/Ciclomotor,Moto/Ciclomotor",L Alem Y R Mudry,4,2,0,0,2,0,0,"    -29.45441, -60.21403",Calle,,VERA,Vera,Tierra,No existe,XIX,Dentro,Urbana,Ninguna,No existe,Intersección,S/D,Buena,Diurna,Buen Tiempo,Lateral,S/D,Colisión,S/D,Faltante,Ninguna,Sin restricción
2020,4015,2020-06-14,Domingo,12:20:00,,0,1,Taxi/Remis,Av Gral Paz Y Derqui,2,1,0,0,1,0,0,"-31.619070768356288,-60.68500041961",Avenida,,SANTA FE,La Capital,Asfalto,No existe,I,Dentro,Urbana,Ninguna,No existe,Recta,Bueno,Buena,Diurna,Buen Tiempo,Contra objeto fijo,S/D,Colisión,Ninguna,Faltante,"Guardarrail,Cordón divisorio",Sin restricción
2020,4016,2020-07-25,Sabado,2:30:00,Ruta Provincial 23,22,1,Automóvil,,2,0,1,0,0,1,0,"    -30.33067, -61.90343",Ruta,23,SAN GUILLERMO,San CRISTÓBAL,Hormigón,Natural,XIII,Dentro,Rural,Ninguna,No existe,Recta,Bueno,S/D,Nocturna,Buen Tiempo,S/D,S/D,"Vuelco,Despiste",Ninguna,S/D,Ninguna,Sin restricción
2020,4017,2020-10-11,Domingo,19:45:00,Ruta Nacional 34,398,1,Automóvil,,3,1,2,0,0,0,0,"-29.90648, -61.9236",Ruta,34,ROSARIO,Rosario,Asfalto,Natural,II,Fuera,Urbana,Ninguna,No existe,Recta,Bueno,Buena,Nocturna,Buen Tiempo,S/D,S/D,Vuelco,Ninguna,"Horizontal,Vertical",Línea divisoria pintada,Sin restricción
2020,4018,2020-06-13,Sabado,11:25:00,Ruta Provincial 10,0,2,"Moto/Ciclomotor,Moto/Ciclomotor",4 de Enero Y Bvard 20 de Junio,2,1,0,0,1,0,0,"-32.022637983086,-61.215124423698",Ruta,10,GÁLVEZ,San JERÓNIMO,Asfalto,No existe,XV,Dentro,Urbana,Ninguna,No existe,Intersección,Bueno,Buena,Diurna,Buen Tiempo,Lateral,S/D,Colisión,Ninguna,Faltante,"Ninguna,S/D",Sin restricción
2020,4019,2020-10-04,Domingo,23:40:00,,0,2,"Moto/Ciclomotor,Moto/Ciclomotor",Rondeau Y Juan Jose Castelli,2,1,0,0,1,0,0,"-29.88895, -61.95208",Calle,,CERES,San CRISTÓBAL,Tierra,No existe,XIII,Dentro,Urbana,Ninguna,No existe,Intersección,Bueno,Buena,Nocturna,Buen Tiempo,Frontal,S/D,Colisión,Ninguna,Faltante,Ninguna,Sin restricción
2020,4020,2020-07-19,Domingo,15:05:00,Autopista Nacional A008,6,2,"Moto/Ciclomotor,Camión",,2,0,1,0,1,0,0,"-32.9163, -60.72399",Autopista,A008,ROSARIO,Rosario,S/D,S/D,II,S/D,Urbana,S/D,S/D,Recta,S/D,S/D,Diurna,S/D,S/D,S/D,Colisión,S/D,S/D,S/D,S/D
2020,4021,2020-10-02,Viernes,16:40:00,,0,2,"Pickup/Utilitario,Moto/Ciclomotor",J B Justo Y Laprida,2,1,0,0,1,0,0,"-30.31362, -61.24465",Calle,,SAN CRISTÓBAL,San CRISTÓBAL,Ripio,No existe,XIII,S/D,Urbana,Ninguna,No existe,Intersección,Bueno,Buena,Diurna,Buen Tiempo,Lateral,S/D,Colisión,Ninguna,Faltante,Ninguna,Sin restricción
2020,4022,2020-06-13,Sabado,11:25:00,Ruta Nacional 11,0,2,"Bicicleta,Moto/Ciclomotor",,3,1,0,0,2,0,0,"-31.960780, -60.927709",Ruta,11,CORONDA,San JERÓNIMO,Asfalto,S/D,XV,Dentro,Urbana,S/D,S/D,Recta,S/D,S/D,Diurna,S/D,S/D,Ciclista,Atropello,S/D,S/D,S/D,S/D
2020,4023,2020-07-19,Domingo,4:30:00,Ruta Nacional 11,108,1,Moto/Ciclomotor,,1,1,0,0,0,0,0,"-31.96829, -60.92587",Ruta,11,CORONDA,San JERÓNIMO,S/D,S/D,XV,S/D,Urbana,S/D,S/D,Recta,S/D,S/D,Nocturna,S/D,S/D,S/D,Cañda ocupante,S/D,S/D,S/D,S/D
2020,4024,2020-07-31,Viernes,23:30:00,Ruta Nacional 34,344,1,Camión c / Semirremolque,,1,1,0,0,0,0,0,"    -30.24482, -61.7222",Ruta,34,ARRUFÓ,San CRISTÓBAL,Asfalto,Natural,XIII,Fuera,Rural,Ninguna,No existe,Curva,Bueno,S/D,Nocturna,Buen Tiempo,Otro,S/D,Vuelco,Ninguna,"Horizontal,Vertical",Ninguna,S/D
2020,4025,2020-10-01,Jueves,11:10:00,,0,2,"Automóvil,Moto/Ciclomotor",Uruguay Y San Martin,2,1,0,0,1,0,0,"-31.4215, -60.33468",Calle,,SANTA ROSA DE CALCHINES,Garay,Asfalto,Pavimento,VII,Dentro,Urbana,Ninguna,No existe,Intersección,Bueno,Buena,Diurna,Buen Tiempo,S/D,S/D,Otro,Ninguna,Faltante,Ninguna,Sin restricción
2020,4026,2020-07-19,Domingo,3:10:00,,0,1,Moto/Ciclomotor,Buenos Aires 100,1,1,0,0,0,0,0,"-32.05254, -61.59359",Calle,,CAÑADA ROSQUÍN,San MARTÍN,S/D,S/D,XVIII,S/D,Urbana,S/D,S/D,Recta,S/D,S/D,Nocturna,S/D,Contra objeto fijo,S/D,Colisión,S/D,S/D,S/D,S/D
2020,4027,2020-06-14,Domingo,10:20:00,,0,2,"Automóvil,Moto/Ciclomotor",Bv. Avellaneda Y Cnel.Winter,3,0,2,0,1,0,0,"-32.984996722533,-60.688800925971",Avenida,,ROSARIO,Rosario,Asfalto,No existe,III,Dentro,Urbana,Ninguna,No existe,Intersección,S/D,S/D,Diurna,S/D,S/D,S/D,Colisión,S/D,Faltante,Cordón divisorio,S/D
2020,4028,2020-10-08,Jueves,,Ruta Provincial 94,0,1,Automóvil,,1,1,0,0,0,0,0,"-34.08954, -61.54991",Ruta,94,TEODELINA,General LÓPEZ,Asfalto,S/D,VIII,S/D,Urbana,S/D,S/D,Recta,S/D,S/D,S/D,S/D,S/D,S/D,Despiste,S/D,S/D,S/D,S/D
2020,4029,2020-06-13,Sabado,20:20:00,,0,2,"Moto/Ciclomotor,Pickup/Utilitario",Avda. Jorge Newbery Y Primera Junta,2,1,0,0,1,0,0,"-32.035844593349,-61.214568409527",Avenida,,GÁLVEZ,San JERÓNIMO,Asfalto,No existe,XV,Dentro,Urbana,Ninguna,No existe,Intersección,Bueno,Buena,"Nocturna,Con luz artificial",Buen Tiempo,Lateral,S/D,Colisión,Ninguna,Faltante,Ninguna,Sin restricción
2020,4030,2020-10-01,Jueves,19:10:00,,0,1,Moto/Ciclomotor,Gral Lavalle,1,1,0,0,0,0,0,"-30.58129, -59.93541",Calle,,SAN JAVIER,San Javier,Tierra,Natural,XIV,Dentro,Urbana,Ninguna,No existe,Intersección,Bueno,Buena,Nocturna,Buen Tiempo,Atropello animal,S/D,Colisión,Ninguna,S/D,Ninguna,Sin restricción
2020,4031,2020-07-25,Sabado,13:00:00,,0,2,"Pickup/Utilitario,Automóvil",,8,1,0,0,7,0,0,"-32.95883, -60.693",Calle,,ROSARIO,Rosario,Asfalto,Natural,II,S/D,Rural,Ninguna,No existe,Recta,Bueno,Buena,Diurna,Buen Tiempo,Otro,S/D,Vuelco,Ninguna,Faltante,Línea divisoria pintada,Sin restricción
2020,4032,2020-10-05,Lunes,13:00:00,,0,2,"Moto/Ciclomotor,Automóvil",Pastor Barrios Y Las Heras,2,1,0,0,1,0,0,"-31.30629, -60.66805",Calle,,LAGUNA PAIVA,La Capital,Asfalto,Natural,I,S/D,Urbana,Ninguna,No existe,Recta,Bueno,Buena,Diurna,Buen Tiempo,De alcance,S/D,Colisión,Ninguna,Faltante,Ninguna,Sin restricción
2020,4033,2020-06-12,Viernes,12:30:00,Ruta Nacional 34,153,2,"Camión,Moto/Ciclomotor",,2,0,1,0,1,0,0,"-31.84528745438093, -61.58141072896",Ruta,34,SAN MARTIN DE LAS ESCOBAS,San MARTÍN,Asfalto,Natural,XVIII,Dentro,Urbana,Ninguna,No existe,Intersección,Bueno,Buena,Diurna,Buen Tiempo,Lateral,S/D,Colisión,Ninguna,Horizontal,Línea divisoria pintada,Sin restricción
2020,4034,2020-07-19,Domingo,20:00:00,Ruta Provincial 13,53,2,"Pickup/Utilitario,Camión c / Acoplado",,2,0,1,0,1,0,0,"-32.0392, -61.79928",Ruta,13,CARLOS PELLEGRINI,San MARTÍN,S/D,S/D,XVIII,S/D,Rural,S/D,S/D,Intersección,S/D,S/D,Nocturna,S/D,S/D,S/D,Colisión,S/D,S/D,S/D,S/D
2020,4036,2020-06-14,Domingo,1:25:00,,0,1,Moto/Ciclomotor,25 de mayo 1900,1,0,1,0,0,0,0,"-31.664217510192,-60.762591433334",Calle,,SANTO TOMÉ,La Capital,Asfalto,No existe,I,Dentro,Urbana,Semáforo,Funciona,Intersección,S/D,S/D,Nocturna,S/D,S/D,S/D,Cañda ocupante,S/D,Vertical,Ninguna,S/D
2020,4037,2020-06-12,Viernes,12:20:00,Ruta Provincial 10,0,2,"Moto/Ciclomotor,Pickup/Utilitario",Necochea Y Silvio Arcas,2,1,0,0,1,0,0,"-32.037024516599,-61.216118956002",Ruta,10,GÁLVEZ,San JERÓNIMO,Asfalto,No existe,XV,Dentro,Urbana,Ninguna,No existe,Intersección,Bueno,Buena,Diurna,Buen Tiempo,Lateral,S/D,Colisión,Ninguna,Faltante,Ninguna,Sin restricción
2020,4039,2020-10-03,Sabado,21:30:00,,0,2,"Pickup/Utilitario,Moto/Ciclomotor",Ruta pcial 2 Av San Martin Y Buenos Aires,2,1,0,0,1,0,0,"-31.51752, -60.68128",Calle,,MONTE VERA,La Capital,Asfalto,Ripio,I,Dentro,Urbana,Ninguna,No existe,Intersección,Bueno,Buena,Nocturna,Buen Tiempo,Lateral,S/D,Colisión,Ninguna,Vertical,Ninguna,Sin restricción
2020,4040,2020-06-13,Sabado,,,0,1,Moto/Ciclomotor,Uriarte 709,1,1,0,0,0,0,0,"-32.899087036271,-60.691323105948",Calle,,ROSARIO,Rosario,Asfalto,No existe,II,Dentro,Urbana,Paso Peatonal,No existe,Intersección,Bueno,Buena,Diurna,Buen Tiempo,S/D,S/D,Cañda ocupante,Ninguna,Horizontal,Ninguna,Sin restricción
2020,4043,2020-06-14,Domingo,,,0,1,Moto/Ciclomotor,Azcuenaga Y Balcarce,2,2,0,0,0,0,0,"-31.676344, -60.776809",Calle,,SANTO TOMÉ,La Capital,Asfalto,No existe,I,Dentro,Urbana,Ninguna,No existe,Intersección,S/D,S/D,S/D,S/D,S/D,S/D,Cañda ocupante,S/D,Faltante,Ninguna,S/D
2020,4044,2020-07-26,Domingo,19:30:00,,0,2,"Moto/Ciclomotor,Automóvil",17 de Octubre Y G Lopez,2,1,0,0,1,0,0,"    -33.01665, -60.60921",Calle,,VILLA GOBERNADOR GÁLVEZ,Rosario,Asfalto,No existe,II,S/D,Urbana,Ninguna,No existe,Recta,Bueno,Buena,Diurna,Buen Tiempo,De alcance,S/D,Colisión,S/D,Faltante,Ninguna,S/D
2020,4045,2020-10-03,Sabado,20:00:00,,0,2,"Automóvil,Moto/Ciclomotor",Ruta pcial 2 Av San Martin Y Santa Fe,2,1,0,0,1,0,0,"-31.51592, -60.68092",Avenida,,MONTE VERA,La Capital,Asfalto,Ripio,I,Dentro,Urbana,Ninguna,No existe,Intersección,Bueno,Buena,Nocturna,Buen Tiempo,Lateral,S/D,Colisión,Ninguna,Vertical,Ninguna,Sin restricción
2020,4046,2020-10-09,Viernes,,,0,2,"Pickup/Utilitario,Moto/Ciclomotor",Washington Y Fray Luis Beltran,2,1,0,0,1,0,0,"-33.04592, -61.17363",Calle,,CASILDA,Caseros,Asfalto,S/D,IV,S/D,Urbana,S/D,S/D,Intersección,S/D,S/D,S/D,S/D,S/D,S/D,Colisión,S/D,S/D,S/D,S/D
2020,4047,2020-06-12,Viernes,,,0,2,"Bicicleta,Automóvil",Bogado Y Dante Alighieri,2,1,0,0,1,0,0,"-33.04488480091097,-61.162524819374",Avenida,,CASILDA,Caseros,Asfalto,No existe,IV,Dentro,Urbana,Ninguna,No existe,Intersección,Bueno,S/D,S/D,Buen Tiempo,S/D,Ciclista,Atropello,Ninguna,Faltante,S/D,Sin restricción
2020,4048,2020-07-20,Lunes,,,0,1,Automóvil,25 de Mayo Y Obispo Gelabert,1,1,0,0,0,0,0,"-31.63698, -60.70291",Calle,,SANTA FE,La Capital,S/D,S/D,I,S/D,Urbana,S/D,S/D,Intersección,S/D,S/D,S/D,S/D,Contra objeto fijo,S/D,Colisión,S/D,S/D,S/D,S/D
2020,4049,2020-06-01,Lunes,11:50:00,,0,2,"Automóvil,Moto/Ciclomotor",A Alvarez Y Bv G L Lhemann,2,1,0,0,1,0,0,"-31.246919329795,-61.490437585014",Avenida,,RAFAELA,Castellanos,Asfalto,No existe,V,Dentro,Urbana,Ninguna,No existe,Intersección,S/D,Buena,Diurna,Buen Tiempo,S/D,S/D,Colisión,Ninguna,Faltante,"Cordón divisorio,Vegetación",Sin restricción
2020,4050,2020-07-25,Sabado,17:50:00,,0,2,"Automóvil,Moto/Ciclomotor",Av 9 de Julio Y Lamadrid,2,1,0,0,1,0,0,"    -33.00143, -60.76735",Avenida,,PEREZ,Rosario,Asfalto,No existe,II,Dentro,Urbana,Ninguna,No existe,Intersección,Bueno,Reducida,"Atardecer,Con luz artificial",Buen Tiempo,Frontal,S/D,Colisión,Ninguna,Faltante,Ninguna,Sin restricción
2020,4051,2020-10-09,Viernes,,,0,2,"Automóvil,Moto/Ciclomotor",Belgrano,2,0,1,0,1,0,0,"-34.19007, -61.52916",Calle,,TEODELINA,General LÓPEZ,Asfalto,S/D,VIII,S/D,Urbana,S/D,S/D,Intersección,S/D,S/D,S/D,S/D,S/D,S/D,Colisión,S/D,S/D,S/D,S/D
2020,4052,2020-07-20,Lunes,1:45:00,,0,2,"Moto/Ciclomotor,Automóvil",Cerrito Y Doctor Estanislao Zeballos Sev,2,0,1,0,1,0,0,"-33.0418, -61.15453",Calle,,CASILDA,Caseros,S/D,S/D,IV,S/D,Urbana,S/D,S/D,Intersección,S/D,S/D,Nocturna,S/D,S/D,S/D,Colisión,S/D,S/D,S/D,S/D
2020,4053,2020-06-10,Miercoles,20:00:00,Ruta Nacional 33,780,2,"Moto/Ciclomotor,Automóvil",,2,0,0,0,1,1,0,"-33.00253, -60.78065",Ruta,33,PEREZ,Rosario,Asfalto,No existe,II,Dentro,Rural,Ninguna,No existe,Recta,Bueno,Reducida,Nocturna,Niebla,Frontal,S/D,Colisión,Ninguna,Faltante,Ninguna,Sin restricción
2020,4054,2020-10-03,Sabado,16:40:00,,0,2,"Automóvil,Moto/Ciclomotor",4 de enero Y Obispo Gelabert,5,4,0,0,1,0,0,"-31.63568, -60.70885",S/D,,SANTO TOMÉ,La Capital,Tierra,S/D,I,S/D,Urbana,S/D,No existe,Intersección,Bueno,Buena,Diurna,Buen Tiempo,S/D,S/D,Colisión,Ninguna,Faltante,S/D,S/D
2020,4055,2020-06-11,Jueves,14:00:00,Ruta Nacional 11,316,2,"Peatón,Pickup/Utilitario",Av San Martin 1600,2,0,0,0,1,1,0,"-32.85625, -60.70389",Ruta,11,GRANADERO BAIGORRIA,Rosario,Asfalto,Pavimento,II,Dentro,Urbana,Ninguna,No existe,Recta,Bueno,Buena,Diurna,Buen Tiempo,S/D,Peatón,Atropello,Ninguna,Horizontal,Cordón divisorio,Sin restricción
2020,4056,2020-06-02,Martes,,,0,2,"Moto/Ciclomotor,Pickup/Utilitario",Av Roque Saenz Pe�a Y Reconquista,2,1,0,0,1,0,0,"-31.252799247092,-61.476742293868",Avenida,,RAFAELA,Castellanos,Asfalto,No existe,V,Dentro,Urbana,Paso Peatonal,No existe,Intersección,Bueno,Buena,Diurna,Buen Tiempo,S/D,S/D,Colisión,Ninguna,Horizontal,Línea divisoria pintada,Sin restricción
2020,4057,2020-10-10,Sabado,,,0,2,"Moto/Ciclomotor,Moto/Ciclomotor",Santa Fe Y Pueyrredon,3,1,0,0,0,0,2,"-31.89704, -61.86545",Calle,,SAN JORGE,San MARTÍN,Asfalto,S/D,XVIII,S/D,Urbana,S/D,S/D,Intersección,S/D,S/D,S/D,S/D,S/D,S/D,Colisión,S/D,S/D,S/D,S/D
2020,4058,2020-07-24,Viernes,11:00:00,Ruta Provincial 21,0,1,Moto/Ciclomotor,Garay,1,1,0,0,0,0,0,"    -33.18888, -60.47053",Ruta,21,FIGHIERA,Rosario,Asfalto,Natural,II,Dentro,Urbana,S/D,Funciona,Intersección,Bueno,Buena,Diurna,Buen Tiempo,S/D,S/D,Vuelco,Ninguna,S/D,S/D,S/D
2020,4059,2020-07-20,Lunes,21:00:00,,0,2,"Moto/Ciclomotor,Moto/Ciclomotor",Montevideo Y Juan Martin de Pueyrredon,3,2,1,0,0,0,0,"-33.05195, -61.19572",Calle,,CASILDA,Caseros,S/D,S/D,IV,S/D,Urbana,S/D,S/D,Intersección,S/D,S/D,Nocturna,S/D,S/D,S/D,Colisión,S/D,S/D,S/D,S/D
2020,4060,2020-06-18,Jueves,14:50:00,Autovía Nacional 19,78,1,Automóvil,,1,0,0,0,0,1,0,"-31.5258, -61.5685",Autovía,19,ANGÉLICA,Castellanos,Asfalto,Natural,V,Dentro,Rural,Ninguna,No existe,Recta,Bueno,Buena,Diurna,Buen Tiempo,S/D,S/D,Vuelco,Ninguna,"Horizontal,Vertical",Ninguna,Sin restricción
2020,4061,2020-10-10,Sabado,,Ruta Provincial 64,0,1,Moto/Ciclomotor,,1,1,0,0,0,0,0,"-31.89967, -61.36838",Ruta,64,COLONIA BELGRANO,San MARTÍN,Asfalto,S/D,XVIII,S/D,Urbana,S/D,S/D,Recta,S/D,S/D,S/D,S/D,S/D,S/D,Cañda ocupante,S/D,S/D,S/D,S/D
2020,4062,2020-07-25,Sabado,18:30:00,,0,1,Moto/Ciclomotor,San Martin Y Ameghino,2,1,0,0,1,0,0,"    -33.19316, -60.46777",Calle,,FIGHIERA,Rosario,Asfalto,Pavimento,II,Dentro,Urbana,S/D,No existe,Intersección,Bueno,Buena,Nocturna,Buen Tiempo,S/D,S/D,Vuelco,Ninguna,S/D,S/D,Sin restricción
2020,4063,2020-10-12,Lunes,,,0,1,Moto/Ciclomotor,,3,3,0,0,0,0,0,"-29.34281, -60.30197",Calle,,ROSARIO,Rosario,Asfalto,S/D,II,S/D,Urbana,S/D,S/D,S/D,S/D,S/D,S/D,S/D,Atropello animal,S/D,Colisión,S/D,S/D,S/D,S/D
2020,4064,2020-07-29,Miercoles,18:40:00,,0,2,"Bicicleta,Automóvil",Colombia Y Juan B.De La Salle,2,1,0,0,1,0,0,"    -32.92262, -60.71691",Calle,,ROSARIO,Rosario,Asfalto,No existe,II,Dentro,Urbana,Ninguna,No existe,Intersección,Bueno,Buena,Atardecer,Buen Tiempo,S/D,Ciclista,Atropello,Ninguna,Faltante,S/D,Sin restricción
2020,4065,2020-06-02,Martes,11:45:00,,0,1,Moto/Ciclomotor,Av Aristobulo del Valle Y Ruben Dario,1,1,0,0,0,0,0,"-31.260339030386,-61.475883409247",Avenida,,RAFAELA,Castellanos,Asfalto,No existe,V,Dentro,Urbana,Ninguna,No existe,Intersección,Bueno,Buena,Diurna,Buen Tiempo,Atropello animal,S/D,Colisión,Ninguna,Faltante,"Cordón divisorio,Vegetación",Sin restricción
2020,4066,2020-10-10,Sabado,,,0,1,Moto/Ciclomotor,Bv 25 de mayo Y Hipolito Irigoyen,1,0,1,0,0,0,0,"-31.89838, -61.8546",Calle,,SAN JORGE,San MARTÍN,Asfalto,S/D,XVIII,S/D,Urbana,S/D,S/D,Intersección,S/D,S/D,S/D,S/D,S/D,S/D,Cañda ocupante,S/D,S/D,S/D,S/D
2020,4067,2020-07-20,Lunes,1:20:00,Ruta Nacional 11,119,2,"Moto/Ciclomotor,Otros",,2,1,0,0,1,0,0,"-31.88697, -60.89262",Ruta,11,DESVÍO ARIJÓN,San JERÓNIMO,S/D,S/D,XV,S/D,Urbana,S/D,S/D,Recta,S/D,S/D,Nocturna,S/D,S/D,S/D,Colisión,S/D,S/D,S/D,S/D
2020,4068,2020-10-02,Viernes,19:00:00,,0,2,"Moto/Ciclomotor,Automóvil",Lisandro de La Torre Y Juan Jose Castelli,4,2,0,0,2,0,0,"-31.67945, -60.76816",Calle,,SANTO TOMÉ,La Capital,Asfalto,No existe,I,S/D,Urbana,Ninguna,No existe,Intersección,Bueno,Buena,Atardecer,Buen Tiempo,De alcance,S/D,Colisión,Ninguna,Faltante,Ninguna,Sin restricción
2020,4069,2020-10-11,Domingo,,,0,2,"Moto/Ciclomotor,Automóvil",Av Blas Parera Y Teniente Loza,2,0,1,0,1,0,0,"-31.56773, -60.73013",Calle,,SANTA FE,La Capital,Asfalto,S/D,I,S/D,Urbana,S/D,S/D,Intersección,S/D,S/D,S/D,S/D,S/D,S/D,Colisión,S/D,S/D,S/D,S/D
2020,4070,2020-06-11,Jueves,17:45:00,Autopista Provincial Brigadier E.LÓPEZ,58,1,Camión c / Acoplado,,2,1,0,0,1,0,0,"-32.425387, -60.927256",Autopista,Brigadier E.LÓPEZ,MACIEL,San JERÓNIMO,Asfalto,Natural,XV,Dentro,Rural,Ninguna,No existe,Recta,Bueno,Buena,Diurna,Buen Tiempo,S/D,S/D,Vuelco,Ninguna,Faltante,Vegetación,Sin restricción
2020,4071,2020-10-11,Domingo,,,0,1,Moto/Ciclomotor,,1,1,0,0,0,0,0,"-33.79021, -61.21848",Calle,,WHEELWRIGHT,General LÓPEZ,Asfalto,S/D,VIII,S/D,Urbana,S/D,S/D,Intersección,S/D,S/D,S/D,S/D,Contra objeto fijo,S/D,Colisión,S/D,S/D,S/D,S/D
2020,4072,2020-06-27,Sabado,0:45:00,Autopista Provincial Brigadier E.LÓPEZ,17,1,Automóvil,,1,0,1,0,0,0,0,"-32.74036, -60.76239",Autopista,Brigadier E.LÓPEZ,SAN LORENZO,San Lorenzo,Asfalto,Pavimento,II,Dentro,Rural,Marca Vial,No existe,Recta,S/D,S/D,Nocturna,S/D,S/D,S/D,Vuelco,S/D,Horizontal,Vegetación,S/D
2020,4073,2020-10-02,Viernes,11:30:00,,0,2,"Moto/Ciclomotor,Automóvil",Avenida General Bartolome Mitr Y Balcarce,3,2,0,0,1,0,0,"-31.67883, -60.75505",Calle,,SANTO TOMÉ,La Capital,Asfalto,No existe,I,S/D,Urbana,Ninguna,No existe,Intersección,Bueno,Buena,Diurna,Buen Tiempo,De alcance,S/D,Colisión,Ninguna,Faltante,Ninguna,Sin restricción
2020,4074,2020-07-24,Viernes,16:20:00,,0,2,"Taxi/Remis,Automóvil",,4,1,0,0,3,0,0,"    -32.92979, -60.73078",Calle,,ROSARIO,Rosario,Asfalto,No existe,II,Dentro,Urbana,Ninguna,No existe,Recta,Bueno,Buena,Diurna,Buen Tiempo,Múltiple,S/D,Colisión,Ninguna,S/D,Cordón divisorio,Sin restricción
2020,4075,2020-10-11,Domingo,,Ruta Provincial 94,0,1,Automóvil,Ruta Nac 33,6,2,0,0,4,0,0,"-33.64653, -61.85755",Ruta,94,MURPHY,General LÓPEZ,Asfalto,S/D,VIII,S/D,Urbana,S/D,S/D,Intersección,S/D,S/D,S/D,S/D,S/D,S/D,Vuelco,S/D,S/D,S/D,S/D
2020,4076,2020-07-20,Lunes,,Ruta Provincial 80,1,2,"Pickup/Utilitario,Automóvil",,2,1,0,0,1,0,0,"-32.07371, -60.98299",Ruta,80,AROCENA,San JERÓNIMO,S/D,S/D,XV,S/D,Rural,S/D,S/D,Recta,S/D,S/D,S/D,S/D,Lateral,S/D,Colisión,S/D,S/D,S/D,S/D
2020,4077,2020-10-05,Lunes,11:00:00,,0,2,"Automóvil,Bicicleta",Av Almte Brown Y Pedro de Vega,2,1,0,0,1,0,0,"-31.61595, -60.67295",Calle,,SANTA FE,La Capital,Asfalto,No existe,I,Dentro,Urbana,Ninguna,No existe,Intersección,Bueno,Buena,Diurna,Buen Tiempo,Lateral,Ciclista,Atropello,Ninguna,S/D,Ninguna,Sin restricción
2020,4078,2020-10-11,Domingo,,,0,1,Moto/Ciclomotor,,1,1,0,0,0,0,0,"-31.44593, -60.93149",S/D,,ESPERANZA,Las Colonias,S/D,S/D,XI,S/D,S/D,S/D,S/D,S/D,S/D,S/D,S/D,S/D,Atropello animal,S/D,Colisión,S/D,S/D,S/D,S/D
2020,4079,2020-06-28,Domingo,3:20:00,Autopista Nacional A008,0,1,Automóvil,Av. Circunvalacion Y Bv. Oro�o,2,2,0,0,0,0,0,"-33.014685,-60.66455",Autopista,A008,ROSARIO,Rosario,Asfalto,Pavimento,II,Dentro,Urbana,Marca Vial,No existe,Recta,S/D,S/D,Nocturna,S/D,S/D,S/D,Vuelco,S/D,Horizontal,Guardarrail,S/D
2020,4080,2020-10-11,Domingo,,,0,1,Automóvil,,2,0,2,0,0,0,0,"-32.14201, -61.73621",Camino Rural,,EL TRÉBOL,San MARTÍN,S/D,S/D,XVIII,S/D,Rural,S/D,S/D,S/D,S/D,S/D,S/D,S/D,S/D,S/D,Vuelco,S/D,S/D,S/D,S/D
2020,4081,2020-10-02,Viernes,8:45:00,,0,2,"Automóvil,Automóvil",Av Gral Paz Y Huergo,3,1,0,0,2,0,0,"-31.61742, -60.68377",Avenida,,SANTA FE,La Capital,Asfalto,No existe,I,Dentro,Urbana,Ninguna,No existe,Intersección,Bueno,Buena,Diurna,Buen Tiempo,Lateral,S/D,Colisión,Ninguna,S/D,Ninguna,Sin restricción
2020,4082,2020-06-12,Viernes,23:00:00,Autovía Nacional 19,80,1,Camión c / Acoplado,,1,1,0,0,0,0,0,"-31.529834, -61.544732",Autovía,19,ANGÉLICA,Castellanos,Asfalto,Natural,V,Dentro,Rural,Ninguna,No existe,Intersección,Bueno,Buena,Nocturna,Buen Tiempo,S/D,S/D,Vuelco,Ninguna,Faltante,Ninguna,Sin restricción
2020,4083,2020-07-21,Martes,18:40:00,,0,2,"Bicicleta,Taxi/Remis",Julio A Roca Y Ortiz,2,0,0,1,1,0,0,"-31.76641, -61.82968",Calle,,SASTRE,San MARTÍN,S/D,S/D,XVIII,S/D,Urbana,S/D,S/D,Intersección,S/D,S/D,Diurna,S/D,S/D,Ciclista,Atropello,S/D,S/D,S/D,S/D
2020,4084,2020-10-06,Martes,8:10:00,,0,2,"Camión Chasis,Moto/Ciclomotor",Salvador del Carril Y Necochea,2,1,0,0,1,0,0,"-31.61996, -60.68925",Avenida,,SANTA FE,La Capital,Asfalto,No existe,I,Dentro,Urbana,Ninguna,No existe,Intersección,Bueno,Buena,Diurna,Buen Tiempo,Lateral,S/D,Colisión,Ninguna,S/D,Ninguna,Sin restricción
2020,4085,2020-06-18,Jueves,,Ruta Provincial 91,15,2,"Camión c / Acoplado,Camión c / Acoplado",,2,1,1,0,0,0,0,"-32.60658878638171, -60.96899150801",Ruta,91,SERODINO,Iriondo,Asfalto,No existe,X,Dentro,Urbana,Ninguna,No existe,Intersección,Bueno,Buena,Diurna,Buen Tiempo,S/D,S/D,Colisión,Ninguna,Horizontal,Línea divisoria pintada,Sin restricción
2020,4086,2020-10-11,Domingo,,Ruta Nacional 34,0,2,"Moto/Ciclomotor,Automóvil",Ruta Nacional 34,4,0,1,0,3,0,0,"-31.84866, -61.58221",Ruta,34,SAN MARTIN DE LAS ESCOBAS,San MARTÍN,Asfalto,S/D,XVIII,S/D,Urbana,S/D,S/D,Recta,S/D,S/D,S/D,S/D,S/D,S/D,Colisión,S/D,S/D,S/D,S/D