anio_acci,nro_acci,fecha,desc_dia,hora_aprox,desc_ruta,km,cant_participantes,desc_participante,calle_avenida_km,total,heridos_leves,heridos_graves,heridos_gravisimos,ilesos,fallecidos,sin_datos,posicion_XY,desc_tipo_via,desc_ruta_ori,desc_loc,desc_dpto,desc_tipo_calzada,desc_tipo_banquina,desc_unidad_regional,desc_lugar_calzada,desc_zona,desc_prioridad,desc_estado_semaforo,desc_lugar_via,desc_estado_via,desc_estado_visibilidad,desc_luminosidad,desc_estado_clima,desc_tipo_colision,desc_tipo_atropello,desc_tipo_hecho,desc_pres_calzada,desc_senializacion,desc_separacion_via,desc_restriccion
2020,4087,2020-06-21,Domingo,22:15:00,Ruta Nacional 11,0,1,Automóvil,,1,1,0,0,0,0,0,"-31.519610, -60.724659",Ruta,11,RECREO,La Capital,Asfalto,Natural,I,Fuera,Rural,Ninguna,No existe,Recta,Bueno,Buena,Diurna,Buen Tiempo,S/D,S/D,Despiste,Ninguna,Faltante,Línea divisoria pintada,Sin restricción
2020,4088,2020-06-28,Domingo,,Ruta Provincial 5,0,1,Moto/Ciclomotor,9 de Julio Y Ruta Nacional 11,1,1,0,0,0,0,0,"-31.531351, -60.722244",Ruta,5,RECREO,La Capital,Asfalto,Ripio,I,Dentro,Urbana,Ninguna,No existe,Cruce,S/D,S/D,S/D,S/D,S/D,S/D,Cañda ocupante,S/D,Faltante,Cordón divisorio,S/D
2020,4089,2020-10-06,Martes,8:50:00,,0,2,"Automóvil,Moto/Ciclomotor",Castellanos Y Agustin Delgado,2,1,0,0,1,0,0,"-31.63694, -60.69202",Calle,,SANTA FE,La Capital,Asfalto,No existe,I,Dentro,Urbana,Ninguna,No existe,Intersección,Bueno,Buena,Diurna,Buen Tiempo,Lateral,S/D,Colisión,Ninguna,S/D,S/D,Sin restricción
2020,4090,2020-07-21,Martes,,,0,2,"Moto/Ciclomotor,Automóvil",,2,1,0,0,1,0,0,"-33.04453, -61.16502",S/D,,CASILDA,Caseros,S/D,S/D,IV,S/D,S/D,S/D,S/D,S/D,S/D,S/D,S/D,S/D,S/D,S/D,Colisión,S/D,S/D,S/D,S/D
2020,4091,2020-10-11,Domingo,,,0,1,Moto/Ciclomotor,Avda. Jorge Newbery Y Av Republica,1,1,0,0,0,0,0,"-32.03605, -61.21313",Avenida,,GÁLVEZ,San JERÓNIMO,Asfalto,S/D,XV,S/D,Urbana,S/D,S/D,Intersección,S/D,S/D,S/D,S/D,S/D,S/D,Cañda ocupante,S/D,S/D,S/D,S/D
2020,4092,2020-07-01,Miercoles,11:20:00,,0,2,"Automóvil,Peatón",9 de Julio Y J M Zuviria,2,1,0,0,1,0,0,"-31.61676, -60.70047",Calle,,SANTA FE,La Capital,Asfalto,No existe,I,S/D,Urbana,Ninguna,No existe,Intersección,Bueno,Buena,Diurna,Buen Tiempo,S/D,Peatón,Atropello,Ninguna,S/D,Ninguna,Sin restricción
2020,4093,2020-10-11,Domingo,,,0,2,"Automóvil,Moto/Ciclomotor",Bv 9 de Julio,4,2,0,0,2,0,0,"-31.89142, -61.86552",Avenida,,SAN JORGE,San MARTÍN,Asfalto,S/D,XVII,S/D,Urbana,S/D,S/D,Recta,S/D,S/D,S/D,S/D,S/D,S/D,Colisión,S/D,S/D,S/D,S/D
2020,4094,2020-06-25,Jueves,13:40:00,Autopista Nacional Gral. Juan Jose Valle,270,2,"Automóvil,Camión Chasis",,2,1,0,0,1,0,0,"-33.030891, -60.663719",Autopista,Gral. Juan Jose Valle,VILLA GOBERNADOR GÁLVEZ,Rosario,Asfalto,Natural,II,Dentro,Rural,Ninguna,No existe,Recta,Bueno,Buena,Diurna,Buen Tiempo,De alcance,S/D,Colisión,Ninguna,Faltante,"Guardarrail,Vegetación",Sin restricción
2020,4095,2020-06-02,Martes,7:45:00,,0,2,"Pickup/Utilitario,Moto/Ciclomotor",Calle 19-Habegger Y Calle 44-27 de Abril,2,1,0,0,1,0,0,"-29.144743078222,-59.662796114462",Calle,,RECONQUISTA,General Obligado,Asfalto,No existe,IX,Dentro,Urbana,Ninguna,No existe,Intersección,Bueno,Buena,Diurna,Buen Tiempo,S/D,S/D,Colisión,Ninguna,Faltante,Ninguna,Sin restricción
2020,4096,2020-07-22,Miercoles,,,0,2,"Moto/Ciclomotor,Automóvil",Av Pe�aloza Y J Castelli,2,1,0,0,1,0,0,"-31.60248, -60.71279",Calle,,SANTA FE,La Capital,S/D,S/D,I,S/D,Urbana,S/D,S/D,Intersección,S/D,S/D,S/D,S/D,S/D,S/D,Colisión,S/D,S/D,S/D,S/D
2020,4097,2020-10-07,Miercoles,,Autopista Provincial Brigadier E.LÓPEZ,0,2,"Automóvil,Automóvil",,2,0,0,0,0,0,2,"-31.62425, -60.75981",Autopista,Brigadier E.LÓPEZ,SANTA FE,La Capital,"Asfalto,Hormigón",Natural,I,S/D,S/D,Marca Vial,No existe,Recta,Bueno,Buena,Diurna,Buen Tiempo,Lateral,S/D,Colisión,Ninguna,Vertical,Guardarrail,Sin restricción
2020,4098,2020-06-02,Martes,18:50:00,,0,2,"Moto/Ciclomotor,Pickup/Utilitario",Calle 17-Bartolome Mitre Y Roca Pte,2,1,0,0,1,0,0,"-29.145551060054,-59.643811539988",Calle,,RECONQUISTA,General Obligado,Asfalto,No existe,IX,Dentro,Urbana,Paso Peatonal,No existe,Intersección,Bueno,Buena,Atardecer,Buen Tiempo,S/D,S/D,Colisión,Ninguna,Horizontal,Cordón divisorio,Sin restricción
2020,4099,2020-10-05,Lunes,22:45:00,,0,2,"Moto/Ciclomotor,Automóvil",Artigas Y Av Pte Peron,2,0,0,0,0,0,2,"-31.62062, -60.71854",Avenida,,SANTA FE,La Capital,Asfalto,No existe,I,S/D,Urbana,Semáforo,Funciona,Intersección,Otro,Buena,Nocturna,Buen Tiempo,Lateral,S/D,Colisión,S/D,Vertical,Línea divisoria pintada,Sin restricción
2020,4100,2020-06-30,Martes,21:00:00,Ruta Secundaria 22-s,0,2,"Peatón,Automóvil",Garcia Gonzalez Y Ruta Prov 22 S,2,0,0,1,1,0,0,"-33.033452, -60.655971",Ruta,22-s,VILLA GOBERNADOR GÁLVEZ,Rosario,Asfalto,Ripio,II,Dentro,Urbana,Marca Vial,No existe,Recta,S/D,S/D,Nocturna,S/D,S/D,Peatón,Atropello,S/D,Horizontal,Línea divisoria pintada,S/D
2020,4101,2020-10-03,Sabado,11:30:00,,0,2,"Moto/Ciclomotor,Otros",Av Lopez y Planes,3,1,0,0,1,0,1,"-31.62456, -60.71367",Avenida,,SANTA FE,La Capital,Asfalto,No existe,I,S/D,Urbana,Semáforo,Funciona,Intersección,Bueno,Buena,S/D,Buen Tiempo,Lateral,S/D,Colisión,Ninguna,Vertical,Línea divisoria pintada,Sin restricción
2020,4102,2020-07-22,Miercoles,,,0,1,Moto/Ciclomotor,,1,1,0,0,0,0,0,"-31.44898, -60.93036",S/D,,ESPERANZA,Las Colonias,S/D,S/D,XI,S/D,S/D,S/D,S/D,S/D,S/D,S/D,S/D,S/D,S/D,S/D,Cañda ocupante,S/D,S/D,S/D,S/D
2020,4103,2020-10-11,Domingo,,,0,1,Moto/Ciclomotor,25 de Mayo 2000,1,1,0,0,0,0,0,"-29.45975, -60.21505",Calle,,VERA,Vera,Asfalto,S/D,XIX,S/D,Urbana,S/D,S/D,Recta,S/D,S/D,S/D,S/D,Atropello animal,S/D,Colisión,S/D,S/D,S/D,S/D
2020,4104,2020-10-02,Viernes,20:00:00,,0,2,"Moto/Ciclomotor,Moto/Ciclomotor",Av Circunvalaci�n,2,0,0,0,0,0,2,"-31.64735, -60.70378",S/D,,ROSARIO,Rosario,Asfalto,Natural,II,S/D,S/D,Marca Vial,No existe,Recta,Bueno,Buena,Nocturna,Buen Tiempo,S/D,S/D,Colisión,Ninguna,Vertical,Guardarrail,Sin restricción
2020,4105,2020-10-07,Miercoles,15:00:00,,0,2,"Moto/Ciclomotor,Moto/Ciclomotor",Mitre,2,2,0,0,0,0,0,"-29.88457, -60.28766",Calle,,ROSARIO,Rosario,Asfalto,Natural,II,S/D,Urbana,Ninguna,No existe,Recta,Bueno,Buena,S/D,Buen Tiempo,Lateral,S/D,Colisión,Ninguna,Vertical,"Ninguna,S/D",Sin restricción
2020,4106,2020-10-01,Jueves,0:00:00,,0,2,"Moto/Ciclomotor,Automóvil",Av Lopez y Planes Y Martin Zapata,2,1,0,0,0,0,1,"-31.617, -60.71322",Calle,,ROSARIO,Rosario,Asfalto,No existe,I,S/D,S/D,S/D,Funciona,Intersección,Bueno,Buena,Diurna,S/D,S/D,S/D,S/D,Ninguna,Vertical,Línea divisoria pintada,S/D
2020,4107,2020-07-22,Miercoles,17:25:00,,0,2,"Moto/Ciclomotor,Automóvil",Dr Brarda,2,0,1,0,1,0,0,"-32.02403, -61.22114",Calle,,GÁLVEZ,San JERÓNIMO,S/D,S/D,XV,S/D,Urbana,S/D,S/D,Recta,S/D,S/D,Diurna,S/D,S/D,S/D,Colisión,S/D,S/D,S/D,S/D
2020,4108,2020-10-13,Martes,,,0,2,"Automóvil,Moto/Ciclomotor",San Luis Y Larrea,2,1,0,0,1,0,0,"-32.93953, -60.6973",Calle,,ROSARIO,Rosario,Asfalto,S/D,II,S/D,Urbana,S/D,S/D,Intersección,S/D,S/D,S/D,S/D,S/D,S/D,Colisión,S/D,S/D,S/D,S/D
2020,4109,2020-10-07,Miercoles,22:30:00,,0,2,"Automóvil,Moto/Ciclomotor",Dr Zavalla Y Hipolito Yrigoyen,2,1,0,0,1,0,0,"-31.63987, -60.71844",Calle,,SANTA FE,La Capital,Hormigón,No existe,I,Dentro,Urbana,Ninguna,No existe,Intersección,Con baches,Reducida,Nocturna,Buen Tiempo,Lateral,S/D,Colisión,Ninguna,Faltante,Ninguna,Sin restricción
2020,4110,2020-07-28,Martes,10:50:00,,0,2,"Automóvil,Peatón",P.L.Funes Y J.J.Paso,2,1,0,0,1,0,0,"    -32.92013, -60.70969",Avenida,,ROSARIO,Rosario,Asfalto,No existe,II,Dentro,Urbana,Ninguna,No existe,Intersección,Bueno,Buena,Diurna,S/D,S/D,Peatón,Atropello,S/D,Faltante,Cordón divisorio,Sin restricción
2020,4111,2020-10-16,Viernes,9:30:00,,0,2,"Automóvil,Moto/Ciclomotor",Edmundo Rivero Y Roullon,3,0,1,0,2,0,0,"-32.97473, -60.70082",Calle,,ROSARIO,Rosario,Asfalto,Pavimento,II,S/D,Urbana,Semáforo,Funciona,Intersección,Bueno,S/D,S/D,Buen Tiempo,Frontal,S/D,Colisión,Ninguna,"Horizontal,Vertical",S/D,Sin restricción
2020,4112,2020-06-05,Viernes,20:20:00,,0,2,"Peatón,Automóvil",Av Brasil 1700,2,1,0,0,1,0,0,"-31.246604888146,-61.470602504211",Avenida,,RAFAELA,Castellanos,Asfalto,No existe,V,Dentro,Urbana,Ninguna,No existe,Recta,Bueno,Buena,Diurna,Buen Tiempo,S/D,S/D,Colisión,Ninguna,Faltante,Ninguna,Sin restricción
2020,4113,2020-10-28,Miercoles,18:00:00,,0,2,"Moto/Ciclomotor,Pickup/Utilitario",La Rioja Y Saavedra,2,1,0,0,1,0,0,"-31.64357, -60.71534",Calle,,ROSARIO,Rosario,Hormigón,No existe,II,Dentro,Urbana,Ninguna,No existe,Intersección,Con baches,Buena,Atardecer,Buen Tiempo,Lateral,S/D,Colisión,Ninguna,Faltante,Ninguna,Sin restricción
2020,4115,2020-10-05,Lunes,9:00:00,,0,2,"Automóvil,Moto/Ciclomotor",Primera Junta 3700,2,1,0,0,1,0,0,"-31.64437, -60.7211",Calle,,SANTA FE,La Capital,Hormigón,No existe,I,Dentro,Urbana,Ninguna,No existe,Recta,Bueno,Buena,Diurna,Buen Tiempo,De alcance,S/D,Colisión,Ninguna,Faltante,Ninguna,Sin restricción
2020,4116,2020-10-23,Viernes,,,0,1,Moto/Ciclomotor,Boulevard America 1600,1,1,0,0,0,0,0,"-32.95883, -60.693",Avenida,,ROSARIO,Rosario,Asfalto,S/D,II,S/D,Urbana,S/D,S/D,Recta,S/D,S/D,S/D,S/D,S/D,S/D,Cañda ocupante,S/D,S/D,S/D,S/D
2020,4117,2020-10-02,Viernes,13:00:00,,0,2,"Moto/Ciclomotor,Automóvil",Lamadrid Y Gdor Crespo,3,1,0,0,2,0,0,"-31.63761, -60.72606",Avenida,,SANTA FE,La Capital,Hormigón,No existe,I,Dentro,Urbana,Ninguna,No existe,Intersección,Con baches,Buena,Diurna,Buen Tiempo,Lateral,S/D,Colisión,Ninguna,Faltante,Ninguna,Sin restricción
2020,4118,2020-10-11,Domingo,20:40:00,,0,2,"Automóvil,Moto/Ciclomotor",Catamarca Y Corrientes,2,1,0,0,1,0,0,"-33.740007925346,-61.95410749241",Calle,,ROSARIO,Rosario,Asfalto,No existe,II,Dentro,Urbana,Ninguna,No existe,Intersección,Bueno,Buena,Diurna,Buen Tiempo,S/D,S/D,Colisión,Ninguna,Faltante,Ninguna,Sin restricción
2020,4119,2020-10-12,Lunes,,Ruta Secundaria 26-s,0,2,"Automóvil,Moto/Ciclomotor",,4,0,1,0,3,0,0,"-33.09743, -61.12306",Ruta,26-s,CASILDA,Caseros,Asfalto,S/D,IV,S/D,Urbana,S/D,S/D,Recta,S/D,S/D,S/D,S/D,S/D,S/D,Colisión,S/D,S/D,S/D,S/D
2020,4120,2020-06-06,Sabado,19:35:00,,0,1,Bicicleta,E Eterovich 790,1,1,0,0,0,0,0,"-33.766387162706,-61.954053770078",Calle,,VENADO TUERTO,General LÓPEZ,Ripio,No existe,VIII,Dentro,Urbana,Ninguna,No existe,Recta,Bueno,Buena,Diurna,Buen Tiempo,S/D,S/D,Cañda ocupante,Ninguna,Faltante,Ninguna,Sin restricción
2020,4121,2020-06-30,Martes,20:00:00,Ruta Provincial 21,0,2,"Camión,Moto/Ciclomotor",Av Gral San Martin Y Moreno,2,0,1,0,1,0,0,"-33.024576340064,-60.625861241204",Ruta,21,VILLA GOBERNADOR GÁLVEZ,Rosario,Asfalto,No existe,II,Dentro,Urbana,Paso Peatonal,No existe,Intersección,S/D,S/D,Nocturna,S/D,Lateral,S/D,Colisión,S/D,Horizontal,Cordón divisorio,S/D
2020,4122,2020-07-28,Martes,18:30:00,,0,2,"Peatón,Automóvil",Av. Genova 7100,2,1,0,0,1,0,0,"    -32.91613, -60.71776",Avenida,,ROSARIO,Rosario,Asfalto,No existe,II,Dentro,Urbana,Ninguna,No existe,Recta,Bueno,Buena,Atardecer,Buen Tiempo,Otro,Peatón,Atropello,Ninguna,Faltante,Ninguna,Sin restricción
2020,4123,2020-10-02,Viernes,8:40:00,,0,2,"Moto/Ciclomotor,Bicicleta",Av Freyre Y Obispo Gelabert,2,1,0,0,1,0,0,"-31.63427, -60.71542",Avenida,,SANTA FE,La Capital,Hormigón,S/D,I,Dentro,Urbana,S/D,S/D,Intersección,Bueno,S/D,S/D,S/D,S/D,Ciclista,Atropello,Ninguna,Faltante,S/D,S/D
2020,4124,2020-06-06,Sabado,16:00:00,,0,2,"Moto/Ciclomotor,Automóvil",Los Andes Y Turner S,3,2,0,0,1,0,0,"-33.765320927033,-61.964157643907",Calle,,VENADO TUERTO,General LÓPEZ,Tierra,No existe,VIII,Dentro,Urbana,Ninguna,No existe,Intersección,Bueno,Buena,Diurna,Buen Tiempo,S/D,S/D,Colisión,Ninguna,Faltante,Ninguna,Sin restricción
2020,4125,2020-10-02,Viernes,17:25:00,Ruta Nacional 11,0,2,"Automóvil,Moto/Ciclomotor",,3,0,0,0,0,0,3,"-31.66517, -60.73612",Ruta,11,SANTA FE,La Capital,S/D,S/D,I,S/D,S/D,S/D,S/D,S/D,S/D,S/D,S/D,S/D,S/D,S/D,S/D,S/D,S/D,S/D,S/D
2020,4126,2020-07-22,Miercoles,23:40:00,,0,1,Moto/Ciclomotor,Santa Rosa Y Alte. Brown,2,1,0,0,1,0,0,"-31.86745, -60.88795",Calle,,DESVÍO ARIJÓN,San JERÓNIMO,S/D,S/D,XV,S/D,Urbana,S/D,S/D,Intersección,S/D,S/D,Nocturna,S/D,Atropello animal,S/D,Colisión,S/D,S/D,S/D,S/D
2020,4127,2020-07-24,Viernes,11:15:00,,0,2,"Moto/Ciclomotor,Automóvil",Roullon 4100,2,0,1,0,1,0,0,"    -32.97662, -60.70091",Calle,,ROSARIO,Rosario,Asfalto,Pavimento,II,Dentro,Urbana,Otra Señal,No existe,Recta,Bueno,Buena,Diurna,Buen Tiempo,Otro,S/D,Colisión,Ninguna,S/D,Ninguna,Sin restricción
2020,4128,2020-10-02,Viernes,7:59:00,,0,2,"Automóvil,Taxi/Remis",Av Gral Lopez Y San Jose,3,0,0,0,0,0,3,"-31.65463, -60.72569",Calle,,ROSARIO,Rosario,S/D,S/D,I,S/D,Urbana,S/D,S/D,S/D,S/D,S/D,S/D,S/D,S/D,S/D,S/D,S/D,S/D,S/D,S/D
2020,4129,2020-06-30,Martes,11:40:00,,0,2,"Automóvil,Moto/Ciclomotor",Calle 4 Y Calle 11,2,1,0,0,1,0,0,"-29.116948049114,-59.663616278855",Calle,,AVELLANEDA,General Obligado,Asfalto,No existe,IX,Dentro,Urbana,Ninguna,No existe,Intersección,S/D,S/D,Diurna,S/D,S/D,S/D,Colisión,S/D,Faltante,Ninguna,S/D
2020,4130,2020-06-15,Lunes,3:40:00,,0,1,Taxi/Remis,Fiambala,1,1,0,0,0,0,0,"-32.905015375725,-60.883001650412",Calle,,ROLDÁN,San Lorenzo,S/D,S/D,XVII,Dentro,Urbana,Ninguna,S/D,Recta,S/D,S/D,Nocturna,Buen Tiempo,Contra objeto fijo,S/D,Colisión,S/D,S/D,Ninguna,Sin restricción
2020,4131,2020-06-15,Lunes,16:30:00,,0,2,"Moto/Ciclomotor,Peatón",Dorrego,3,3,0,0,0,0,0,"-32.93363749980928,-60.646483898162",Calle,,ROSARIO,Rosario,Asfalto,No existe,II,Dentro,Urbana,Policía de tránsito,Funciona,Recta,Bueno,Buena,Diurna,Buen Tiempo,S/D,Peatón,"Cañda ocupante,Atropello",Ninguna,"Horizontal,Vertical","Cordón divisorio,Vegetación",Sin restricción
2020,4132,2020-07-24,Viernes,11:10:00,,0,2,"Automóvil,Pickup/Utilitario",Alsina Y Cerrito,3,1,1,0,1,0,0,"    -32.95504, -60.68032",Calle,,ROSARIO,Rosario,Asfalto,S/D,II,Dentro,Urbana,Ninguna,No existe,Intersección,Bueno,Buena,Diurna,Buen Tiempo,Otro,S/D,Colisión,Ninguna,Faltante,Ninguna,Sin restricción
2020,4133,2020-07-22,Miercoles,,Ruta Nacional 11,108,2,"Bicicleta,Moto/Ciclomotor",,2,2,0,0,0,0,0,"-31.97277, -60.92675",Ruta,11,CORONDA,San JERÓNIMO,S/D,S/D,XV,S/D,Urbana,S/D,S/D,Cruce,S/D,S/D,S/D,S/D,S/D,Ciclista,Atropello,S/D,S/D,S/D,S/D
2020,4134,2020-06-06,Sabado,17:35:00,Ruta Provincial 70,75,2,"Automóvil,Moto/Ciclomotor",,3,1,1,0,1,0,0,"-31.259830126930662, -61.4510680117",Ruta,70,RAFAELA,Castellanos,Asfalto,No existe,V,Dentro,Urbana,Ninguna,No existe,Intersección,Bueno,Buena,Diurna,Buen Tiempo,S/D,S/D,Colisión,Ninguna,Horizontal,Línea divisoria pintada,Sin restricción
2020,4135,2020-06-16,Martes,17:50:00,,0,2,"Vehículo Oficial,Moto/Ciclomotor",JORGE NEWBERY Y ROCA,3,1,0,0,2,0,0,"-29.153089, -59.644828",Calle,,RECONQUISTA,General Obligado,Asfalto,No existe,IX,Dentro,Urbana,Ninguna,No existe,Intersección,Bueno,Buena,Diurna,Buen Tiempo,Lateral,S/D,Colisión,Ninguna,Faltante,Ninguna,Sin restricción
2020,4136,2020-07-26,Domingo,17:20:00,,0,2,"Moto/Ciclomotor,Moto/Ciclomotor",Gaboto Y Rio De Janeiro,2,0,1,0,1,0,0,"    -32.96581, -60.6873",Calle,,ROSARIO,Rosario,Asfalto,Pavimento,II,Dentro,Urbana,Ninguna,No existe,Intersección,S/D,Buena,Diurna,Buen Tiempo,Otro,S/D,Colisión,Ninguna,Faltante,Ninguna,Sin restricción
2020,4137,2020-10-05,Lunes,18:35:00,,0,2,"Moto/Ciclomotor,Moto/Ciclomotor",Bv Galvez,2,1,0,0,1,0,0,"-31.6378, -60.69285",Avenida,,SANTA FE,La Capital,Asfalto,No existe,I,Dentro,Urbana,S/D,Funciona,Intersección,Bueno,S/D,Atardecer,S/D,S/D,S/D,Colisión,S/D,S/D,S/D,S/D
2020,4138,2020-10-09,Viernes,,,0,2,"Moto/Ciclomotor,Moto/Ciclomotor",Montevideo Y Juan Martin de Pueyrredon,2,2,0,0,0,0,0,"-33.05197, -61.19573",Calle,,CASILDA,Caseros,Asfalto,S/D,IV,S/D,Urbana,S/D,S/D,Intersección,S/D,S/D,S/D,S/D,S/D,S/D,Colisión,S/D,S/D,S/D,S/D
2020,4139,2020-10-12,Lunes,,,0,2,"Bicicleta,Vehículo Oficial",Catamarca 1600,2,1,0,0,1,0,0,"-33.04922, -61.15458",Calle,,CASILDA,Caseros,Asfalto,S/D,IV,S/D,Urbana,S/D,S/D,Recta,S/D,S/D,S/D,S/D,S/D,Ciclista,Atropello,S/D,S/D,S/D,S/D
2020,4140,2020-10-02,Viernes,21:10:00,,0,2,"Moto/Ciclomotor,Automóvil",,2,1,0,0,0,0,1,"-31.64088, -60.68135",Calle,,SANTA FE,La Capital,Asfalto,No existe,I,Dentro,Urbana,S/D,No existe,Curva,Bueno,S/D,Nocturna,S/D,S/D,S/D,S/D,S/D,S/D,S/D,S/D
2020,4141,2020-10-12,Lunes,,,0,2,"Moto/Ciclomotor,Automóvil",Rio Negro Y Saavedra,3,2,0,0,0,0,1,"-29.22913, -61.76338",Calle,,TOSTADO,9 de Julio,Asfalto,S/D,XII,S/D,Urbana,S/D,S/D,Intersección,S/D,S/D,S/D,S/D,S/D,S/D,Colisión,S/D,S/D,S/D,S/D
2020,4142,2020-10-13,Martes,,,0,2,"Automóvil,Moto/Ciclomotor",,2,0,1,0,1,0,0,"-34.18755, -61.52607",S/D,,TEODELINA,General LÓPEZ,S/D,S/D,VIII,S/D,S/D,S/D,S/D,S/D,S/D,S/D,S/D,S/D,S/D,S/D,Colisión,S/D,S/D,S/D,S/D
2020,4143,2020-10-02,Viernes,14:45:00,,0,2,"Automóvil,Bicicleta",,2,1,0,0,1,0,0,"-31.63964, -60.68307",Calle,,SANTA FE,La Capital,Hormigón,No existe,I,Dentro,Urbana,S/D,No existe,Recta,Bueno,S/D,Diurna,S/D,S/D,Ciclista,Atropello,S/D,S/D,S/D,S/D
2020,4144,2020-10-13,Martes,,Ruta Nacional 34,0,2,"Moto/Ciclomotor,Bicicleta",Ruta Nacional 34,2,0,2,0,0,0,0,"-31.86387, -61.58585",Ruta,34,SAN MARTIN DE LAS ESCOBAS,San MARTÍN,Asfalto,S/D,XVIII,S/D,Urbana,S/D,S/D,S/D,S/D,S/D,S/D,S/D,S/D,Ciclista,Atropello,S/D,S/D,S/D,S/D
2020,4145,2020-06-30,Martes,,,0,2,"Automóvil,Peatón",Av. Battle y Ordo�ez Y Bv. Oro�o,2,1,0,0,1,0,0,"-33.00931334495546,-60.664916038513",Avenida,,ROSARIO,Rosario,Asfalto,No existe,II,Dentro,Urbana,Policía de tránsito,Funciona,Rotonda,S/D,S/D,S/D,S/D,S/D,Peatón,Atropello,S/D,Vertical,Cordón divisorio,S/D
2020,4146,2020-10-03,Sabado,9:48:00,,0,2,"Pickup/Utilitario,Moto/Ciclomotor",4 de Enero Y Monse�or Zaspe,3,2,0,0,1,0,0,"-31.65506, -60.71448",Calle,,SANTA FE,La Capital,Asfalto,Pavimento,I,Dentro,Urbana,Ninguna,No existe,Intersección,Bueno,Buena,Diurna,Buen Tiempo,Lateral,S/D,Colisión,Ninguna,S/D,Ninguna,Sin restricción
2020,4147,2020-10-13,Martes,,,0,2,"Moto/Ciclomotor,Automóvil",Capitan Bermudez 1200,2,1,0,0,1,0,0,"-32.02073, -61.21799",Calle,,GÁLVEZ,San JERÓNIMO,Asfalto,S/D,XV,S/D,Urbana,S/D,S/D,Recta,S/D,S/D,S/D,S/D,S/D,S/D,Colisión,S/D,S/D,S/D,S/D
2020,4148,2020-06-30,Martes,11:00:00,,0,2,"Moto/Ciclomotor,Automóvil",Alvear Y Juan Jose Castelli,2,1,0,0,1,0,0,"-33.747255630279,-61.962866160008",Calle,,VENADO TUERTO,General LÓPEZ,Asfalto,No existe,VIII,Dentro,Urbana,Ninguna,No existe,Intersección,S/D,S/D,Diurna,S/D,S/D,S/D,Colisión,S/D,Faltante,Ninguna,S/D
2020,4149,2020-10-14,Miercoles,,,0,2,"Moto/Ciclomotor,Bicicleta",Boulevard Villada Y General Juan Lavalle,2,2,0,0,0,0,0,"-33.03452, -61.16167",Calle,,CASILDA,Caseros,Asfalto,S/D,IV,S/D,Urbana,S/D,S/D,Intersección,S/D,S/D,S/D,S/D,S/D,Ciclista,Atropello,S/D,S/D,S/D,S/D
2020,4150,2020-10-03,Sabado,7:50:00,,0,2,"Automóvil,Moto/Ciclomotor",25 de Mayo Y Irigoyen Freyre,2,1,0,0,1,0,0,"-31.64354, -60.70488",Calle,,SANTA FE,La Capital,Asfalto,Pavimento,I,Dentro,Urbana,Ninguna,No existe,Intersección,Bueno,Buena,Diurna,Buen Tiempo,Lateral,S/D,Colisión,Ninguna,Faltante,Ninguna,Sin restricción
2020,4151,2020-10-14,Miercoles,,,0,2,"Moto/Ciclomotor,Automóvil",25 de Mayo Y Sarmiento,2,1,0,0,1,0,0,"-32.86056, -61.13882",Calle,,CARCARAÑÁ,San Lorenzo,Asfalto,S/D,XVII,S/D,Urbana,S/D,S/D,Intersección,S/D,S/D,S/D,S/D,S/D,S/D,Colisión,S/D,S/D,S/D,S/D
2020,4152,2020-06-06,Sabado,10:30:00,,0,2,"Moto/Ciclomotor,Bicicleta",Calle 112 Y Calle 119,2,1,0,0,1,0,0,"-29.120363456669,-59.672949983582",Calle,,AVELLANEDA,General Obligado,Tierra,No existe,IX,Dentro,Urbana,Ninguna,No existe,Intersección,Bueno,Buena,Diurna,Buen Tiempo,S/D,Ciclista,Atropello,Ninguna,Faltante,Ninguna,Sin restricción
2020,4153,2020-06-30,Martes,7:10:00,,0,2,"Moto/Ciclomotor,Automóvil",Almafuerte Y Bartolome Mitre,3,1,0,0,2,0,0,"-33.746526006804,-61.95914859404",Calle,,VENADO TUERTO,General LÓPEZ,Asfalto,No existe,VIII,Dentro,Urbana,Ninguna,No existe,Intersección,S/D,S/D,Diurna,S/D,S/D,S/D,Colisión,S/D,Faltante,Ninguna,S/D
2020,4154,2020-06-06,Sabado,12:30:00,,0,2,"Automóvil,Moto/Ciclomotor",Calle 13 Y Calle 20,2,1,0,0,1,0,0,"-29.119165316355,-59.653899614351",Calle,,AVELLANEDA,General Obligado,Asfalto,No existe,IX,Dentro,Urbana,Ninguna,No existe,Intersección,Bueno,Buena,Diurna,Buen Tiempo,S/D,S/D,Colisión,Ninguna,Faltante,Ninguna,Sin restricción
2020,4155,2020-10-07,Miercoles,9:40:00,,0,2,"Automóvil,Moto/Ciclomotor",Rivadavia Y Santiago del Estero,2,1,0,0,1,0,0,"-31.63836, -60.70178",Calle,,SANTA FE,La Capital,Asfalto,Pavimento,I,Dentro,Urbana,Semáforo,Funciona,Intersección,Bueno,Buena,S/D,Buen Tiempo,Lateral,S/D,Colisión,Ninguna,Faltante,Ninguna,Sin restricción
2020,4156,2020-06-30,Martes,9:00:00,,0,2,"Moto/Ciclomotor,Moto/Ciclomotor",Alberdi Juan Bautista Y French,2,1,0,0,1,0,0,"-33.75932295723,-61.972314041149",Calle,,VENADO TUERTO,General LÓPEZ,Asfalto,No existe,VIII,Dentro,Urbana,Ninguna,No existe,Intersección,S/D,S/D,Diurna,S/D,S/D,S/D,Colisión,S/D,Faltante,Ninguna,S/D