anio_acci,nro_acci,fecha,desc_dia,hora_aprox,desc_ruta,km,cant_participantes,desc_participante,calle_avenida_km,total,heridos_leves,heridos_graves,heridos_gravisimos,ilesos,fallecidos,sin_datos,posicion_XY,desc_tipo_via,desc_ruta_ori,desc_loc,desc_dpto,desc_tipo_calzada,desc_tipo_banquina,desc_unidad_regional,desc_lugar_calzada,desc_zona,desc_prioridad,desc_estado_semaforo,desc_lugar_via,desc_estado_via,desc_estado_visibilidad,desc_luminosidad,desc_estado_clima,desc_tipo_colision,desc_tipo_atropello,desc_tipo_hecho,desc_pres_calzada,desc_senializacion,desc_separacion_via,desc_restriccion
2020,4157,2020-10-14,Miercoles,,,0,2,"Pickup/Utilitario,Bicicleta",Salta Y Avenida Alberdi,2,1,0,0,1,0,0,"-32.90493, -60.90575",Calle,,ROLDÁN,San Lorenzo,Asfalto,S/D,XVII,S/D,Urbana,S/D,S/D,Intersección,S/D,S/D,S/D,S/D,S/D,Ciclista,Atropello,S/D,S/D,S/D,S/D
2020,4158,2020-06-16,Martes,11:00:00,,0,1,Automóvil,Colon Y Ocampo,1,1,0,0,0,0,0,"-32.820534700354,-61.386341580616",Calle,,CAÑADA DE GÓMEZ,Iriondo,Asfalto,No existe,X,Dentro,Urbana,Ninguna,No existe,Recta,Bueno,Buena,Diurna,Buen Tiempo,Contra objeto fijo,S/D,Colisión,Ninguna,Faltante,Ninguna,Sin restricción
2020,4159,2020-10-14,Miercoles,,,0,2,"Automóvil,Moto/Ciclomotor",Corrientes Y San Martin,2,1,0,0,1,0,0,"-29.46571, -60.21175",Calle,,VERA,Vera,Asfalto,S/D,XIX,S/D,Urbana,S/D,S/D,Intersección,S/D,S/D,S/D,S/D,S/D,S/D,Colisión,S/D,S/D,S/D,S/D
2020,4160,2020-06-06,Sabado,11:45:00,Ruta Provincial 6,0,2,"Automóvil,Automóvil",San Luis Y San Martin,2,1,0,0,1,0,0,"-31.746996704578,-61.097881565827",Ruta,6,SAN CARLOS CENTRO,Las Colonias,Asfalto,No existe,XI,Dentro,Urbana,Ninguna,No existe,Intersección,Bueno,Buena,Diurna,Buen Tiempo,S/D,S/D,Colisión,Ninguna,Faltante,Ninguna,Sin restricción
2020,4161,2020-10-06,Martes,9:30:00,,0,2,"Pickup/Utilitario,Moto/Ciclomotor",H Irigoyen Y Primitivo Galan,2,1,0,0,1,0,0,"-34.26377, -62.71031",Calle,,RUFINO,General LÓPEZ,Asfalto,S/D,VIII,S/D,Urbana,Ninguna,No existe,Intersección,Bueno,Buena,Diurna,Buen Tiempo,Lateral,S/D,Colisión,Ninguna,Vertical,Ninguna,Sin restricción
2020,4162,2020-07-28,Martes,19:45:00,,0,2,"Moto/Ciclomotor,Automóvil",Rueda 3700,2,1,1,0,0,0,0,"    -32.9647, -60.67992",Calle,,ROSARIO,Rosario,Asfalto,Pavimento,II,S/D,Urbana,Ninguna,No existe,Otro,Bueno,S/D,Nocturna,S/D,S/D,S/D,Colisión,Ninguna,S/D,Ninguna,Sin restricción
2020,4163,2020-06-28,Domingo,20:10:00,Ruta Nacional 11,0,2,"Automóvil,Moto/Ciclomotor",Calle 29-Alte Brown Y Ruta Nacional 11,2,1,0,0,1,0,0,"-29.150679409503937,-59.65720474720",Ruta,11,RECONQUISTA,General Obligado,Asfalto,No existe,IX,Dentro,Urbana,Paso Peatonal,No existe,Intersección,S/D,Buena,"Nocturna,Con luz artificial",S/D,S/D,S/D,Colisión,S/D,Horizontal,Cordón divisorio,S/D
2020,4164,2020-06-06,Sabado,7:15:00,,0,2,"Automóvil,Moto/Ciclomotor",Laprida Y Necochea,4,1,2,0,1,0,0,"-32.814089861501,-61.402390270609",Calle,,CAÑADA DE GÓMEZ,Iriondo,Asfalto,No existe,X,Dentro,Urbana,Ninguna,No existe,Intersección,Bueno,Buena,Amanecer,Buen Tiempo,S/D,S/D,Colisión,Ninguna,Faltante,Ninguna,Sin restricción
2020,4165,2020-06-18,Jueves,22:00:00,,0,1,Automóvil,Gral Manuel Belgrano 1045,4,3,0,0,1,0,0,"-33.743614817214,-61.968661519576",Calle,,VENADO TUERTO,General LÓPEZ,Asfalto,No existe,VIII,Dentro,Urbana,Ninguna,No existe,Recta,Bueno,Buena,"Nocturna,Con luz artificial",Buen Tiempo,Contra objeto fijo,S/D,Colisión,Ninguna,Faltante,Ninguna,Sin restricción
2020,4166,2020-10-15,Jueves,,,0,1,Moto/Ciclomotor,Santa Fe Y Urquiza,1,1,0,0,0,0,0,"-31.89854, -61.8569",Calle,,SAN JORGE,San MARTÍN,Asfalto,S/D,XVII,S/D,Urbana,S/D,S/D,Intersección,S/D,S/D,S/D,S/D,S/D,S/D,Cañda ocupante,S/D,S/D,S/D,S/D
2020,4167,2020-06-06,Sabado,,,0,1,Automóvil,,1,1,0,0,0,0,0,"-32.46914863586426,-61.615018844604",Camino Rural,,LAS ROSAS,Belgrano,Tierra,No existe,III,Dentro,Rural,Ninguna,No existe,Recta,Bueno,Buena,Atardecer,Buen Tiempo,S/D,S/D,Despiste,Ninguna,Faltante,Ninguna,Sin restricción
2020,4168,2020-07-25,Sabado,20:45:00,,0,2,"Automóvil,Moto/Ciclomotor",Av. Pellegrini 1164,3,1,0,0,2,0,0,"    -32.95704, -60.64167",Avenida,,ROSARIO,Rosario,Asfalto,S/D,II,S/D,Urbana,S/D,S/D,Recta,Bueno,Buena,"Nocturna,Con luz artificial",S/D,S/D,S/D,Colisión,S/D,S/D,S/D,S/D
2020,4169,2020-10-14,Miercoles,13:20:00,,0,2,"Automóvil,Moto/Ciclomotor",Fragata Sarmiento Y Rodriguez,2,1,0,0,1,0,0,"-32.98916, -60.67044",S/D,,ROSARIO,Rosario,Asfalto,No existe,II,S/D,S/D,Ninguna,No existe,Intersección,Bueno,S/D,Diurna,Buen Tiempo,Lateral,S/D,Colisión,S/D,Faltante,"Ninguna,S/D",Sin restricción
2020,4170,2020-07-24,Viernes,9:15:00,,0,2,"Automóvil,Moto/Ciclomotor",Lavalle Y 9 De Julio,2,1,0,0,1,0,0,"    -32.94675, -60.67963",Calle,,ROSARIO,Rosario,Asfalto,S/D,II,S/D,Urbana,S/D,S/D,Intersección,S/D,S/D,Diurna,S/D,S/D,S/D,Colisión,S/D,S/D,S/D,S/D
2020,4171,2020-10-15,Jueves,,,0,1,Automóvil,Dr Ghio Y Ombu,1,1,0,0,0,0,0,"-32.74917, -60.74376",Calle,,SAN LORENZO,San Lorenzo,Asfalto,S/D,XVII,S/D,Urbana,S/D,S/D,Intersección,S/D,S/D,S/D,S/D,S/D,S/D,S/D,S/D,S/D,S/D,S/D
2020,4172,2020-10-07,Miercoles,18:10:00,,0,2,"Moto/Ciclomotor,Automóvil",Av Iriondo Y 9 de Julio,3,1,0,0,0,0,2,"-30.78861, -60.59244",Avenida,,SAN JUSTO,San Justo,Asfalto,No existe,XVI,Dentro,Urbana,Semáforo,Funciona,Intersección,Bueno,Buena,Diurna,Buen Tiempo,S/D,S/D,Colisión,S/D,Vertical,Barrera de hormigón,Sin restricción
2020,4173,2020-07-27,Lunes,7:20:00,,0,2,"Moto/Ciclomotor,Automóvil",Av. Francia 100,2,1,0,0,1,0,0,"    -32.94018, -60.66512",Avenida,,ROSARIO,Rosario,Asfalto,No existe,II,S/D,Urbana,Ninguna,No existe,Recta,Bueno,Buena,Diurna,Buen Tiempo,De alcance,S/D,Colisión,Ninguna,Faltante,Ninguna,Sin restricción
2020,4174,2020-06-06,Sabado,13:10:00,Ruta Provincial 2,7.7,1,Automóvil,,1,1,0,0,0,0,0,"-31.505949944257736,-60.67739501595",Ruta,2,MONTE VERA,La Capital,Asfalto,Ripio,II,Dentro,Urbana,Ninguna,No existe,Curva,Bueno,Buena,Diurna,Buen Tiempo,Contra objeto fijo,S/D,Colisión,Ninguna,Faltante,Línea divisoria pintada,Sin restricción
2020,4175,2020-10-15,Jueves,,,0,2,"Moto/Ciclomotor,Moto/Ciclomotor",Santa Fe Y Urquiza,2,2,0,0,0,0,0,"-32.3695, -61.36167",Calle,,SAN GENARO,San JERÓNIMO,Asfalto,S/D,XV,S/D,Urbana,S/D,S/D,Intersección,S/D,S/D,S/D,S/D,S/D,S/D,Colisión,S/D,S/D,S/D,S/D
2020,4176,2020-07-28,Martes,11:50:00,,0,2,"Automóvil,Moto/Ciclomotor",Garay Y Maipu,3,2,0,0,1,0,0,"    -32.975, -60.64245",Calle,,ROSARIO,Rosario,Asfalto,No existe,II,Dentro,Urbana,Señal Pare,No existe,Intersección,Bueno,Buena,Diurna,Buen Tiempo,Lateral,S/D,Colisión,S/D,Vertical,Ninguna,Sin restricción
2020,4177,2020-06-07,Domingo,,,0,2,"Automóvil,Moto/Ciclomotor",Aaron Castellanos Y Mariano Moreno,2,1,0,0,1,0,0,"-31.449345747618,-60.932603221781",Calle,,ESPERANZA,Las Colonias,Asfalto,No existe,XI,Dentro,Urbana,Ninguna,No existe,Intersección,Bueno,Buena,S/D,Buen Tiempo,S/D,S/D,Colisión,Ninguna,Horizontal,Línea divisoria pintada,Sin restricción
2020,4178,2020-10-15,Jueves,,,0,1,Bicicleta,Rivadavia Y Urquiza,1,1,0,0,0,0,0,"-32.05272, -61.60405",Calle,,CAÑADA ROSQUÍN,San MARTÍN,Asfalto,S/D,XVIII,S/D,Urbana,S/D,S/D,Intersección,S/D,S/D,S/D,S/D,S/D,Ciclista,"Cañda ocupante,Atropello",S/D,S/D,S/D,S/D
2020,4179,2020-10-15,Jueves,,,0,2,"Moto/Ciclomotor,Automóvil",Mitre Y Av L de la Torre-Ruta Nac 11,4,3,0,0,1,0,0,"-31.97647, -60.92748",Calle,,ROSARIO,Rosario,Asfalto,S/D,II,S/D,Urbana,S/D,S/D,Intersección,S/D,S/D,S/D,S/D,S/D,S/D,Colisión,S/D,S/D,S/D,S/D
2020,4180,2020-06-27,Sabado,,,0,2,"Automóvil,Moto/Ciclomotor",Av Brasil Y Victor Manuel,2,1,0,0,1,0,0,"-31.244536245042,-61.482454696348",Avenida,,RAFAELA,Castellanos,Asfalto,No existe,V,Dentro,Urbana,Semáforo,Funciona,Intersección,S/D,S/D,S/D,S/D,S/D,S/D,Colisión,S/D,Vertical,Ninguna,S/D
2020,4181,2020-06-19,Viernes,1:45:00,Ruta Nacional 34,395,2,"Camión c / Acoplado,Camión c / Acoplado",,2,0,0,0,1,1,0,"-29.82535, -61.99879",Ruta,34,CERES,San CRISTÓBAL,Asfalto,Natural,XIII,Dentro,Rural,Ninguna,No existe,Recta,Bueno,Reducida,Nocturna,S/D,De alcance,S/D,Colisión,Ninguna,Faltante,Ninguna,Sin restricción
2020,4182,2020-07-28,Martes,16:10:00,,0,2,"Peatón,Moto/Ciclomotor",Esmeralda Y Amenabar,2,1,0,0,1,0,0,"    -32.97518, -60.62793",Calle,,ROSARIO,Rosario,Asfalto,S/D,II,S/D,Urbana,S/D,No existe,Intersección,S/D,S/D,Diurna,Buen Tiempo,S/D,S/D,Colisión,S/D,S/D,Ninguna,S/D
2020,4183,2020-06-08,Lunes,11:30:00,,0,2,"Automóvil,Moto/Ciclomotor",Bv Pte Roca Y Parana,2,1,0,0,1,0,0,"-31.250719428762,-61.503292689296",Avenida,,RAFAELA,Castellanos,Asfalto,No existe,V,Dentro,Urbana,Señal Pare,No existe,Intersección,Bueno,Buena,Diurna,Buen Tiempo,S/D,S/D,Colisión,Ninguna,"Horizontal,Vertical","Cordón divisorio,Vegetación",Sin restricción
2020,4184,2020-06-20,Sabado,20:00:00,Ruta Nacional 11,560,2,"Automóvil,Camión c / Acoplado",,2,1,0,0,0,1,0,"-30.83927, -60.60485",Ruta,11,SAN JUSTO,San Justo,Asfalto,Natural,XVI,Dentro,Rural,Ninguna,No existe,Curva,Bueno,Buena,Nocturna,Buen Tiempo,Lateral,S/D,Colisión,Ninguna,Faltante,Línea divisoria pintada,Sin restricción
2020,4185,2020-06-26,Viernes,22:10:00,,0,2,"Bicicleta,Automóvil",Calle 8-Chacabuco Y Calle 27-Gdor Freyre,2,1,0,0,1,0,0,"-29.151321876764,-59.640883033496",Calle,,RECONQUISTA,General Obligado,Asfalto,No existe,IX,Dentro,Urbana,Ninguna,No existe,Intersección,Bueno,Buena,"Nocturna,Con luz artificial",Buen Tiempo,S/D,Ciclista,Atropello,Ninguna,Faltante,Ninguna,Sin restricción
2020,4186,2020-06-19,Viernes,7:50:00,,0,2,"Automóvil,Moto/Ciclomotor",Calle 32 - Amenabar Y Calle 17-Bartolome Mitre,2,1,0,0,1,0,0,"-29.144357501964,-59.654868624482",Calle,,RECONQUISTA,General Obligado,Asfalto,No existe,IX,Dentro,Urbana,Ninguna,No existe,Intersección,Bueno,Buena,Diurna,Buen Tiempo,Lateral,S/D,Colisión,Ninguna,Faltante,Ninguna,Sin restricción
2020,4187,2020-10-02,Viernes,13:20:00,,0,2,"Moto/Ciclomotor,Automóvil",Independencia Y Gral Urquiza,3,2,0,0,1,0,0,"-30.79047, -60.58978",Calle,,SAN JUSTO,San Justo,Asfalto,No existe,XVI,Dentro,Urbana,Ninguna,No existe,Intersección,Bueno,Buena,Diurna,Buen Tiempo,S/D,S/D,Colisión,Ninguna,Vertical,S/D,Sin restricción
2020,4188,2020-06-08,Lunes,9:20:00,,0,2,"Tractor,Peatón",Antartida Argentina 300,2,0,1,0,1,0,0,"-33.74955207109451,-61.948025822639",Calle,,VENADO TUERTO,General LÓPEZ,Asfalto,No existe,VIII,Dentro,Urbana,Ninguna,No existe,Intersección,Bueno,Buena,Diurna,Buen Tiempo,S/D,Peatón,Atropello,Ninguna,Faltante,Ninguna,Sin restricción
2020,4189,2020-10-12,Lunes,20:30:00,Ruta Nacional 98,0,1,Automóvil,,1,1,0,0,0,0,0,"-29.45938, -60.24814",Ruta,98,VERA,Vera,S/D,S/D,XIX,S/D,Urbana,S/D,S/D,S/D,S/D,S/D,S/D,S/D,S/D,S/D,Vuelco,S/D,S/D,S/D,S/D
2020,4190,2020-06-08,Lunes,12:35:00,Ruta Secundaria 4-s,0,2,"Moto/Ciclomotor,Automóvil",Alvear Y Junin,2,1,0,0,1,0,0,"-33.751244601461,-61.970192101198",Ruta,4-s,VENADO TUERTO,General LÓPEZ,Asfalto,No existe,VIII,Dentro,Rural,Ninguna,No existe,Intersección,Bueno,Buena,Diurna,Buen Tiempo,S/D,S/D,Colisión,Ninguna,Faltante,Ninguna,Sin restricción
2020,4191,2020-06-21,Domingo,21:35:00,,0,2,"Moto/Ciclomotor,Moto/Ciclomotor",17 de Octubre Y T A Edison bis,2,1,0,0,0,1,0,"-33.01573, -60.60926",Calle,,VILLA GOBERNADOR GÁLVEZ,Rosario,Asfalto,No existe,II,Dentro,Urbana,Ninguna,No existe,Recta,Deteriorada,Reducida,"Nocturna,Con luz artificial",Buen Tiempo,De alcance,S/D,Colisión,Ninguna,Faltante,Ninguna,Sin restricción
2020,4192,2020-10-05,Lunes,7:45:00,,0,2,"Automóvil,Moto/Ciclomotor",6 de Caballeria Y Belgrano,2,0,1,0,1,0,0,"-29.23809, -61.7716",Calle,,TOSTADO,9 de Julio,Hormigón,No existe,XII,Dentro,Urbana,S/D,No existe,Intersección,Bueno,Buena,Diurna,Buen Tiempo,Frontal,S/D,Colisión,Ninguna,Faltante,Ninguna,Sin restricción
2020,4193,2020-06-21,Domingo,,,0,2,"Automóvil,Automóvil",,3,1,0,0,2,0,0,"-31.19090635335053,-61.833724960117",Camino Rural,,VILA,Castellanos,Tierra,S/D,V,Dentro,Rural,S/D,S/D,Intersección,S/D,S/D,S/D,S/D,Lateral,S/D,Colisión,S/D,S/D,S/D,S/D
2020,4194,2020-06-25,Jueves,7:30:00,Autopista Nacional A008,27,3,"Pickup/Utilitario,Bicicleta,Moto/Ciclomotor",Av. Circunvalacion Y Av. Uriburu,4,0,1,0,2,1,0,"-32.99241, -60.70142",Autopista,A008,ROSARIO,Rosario,Asfalto,No existe,II,Dentro,Urbana,Ninguna,No existe,Intersección,Bueno,Buena,Diurna,S/D,Múltiple,S/D,Colisión,S/D,Faltante,Guardarrail,Sin restricción
2020,4195,2020-10-01,Jueves,16:30:00,,0,2,"Automóvil,Moto/Ciclomotor",España,2,0,1,0,1,0,0,"-32.66961, -60.79538",S/D,,TIMBÚES,San Lorenzo,Ripio,No existe,XVII,S/D,S/D,Ninguna,No existe,Intersección,Con baches,Reducida polvo,Diurna,Buen Tiempo,De alcance,S/D,Colisión,Ninguna,Faltante,Ninguna,Sin restricción
2020,4196,2020-06-26,Viernes,12:00:00,Ruta Nacional 34,0,3,"Camión,Camión,Automóvil",,7,5,0,0,2,0,0,"-31.151261329650843,-61.47957801818",Ruta,34,LEHMANN,Castellanos,Asfalto,No existe,V,Dentro,Rural,Marca Vial,No existe,Recta,S/D,S/D,Diurna,S/D,Múltiple,S/D,Colisión,S/D,Horizontal,Línea divisoria pintada,S/D
2020,4197,2020-07-28,Martes,17:05:00,,0,2,"Automóvil,Automóvil",Av. Corrientes Y Juan Canals,3,2,0,0,1,0,0,"-32.98866, -60.65317",Avenida,,ROSARIO,Rosario,Asfalto,No existe,II,Dentro,Urbana,Ninguna,S/D,Intersección,Bueno,Buena,Diurna,Buen Tiempo,Lateral,S/D,Colisión,S/D,Faltante,Ninguna,Sin restricción
2020,4198,2020-10-06,Martes,15:45:00,Ruta Nacional 11,0,2,"Automóvil,Pickup/Utilitario",España,2,2,0,0,0,0,0,"-32.66492, -60.79435",Ruta,11,TIMBÚES,San Lorenzo,Hormigón,Pavimento,XVII,Dentro,Urbana,Ninguna,No existe,Recta,Bueno,Buena,Diurna,Buen Tiempo,Lateral,S/D,Colisión,Ninguna,Vertical,Línea divisoria pintada,Sin restricción
2020,4199,2020-06-08,Lunes,8:05:00,,0,2,"Moto/Ciclomotor,Automóvil",9 de Julio Y Italia,2,1,0,0,1,0,0,"-33.74073318263,-61.962366881073",Calle,,VENADO TUERTO,General LÓPEZ,Asfalto,No existe,VIII,Dentro,Urbana,Ninguna,No existe,Intersección,Bueno,Buena,Diurna,Buen Tiempo,S/D,S/D,Colisión,Ninguna,Faltante,Ninguna,Sin restricción
2020,4200,2020-06-27,Sabado,4:30:00,Ruta Nacional 34,221,2,"Automóvil,Moto/Ciclomotor",Ruta Prov 70,2,0,0,0,1,1,0,"-31.25049, -61.50588",Ruta,34,RAFAELA,Castellanos,Asfalto,No existe,V,Dentro,Urbana,Semáforo,Funciona,Cruce,Bueno,Buena,Nocturna,Buen Tiempo,Frontal,S/D,Colisión,Ninguna,"Horizontal,Vertical","Cordón divisorio,Línea divisoria pintada",Sin restricción
2020,4201,2020-07-28,Martes,7:30:00,,0,2,"Bicicleta,Moto/Ciclomotor",Ayacucho Y Pje. 525,2,1,0,0,1,0,0,"    -33.01126, -60.63574",Calle,,ROSARIO,Rosario,Asfalto,No existe,II,Dentro,Urbana,Ninguna,No existe,Intersección,Bueno,Buena,Diurna,S/D,S/D,Ciclista,Atropello,S/D,Faltante,Ninguna,Sin restricción
2020,4202,2020-06-25,Jueves,17:00:00,,0,2,"Automóvil,Moto/Ciclomotor",Bolivar Y Ovidio Lagos,2,1,0,0,1,0,0,"-32.827532455123,-61.399985306729",Avenida,,CAÑADA DE GÓMEZ,Iriondo,S/D,No existe,X,Dentro,Urbana,S/D,S/D,Intersección,S/D,S/D,Diurna,S/D,S/D,S/D,Colisión,S/D,S/D,Ninguna,S/D
2020,4203,2020-06-08,Lunes,14:25:00,,0,2,"Bicicleta,Automóvil",Formosa Y Malvinas,2,1,0,0,1,0,0,"-33.73983339775,-61.949183709297",Calle,,VENADO TUERTO,General LÓPEZ,Asfalto,No existe,VIII,Dentro,Urbana,Ninguna,No existe,Intersección,Bueno,Buena,Diurna,Buen Tiempo,S/D,Ciclista,Atropello,Ninguna,Faltante,Ninguna,Sin restricción
2020,4204,2020-06-25,Jueves,22:00:00,,0,2,"Moto/Ciclomotor,Automóvil",Lavalle Y Moreno,3,1,0,0,2,0,0,"-32.820026618625,-61.396765706932",Calle,,CAÑADA DE GÓMEZ,Iriondo,Asfalto,No existe,X,Dentro,Urbana,Ninguna,No existe,Intersección,S/D,S/D,Nocturna,S/D,S/D,S/D,Colisión,S/D,Faltante,Ninguna,S/D
2020,4205,2020-07-24,Viernes,13:40:00,,0,2,"Moto/Ciclomotor,Automóvil",Juan Canals Y Sarmiento,3,2,0,0,1,0,0,"    -32.98944, -60.64898",Calle,,ROSARIO,Rosario,Asfalto,No existe,II,Dentro,Urbana,Ninguna,No existe,Intersección,Bueno,S/D,Diurna,Buen Tiempo,Lateral,S/D,Colisión,Ninguna,S/D,Cordón divisorio,Sin restricción
2020,4206,2020-10-07,Miercoles,19:40:00,,0,1,Moto/Ciclomotor,Bv B Mitre,1,0,1,0,0,0,0,"-32.72196, -60.73421",S/D,,SAN LORENZO,San Lorenzo,S/D,S/D,XVII,S/D,Urbana,S/D,S/D,S/D,S/D,S/D,S/D,S/D,S/D,S/D,S/D,S/D,S/D,S/D,S/D
2020,4207,2020-06-22,Lunes,10:40:00,,0,2,"Taxi/Remis,Moto/Ciclomotor",Dr Jose Andres Valdez Y Juan Jose Castelli,2,1,0,0,1,0,0,"-33.727188697274,-61.978552464976",Calle,,VENADO TUERTO,General LÓPEZ,Asfalto,No existe,VIII,Dentro,Urbana,Ninguna,No existe,Intersección,Deteriorada,Buena,Diurna,Buen Tiempo,Lateral,S/D,Colisión,S/D,Faltante,Ninguna,Sin restricción
2020,4208,2020-10-03,Sabado,15:08:00,,0,2,"Moto/Ciclomotor,Pickup/Utilitario",Bv San Martin Y Malvinas Argentinas,2,1,0,0,1,0,0,"-32.89966, -60.9107",Calle,,ROLDÁN,San Lorenzo,Asfalto,Pavimento,XVII,Dentro,Urbana,Ninguna,No existe,Intersección,Bueno,Buena,Diurna,Buen Tiempo,Lateral,S/D,Colisión,Ninguna,Faltante,Ninguna,Sin restricción
2020,4209,2020-06-24,Miercoles,,,0,2,"Automóvil,Moto/Ciclomotor",San Martin Y Santa Fe,2,1,0,0,1,0,0,"-31.870536543316,-61.127605472848",Calle,,GESSLER,San JERÓNIMO,S/D,No existe,XV,Dentro,Urbana,Ninguna,S/D,Intersección,S/D,S/D,Diurna,S/D,S/D,S/D,Colisión,S/D,Faltante,Ninguna,S/D
2020,4210,2020-06-25,Jueves,20:45:00,Autopista Nacional A008,5,2,"Moto/Ciclomotor,Moto/Ciclomotor",Av. Circunvalacion Y Av. Jorge Newbery,2,0,0,1,0,1,0,"-32.9085, -60.72431",Autopista,A008,ROSARIO,Rosario,Asfalto,No existe,II,Dentro,Urbana,Ninguna,No existe,Recta,Bueno,Buena,Nocturna,S/D,Frontal,S/D,Colisión,Ninguna,Faltante,Barrera de hormigón,Sin restricción
2020,4211,2020-06-08,Lunes,18:15:00,,0,2,"Automóvil,Moto/Ciclomotor",Calle 16 Gral Obligado Y CAlle 37-Bvard. lovato,2,0,1,0,1,0,0,"-29.156010415036,-59.646565990259",Calle,,RECONQUISTA,General Obligado,Asfalto,No existe,VIII,Dentro,Urbana,Ninguna,No existe,Intersección,Bueno,Buena,Diurna,Buen Tiempo,S/D,S/D,Colisión,Ninguna,Faltante,"Cordón divisorio,Vegetación",Sin restricción
2020,4212,2020-10-04,Domingo,14:00:00,,0,2,"Moto/Ciclomotor,Automóvil",Bv Pellegrini Y Fray Luis Beltran,2,1,0,0,1,0,0,"-32.8983, -60.9112",Calle,,ROLDÁN,San Lorenzo,Asfalto,Pavimento,XVII,Dentro,Urbana,S/D,No existe,Intersección,Bueno,Buena,Diurna,Buen Tiempo,Lateral,S/D,Colisión,Ninguna,Faltante,Ninguna,Sin restricción
2020,4213,2020-06-22,Lunes,22:30:00,Autopista Nacional A008,0,1,Pickup/Utilitario,,1,1,0,0,0,0,0,"-33.01550388336178,-60.628180503845",Autopista,A008,VILLA GOBERNADOR GÁLVEZ,Rosario,Asfalto,Natural,II,Dentro,Urbana,Otra Señal,No existe,Recta,Bueno,Buena,Nocturna,Buen Tiempo,S/D,S/D,Vuelco,Ninguna,Vertical,"Guardarrail,Vegetación",Sin restricción
2020,4214,2020-07-29,Miercoles,0:00:00,,0,2,"Tren,Automóvil",Baigorria,2,1,0,0,1,0,0,"    -32.89284, -60.69923",Calle,,ROSARIO,Rosario,Asfalto,No existe,II,Dentro,Urbana,Ninguna,No existe,Paso a Nivel FFCC,S/D,S/D,Diurna,Buen Tiempo,Lateral,S/D,Colisión,S/D,S/D,Ninguna,Sin restricción
2020,4215,2020-10-07,Miercoles,16:30:00,,0,2,"Moto/Ciclomotor,Automóvil",Juan Jose Paso Y Avellaneda,3,2,0,0,1,0,0,"-32.89075, -60.90219",Calle,,ROLDÁN,San Lorenzo,Asfalto,Natural,XVII,Dentro,Urbana,Ninguna,No existe,Intersección,Bueno,Buena,Diurna,Buen Tiempo,Lateral,S/D,Colisión,Ninguna,Faltante,Ninguna,Sin restricción
2020,4216,2020-06-24,Miercoles,16:15:00,Autopista Nacional A008,0,2,"Moto/Ciclomotor,Automóvil",Av. Circunvalacion Y Bv. Oro�o,3,2,0,0,1,0,0,"-33.01466166973116,-60.664567351341",Autopista,A008,ROSARIO,Rosario,Asfalto,Pavimento,II,Dentro,Urbana,Marca Vial,No existe,Recta,Bueno,Buena,Diurna,Buen Tiempo,De alcance,S/D,Colisión,Ninguna,Horizontal,"Guardarrail,Línea divisoria pintada,S/D",Sin restricción
2020,4217,2020-10-01,Jueves,12:05:00,,0,1,Moto/Ciclomotor,Garay 900,1,1,0,0,0,0,0,"-32.70919, -60.73444",Calle,,PUERTO SAN MARTÍN,San Lorenzo,Asfalto,No existe,XVII,S/D,Urbana,Ninguna,No existe,Recta,Bueno,Buena,Diurna,Buen Tiempo,S/D,S/D,Vuelco,Ninguna,Horizontal,Ninguna,Sin restricción
2020,4218,2020-06-08,Lunes,18:00:00,,0,2,"Pickup/Utilitario,Moto/Ciclomotor",Calle 47-Islas Malvinas Y Calle 54,2,1,0,0,1,0,0,"-29.15902257775,-59.670884923984",Calle,,RECONQUISTA,General Obligado,Asfalto,No existe,IX,Dentro,Urbana,S/D,S/D,Intersección,Bueno,Buena,Diurna,Buen Tiempo,S/D,S/D,Colisión,Ninguna,S/D,Ninguna,Sin restricción
2020,4219,2020-10-03,Sabado,15:30:00,,0,2,"Moto/Ciclomotor,Automóvil",Cordoba 1900,3,2,0,0,1,0,0,"-32.7149, -60.74642",Avenida,,PUERTO SAN MARTÍN,San Lorenzo,Asfalto,No existe,XVII,Dentro,Urbana,Ninguna,No existe,Recta,Bueno,Buena,Diurna,Buen Tiempo,De alcance,S/D,Colisión,Ninguna,Horizontal,Ninguna,Sin restricción
2020,4220,2020-10-08,Jueves,,,0,2,"Moto/Ciclomotor,Pickup/Utilitario",Lisandro de la Torre Y Nicolas Avellaneda,2,1,0,0,1,0,0,"-33.74241, -61.97863",Calle,,VENADO TUERTO,General LÓPEZ,Asfalto,S/D,VIII,S/D,Urbana,S/D,S/D,Intersección,S/D,S/D,S/D,S/D,S/D,S/D,Colisión,S/D,S/D,S/D,S/D
2020,4221,2020-10-28,Miercoles,19:10:00,,0,2,"Bicicleta,Automóvil",Independencia Y Humberto Primo,2,1,0,0,1,0,0,"-33.15796, -60.50669",Calle,,ROSARIO,Rosario,S/D,S/D,II,S/D,Urbana,S/D,S/D,Recta,S/D,S/D,Atardecer,S/D,S/D,Ciclista,Atropello,S/D,S/D,S/D,S/D