anio_acci,nro_acci,fecha,desc_dia,hora_aprox,desc_ruta,km,cant_participantes,desc_participante,calle_avenida_km,total,heridos_leves,heridos_graves,heridos_gravisimos,ilesos,fallecidos,sin_datos,posicion_XY,desc_tipo_via,desc_ruta_ori,desc_loc,desc_dpto,desc_tipo_calzada,desc_tipo_banquina,desc_unidad_regional,desc_lugar_calzada,desc_zona,desc_prioridad,desc_estado_semaforo,desc_lugar_via,desc_estado_via,desc_estado_visibilidad,desc_luminosidad,desc_estado_clima,desc_tipo_colision,desc_tipo_atropello,desc_tipo_hecho,desc_pres_calzada,desc_senializacion,desc_separacion_via,desc_restriccion
2020,4222,2020-07-30,Jueves,,,0,2,"Moto/Ciclomotor,Moto/Ciclomotor",CALLE 6 Y CALLE 9,3,1,2,0,0,0,0,"-32.95883, -60.693",Calle,,ROSARIO,Rosario,Asfalto,No existe,II,Dentro,Urbana,Ninguna,No existe,Intersección,Bueno,S/D,S/D,Buen Tiempo,Lateral,S/D,Colisión,S/D,Faltante,Ninguna,Sin restricción
2020,4223,2020-10-05,Lunes,20:15:00,,0,2,"Moto/Ciclomotor,Automóvil",Cordoba Y Av San Martin,2,1,0,0,1,0,0,"-32.7175, -60.73121",Avenida,,PUERTO SAN MARTÍN,San Lorenzo,Asfalto,No existe,XVII,Dentro,Urbana,Ninguna,No existe,Intersección,Bueno,Buena,Nocturna,Buen Tiempo,Lateral,S/D,Colisión,Ninguna,Horizontal,Ninguna,Sin restricción
2020,4224,2020-10-08,Jueves,18:05:00,,0,2,"Automóvil,Moto/Ciclomotor",Santa Fe Y Carlos Pellegrini,2,1,0,0,1,0,0,"-33.7458, -61.95576",Calle,,VENADO TUERTO,General LÓPEZ,Asfalto,S/D,VIII,S/D,Urbana,S/D,S/D,Intersección,S/D,S/D,S/D,S/D,S/D,S/D,Colisión,S/D,S/D,S/D,S/D
2020,4225,2020-10-05,Lunes,12:20:00,,0,2,"Automóvil,Moto/Ciclomotor",Sargento Cabral Y L N Alem,2,1,0,0,1,0,0,"-32.73991, -60.73054",Calle,,SAN LORENZO,San Lorenzo,S/D,S/D,XVII,S/D,Urbana,S/D,S/D,S/D,S/D,S/D,S/D,S/D,S/D,S/D,S/D,S/D,S/D,S/D,S/D
2020,4226,2020-06-23,Martes,12:05:00,,0,2,"Moto/Ciclomotor,Pickup/Utilitario",Calle 47-Islas Malvinas Y Calle 62,2,1,0,0,1,0,0,"-29.158736990042,-59.674005357884",Calle,,RECONQUISTA,General Obligado,S/D,No existe,IX,Dentro,Urbana,S/D,S/D,Intersección,S/D,S/D,Diurna,S/D,S/D,S/D,Colisión,S/D,S/D,Ninguna,S/D
2020,4227,2020-06-10,Miercoles,9:55:00,Ruta Nacional 11,0,2,"Automóvil,Camión c / Acoplado",Calle 309 Y Ruta Nacional 11,2,1,0,0,1,0,0,"-29.108055520308,-59.650782848099",Ruta,11,AVELLANEDA,General Obligado,Asfalto,Ripio,IX,Dentro,Urbana,Ninguna,No existe,Intersección,Bueno,Buena,Diurna,Buen Tiempo,S/D,S/D,Colisión,Ninguna,Horizontal,Línea divisoria pintada,Sin restricción
2020,4228,2020-07-23,Jueves,20:40:00,,0,2,"Moto/Ciclomotor,Moto/Ciclomotor",Necochea Y Pasco,2,0,1,0,1,0,0,"-32.96208, -60.62745",Calle,,ROSARIO,Rosario,S/D,S/D,II,S/D,Urbana,S/D,S/D,Intersección,S/D,S/D,Nocturna,S/D,S/D,S/D,Colisión,S/D,S/D,S/D,S/D
2020,4229,2020-10-08,Jueves,19:25:00,,0,1,Moto/Ciclomotor,Jujuy Y Roberta Cavanagh,1,1,0,0,0,0,0,"-33.73339, -61.94649",Calle,,VENADO TUERTO,General LÓPEZ,Asfalto,S/D,VIII,S/D,Urbana,S/D,S/D,Intersección,S/D,S/D,S/D,S/D,Atropello animal,S/D,"Cañda ocupante,Colisión",S/D,S/D,S/D,S/D
2020,4230,2020-10-03,Sabado,17:48:00,,0,2,"Moto/Ciclomotor,Automóvil",Av Carlos A Poucel Y Tucuman,2,1,0,0,1,0,0,"-32.74216, -60.73823",S/D,,SAN LORENZO,San Lorenzo,S/D,S/D,XVII,S/D,Urbana,S/D,S/D,S/D,S/D,S/D,S/D,S/D,S/D,S/D,S/D,S/D,S/D,S/D,S/D
2020,4231,2020-06-23,Martes,10:00:00,,0,2,"Pickup/Utilitario,Moto/Ciclomotor",Calle 12 San Martin Y Calle 19-Habegger,3,2,0,0,1,0,0,"-29.146734619737,-59.642743758966",Calle,,RECONQUISTA,General Obligado,Asfalto,No existe,IX,Dentro,Urbana,Ninguna,No existe,Intersección,Bueno,Buena,Diurna,Buen Tiempo,S/D,S/D,Colisión,Ninguna,Faltante,Ninguna,Sin restricción
2020,4232,2020-06-23,Martes,,,0,2,"Automóvil,Moto/Ciclomotor",G Mainardi Y Simon de Iriondo,2,1,0,0,1,0,0,"-31.238499470431,-61.507596316141",Calle,,RAFAELA,Castellanos,Asfalto,No existe,V,Dentro,Urbana,Ninguna,No existe,Intersección,Bueno,S/D,S/D,Buen Tiempo,Lateral,S/D,Colisión,Ninguna,Faltante,Ninguna,Sin restricción
2020,4233,2020-10-07,Miercoles,13:15:00,Ruta Nacional A012,0,2,"Moto/Ciclomotor,Automóvil",,2,1,0,0,1,0,0,"-32.76573, -60.74733",Ruta,A012,SAN LORENZO,San Lorenzo,S/D,S/D,XVII,S/D,S/D,S/D,S/D,S/D,S/D,S/D,S/D,S/D,S/D,S/D,S/D,S/D,S/D,S/D,S/D
2020,4234,2020-06-10,Miercoles,17:25:00,,0,2,"Pickup/Utilitario,Moto/Ciclomotor",Entre Rios Y Sarmiento,2,1,0,0,1,0,0,"-29.354298976568,-59.970186841945",Calle,,MALABRIGO,General Obligado,S/D,No existe,IX,Dentro,Urbana,S/D,S/D,Intersección,S/D,Buena,Atardecer,Buen Tiempo,S/D,S/D,Colisión,S/D,S/D,S/D,S/D
2020,4235,2020-10-08,Jueves,,Ruta Provincial 13,0,1,Camión,Ruta Prov. n� 13,2,1,0,0,1,0,0,"-32.19866, -61.71282",Ruta,13,EL TRÉBOL,San MARTÍN,Asfalto,S/D,XVIII,S/D,Urbana,S/D,S/D,Recta,S/D,S/D,S/D,S/D,Contra objeto fijo,S/D,Colisión,S/D,S/D,S/D,S/D
2020,4236,2020-07-25,Sabado,11:00:00,,0,2,"Moto/Ciclomotor,Automóvil",Nicolas Laguna Y Pje. 1348,2,1,0,0,1,0,0,"    -32.88287, -60.72367",Calle,,ROSARIO,Rosario,Hormigón,No existe,II,Dentro,Urbana,Otra Señal,No existe,Recta,Bueno,Buena,Diurna,S/D,Lateral,S/D,Colisión,Ninguna,Faltante,Ninguna,Sin restricción
2020,4237,2020-10-08,Jueves,,Ruta Nacional 34,0,2,"Pickup/Utilitario,Bicicleta",Falucho Y Ruta Nac 34 Gral Guemes,2,0,1,0,1,0,0,"-31.25532, -61.50602",Ruta,34,RAFAELA,Castellanos,Asfalto,S/D,V,S/D,Urbana,S/D,S/D,Intersección,S/D,S/D,S/D,S/D,S/D,Ciclista,Atropello,S/D,S/D,S/D,S/D
2020,4238,2020-10-09,Viernes,21:40:00,,0,2,"Moto/Ciclomotor,Moto/Ciclomotor",Calle 19,2,0,2,0,0,0,0,"-28.35423, -59.25794",Calle,,LAS TOSCAS,General Obligado,S/D,S/D,IX,S/D,Urbana,S/D,S/D,S/D,S/D,S/D,S/D,S/D,S/D,S/D,Colisión,S/D,S/D,S/D,S/D
2020,4239,2020-07-18,Sabado,21:00:00,Ruta Nacional 11,614,2,"Bicicleta,Automóvil",,2,0,1,0,0,0,1,"-28.04887, -59.225",Ruta,11,FLORENCIA,General Obligado,S/D,S/D,IX,S/D,Rural,S/D,S/D,Recta,S/D,S/D,Nocturna,S/D,S/D,Ciclista,Atropello,S/D,S/D,S/D,S/D
2020,4240,2020-07-29,Miercoles,12:00:00,,0,1,Moto/Ciclomotor,Bv. Rondeau Y 26 de Agosto,1,1,0,0,0,0,0,"-32.87378, -60.69877",Avenida,,ROSARIO,Rosario,Asfalto,S/D,II,Dentro,Urbana,S/D,No existe,Curva,Bueno,S/D,Diurna,S/D,Contra objeto fijo,S/D,Colisión,S/D,S/D,S/D,S/D
2020,4241,2020-10-09,Viernes,10:20:00,Ruta Provincial 32,0,1,Automóvil,Ruta Provincial 32,4,4,0,0,0,0,0,"-28.49206, -59.38037",Ruta,32,VILLA OCAMPO,General Obligado,S/D,S/D,IX,S/D,Urbana,S/D,S/D,S/D,S/D,S/D,S/D,S/D,Contra objeto fijo,S/D,Colisión,S/D,S/D,S/D,S/D
2020,4242,2020-10-06,Martes,13:30:00,,0,2,"Pickup/Utilitario,Pickup/Utilitario",,2,2,0,0,0,0,0,"-31.61124, -60.69664",S/D,,SANTA FE,La Capital,S/D,S/D,I,S/D,S/D,S/D,S/D,S/D,S/D,S/D,S/D,S/D,S/D,S/D,S/D,S/D,S/D,S/D,S/D
2020,4243,2020-07-25,Sabado,19:00:00,,0,2,"Moto/Ciclomotor,Peatón",Bv. Avellaneda Y J.J.Paso,2,1,0,0,1,0,0,"    -32.9683, -60.68649",Avenida,,ROSARIO,Rosario,Asfalto,S/D,II,S/D,Urbana,S/D,Intermitente,Intersección,Bueno,Buena,Diurna,Buen Tiempo,S/D,Peatón,Atropello,S/D,Faltante,Ninguna,S/D
2020,4244,2020-06-14,Domingo,11:00:00,Ruta Nacional 9,0,2,"Pickup/Utilitario,Automóvil",Av L N Alem Y San Martin,3,1,0,0,2,0,0,"-32.807670235633864,-61.40986740589",Ruta,9,CAÑADA DE GÓMEZ,Iriondo,Asfalto,Pavimento,X,Dentro,Urbana,Marca Vial,S/D,Intersección,S/D,S/D,Diurna,S/D,S/D,S/D,Colisión,S/D,Horizontal,Línea divisoria pintada,S/D
2020,4245,2020-07-25,Sabado,12:00:00,,0,2,"Moto/Ciclomotor,Automóvil",Av. Carlos Colombres,2,1,0,0,1,0,0,"    -32.89872, -60.6835",Avenida,,ROSARIO,Rosario,Asfalto,S/D,II,Dentro,Urbana,Ninguna,S/D,Recta,Bueno,Buena,Diurna,S/D,S/D,S/D,Colisión,S/D,S/D,S/D,Sin restricción
2020,4246,2020-10-07,Miercoles,3:10:00,Autopista Provincial Brigadier E.LÓPEZ,394,1,Tractor,,1,1,0,0,0,0,0,"-32.94932, -60.77749",Autopista,Brigadier E.LÓPEZ,ROSARIO,Rosario,S/D,S/D,II,S/D,S/D,S/D,S/D,S/D,S/D,S/D,S/D,S/D,S/D,S/D,Despiste,S/D,S/D,S/D,S/D
2020,4248,2020-06-14,Domingo,,,0,2,"Automóvil,Peatón",Juan B Justo Y Monse�or A Brasca,2,1,0,0,1,0,0,"-31.255919928271,-61.515047985041",Calle,,RAFAELA,Castellanos,Asfalto,No existe,V,Dentro,Urbana,Ninguna,No existe,Intersección,S/D,S/D,Diurna,S/D,S/D,Peatón,Atropello,S/D,Faltante,Ninguna,S/D
2020,4249,2020-06-12,Viernes,,,0,1,Moto/Ciclomotor,Baroni Y Perusia,1,1,0,0,0,0,0,"-31.236414, -61.483620",Calle,,RAFAELA,Castellanos,Asfalto,No existe,V,Dentro,Urbana,Ninguna,No existe,Recta,Bueno,S/D,S/D,Buen Tiempo,Atropello animal,S/D,Colisión,Ninguna,Faltante,Ninguna,Sin restricción
2020,4250,2020-06-11,Jueves,2:30:00,Ruta Nacional 34,357,1,Taxi/Remis,,5,5,0,0,0,0,0,"-30.04688970752078, -61.81986260393",Ruta,34,HERSILIA,San CRISTÓBAL,Asfalto,Natural,XIII,Dentro,Rural,Ninguna,No existe,Recta,Bueno,Buena,Diurna,Buen Tiempo,S/D,S/D,Vuelco,Ninguna,Horizontal,Línea divisoria pintada,Sin restricción
2020,4252,2020-06-14,Domingo,17:30:00,,0,2,"Moto/Ciclomotor,Moto/Ciclomotor",Fray Justo Santa Maria de Oro Y R Casabella,2,1,0,0,1,0,0,"-31.263053415496,-61.510800054227",Calle,,RAFAELA,Castellanos,Asfalto,No existe,V,Dentro,Urbana,Ninguna,No existe,Intersección,S/D,S/D,Diurna,S/D,De alcance,S/D,Colisión,S/D,Faltante,Ninguna,S/D
2020,4253,2020-06-13,Sabado,,,0,2,"Moto/Ciclomotor,Pickup/Utilitario",Calle 5 Y Calle 56,2,1,0,0,1,0,0,"-31.423414672086,-62.061240314986",Calle,,FRONTERA,Castellanos,Asfalto,No existe,V,Dentro,Urbana,Ninguna,No existe,Intersección,Bueno,Buena,Diurna,Buen Tiempo,Lateral,S/D,Colisión,Ninguna,Faltante,Ninguna,Sin restricción
2020,4254,2020-07-26,Domingo,19:00:00,,0,2,"Moto/Ciclomotor,Automóvil",Montecaseros Y Bolivar,3,2,0,0,1,0,0,"    -33.03102, -60.65214",Calle,,VILLA GOBERNADOR GÁLVEZ,Rosario,Ripio,No existe,II,Dentro,Urbana,Ninguna,No existe,Intersección,S/D,Buena,Atardecer,Buen Tiempo,Lateral,S/D,Colisión,S/D,Faltante,Ninguna,Sin restricción
2020,4255,2020-06-14,Domingo,20:50:00,,0,2,"Moto/Ciclomotor,Automóvil",Dean Funes Y Juan Jose Castelli,2,1,0,0,1,0,0,"-33.738618,-61.969637",Calle,,VENADO TUERTO,General LÓPEZ,Asfalto,No existe,VIII,Dentro,Urbana,Ninguna,No existe,Intersección,S/D,S/D,Nocturna,S/D,S/D,S/D,Colisión,S/D,Faltante,Ninguna,S/D
2020,4256,2020-07-18,Sabado,15:20:00,Ruta Nacional 11,323,3,"Automóvil,Camión,Camión",,4,4,0,0,0,0,0,"-30.22864, -60.36045",Ruta,11,LA CRIOLLA,San Justo,S/D,S/D,XVI,S/D,Urbana,S/D,S/D,Recta,S/D,S/D,Diurna,S/D,Múltiple,S/D,Colisión,S/D,S/D,S/D,S/D
2020,4257,2020-06-11,Jueves,12:30:00,,0,2,"Pickup/Utilitario,Moto/Ciclomotor",Calle 18 - Gral Belgrano Y Calle 47-Islas Malvinas,3,1,0,0,2,0,0,"-29.161352077343,-59.648510938958",Calle,,RECONQUISTA,General Obligado,Asfalto,No existe,IX,Dentro,Urbana,Ninguna,No existe,Intersección,Bueno,Buena,Diurna,Buen Tiempo,Lateral,S/D,Colisión,Ninguna,Faltante,Ninguna,Sin restricción
2020,4258,2020-10-10,Sabado,,,0,2,"Camión,Otros",25 DE MAYO Y VIRGEN DEL CARMEN,3,1,0,0,2,0,0,"-28.23897, -59.45817",Calle,,VILLA GUILLERMINA,General Obligado,S/D,S/D,IX,S/D,Urbana,S/D,S/D,Intersección,S/D,S/D,S/D,S/D,S/D,S/D,Colisión,S/D,S/D,S/D,S/D
2020,4259,2020-10-01,Jueves,18:50:00,,0,2,"Moto/Ciclomotor,Moto/Ciclomotor",24 de Setiembre Y Gral Lopez,2,2,0,0,0,0,0,"-32.03448, -61.22714",S/D,,GÁLVEZ,San JERÓNIMO,S/D,S/D,XV,S/D,S/D,S/D,S/D,S/D,S/D,S/D,S/D,S/D,S/D,S/D,S/D,S/D,S/D,S/D,S/D
2020,4260,2020-10-10,Sabado,18:15:00,,0,1,Otros,Cordoba Y Rivadavia,1,1,0,0,0,0,0,"-31.74262, -61.09392",Calle,,SAN CARLOS CENTRO,Las Colonias,Asfalto,S/D,XI,S/D,Urbana,S/D,S/D,Intersección,S/D,S/D,S/D,S/D,S/D,S/D,Otro,S/D,S/D,S/D,S/D
2020,4261,2020-10-01,Jueves,19:40:00,,0,2,"Automóvil,Moto/Ciclomotor",Doctor Estanislao Zeballos Sev Y Presidente Bernardino Rivadavi,2,1,0,0,1,0,0,"-33.04353, -61.15764",S/D,,CASILDA,Caseros,S/D,S/D,IV,S/D,S/D,S/D,S/D,S/D,S/D,S/D,S/D,S/D,S/D,S/D,S/D,S/D,S/D,S/D,S/D
2020,4262,2020-10-11,Domingo,,,0,2,"Moto/Ciclomotor,Automóvil",Av Independencia Y Santa Fe,5,2,0,0,3,0,0,"-30.94574, -61.56384",Calle,,SUNCHALES,Castellanos,Asfalto,S/D,V,S/D,Urbana,S/D,S/D,Intersección,S/D,S/D,S/D,S/D,S/D,S/D,Colisión,S/D,S/D,S/D,S/D
2020,4263,2020-09-30,Miercoles,21:05:00,,0,2,"Camión Chasis,Moto/Ciclomotor",Saavedra Y Paraguay,2,0,1,0,1,0,0,"-32.97694, -60.65165",S/D,,ROSARIO,Rosario,S/D,S/D,II,S/D,S/D,S/D,S/D,S/D,S/D,S/D,Nocturna,S/D,S/D,S/D,S/D,S/D,S/D,S/D,S/D
2020,4264,2020-10-12,Lunes,,,0,2,"Tractor,Peatón",,2,1,0,0,1,0,0,"-28.71987, -59.47667",S/D,,ARROYO CEIBAL,General Obligado,S/D,S/D,IX,S/D,S/D,S/D,S/D,S/D,S/D,S/D,S/D,S/D,S/D,Peatón,Atropello,S/D,S/D,S/D,S/D
2020,4265,2020-10-02,Viernes,,,0,2,"Moto/Ciclomotor,Automóvil",,2,1,0,0,1,0,0,"-31.44985, -60.93",S/D,,ESPERANZA,Las Colonias,S/D,S/D,XI,S/D,S/D,S/D,S/D,S/D,S/D,S/D,S/D,S/D,S/D,S/D,S/D,S/D,S/D,S/D,S/D
2020,4266,2020-10-13,Martes,9:00:00,,0,2,"Automóvil,Pickup/Utilitario",Calle 30-Lucas Funes Y Calle 65-Canada,2,2,0,0,0,0,0,"-29.16771, -59.65674",Calle,,RECONQUISTA,General Obligado,Asfalto,S/D,IX,S/D,Urbana,S/D,S/D,Intersección,S/D,S/D,S/D,S/D,S/D,S/D,Colisión,S/D,S/D,S/D,S/D
2020,4267,2020-10-13,Martes,,Ruta Nacional 11,0,2,"Pickup/Utilitario,Moto/Ciclomotor",Saavedra Y Ruta Nac 11,2,1,0,0,1,0,0,"-28.04139, -59.22444",Ruta,11,FLORENCIA,General Obligado,Asfalto,S/D,IX,S/D,Urbana,S/D,S/D,Intersección,S/D,S/D,S/D,S/D,S/D,S/D,Colisión,S/D,S/D,S/D,S/D
2020,4268,2020-10-02,Viernes,18:50:00,,0,2,"Automóvil,Moto/Ciclomotor",San Lorenzo Y Parana,2,1,0,0,1,0,0,"-32.85845, -61.16519",S/D,,CARCARAÑÁ,San Lorenzo,S/D,S/D,XVII,S/D,S/D,S/D,S/D,S/D,S/D,S/D,S/D,S/D,S/D,S/D,S/D,S/D,S/D,S/D,S/D
2020,4269,2020-07-22,Miercoles,17:20:00,Ruta Nacional 168,3,1,Moto/Ciclomotor,,1,1,0,0,0,0,0,"-31.64039, -60.68313",Ruta,168,SANTA FE,La Capital,S/D,S/D,I,S/D,Urbana,S/D,S/D,Recta,S/D,S/D,Diurna,S/D,S/D,S/D,Cañda ocupante,S/D,S/D,S/D,S/D
2020,4270,2020-10-13,Martes,,,0,2,"Moto/Ciclomotor,Peatón",Pte Hipolito Irigoyen,2,1,0,0,1,0,0,"-32.70593, -60.74693",Calle,,PUERTO SAN MARTÍN,San Lorenzo,Asfalto,S/D,XVII,S/D,Urbana,S/D,S/D,Recta,S/D,S/D,S/D,S/D,S/D,Peatón,Atropello,S/D,S/D,S/D,S/D
2020,4271,2020-10-01,Jueves,17:20:00,,0,2,"Automóvil,Moto/Ciclomotor",Urquiza 2000,3,2,0,0,1,0,0,"-32.747341651427,-60.750536316216",Calle,,SAN LORENZO,San Lorenzo,Asfalto,No existe,XVII,Dentro,Urbana,Paso Peatonal,No existe,Intersección,Bueno,S/D,Diurna,S/D,S/D,S/D,Colisión,S/D,Horizontal,"Cordón divisorio,Línea divisoria pintada,S/D",S/D
2020,4272,2020-10-14,Miercoles,,,0,2,"Moto/Ciclomotor,Automóvil",Bartolome Mitre Y Gral Manuel Belgrano,2,1,0,0,1,0,0,"-33.74928, -61.96426",Calle,,VENADO TUERTO,General LÓPEZ,Asfalto,S/D,VIII,S/D,Urbana,S/D,S/D,Intersección,S/D,S/D,S/D,S/D,S/D,S/D,Colisión,S/D,S/D,S/D,S/D
2020,4273,2020-10-14,Miercoles,,,0,2,"Bicicleta,Automóvil",Runciman Y Juan Carlos Alberdi,2,1,0,0,1,0,0,"-33.75308, -61.96089",Calle,,VENADO TUERTO,General LÓPEZ,Asfalto,S/D,VIII,S/D,Urbana,S/D,S/D,Intersección,S/D,S/D,S/D,S/D,S/D,Ciclista,Atropello,S/D,S/D,S/D,S/D
2020,4274,2020-10-02,Viernes,13:00:00,,0,1,Moto/Ciclomotor,Bme Mitre Y Colon,1,1,0,0,0,0,0,"-32.03281, -61.21658",S/D,,GÁLVEZ,San JERÓNIMO,S/D,S/D,XV,S/D,S/D,S/D,S/D,S/D,S/D,S/D,S/D,S/D,S/D,S/D,Despiste,S/D,S/D,S/D,S/D
2020,4275,2020-10-14,Miercoles,10:45:00,Ruta Provincial 94,0,2,"Pickup/Utilitario,Camión",Av 64 Y Ruta N 94,2,2,0,0,0,0,0,"-34.00148, -61.61761",Ruta,94,VILLA CAÑAS,General LÓPEZ,Asfalto,S/D,VIII,S/D,Urbana,S/D,S/D,Intersección,S/D,S/D,S/D,S/D,S/D,S/D,Colisión,S/D,S/D,S/D,S/D
2020,4276,2020-10-03,Sabado,,,0,1,Moto/Ciclomotor,,1,1,0,0,0,0,0,"-31.49146, -60.7352",S/D,,RECREO,La Capital,S/D,S/D,I,S/D,S/D,S/D,S/D,S/D,S/D,S/D,S/D,S/D,S/D,S/D,Despiste,S/D,S/D,S/D,S/D
2020,4277,2020-10-14,Miercoles,7:40:00,Ruta Nacional 11,0,2,"Camión,Moto/Ciclomotor",Ruta Nacional 11,3,0,1,0,2,0,0,"-29.15453, -59.65755",Ruta,11,RECONQUISTA,General Obligado,Asfalto,S/D,IX,S/D,Urbana,S/D,S/D,Recta,S/D,S/D,S/D,S/D,S/D,S/D,Colisión,S/D,S/D,S/D,S/D
2020,4278,2020-10-03,Sabado,,,0,2,"Moto/Ciclomotor,Automóvil",Ayacucho Y Azopardo,2,1,0,0,1,0,0,"-31.59185, -60.71953",S/D,,SANTA FE,La Capital,S/D,S/D,I,S/D,S/D,S/D,S/D,S/D,S/D,S/D,S/D,S/D,S/D,S/D,S/D,S/D,S/D,S/D,S/D
2020,4279,2020-07-17,Viernes,8:20:00,,0,2,"Moto/Ciclomotor,Pickup/Utilitario",Calle 8-Chacabuco Y Calle 17-Bartolome Mitre,3,1,0,0,2,0,0,"-29.146, -59.64015",Calle,,RECONQUISTA,General Obligado,S/D,S/D,IX,S/D,Urbana,S/D,S/D,Intersección,S/D,S/D,Diurna,S/D,S/D,S/D,Colisión,S/D,S/D,S/D,S/D
2020,4280,2020-10-15,Jueves,,,0,2,"Moto/Ciclomotor,Otros",Av Brasil Y Av Italia,2,1,0,0,0,0,1,"-31.24567, -61.476",Avenida,,RAFAELA,Castellanos,Asfalto,S/D,V,S/D,Urbana,S/D,S/D,Intersección,S/D,S/D,S/D,S/D,S/D,S/D,Colisión,S/D,S/D,S/D,S/D
2020,4281,2020-10-15,Jueves,,Ruta Provincial 70,0,2,"Automóvil,Moto/Ciclomotor",Eusebio Marcilla Y A Lincoln,3,1,0,0,2,0,0,"-31.25924, -61.51075",Ruta,70,RAFAELA,Castellanos,Asfalto,S/D,V,S/D,Urbana,S/D,S/D,Intersección,S/D,S/D,S/D,S/D,S/D,S/D,Colisión,S/D,S/D,S/D,S/D
2020,4282,2020-10-03,Sabado,,,0,1,Moto/Ciclomotor,Juan XXIII Y Buenos Aires,1,1,0,0,0,0,0,"-32.20335, -61.7055",S/D,,EL TRÉBOL,San MARTÍN,S/D,S/D,XVIII,S/D,S/D,S/D,S/D,S/D,S/D,S/D,S/D,S/D,Contra objeto fijo,S/D,Colisión,S/D,S/D,S/D,S/D
2020,4283,2020-07-17,Viernes,11:00:00,,0,2,"Moto/Ciclomotor,Automóvil",Calle 25-Rivadavia Y Calle 10-Ludue�a,2,1,0,0,1,0,0,"-29.15013, -59.64192",Calle,,RECONQUISTA,General Obligado,S/D,Ripio,IX,S/D,Urbana,S/D,S/D,Intersección,S/D,S/D,Diurna,S/D,S/D,S/D,Colisión,S/D,S/D,S/D,S/D
2020,4284,2020-10-15,Jueves,,,0,2,"Pickup/Utilitario,Moto/Ciclomotor",Montes de Oca Y J Goffet,2,1,0,0,1,0,0,"-31.25123, -61.46552",Calle,,RAFAELA,Castellanos,Asfalto,S/D,V,S/D,Urbana,S/D,S/D,Intersección,S/D,S/D,S/D,S/D,S/D,S/D,Colisión,S/D,S/D,S/D,S/D
2020,4285,2020-10-07,Miercoles,13:00:00,,0,2,"Automóvil,Moto/Ciclomotor",San Juan Y San Martin,3,1,0,0,2,0,0,"-32.45505, -60.89216",S/D,,ROSARIO,Rosario,S/D,S/D,II,S/D,S/D,S/D,S/D,S/D,S/D,S/D,S/D,S/D,S/D,S/D,S/D,S/D,S/D,S/D,S/D
2020,4287,2020-07-17,Viernes,,,0,1,Moto/Ciclomotor,Almafuerte Y 1 de Mayo,2,2,0,0,0,0,0,"-31.44218, -60.92022",Calle,,ESPERANZA,Las Colonias,S/D,S/D,XI,S/D,Urbana,S/D,S/D,Intersección,S/D,S/D,Atardecer,S/D,Atropello animal,S/D,Colisión,S/D,S/D,S/D,S/D
2020,4288,2020-10-15,Jueves,,,0,2,"Automóvil,Moto/Ciclomotor",F Dentesano Y Av Roque Saenz Pe�a,3,2,0,0,1,0,0,"-31.25057, -61.47741",Avenida,,RAFAELA,Castellanos,Asfalto,S/D,V,S/D,Urbana,S/D,S/D,Intersección,S/D,S/D,S/D,S/D,S/D,S/D,Colisión,S/D,S/D,S/D,S/D
2020,4289,2020-07-17,Viernes,20:45:00,Ruta Secundaria 89-s,59,2,"Bicicleta,Moto/Ciclomotor",,2,1,0,0,1,0,0,"-28.03504, -59.25585",Ruta,89-s,FLORENCIA,General Obligado,S/D,S/D,IX,S/D,Rural,S/D,S/D,Recta,S/D,S/D,Nocturna,S/D,S/D,Ciclista,Atropello,S/D,S/D,S/D,S/D
2020,4290,2020-07-24,Viernes,,,0,2,"Moto/Ciclomotor,Automóvil",Casado 2100,2,1,0,0,1,0,0,"    -33.04319, -61.16381",Calle,,CASILDA,Caseros,Hormigón,No existe,IV,Dentro,Urbana,S/D,No existe,Recta,S/D,S/D,S/D,S/D,S/D,S/D,Colisión,S/D,S/D,S/D,S/D
2020,4291,2020-10-15,Jueves,,,0,2,"Automóvil,Moto/Ciclomotor",Av Gral Bartolome Mitre 500,2,0,1,0,1,0,0,"-31.2526, -61.48087",Calle,,RAFAELA,Castellanos,Asfalto,S/D,V,S/D,Urbana,S/D,S/D,Recta,S/D,S/D,S/D,S/D,S/D,S/D,Colisión,S/D,S/D,S/D,S/D
2020,4292,2020-10-04,Domingo,1:50:00,,0,2,"Automóvil,Moto/Ciclomotor",Av. Jorge Newbery,3,2,0,0,1,0,0,"-32.90913, -60.7559",S/D,,ROSARIO,Rosario,S/D,S/D,II,S/D,S/D,S/D,S/D,S/D,S/D,S/D,S/D,S/D,S/D,S/D,S/D,S/D,S/D,S/D,S/D
2020,4293,2020-06-21,Domingo,6:10:00,,0,1,Moto/Ciclomotor,Av. Pellegrini Y Rodriguez,1,0,0,0,0,1,0,"-32.95358, -60.66145",Calle,,ROSARIO,Rosario,Asfalto,No existe,II,Dentro,Urbana,Semáforo,Funciona,Intersección,Bueno,S/D,Nocturna,S/D,Contra objeto fijo,S/D,Colisión,Ninguna,"Horizontal,Vertical",Cordón divisorio,Sin restricción
2020,4294,2020-07-24,Viernes,,,0,2,"Moto/Ciclomotor,Automóvil",Washington Y Boulevard Villada,2,1,0,0,1,0,0,"    -33.04257, -61.17622",Calle,,CASILDA,Caseros,S/D,S/D,IV,Dentro,Urbana,S/D,S/D,Intersección,S/D,Buena,S/D,Buen Tiempo,S/D,S/D,Colisión,S/D,S/D,S/D,S/D
2020,4295,2020-10-15,Jueves,,Ruta Provincial 70,0,2,"Automóvil,Moto/Ciclomotor",Suiza Y Bv Santa Fe,2,1,0,0,1,0,0,"-31.25631, -61.47085",Ruta,70,RAFAELA,Castellanos,Asfalto,S/D,V,S/D,Urbana,S/D,S/D,Intersección,S/D,S/D,S/D,S/D,S/D,S/D,Colisión,S/D,S/D,S/D,S/D
2020,4296,2020-10-15,Jueves,,,0,2,"Moto/Ciclomotor,Bicicleta",Mejico Y Hipolito Vieytes,3,1,1,0,1,0,0,"-31.27084, -61.49817",Calle,,RAFAELA,Castellanos,Asfalto,S/D,V,S/D,Urbana,S/D,S/D,Intersección,S/D,S/D,S/D,S/D,S/D,Ciclista,Atropello,S/D,S/D,S/D,S/D
2020,4297,2020-07-25,Sabado,,,0,2,"Automóvil,Automóvil",Dante Alighieri Y Garibaldi,2,1,0,0,1,0,0,"    -33.05238, -61.17597",Calle,,CASILDA,Caseros,S/D,S/D,IV,Dentro,Urbana,S/D,S/D,Intersección,S/D,S/D,S/D,S/D,Lateral,S/D,Colisión,S/D,S/D,S/D,Sin restricción
2020,4298,2020-10-04,Domingo,,Ruta Nacional 33,545,2,"Camión,Camión",,2,1,1,0,0,0,0,"-34.24369, -62.64707",Ruta,33,RUFINO,General LÓPEZ,S/D,S/D,VIII,S/D,S/D,S/D,S/D,S/D,S/D,S/D,S/D,S/D,S/D,S/D,S/D,S/D,S/D,S/D,S/D
2020,4299,2020-10-10,Sabado,,,0,2,"Moto/Ciclomotor,Automóvil",Suipacha-Calle 74,3,1,2,0,0,0,0,"-31.43233, -62.06094",Calle,,FRONTERA,Castellanos,Asfalto,S/D,V,S/D,Urbana,S/D,S/D,Recta,S/D,S/D,S/D,S/D,S/D,S/D,Colisión,S/D,S/D,S/D,S/D