anio_acci,nro_acci,fecha,desc_dia,hora_aprox,desc_ruta,km,cant_participantes,desc_participante,calle_avenida_km,total,heridos_leves,heridos_graves,heridos_gravisimos,ilesos,fallecidos,sin_datos,posicion_XY,desc_tipo_via,desc_ruta_ori,desc_loc,desc_dpto,desc_tipo_calzada,desc_tipo_banquina,desc_unidad_regional,desc_lugar_calzada,desc_zona,desc_prioridad,desc_estado_semaforo,desc_lugar_via,desc_estado_via,desc_estado_visibilidad,desc_luminosidad,desc_estado_clima,desc_tipo_colision,desc_tipo_atropello,desc_tipo_hecho,desc_pres_calzada,desc_senializacion,desc_separacion_via,desc_restriccion
2020,4300,2020-07-18,Sabado,1:22:00,,0,1,Moto/Ciclomotor,Guillermo Brown Y Almafuerte,1,0,1,0,0,0,0,"-33.73774, -61.96601",Calle,,VENADO TUERTO,General LÓPEZ,S/D,S/D,VIII,S/D,Urbana,S/D,S/D,Intersección,S/D,S/D,Nocturna,S/D,S/D,S/D,Cañda ocupante,S/D,S/D,S/D,S/D
2020,4301,2020-10-04,Domingo,10:30:00,,0,1,Moto/Ciclomotor,,1,1,0,0,0,0,0,"-32.45737, -60.88747",S/D,,MACIEL,San JERÓNIMO,S/D,S/D,XVII,S/D,S/D,S/D,S/D,S/D,S/D,S/D,S/D,S/D,S/D,S/D,S/D,S/D,S/D,S/D,S/D
2020,4302,2020-07-18,Sabado,5:50:00,,0,1,Moto/Ciclomotor,Roca Y Bv 12 de octubre,1,1,0,0,0,0,0,"-33.75703, -61.97251",Calle,,VENADO TUERTO,General LÓPEZ,S/D,S/D,VIII,S/D,Urbana,S/D,S/D,Intersección,S/D,S/D,Nocturna,S/D,S/D,S/D,Cañda ocupante,S/D,S/D,S/D,S/D
2020,4304,2020-10-04,Domingo,14:45:00,,0,1,Moto/Ciclomotor,9 de Julio Y Av Paganini,1,1,0,0,0,0,0,"-32.23113, -60.98024",S/D,,BARRANCAS,San JERÓNIMO,S/D,S/D,XV,S/D,S/D,S/D,S/D,S/D,S/D,S/D,S/D,S/D,S/D,S/D,Despiste,S/D,S/D,S/D,S/D
2020,4305,2020-06-27,Sabado,9:40:00,,0,2,"Moto/Ciclomotor,Automóvil",Reg 12 de Infanteria Y Republica de Siria,2,0,0,0,1,1,0,"-31.599, -60.68874",Calle,,SANTA FE,La Capital,Asfalto,No existe,I,Dentro,Urbana,S/D,No existe,Intersección,Bueno,S/D,Diurna,S/D,S/D,S/D,Colisión,Ninguna,Faltante,Ninguna,S/D
2020,4306,2020-07-18,Sabado,10:10:00,,0,2,"Moto/Ciclomotor,Pickup/Utilitario",Carlos Pellegrini Y Almafuerte,2,1,0,0,1,0,0,"-33.74733, -61.95858",Calle,,VENADO TUERTO,General LÓPEZ,S/D,S/D,VIII,S/D,Urbana,S/D,S/D,Intersección,S/D,S/D,Diurna,S/D,S/D,S/D,Colisión,S/D,S/D,S/D,S/D
2020,4307,2020-10-15,Jueves,17:35:00,,0,2,"Moto/Ciclomotor,Automóvil",Av. Provincias Unidas Y La Paz,2,1,0,0,1,0,0,"-32.95571, -60.7119",Calle,,ROSARIO,Rosario,Asfalto,Pavimento,II,S/D,Urbana,Ninguna,No existe,Intersección,Bueno,Buena,"Diurna,Con luz artificial",Buen Tiempo,Otro,S/D,Colisión,Ninguna,Faltante,Ninguna,Sin restricción
2020,4308,2020-10-05,Lunes,2:45:00,,0,1,Moto/Ciclomotor,Av Pte Peron Y Candido Pujato,2,2,0,0,0,0,0,"-31.63112, -60.71757",S/D,,SANTA FE,La Capital,S/D,S/D,I,S/D,S/D,S/D,S/D,S/D,S/D,S/D,S/D,S/D,S/D,S/D,S/D,S/D,S/D,S/D,S/D
2020,4309,2020-07-18,Sabado,10:50:00,,0,2,"Moto/Ciclomotor,Pickup/Utilitario",P Jose T Maxwell Y Lisandro de la Torre,2,1,0,0,1,0,0,"-33.73265, -61.98629",Calle,,VENADO TUERTO,General LÓPEZ,S/D,S/D,VIII,S/D,Urbana,S/D,S/D,Intersección,S/D,S/D,Diurna,S/D,S/D,S/D,Colisión,S/D,S/D,S/D,S/D
2020,4310,2020-10-15,Jueves,17:20:00,,0,2,"Automóvil,Moto/Ciclomotor",Bertole Y C.Larralde,4,2,0,0,2,0,0,"-32.96543, -60.72607",Calle,,ROSARIO,Rosario,Asfalto,Pavimento,II,S/D,Urbana,Ninguna,No existe,Intersección,Bueno,Buena,Diurna,Buen Tiempo,Otro,S/D,Colisión,Ninguna,Faltante,Ninguna,Sin restricción
2020,4311,2020-10-05,Lunes,,,0,2,"Automóvil,Automóvil",CLUCELLAS Y RICARDO ALDAO,4,1,0,0,3,0,0,"-31.63112, -60.71757",S/D,,SANTA FE,La Capital,S/D,S/D,I,S/D,S/D,S/D,S/D,S/D,S/D,S/D,S/D,S/D,S/D,S/D,S/D,S/D,S/D,S/D,S/D
2020,4312,2020-10-09,Viernes,8:00:00,,0,2,"Moto/Ciclomotor,Moto/Ciclomotor",Bv. 27 De Febrero Y J.Colombres,2,0,1,0,0,0,1,"-32.95977, -60.72508",Avenida,,ROSARIO,Rosario,Asfalto,Pavimento,II,S/D,Urbana,Otra Señal,Funciona,Otro,Bueno,Buena,Diurna,Buen Tiempo,Lateral,S/D,Colisión,Ninguna,"Horizontal,Vertical",Ninguna,Sin restricción
2020,4313,2020-07-18,Sabado,13:05:00,,0,2,"Moto/Ciclomotor,Moto/Ciclomotor",Lopez Y Lisandro de la Torre,2,1,0,0,0,0,1,"-33.74573, -61.97605",Calle,,VENADO TUERTO,General LÓPEZ,S/D,S/D,VIII,S/D,Urbana,S/D,S/D,Intersección,S/D,S/D,Diurna,S/D,S/D,S/D,Colisión,S/D,S/D,S/D,S/D
2020,4314,2020-10-09,Viernes,9:30:00,,0,2,"Automóvil,Moto/Ciclomotor",Av. Pte.Peron Y Garzon,2,1,0,0,1,0,0,"-32.96455, -60.70471",Calle,,ROSARIO,Rosario,Asfalto,Pavimento,II,S/D,Urbana,Semáforo,Funciona,Intersección,Bueno,Buena,Diurna,Buen Tiempo,Otro,S/D,Colisión,Ninguna,"Horizontal,Vertical",Ninguna,Sin restricción
2020,4315,2020-07-18,Sabado,18:11:00,,0,3,"Moto/Ciclomotor,Moto/Ciclomotor,Automóvil",Chile Y Falucho,3,2,0,0,1,0,0,"-33.75567, -61.95344",Calle,,VENADO TUERTO,General LÓPEZ,S/D,S/D,VIII,S/D,Urbana,S/D,S/D,Intersección,S/D,S/D,Atardecer,S/D,Múltiple,S/D,Colisión,S/D,S/D,S/D,S/D
2020,4316,2020-07-18,Sabado,,,0,2,"Automóvil,Moto/Ciclomotor",Av. Eva Peron Y Rio De Janeiro,2,2,0,0,0,0,0,"-32.93883, -60.6805",Avenida,,ROSARIO,Rosario,S/D,S/D,II,S/D,Urbana,S/D,S/D,Intersección,S/D,S/D,S/D,S/D,S/D,S/D,Colisión,S/D,S/D,S/D,S/D
2020,4317,2020-10-08,Jueves,15:00:00,,0,2,"Automóvil,Automóvil",Bv. 27 De Febrero Y P.L.Funes,2,1,0,0,1,0,0,"-32.95882,-60.70045",Calle,,ROSARIO,Rosario,Asfalto,Pavimento,II,S/D,Urbana,Otra Señal,No existe,Intersección,Bueno,Buena,Diurna,Buen Tiempo,Otro,S/D,Colisión,Ninguna,Horizontal,Ninguna,Sin restricción
2020,4318,2020-07-19,Domingo,,,0,1,Moto/Ciclomotor,Lavalle Y Oro�o,1,0,1,0,0,0,0,"-31.43454, -60.92975",Calle,,ESPERANZA,Las Colonias,S/D,S/D,XI,S/D,Urbana,S/D,S/D,Intersección,S/D,S/D,Nocturna,S/D,S/D,S/D,Despiste,S/D,S/D,S/D,S/D
2020,4319,2020-10-06,Martes,22:30:00,,0,1,Moto/Ciclomotor,Pasco Y  Valentin Alsina,2,2,0,0,0,0,0,"-33.04846, -61.19403",S/D,,CASILDA,Caseros,S/D,S/D,IV,S/D,S/D,S/D,S/D,S/D,S/D,S/D,S/D,S/D,S/D,S/D,Despiste,S/D,S/D,S/D,S/D
2020,4320,2020-10-05,Lunes,12:30:00,,0,2,"Automóvil,Automóvil",Amenabar Y Italia,3,1,0,0,2,0,0,"-32.85933, -61.15691",Calle,,ROSARIO,Rosario,S/D,S/D,II,Dentro,Urbana,S/D,S/D,S/D,S/D,S/D,S/D,S/D,S/D,S/D,S/D,S/D,S/D,S/D,S/D
2020,4321,2020-07-25,Sabado,,,0,1,Moto/Ciclomotor,Francia,2,2,0,0,0,0,0,"    -31.63876, -60.71257",Calle,,SANTA FE,La Capital,Asfalto,No existe,I,Dentro,Urbana,S/D,No existe,Intersección,S/D,S/D,Nocturna,S/D,S/D,S/D,Cañda ocupante,S/D,S/D,S/D,S/D
2020,4322,2020-07-19,Domingo,,,0,2,"Moto/Ciclomotor,Automóvil",Av Almte Brown Y Pje Calcena,3,2,0,0,0,0,1,"-31.62623, -60.679",Calle,,SANTA FE,La Capital,S/D,S/D,I,S/D,Urbana,S/D,S/D,Intersección,S/D,S/D,Atardecer,S/D,S/D,S/D,Colisión,S/D,S/D,S/D,S/D
2020,4323,2020-06-03,Miercoles,8:40:00,Ruta Secundaria 81-s,73,2,"Moto/Ciclomotor,Camión",,2,0,0,0,1,1,0,"-31.05707, -61.77444",Ruta,81-s,COLONIA FIDELA,Castellanos,S/D,S/D,V,Dentro,Rural,S/D,S/D,Recta,S/D,S/D,Diurna,S/D,S/D,S/D,Colisión,S/D,S/D,S/D,S/D
2020,4324,2020-10-06,Martes,12:55:00,,0,1,Automóvil,,1,1,0,0,0,0,0,"-32.14346, -61.15087",S/D,,BERNARDO DE IRIGOYEN,San JERÓNIMO,S/D,S/D,XV,S/D,S/D,S/D,S/D,S/D,S/D,S/D,S/D,S/D,S/D,S/D,S/D,S/D,S/D,S/D,S/D
2020,4325,2020-07-19,Domingo,21:20:00,,0,2,"Moto/Ciclomotor,Automóvil",Nicolas Avellaneda Y Gral Jose de San Martin,2,1,0,0,1,0,0,"-33.73842, -61.97126",Calle,,VENADO TUERTO,General LÓPEZ,S/D,S/D,VIII,S/D,Urbana,S/D,S/D,Intersección,S/D,S/D,Nocturna,S/D,S/D,S/D,Colisión,S/D,S/D,S/D,S/D
2020,4326,2020-10-07,Miercoles,,,0,1,Moto/Ciclomotor,Bv. Oroño Y Pje. J.De La Cosa,1,0,1,0,0,0,0,"-32.93073, -60.65008",S/D,,ROSARIO,Rosario,S/D,S/D,II,S/D,S/D,S/D,S/D,S/D,S/D,S/D,S/D,S/D,S/D,S/D,S/D,S/D,S/D,S/D,S/D
2020,4327,2020-07-19,Domingo,21:25:00,,0,2,"Moto/Ciclomotor,Ambulancia",Gral Jose de San Martin Y Guillermo Brown,2,1,0,0,1,0,0,"-33.73999, -61.97005",Calle,,VENADO TUERTO,General LÓPEZ,S/D,S/D,VIII,S/D,Urbana,S/D,S/D,Intersección,S/D,S/D,Nocturna,S/D,S/D,S/D,Colisión,S/D,S/D,S/D,S/D
2020,4328,2020-10-07,Miercoles,8:05:00,Ruta Provincial 80,0,2,"Moto/Ciclomotor,Pickup/Utilitario",,3,0,1,0,2,0,0,"-32.07323, -60.98621",Ruta,80,AROCENA,San JERÓNIMO,S/D,S/D,XV,S/D,S/D,S/D,S/D,S/D,S/D,S/D,S/D,S/D,S/D,S/D,S/D,S/D,S/D,S/D,S/D
2020,4329,2020-07-20,Lunes,,,0,2,"Moto/Ciclomotor,Automóvil",Cordoba Y Matheu,2,1,0,0,1,0,0,"-33.7489, -61.94065",Calle,,VENADO TUERTO,General LÓPEZ,S/D,S/D,VIII,S/D,Urbana,S/D,S/D,Intersección,S/D,S/D,S/D,S/D,S/D,S/D,Colisión,S/D,S/D,S/D,S/D
2020,4330,2020-07-26,Domingo,,Ruta Nacional 11,0,2,"Moto/Ciclomotor,Automóvil",Av San Martin Y Estrada,2,1,0,0,1,0,0,"    -32.78896, -60.72453",Ruta,11,FRAY LUIS BELTRÁN,San Lorenzo,Asfalto,S/D,XVII,Dentro,Urbana,S/D,S/D,Intersección,S/D,S/D,S/D,S/D,Lateral,S/D,Colisión,S/D,S/D,Ninguna,S/D
2020,4331,2020-07-28,Martes,,,0,2,"Bicicleta,Automóvil",Urquiza Y Balcarce,2,1,0,0,1,0,0,"    -32.94051, -60.65106",Calle,,ROSARIO,Rosario,Asfalto,S/D,II,Dentro,Urbana,S/D,S/D,Intersección,S/D,S/D,S/D,S/D,S/D,S/D,Colisión,S/D,S/D,S/D,S/D
2020,4332,2020-07-20,Lunes,18:10:00,,0,1,Automóvil,Chile Y 3 de Febrero,1,0,1,0,0,0,0,"-33.75987, -61.96119",Calle,,VENADO TUERTO,General LÓPEZ,S/D,S/D,VIII,S/D,Urbana,S/D,S/D,Intersección,S/D,S/D,Atardecer,S/D,Contra objeto fijo,S/D,Colisión,S/D,S/D,S/D,S/D
2020,4333,2020-07-20,Lunes,9:50:00,,0,2,"Moto/Ciclomotor,Automóvil",Dean Funes Y Gral Jose de San Martin,2,1,0,0,1,0,0,"-33.73917, -61.97068",Calle,,VENADO TUERTO,General LÓPEZ,S/D,S/D,VIII,S/D,Urbana,S/D,S/D,Intersección,S/D,S/D,Diurna,S/D,S/D,S/D,Colisión,S/D,S/D,S/D,S/D
2020,4334,2020-07-20,Lunes,13:55:00,,0,2,"Moto/Ciclomotor,Pickup/Utilitario",Leandro N Alem Y Paz,3,1,0,0,2,0,0,"-33.75515, -61.96109",Calle,,VENADO TUERTO,General LÓPEZ,S/D,S/D,VIII,S/D,Urbana,S/D,S/D,Intersección,S/D,S/D,Diurna,S/D,S/D,S/D,Colisión,S/D,S/D,S/D,S/D
2020,4335,2020-07-20,Lunes,11:20:00,,0,2,"Automóvil,Moto/Ciclomotor",Calle 20 Y Calle 5,2,1,0,0,1,0,0,"-29.11482, -59.65318",Calle,,AVELLANEDA,General Obligado,S/D,S/D,IX,S/D,Urbana,S/D,S/D,Intersección,S/D,S/D,Diurna,S/D,S/D,S/D,Colisión,S/D,S/D,S/D,S/D
2020,4336,2020-05-27,Miercoles,,,0,2,"Moto/Ciclomotor,Automóvil",Fray Luis Beltran Y Eva Peron,2,1,0,0,1,0,0,"    -31.8968, -61.85041",Calle,,SAN JORGE,San MARTÍN,S/D,S/D,III,Dentro,Urbana,S/D,S/D,Intersección,S/D,S/D,S/D,S/D,S/D,S/D,Colisión,S/D,S/D,S/D,S/D
2020,4337,2020-07-27,Lunes,,Ruta Provincial 20,0,1,Automóvil,Av Cincuentenario,1,1,0,0,0,0,0,"    -32.27359, -61.90152",Ruta,20,MARÍA SUSANA,San MARTÍN,Hormigón,S/D,III,Dentro,Urbana,S/D,No existe,Recta,S/D,S/D,S/D,S/D,Contra objeto fijo,S/D,Colisión,S/D,S/D,S/D,S/D
2020,4338,2020-07-20,Lunes,16:46:00,Ruta Nacional 11,615,2,"Moto/Ciclomotor,Pickup/Utilitario",,3,1,0,0,2,0,0,"-28.04032, -59.22431",Ruta,11,FLORENCIA,General Obligado,S/D,S/D,IX,S/D,Urbana,S/D,S/D,Recta,S/D,S/D,Diurna,S/D,S/D,S/D,Colisión,S/D,S/D,S/D,S/D
2020,4339,2020-07-21,Martes,13:41:00,Ruta Nacional 8,334,2,"Moto/Ciclomotor,Pickup/Utilitario",,2,1,0,0,1,0,0,"-33.75871, -61.97117",Ruta,8,VENADO TUERTO,General LÓPEZ,S/D,S/D,VIII,S/D,Urbana,S/D,S/D,Recta,S/D,S/D,Diurna,S/D,S/D,S/D,Colisión,S/D,S/D,S/D,S/D
2020,4340,2020-07-21,Martes,16:55:00,,0,2,"Moto/Ciclomotor,Moto/Ciclomotor",Chaco Y Dr Angel Re,4,3,0,0,1,0,0,"-33.73483, -61.95483",Calle,,VENADO TUERTO,General LÓPEZ,S/D,S/D,VIII,S/D,Urbana,S/D,S/D,Intersección,S/D,S/D,Diurna,S/D,S/D,S/D,Colisión,S/D,S/D,S/D,S/D
2020,4341,2020-07-21,Martes,11:00:00,,0,2,"Automóvil,Transporte de Pasajeros Urbano (> 8 asientos)",Av Blas Parera Y M De Polonia,5,4,0,0,1,0,0,"-31.61404, -60.71782",Avenida,,SANTA FE,La Capital,S/D,S/D,I,S/D,Urbana,S/D,S/D,Intersección,S/D,S/D,Diurna,S/D,Frontal,S/D,Colisión,S/D,S/D,S/D,S/D
2020,4343,2020-11-09,Lunes,11:00:00,,0,2,"Automóvil,Moto/Ciclomotor",Dr Zavalla Y Larrea,2,1,0,0,1,0,0,"-31.59254, -60.70479",Calle,,SANTA FE,La Capital,Asfalto,Pavimento,I,S/D,Urbana,Ninguna,No existe,Intersección,Bueno,Buena,Diurna,Buen Tiempo,Lateral,S/D,Colisión,Ninguna,Vertical,Ninguna,Sin restricción
2020,4344,2020-10-01,Jueves,10:30:00,,0,2,"Moto/Ciclomotor,Pickup/Utilitario",Arenales Y Bv Pte Roca,2,1,0,0,1,0,0,"-31.25244, -61.49391",S/D,,RAFAELA,Castellanos,S/D,S/D,V,S/D,S/D,S/D,S/D,S/D,S/D,S/D,S/D,S/D,S/D,S/D,S/D,S/D,S/D,S/D,S/D
2020,4345,2020-11-09,Lunes,15:40:00,,0,2,"Automóvil,Moto/Ciclomotor",Av J J Paso Y Dr Zavalla,2,1,0,0,1,0,0,"-31.6612, -60.72459",Avenida,,SANTA FE,La Capital,Asfalto,S/D,I,S/D,Urbana,Ninguna,S/D,Intersección,Bueno,Buena,Diurna,Buen Tiempo,S/D,S/D,Colisión,Ninguna,Vertical,Ninguna,Sin restricción
2020,4346,2020-11-10,Martes,8:00:00,,0,2,"Moto/Ciclomotor,Moto/Ciclomotor",Av Freyre Y Juan de Garay,3,1,0,0,1,0,1,"-31.65046, -60.71974",Calle,,SANTA FE,La Capital,Asfalto,S/D,I,S/D,Urbana,Ninguna,S/D,Intersección,Bueno,Buena,Diurna,Buen Tiempo,S/D,S/D,Colisión,Ninguna,S/D,S/D,Sin restricción
2020,4347,2020-11-10,Martes,23:00:00,,0,2,"Bicicleta,Automóvil",Av J J Paso Y Dr Zavalla,2,1,0,0,0,0,1,"-31.6612, -60.72458",Calle,,SANTA FE,La Capital,Asfalto,No existe,I,S/D,Urbana,Ninguna,No existe,Intersección,Bueno,S/D,Con luz artificial,Buen Tiempo,S/D,Ciclista,Atropello,Ninguna,Vertical,Barrera de hormigón,Sin restricción
2020,4348,2020-10-01,Jueves,11:00:00,,0,2,"Pickup/Utilitario,Camión",Calle 107 Y Calle 2-Constituyentes,4,3,0,0,1,0,0,"-29.14853, -59.63669",S/D,,RECONQUISTA,General Obligado,S/D,S/D,IX,S/D,S/D,S/D,S/D,S/D,S/D,S/D,S/D,S/D,S/D,S/D,S/D,S/D,S/D,S/D,S/D
2020,4349,2020-11-11,Miercoles,5:20:00,,0,2,"Moto/Ciclomotor,Moto/Ciclomotor",Av Freyre 1900,2,2,0,0,0,0,0,"-31.65167, -60.72006",Avenida,,SANTA FE,La Capital,Asfalto,S/D,I,S/D,Urbana,Ninguna,S/D,Recta,Con baches,S/D,Amanecer,S/D,S/D,S/D,"Cañda ocupante,Colisión",Agua,S/D,S/D,Sin restricción
2020,4350,2020-07-21,Martes,9:18:00,,0,2,"Bicicleta,Pickup/Utilitario",Calle 26 - Bolivar Y Calle 21-Gdor. iriondo,2,1,0,0,1,0,0,"-29.14689, -59.65143",Calle,,RECONQUISTA,General Obligado,S/D,S/D,IX,S/D,Urbana,S/D,S/D,Intersección,S/D,S/D,Diurna,S/D,S/D,Ciclista,Atropello,S/D,S/D,S/D,S/D
2020,4351,2020-10-01,Jueves,18:15:00,,0,1,Moto/Ciclomotor,Juan Jose Castelli Y Aguero,2,1,0,0,1,0,0,"-33.73713, -61.97079",S/D,,VENADO TUERTO,General LÓPEZ,S/D,S/D,VIII,S/D,S/D,S/D,S/D,S/D,S/D,S/D,S/D,S/D,Contra objeto fijo,S/D,Colisión,S/D,S/D,S/D,S/D
2020,4352,2020-11-12,Jueves,13:00:00,,0,3,"Pickup/Utilitario,Bicicleta,Bicicleta",Entre Rios Y Gdor Freyre,3,2,0,0,1,0,0,"-31.65803, -60.72231",Calle,,SANTA FE,La Capital,Asfalto,No existe,I,S/D,Urbana,Ninguna,S/D,Intersección,Con baches,Buena,Diurna,Buen Tiempo,S/D,Ciclista,Atropello,Ninguna,Vertical,Ninguna,Sin restricción
2020,4353,2020-07-21,Martes,16:20:00,,0,2,"Moto/Ciclomotor,Automóvil",Urquiza Y General Lopez,3,2,0,0,1,0,0,"-32.74769, -60.73525",Calle,,SAN LORENZO,San Lorenzo,S/D,S/D,XVII,S/D,Urbana,S/D,S/D,Intersección,S/D,S/D,Diurna,S/D,S/D,S/D,Colisión,S/D,S/D,S/D,S/D
2020,4354,2020-10-01,Jueves,12:05:00,,0,1,Bicicleta,Falucho Y Turner S,1,1,0,0,0,0,0,"-33.75843, -61.95129",S/D,,VENADO TUERTO,General LÓPEZ,"Asfalto,Ripio",No existe,VIII,S/D,S/D,Ninguna,No existe,Intersección,Bueno,Buena,Diurna,Buen Tiempo,S/D,S/D,Cañda ocupante,Ninguna,Faltante,"Ninguna,S/D",Sin restricción
2020,4355,2020-11-13,Viernes,10:35:00,,0,2,"Automóvil,Bicicleta",Av Freyre Y Av Gral Lopez,2,1,0,0,1,0,0,"-31.65511, -60.72105",Avenida,,SANTA FE,La Capital,Asfalto,No existe,I,S/D,Urbana,Ninguna,No existe,Intersección,Con baches,Buena,Diurna,Buen Tiempo,S/D,Ciclista,Atropello,Ninguna,Vertical,Ninguna,Sin restricción
2020,4356,2020-07-22,Miercoles,,,0,2,"Moto/Ciclomotor,Automóvil",San Luis Y Servando Bayo,2,1,0,0,1,0,0,"-32.94073, -60.68523",Calle,,ROSARIO,Rosario,S/D,S/D,II,S/D,Urbana,S/D,S/D,Intersección,S/D,S/D,S/D,S/D,S/D,S/D,Colisión,S/D,S/D,S/D,S/D
2020,4357,2020-10-01,Jueves,,,0,1,Moto/Ciclomotor,San Lorenzo Y Pueyrredon,1,1,0,0,0,0,0,"-32.94072, -60.65684",S/D,,ROSARIO,Rosario,S/D,S/D,II,S/D,S/D,S/D,S/D,S/D,S/D,S/D,S/D,S/D,S/D,S/D,S/D,S/D,S/D,S/D,S/D
2020,4358,2020-11-13,Viernes,20:00:00,Ruta Nacional 11,0,2,"Automóvil,Bicicleta",,2,1,0,0,1,0,0,"-31.66382, -60.73371",Ruta,11,SANTA FE,La Capital,Asfalto,Natural,I,S/D,Urbana,Ninguna,No existe,Rotonda,Con baches,Reducida,Con luz artificial,Buen Tiempo,S/D,Ciclista,Atropello,Ninguna,"Horizontal,Vertical",Cordón divisorio,Sin restricción
2020,4359,2020-11-10,Martes,18:45:00,,0,2,"Moto/Ciclomotor,Pickup/Utilitario",San Lorenzo Y Santiago del Estero,3,2,0,0,1,0,0,"-31.63556, -60.7144",Calle,,SANTA FE,La Capital,Hormigón,No existe,I,Dentro,Urbana,Ninguna,No existe,Intersección,Bueno,Reducida,Atardecer,Buen Tiempo,Lateral,S/D,Colisión,Ninguna,Faltante,Ninguna,Sin restricción
2020,4360,2020-07-22,Miercoles,11:15:00,Autovía Nacional 19,25,1,Automóvil,,1,1,0,0,0,0,0,"-31.62704, -61.03485",Autovía,19,SAN CARLOS NORTE,Las Colonias,S/D,S/D,XI,S/D,Rural,S/D,S/D,Recta,S/D,S/D,Diurna,S/D,S/D,S/D,Vuelco,S/D,S/D,S/D,S/D
2020,4361,2020-10-02,Viernes,,,0,2,"Moto/Ciclomotor,Moto/Ciclomotor",Bv Santa Fe Y 9 de Julio,2,2,0,0,0,0,0,"-31.25289, -61.49066",S/D,,RAFAELA,Castellanos,S/D,S/D,V,S/D,S/D,S/D,S/D,S/D,S/D,S/D,S/D,S/D,S/D,S/D,S/D,S/D,S/D,S/D,S/D
2020,4362,2020-10-02,Viernes,,,0,2,"Moto/Ciclomotor,Automóvil",A Aguado Y Aaron Castellanos,2,1,0,0,1,0,0,"-31.26315, -61.4811",S/D,,RAFAELA,Castellanos,S/D,S/D,V,S/D,S/D,S/D,S/D,S/D,S/D,S/D,S/D,S/D,S/D,S/D,S/D,S/D,S/D,S/D,S/D
2020,4363,2020-11-12,Jueves,16:45:00,,0,2,"Moto/Ciclomotor,Automóvil",Francia Y Salvador Caputo,2,1,0,0,1,0,0,"-31.6383, -60.71251",Calle,,SANTA FE,La Capital,Hormigón,No existe,I,Dentro,Urbana,Semáforo,Funciona,Intersección,Bueno,Buena,Diurna,Buen Tiempo,Lateral,S/D,Colisión,Ninguna,Faltante,Ninguna,Sin restricción
2020,4364,2020-07-22,Miercoles,17:20:00,Ruta Nacional 11,476,2,"Moto/Ciclomotor,Automóvil",,2,1,0,0,1,0,0,"-29.12886, -59.65395",Ruta,11,RECONQUISTA,General Obligado,S/D,S/D,IX,S/D,Urbana,S/D,S/D,Recta,S/D,S/D,Diurna,S/D,S/D,S/D,Colisión,S/D,S/D,S/D,S/D
2020,4365,2020-11-13,Viernes,17:20:00,,0,2,"Automóvil,Peatón",Av Freyre Y Vera,2,1,0,0,1,0,0,"-31.64121, -60.71737",Avenida,,SANTA FE,La Capital,Hormigón,No existe,I,Dentro,Urbana,Ninguna,No existe,Intersección,Bueno,Buena,Diurna,Buen Tiempo,S/D,Peatón,Atropello,Ninguna,Faltante,Ninguna,Sin restricción
2020,4366,2020-07-17,Viernes,,,0,2,"Automóvil,Automóvil",Urquiza,5,4,0,0,1,0,0,"-32.95883, -60.693",S/D,,ROSARIO,Rosario,S/D,S/D,II,S/D,S/D,S/D,S/D,S/D,S/D,S/D,S/D,S/D,S/D,S/D,S/D,S/D,S/D,S/D,S/D
2020,4367,2020-07-28,Martes,,,0,2,"Bicicleta,Automóvil",Washington Y Tucuman,2,1,0,0,1,0,0,"    -33.05126, -61.16947",Calle,,CASILDA,Caseros,Asfalto,S/D,IV,Dentro,Urbana,S/D,S/D,Intersección,S/D,S/D,S/D,S/D,S/D,Ciclista,Atropello,S/D,S/D,S/D,S/D
2020,4368,2020-11-10,Martes,11:05:00,,0,2,"Automóvil,Pickup/Utilitario",Saavedra Y Juan Del Campillo,2,0,0,0,0,0,2,"-31.62811, -60.71074",Calle,,SANTA FE,La Capital,Asfalto,No existe,I,S/D,Urbana,Semáforo,Funciona,Intersección,Bueno,Buena,Diurna,Buen Tiempo,Lateral,S/D,Colisión,Ninguna,Vertical,Línea divisoria pintada,Sin restricción
2020,4370,2020-11-10,Martes,20:30:00,,0,2,"Moto/Ciclomotor,Pickup/Utilitario",Av Lopez y Planes Y Luciano Molinas,2,1,0,0,0,0,1,"-31.62936, -60.71397",Avenida,,SANTA FE,La Capital,Asfalto,No existe,I,S/D,Urbana,Semáforo,Funciona,Intersección,Bueno,Buena,Atardecer,Buen Tiempo,Lateral,S/D,Colisión,Ninguna,Vertical,Línea divisoria pintada,Sin restricción
2020,4371,2020-10-02,Viernes,,Ruta Secundaria 36-s,0,2,"Automóvil,Moto/Ciclomotor",,2,1,0,0,1,0,0,"-31.79578, -60.97733",Ruta,36-s,MATILDE,Las Colonias,S/D,S/D,XI,S/D,S/D,S/D,S/D,S/D,S/D,S/D,S/D,S/D,S/D,S/D,S/D,S/D,S/D,S/D,S/D
2020,4372,2020-07-29,Miercoles,,,0,2,"Peatón,Automóvil",9 de Julio Y Mariano Comas,2,1,0,0,1,0,0,"    -31.63243, -60.70492",Calle,,SANTA FE,La Capital,Asfalto,S/D,I,Dentro,Urbana,S/D,S/D,Intersección,S/D,S/D,S/D,S/D,S/D,Peatón,Atropello,S/D,S/D,S/D,S/D
2020,4373,2020-11-12,Jueves,12:40:00,,0,2,"Moto/Ciclomotor,Moto/Ciclomotor",Av Lopez y Planes Y Pje Diego de Leiva,3,1,0,0,0,0,2,"-31.62799, -60.71388",Avenida,,SANTA FE,La Capital,Asfalto,No existe,I,S/D,Urbana,Semáforo,Funciona,Intersección,Bueno,Buena,Diurna,Buen Tiempo,Lateral,S/D,Colisión,Ninguna,Vertical,Línea divisoria pintada,Sin restricción
2020,4374,2020-07-22,Miercoles,8:30:00,,0,2,"Moto/Ciclomotor,Automóvil",Calle 5-Colon Y Roca Pte,2,1,0,0,1,0,0,"-29.13911, -59.64292",Calle,,RECONQUISTA,General Obligado,S/D,S/D,IX,S/D,Urbana,S/D,S/D,Intersección,S/D,S/D,Diurna,S/D,S/D,S/D,Colisión,S/D,S/D,S/D,S/D
2020,4375,2020-10-02,Viernes,,,0,2,"Moto/Ciclomotor,Automóvil",Libertad Y Av Gral San Martin,2,0,1,0,1,0,0,"-33.02108, -60.62972",S/D,,VILLA GOBERNADOR GÁLVEZ,Rosario,S/D,S/D,II,S/D,S/D,S/D,S/D,S/D,S/D,S/D,S/D,S/D,S/D,S/D,S/D,S/D,S/D,S/D,S/D
2020,4376,2020-11-11,Miercoles,8:20:00,,0,2,"Pickup/Utilitario,Moto/Ciclomotor",Lavaisse Y Mitre,2,1,0,0,1,0,0,"-31.61536, -60.68451",Calle,,SANTA FE,La Capital,Asfalto,No existe,I,S/D,Urbana,Ninguna,No existe,Intersección,Bueno,S/D,S/D,Buen Tiempo,Lateral,S/D,Colisión,Ninguna,S/D,Ninguna,Sin restricción
2020,4377,2020-07-29,Miercoles,,,0,2,"Automóvil,Automóvil",Av Circunvalaci�n,4,2,0,0,2,0,0,"    -31.65967, -60.73429",Avenida,,SANTA FE,La Capital,Asfalto,Pavimento,I,Dentro,Rural,S/D,No existe,Recta,S/D,S/D,Con luz artificial,S/D,De alcance,S/D,Colisión,S/D,S/D,S/D,S/D