anio_acci,nro_acci,fecha,desc_dia,hora_aprox,desc_ruta,km,cant_participantes,desc_participante,calle_avenida_km,total,heridos_leves,heridos_graves,heridos_gravisimos,ilesos,fallecidos,sin_datos,posicion_XY,desc_tipo_via,desc_ruta_ori,desc_loc,desc_dpto,desc_tipo_calzada,desc_tipo_banquina,desc_unidad_regional,desc_lugar_calzada,desc_zona,desc_prioridad,desc_estado_semaforo,desc_lugar_via,desc_estado_via,desc_estado_visibilidad,desc_luminosidad,desc_estado_clima,desc_tipo_colision,desc_tipo_atropello,desc_tipo_hecho,desc_pres_calzada,desc_senializacion,desc_separacion_via,desc_restriccion
2020,4378,2020-11-15,Domingo,12:55:00,,0,2,"Moto/Ciclomotor,Peatón",Av Galicia Y Candioti,3,3,0,0,0,0,0,"-31.60674, -60.68646",Calle,,SANTA FE,La Capital,Asfalto,No existe,I,S/D,Urbana,Ninguna,No existe,Intersección,Ahuellamiento,Reducida,Diurna,Otro,S/D,Peatón,Atropello,Otro,Faltante,Ninguna,Sin restricción
2020,4379,2020-07-29,Miercoles,12:00:00,,0,2,"Moto/Ciclomotor,Pickup/Utilitario",Av. Battle y Ordo�ez 3100,2,1,0,0,1,0,0,"    -33.00974, -60.67733",Avenida,,ROSARIO,Rosario,Asfalto,S/D,II,Dentro,Urbana,S/D,S/D,Intersección,S/D,S/D,S/D,S/D,S/D,S/D,Colisión,S/D,S/D,S/D,S/D
2020,4380,2020-10-03,Sabado,10:10:00,,0,2,"Moto/Ciclomotor,Pickup/Utilitario",Juan Lavalle Y Quintana,2,1,0,0,1,0,0,"-33.73739, -61.97806",S/D,,VENADO TUERTO,General LÓPEZ,S/D,S/D,VIII,S/D,S/D,S/D,S/D,S/D,S/D,S/D,S/D,S/D,S/D,S/D,S/D,S/D,S/D,S/D,S/D
2020,4381,2020-07-23,Jueves,19:30:00,,0,2,"Moto/Ciclomotor,Automóvil",Velez Sarfield Y Antonio Podio,3,1,1,0,1,0,0,"-31.25240676319,-61.512430652585",Calle,,RAFAELA,Castellanos,S/D,S/D,V,S/D,Urbana,S/D,S/D,Intersección,S/D,S/D,Atardecer,S/D,S/D,S/D,Colisión,S/D,S/D,S/D,S/D
2020,4382,2020-11-11,Miercoles,11:00:00,,0,2,"Pickup/Utilitario,Automóvil",,2,2,0,0,0,0,0,"-31.60236, -60.67467",Calle,,SANTA FE,La Capital,S/D,No existe,I,S/D,Urbana,Ninguna,No existe,Otro,Otro,Reducida,Con luz artificial,Otro,Otro,S/D,Colisión,Otro,Faltante,Ninguna,Sin restricción
2020,4383,2020-07-23,Jueves,,,0,2,"Moto/Ciclomotor,Automóvil",Alfonsina Storni Y Remedios de Escalada,2,0,1,0,1,0,0,"-31.26284, -61.48906",Calle,,RAFAELA,Castellanos,S/D,S/D,V,S/D,Urbana,S/D,S/D,Intersección,S/D,S/D,S/D,S/D,S/D,S/D,Colisión,S/D,S/D,S/D,S/D
2020,4384,2020-10-03,Sabado,10:45:00,Ruta Nacional 8,0,2,"Pickup/Utilitario,Camión",Roque Saenz Pe�a,4,4,0,0,0,0,0,"-33.74287, -61.98344",Ruta,8,VENADO TUERTO,General LÓPEZ,S/D,S/D,VIII,S/D,S/D,S/D,S/D,S/D,S/D,S/D,S/D,S/D,S/D,S/D,S/D,S/D,S/D,S/D,S/D
2020,4385,2020-11-09,Lunes,22:20:00,,0,2,"Moto/Ciclomotor,Automóvil",Av Gral Paz Y Padre Genesio,2,2,0,0,0,0,0,"-31.60405, -60.67513",Avenida,,SANTA FE,La Capital,Asfalto,No existe,I,Dentro,Urbana,Ninguna,No existe,Intersección,S/D,Reducida,Diurna,Otro,S/D,S/D,Colisión,Otro,Faltante,Ninguna,Sin restricción
2020,4386,2020-07-31,Viernes,,,0,2,"Pickup/Utilitario,Moto/Ciclomotor",,2,1,0,0,1,0,0,"    -31.44885, -60.93045",S/D,,ESPERANZA,Las Colonias,S/D,S/D,XI,S/D,S/D,S/D,S/D,S/D,S/D,S/D,S/D,S/D,S/D,S/D,Colisión,S/D,S/D,S/D,S/D
2020,4387,2020-07-23,Jueves,,,0,2,"Moto/Ciclomotor,Automóvil",Rosario Y G Mainardi,2,0,1,0,1,0,0,"-31.24008, -61.49867",Calle,,RAFAELA,Castellanos,S/D,S/D,V,S/D,Urbana,S/D,S/D,Intersección,S/D,S/D,S/D,S/D,S/D,S/D,Colisión,S/D,S/D,S/D,S/D
2020,4388,2020-10-03,Sabado,11:42:00,,0,1,Moto/Ciclomotor,Jujuy Y Corrientes,3,2,0,0,1,0,0,"-33.73828, -61.95541",S/D,,VENADO TUERTO,General LÓPEZ,S/D,S/D,VIII,S/D,S/D,S/D,S/D,S/D,S/D,S/D,S/D,S/D,S/D,S/D,S/D,S/D,S/D,S/D,S/D
2020,4389,2020-11-09,Lunes,18:20:00,,0,2,"Automóvil,Moto/Ciclomotor",Saavedra Lamas Y Chaplin,2,1,0,0,1,0,0,"-31.50474, -60.73122",Calle,,RECREO,La Capital,Ripio,No existe,I,Dentro,Urbana,Ninguna,No existe,Intersección,Bueno,Buena,Diurna,Buen Tiempo,S/D,S/D,Colisión,Ninguna,Faltante,Ninguna,Sin restricción
2020,4390,2020-07-23,Jueves,17:00:00,,0,2,"Automóvil,Moto/Ciclomotor",Maipu Y P Avanthay,2,0,0,0,0,0,2,"-31.24943, -61.49992",Calle,,RAFAELA,Castellanos,S/D,S/D,V,S/D,Urbana,S/D,S/D,Intersección,S/D,S/D,Diurna,S/D,S/D,S/D,Colisión,S/D,S/D,S/D,S/D
2020,4391,2020-07-24,Viernes,,Ruta Provincial 62,0,1,Pickup/Utilitario,,2,2,0,0,0,0,0,"    -31.11876, -60.54722",Ruta,62,CAYASTA,Garay,Asfalto,Natural,VII,Fuera,Rural,S/D,No existe,Recta,S/D,S/D,Con luz artificial,S/D,S/D,S/D,Despiste,S/D,S/D,S/D,S/D
2020,4392,2020-10-03,Sabado,12:16:00,,0,2,"Moto/Ciclomotor,Pickup/Utilitario",Piacenza Y Mariano Moreno,4,1,0,0,3,0,0,"-33.73594, -61.97779",S/D,,VENADO TUERTO,General LÓPEZ,S/D,S/D,VIII,S/D,S/D,S/D,S/D,S/D,S/D,S/D,S/D,S/D,S/D,S/D,S/D,S/D,S/D,S/D,S/D
2020,4393,2020-07-24,Viernes,,,0,1,Moto/Ciclomotor,Av Circunvalaci�n,2,2,0,0,0,0,0,"    -31.62973, -60.73213",Avenida,,SANTA FE,La Capital,Asfalto,Pavimento,I,Dentro,Rural,S/D,No existe,Recta,S/D,S/D,Con luz artificial,S/D,S/D,S/D,Cañda ocupante,S/D,S/D,S/D,S/D
2020,4394,2020-07-23,Jueves,,,0,2,"Moto/Ciclomotor,Automóvil",Calle 21-Gdor. iriondo 1634,2,1,0,0,1,0,0,"-29.14507, -59.66536",Calle,,RECONQUISTA,General Obligado,S/D,S/D,IX,S/D,Urbana,S/D,S/D,Intersección,S/D,S/D,S/D,S/D,S/D,S/D,Colisión,S/D,S/D,S/D,S/D
2020,4395,2020-11-12,Jueves,13:10:00,,0,2,"Camión Chasis,Moto/Ciclomotor",Pautaso P Y Mariano Moreno,2,0,1,0,1,0,0,"-31.18272, -60.74997",Calle,,LLAMBI CAMPBELL,La Capital,Asfalto,S/D,I,S/D,Urbana,Ninguna,S/D,Intersección,Bueno,Buena,Diurna,Buen Tiempo,Lateral,S/D,Colisión,Ninguna,Vertical,S/D,S/D
2020,4396,2020-06-10,Miercoles,19:40:00,,0,2,"Peatón,Pickup/Utilitario",Moreno Y Lavalle,2,0,0,0,1,1,0,"-32.82007, -61.39679",Calle,,CAÑADA DE GÓMEZ,Iriondo,Asfalto,No existe,X,Dentro,Urbana,Ninguna,No existe,Intersección,Bueno,S/D,Nocturna,S/D,S/D,Peatón,Atropello,Ninguna,Faltante,Ninguna,Sin restricción
2020,4397,2020-11-10,Martes,8:15:00,Ruta Nacional 11,0,2,"Bicicleta,Automóvil",Juan Diaz De Solis Y Ruta Nac 11,2,1,0,0,1,0,0,"-31.703844643532, -60.801333253751",Ruta,11,SAUCE VIEJO,La Capital,Asfalto,Natural,I,S/D,Urbana,Ninguna,No existe,Recta,Bueno,S/D,Diurna,Buen Tiempo,S/D,Ciclista,Atropello,Ninguna,Horizontal,Línea divisoria pintada,Sin restricción
2020,4398,2020-10-03,Sabado,20:25:00,,0,2,"Moto/Ciclomotor,Automóvil",Libertad Y H L Amincton,2,1,0,0,1,0,0,"-33.73736, -61.94682",S/D,,VENADO TUERTO,General LÓPEZ,S/D,S/D,VIII,S/D,S/D,S/D,S/D,S/D,S/D,S/D,S/D,S/D,S/D,S/D,S/D,S/D,S/D,S/D,S/D
2020,4399,2020-07-23,Jueves,19:00:00,,0,2,"Moto/Ciclomotor,Moto/Ciclomotor",Calle 47-Islas Malvinas Y Calle 24 - Olessio,5,3,1,0,1,0,0,"-29.16093, -59.65232",Calle,,RECONQUISTA,General Obligado,S/D,S/D,IX,S/D,Urbana,S/D,S/D,Intersección,S/D,S/D,Atardecer,S/D,De alcance,S/D,Colisión,S/D,S/D,S/D,S/D
2020,4400,2020-11-13,Viernes,19:30:00,,0,2,"Automóvil,Automóvil",Sarmiento Y Florencio Sanchez,5,2,0,0,3,0,0,"-31.30349, -60.67086",Calle,,LAGUNA PAIVA,La Capital,Tierra,Natural,I,Dentro,Urbana,Ninguna,No existe,Intersección,Bueno,Buena,Atardecer,Buen Tiempo,Lateral,S/D,Colisión,Ninguna,Faltante,Ninguna,Sin restricción
2020,4401,2020-06-18,Jueves,0:50:00,Ruta Nacional 34,53,3,"Camión,Camión,Camión",,3,2,0,0,0,1,0,"-32.60824, -61.16077",Ruta,34,TOTORAS,Iriondo,Asfalto,Natural,X,Dentro,Rural,Ninguna,No existe,Recta,Bueno,Reducida,Nocturna,Niebla,"De alcance,Múltiple",S/D,Colisión,Ninguna,Faltante,Línea divisoria pintada,Sin restricción
2020,4402,2020-10-03,Sabado,,,0,2,"Moto/Ciclomotor,Taxi/Remis",Fdo Fader Y Bernardo de Irigoyen,2,1,0,0,1,0,0,"-31.2634, -61.49418",S/D,,RAFAELA,Castellanos,S/D,S/D,V,S/D,S/D,S/D,S/D,S/D,S/D,S/D,S/D,S/D,S/D,S/D,S/D,S/D,S/D,S/D,S/D
2020,4403,2020-07-23,Jueves,,,0,2,"Moto/Ciclomotor,Automóvil",Calle 8 Y Calle 9,2,1,0,0,1,0,0,"-28.35982, -59.25994",Calle,,LAS TOSCAS,General Obligado,S/D,S/D,IX,S/D,Urbana,S/D,S/D,Intersección,S/D,S/D,S/D,S/D,S/D,S/D,Colisión,S/D,S/D,S/D,S/D
2020,4404,2020-11-09,Lunes,,Ruta Nacional 33,0,2,"Pickup/Utilitario,Pickup/Utilitario",Juan B Justo,2,2,0,0,0,0,0,"-33.01709, -61.04001",Ruta,33,PUJATO,San Lorenzo,Asfalto,Pavimento,XVII,S/D,Urbana,Semáforo,Intermitente,Intersección,Bueno,Buena,"Nocturna,Con luz artificial",Buen Tiempo,Múltiple,S/D,Colisión,Ninguna,Vertical,Línea divisoria pintada,Sin restricción
2020,4405,2020-06-22,Lunes,23:15:00,,0,1,Moto/Ciclomotor,,1,0,0,0,0,1,0,"-28.06049, -59.19493",Camino Rural,,FLORENCIA,General Obligado,S/D,S/D,IX,Dentro,Rural,S/D,S/D,Recta,S/D,S/D,Nocturna,S/D,S/D,S/D,Cañda ocupante,S/D,S/D,S/D,S/D
2020,4406,2020-10-03,Sabado,13:00:00,,0,2,"Moto/Ciclomotor,Pickup/Utilitario",Av. Pte.Peron 5700,2,0,1,0,1,0,0,"-32.96234, -60.70027",S/D,,ROSARIO,Rosario,S/D,S/D,II,S/D,S/D,S/D,S/D,S/D,S/D,S/D,S/D,S/D,S/D,S/D,S/D,S/D,S/D,S/D,S/D
2020,4407,2020-07-23,Jueves,,,0,1,Automóvil,Irigoyen Y Luis Borghi,1,1,0,0,0,0,0,"-32.75556, -60.73653",Calle,,SAN LORENZO,San Lorenzo,S/D,S/D,XVII,S/D,Urbana,S/D,S/D,Intersección,S/D,S/D,Nocturna,S/D,Contra objeto fijo,S/D,Colisión,S/D,S/D,S/D,S/D
2020,4408,2020-06-21,Domingo,1:10:00,Ruta Provincial 32,24,2,"Moto/Ciclomotor,Moto/Ciclomotor",,4,0,1,0,0,3,0,"-28.50244, -59.34654",Ruta,32,VILLA OCAMPO,General Obligado,Asfalto,Pavimento,IX,Dentro,Rural,Ninguna,No existe,Recta,Bueno,S/D,Nocturna,S/D,S/D,S/D,Colisión,Ninguna,Faltante,Línea divisoria pintada,Sin restricción
2020,4409,2020-11-11,Miercoles,18:00:00,,0,2,"Tractor,Moto/Ciclomotor",Moreno Y Av Brig Lopez,2,1,0,0,1,0,0,"-32.66558, -60.78039",Calle,,TIMBÚES,San Lorenzo,Ripio,No existe,XVII,S/D,Rural,Ninguna,No existe,Intersección,Con baches,Buena,Diurna,Buen Tiempo,De alcance,S/D,Colisión,Ninguna,Faltante,Ninguna,Sin restricción
2020,4410,2020-06-23,Martes,5:30:00,Autopista Nacional Rosario -Cordoba,360,2,"Camión,Camión",,2,0,0,0,0,2,0,"-32.84908, -61.37717",Autopista,Rosario -Cordoba,CAÑADA DE GÓMEZ,Iriondo,Asfalto,Natural,X,Dentro,Rural,Ninguna,No existe,Recta,Resbaladiza,S/D,Nocturna,Otro,Frontal,S/D,Colisión,Agua,Faltante,Línea divisoria pintada,Sin restricción
2020,4411,2020-11-10,Martes,15:30:00,Ruta Nacional 11,0,2,"Pickup/Utilitario,Moto/Ciclomotor",Ruta Nac 11,2,0,1,0,1,0,0,"-32.65814, -60.79965",Ruta,11,TIMBÚES,San Lorenzo,Asfalto,Ripio,XVII,S/D,Urbana,Ninguna,No existe,Recta,Bueno,Buena,Diurna,Buen Tiempo,De alcance,S/D,Colisión,Ninguna,Vertical,Línea divisoria pintada,Sin restricción
2020,4412,2020-10-03,Sabado,,,0,2,"Moto/Ciclomotor,Automóvil",La Pampa Y Cortada Catamarca,2,1,0,0,1,0,0,"-30.94985, -61.55083",S/D,,SUNCHALES,Castellanos,S/D,S/D,V,S/D,S/D,S/D,S/D,S/D,S/D,S/D,S/D,S/D,S/D,S/D,S/D,S/D,S/D,S/D,S/D
2020,4413,2020-08-01,Sabado,4:00:00,,0,2,"Automóvil,Moto/Ciclomotor",,5,4,0,0,0,1,0,"-32.2191,-61.76019",Camino Rural,,EL TRÉBOL,San MARTÍN,Tierra,Natural,XVIII,S/D,Rural,Ninguna,No existe,Recta,Ahuellamiento,Reducida,Nocturna,Buen Tiempo,Frontal,S/D,Colisión,S/D,Faltante,Ninguna,Sin restricción
2020,4414,2020-10-03,Sabado,19:40:00,,0,1,Moto/Ciclomotor,,1,0,1,0,0,0,0,"-28.2459, -59.45364",S/D,,VILLA GUILLERMINA,General Obligado,S/D,S/D,IX,S/D,S/D,S/D,S/D,S/D,S/D,S/D,S/D,S/D,Atropello animal,S/D,Colisión,S/D,S/D,S/D,S/D
2020,4415,2020-10-03,Sabado,,,0,1,Pickup/Utilitario,Av Cordoba,1,1,0,0,0,0,0,"-31.44652, -60.94034",S/D,,ESPERANZA,Las Colonias,S/D,S/D,XI,S/D,S/D,S/D,S/D,S/D,S/D,S/D,S/D,S/D,S/D,S/D,Despiste,S/D,S/D,S/D,S/D
2020,4416,2020-11-09,Lunes,18:30:00,,0,1,Automóvil,Heroes de Malvinas,1,1,0,0,0,0,0,"-32.69447, -60.77274",Calle,,PUERTO SAN MARTÍN,San Lorenzo,Tierra,No existe,XVII,Fuera,Rural,Ninguna,No existe,Recta,S/D,Buena,Atardecer,Buen Tiempo,Contra objeto fijo,S/D,Colisión,Ninguna,Horizontal,Ninguna,Sin restricción
2020,4417,2020-10-03,Sabado,21:00:00,Ruta Provincial 2,0,2,"Pickup/Utilitario,Moto/Ciclomotor",Ruta pcial 2 Av San Martin Y Buenos Aires,2,0,1,0,1,0,0,"-31.51752, -60.68128",Ruta,2,MONTE VERA,La Capital,S/D,S/D,I,S/D,Urbana,S/D,S/D,S/D,S/D,S/D,S/D,S/D,S/D,S/D,S/D,S/D,S/D,S/D,S/D
2020,4418,2020-11-14,Sabado,0:00:00,,0,1,Moto/Ciclomotor,Av Fray Luis Beltran Y Pte Illia -Ex. Entre Rios,1,1,0,0,0,0,0,"-32.79338, -60.73292",Avenida,,FRAY LUIS BELTRÁN,San Lorenzo,Tierra,Natural,XVII,S/D,Urbana,S/D,No existe,Recta,Con baches,Reducida polvo,Diurna,S/D,S/D,S/D,Vuelco,Material Suelto,Faltante,Cordón divisorio,Obra en Construcción
2020,4419,2020-11-10,Martes,14:40:00,,0,2,"Bicicleta,Automóvil",Rivarola Y Av. Circunvalacion,2,1,0,0,1,0,0,"-32.96606, -60.71923",Avenida,,ROSARIO,Rosario,Asfalto,Pavimento,II,S/D,Urbana,Ninguna,Funciona,Otro,Bueno,Buena,Diurna,Buen Tiempo,S/D,Ciclista,Atropello,Ninguna,Faltante,Ninguna,Sin restricción
2020,4420,2020-10-04,Domingo,6:52:00,,0,1,Moto/Ciclomotor,Gral Jose de San Martin Y Roca,2,2,0,0,0,0,0,"-31.402, -61.98987",S/D,,VENADO TUERTO,General LÓPEZ,S/D,S/D,VIII,S/D,S/D,S/D,S/D,S/D,S/D,S/D,S/D,S/D,S/D,S/D,Despiste,S/D,S/D,S/D,S/D
2020,4421,2020-11-12,Jueves,12:45:00,,0,2,"Automóvil,Otros",Poeta Fontanarrosa Y A.Maza,3,1,0,0,2,0,0,"-32.87566, -60.69213",Calle,,ROSARIO,Rosario,Asfalto,S/D,II,S/D,Urbana,S/D,S/D,Intersección,S/D,S/D,S/D,S/D,S/D,S/D,Colisión,S/D,S/D,S/D,S/D
2020,4422,2020-10-16,Viernes,0:40:00,Ruta Provincial 21,1,2,"Moto/Ciclomotor,Automóvil",San Martin,5,0,1,0,4,0,0,"-33.02288, -60.62785",Ruta,21,ROSARIO,Rosario,Asfalto,No existe,II,Dentro,Urbana,Ninguna,No existe,Recta,Bueno,S/D,Nocturna,Buen Tiempo,Lateral,S/D,Colisión,Ninguna,S/D,Guardarrail,Sin restricción
2020,4423,2020-10-05,Lunes,17:30:00,Ruta Nacional 34,0,2,"Camión,Taxi/Remis",,3,2,0,0,1,0,0,"-31.22268, -61.49842",Ruta,34,RAFAELA,Castellanos,S/D,S/D,V,S/D,S/D,S/D,S/D,S/D,S/D,S/D,S/D,S/D,S/D,S/D,S/D,S/D,S/D,S/D,S/D
2020,4424,2020-11-10,Martes,18:45:00,,0,2,"Automóvil,Moto/Ciclomotor",Comercio Y F.Rauch,3,1,0,0,2,0,0,"-32.90654, -60.69864",Calle,,ROSARIO,Rosario,Asfalto,No existe,II,Dentro,Urbana,S/D,No existe,Recta,Con baches,S/D,Atardecer,Buen Tiempo,S/D,S/D,Colisión,S/D,Faltante,S/D,S/D
2020,4425,2020-10-05,Lunes,15:00:00,,0,3,"Ambulancia,Pickup/Utilitario,Moto/Ciclomotor",AV ORO BLANCO,4,3,0,0,1,0,0,"-29.1238, -59.65071",S/D,,AVELLANEDA,General Obligado,S/D,S/D,IX,S/D,S/D,S/D,S/D,S/D,S/D,S/D,S/D,S/D,S/D,S/D,S/D,S/D,S/D,S/D,S/D
2020,4426,2020-10-16,Viernes,10:45:00,,0,2,"Moto/Ciclomotor,Automóvil",Chile Y Av San Martin,3,1,0,0,2,0,0,"-32.84385, -60.70765",Calle,,GRANADERO BAIGORRIA,Rosario,Asfalto,No existe,II,S/D,Urbana,Semáforo,Funciona,Intersección,Bueno,Buena,Diurna,Buen Tiempo,Lateral,S/D,Colisión,Ninguna,Faltante,Guardarrail,Sin restricción
2020,4427,2020-08-08,Sabado,1:30:00,Ruta Provincial 14,15,1,Camión c / Acoplado,Ruta Provincial 14,1,0,0,0,0,1,0,"-33.12811,-60.83789",Ruta,14,PIÑERO,Rosario,Asfalto,Natural,II,S/D,Rural,Ninguna,No existe,Curva,Bueno,Reducida,Nocturna,Niebla,S/D,S/D,Vuelco,S/D,S/D,Línea divisoria pintada,Sin restricción
2020,4428,2020-11-13,Viernes,17:55:00,,0,2,"Pickup/Utilitario,Moto/Ciclomotor",3 De Febrero Y Pte.Roca,3,0,1,0,2,0,0,"-32.95153, -60.64671",Calle,,ROSARIO,Rosario,Asfalto,S/D,II,S/D,Urbana,S/D,S/D,Recta,Bueno,S/D,Diurna,S/D,S/D,S/D,Colisión,S/D,S/D,S/D,S/D
2020,4429,2020-10-06,Martes,17:30:00,,0,2,"Moto/Ciclomotor,Moto/Ciclomotor",Paraguay Y Mendoza,2,2,0,0,0,0,0,"-28.48993, -59.61387",S/D,,VILLA ANA,General Obligado,S/D,S/D,IX,S/D,S/D,S/D,S/D,S/D,S/D,S/D,S/D,S/D,S/D,S/D,S/D,S/D,S/D,S/D,S/D
2020,4430,2020-11-13,Viernes,10:40:00,,0,2,"Bicicleta,Automóvil",9 De Julio Y Alvear,2,1,0,0,1,0,0,"-32.95088, -60.6565",Calle,,ROSARIO,Rosario,Asfalto,S/D,II,S/D,Urbana,S/D,S/D,Intersección,S/D,S/D,S/D,S/D,S/D,Ciclista,Atropello,S/D,S/D,S/D,S/D
2020,4431,2020-08-08,Sabado,18:55:00,Ruta Nacional 34,119,2,"Automóvil,Camión c / Acoplado",,2,0,0,0,1,1,0,"-33.12811,-60.83789",Ruta,34,CASAS,San MARTÍN,Asfalto,Natural,XVIII,Dentro,Rural,Ninguna,No existe,Curva,Bueno,Buena,Diurna,Buen Tiempo,Frontal,S/D,Colisión,Ninguna,"Horizontal,Vertical",Ninguna,Sin restricción
2020,4432,2020-10-07,Miercoles,,,0,2,"Automóvil,Moto/Ciclomotor",Casey Y Bartolome Mitre,2,1,0,0,1,0,0,"-28.48993, -59.61387",S/D,,VENADO TUERTO,General LÓPEZ,S/D,S/D,VIII,S/D,S/D,S/D,S/D,S/D,S/D,Reducida,S/D,S/D,S/D,S/D,S/D,S/D,S/D,S/D,S/D
2020,4433,2020-07-27,Lunes,,,0,2,"Pickup/Utilitario,Moto/Ciclomotor",Calle 11-Alvear Y Calle 26 - Bolivar,2,1,0,0,1,0,0,"    -29.14156, -59.65073",Calle,,ROSARIO,Rosario,Asfalto,S/D,II,Dentro,Urbana,S/D,S/D,Intersección,S/D,S/D,Diurna,S/D,Lateral,S/D,Colisión,S/D,S/D,S/D,S/D
2020,4434,2020-10-16,Viernes,18:00:00,Ruta Provincial 21,9,2,"Moto/Ciclomotor,Automóvil",,4,0,2,0,2,0,0,"-33.08544, -60.56931",Ruta,21,PUEBLO ESTHER,Rosario,S/D,S/D,II,S/D,Urbana,S/D,S/D,Recta,S/D,S/D,Diurna,S/D,S/D,S/D,Colisión,S/D,S/D,S/D,S/D
2020,4435,2020-10-06,Martes,18:00:00,,0,2,"Automóvil,Automóvil",E Di Martino Y Juan B Justo,3,2,0,0,1,0,0,"-33.76262, -61.95159",S/D,,VENADO TUERTO,General LÓPEZ,S/D,S/D,VIII,S/D,S/D,S/D,S/D,S/D,S/D,S/D,S/D,S/D,S/D,S/D,S/D,S/D,S/D,S/D,S/D
2020,4436,2020-11-13,Viernes,13:30:00,,0,2,"Moto/Ciclomotor,Automóvil",Mariano Moreno Y Tucuman,2,1,0,0,1,0,0,"-32.93956, -60.64941",Calle,,ROSARIO,Rosario,Asfalto,S/D,II,S/D,Urbana,S/D,S/D,Recta,S/D,S/D,Diurna,S/D,S/D,S/D,Colisión,S/D,S/D,S/D,S/D
2020,4437,2020-10-07,Miercoles,17:00:00,,0,1,Automóvil,,2,2,0,0,0,0,0,"-31.72488, -61.09231",S/D,,SAN CARLOS CENTRO,Las Colonias,S/D,S/D,XI,S/D,Rural,S/D,S/D,S/D,S/D,S/D,S/D,S/D,S/D,S/D,S/D,S/D,S/D,S/D,S/D
2020,4438,2020-10-16,Viernes,11:30:00,,0,2,"Transporte de Pasajeros Urbano (> 8 asientos),Automóvil",Bv. Argentino Y Donado,3,2,0,0,1,0,0,"-32.92419, -60.72763",Calle,,ROSARIO,Rosario,Asfalto,No existe,II,Dentro,Urbana,Ninguna,No existe,Intersección,Bueno,Buena,Diurna,Buen Tiempo,S/D,S/D,Colisión,Ninguna,Vertical,Ninguna,Sin restricción
2020,4439,2020-11-15,Domingo,20:25:00,,0,2,"Automóvil,Moto/Ciclomotor",Montevideo 2300,2,1,0,0,1,0,0,"-32.9532, -60.65707",Calle,,ROSARIO,Rosario,Asfalto,S/D,II,S/D,Urbana,S/D,S/D,Recta,S/D,S/D,Nocturna,S/D,S/D,S/D,Colisión,S/D,S/D,S/D,S/D
2020,4440,2020-07-24,Viernes,,,0,1,Automóvil,Falucho Y Bernardino Rivadavia,1,1,0,0,0,0,0,"    -33.75018, -61.95772",Calle,,VENADO TUERTO,General LÓPEZ,Asfalto,S/D,VIII,Dentro,Urbana,S/D,S/D,Intersección,S/D,S/D,S/D,S/D,Contra objeto fijo,S/D,Colisión,S/D,S/D,S/D,S/D
2020,4441,2020-11-12,Jueves,16:00:00,,0,2,"Moto/Ciclomotor,Automóvil",Salta Y Paraguay,2,1,0,0,1,0,0,"-32.93847, -60.64196",Calle,,ROSARIO,Rosario,Asfalto,S/D,II,S/D,Urbana,Semáforo,S/D,Intersección,Bueno,S/D,Diurna,S/D,S/D,S/D,Colisión,S/D,S/D,S/D,S/D
2020,4442,2020-11-10,Martes,9:10:00,,0,2,"Moto/Ciclomotor,Pickup/Utilitario",Av. Pellegrini Y Pascual Rosas,2,1,0,0,1,0,0,"-32.9488, -60.68869",Avenida,,ROSARIO,Rosario,Asfalto,No existe,II,Dentro,Urbana,Ninguna,No existe,Intersección,Bueno,Buena,Diurna,Buen Tiempo,De alcance,S/D,Colisión,Ninguna,Faltante,Ninguna,Sin restricción
2020,4443,2020-11-10,Martes,13:00:00,,0,2,"Moto/Ciclomotor,Automóvil",Catamarca Y Crespo,2,1,0,0,1,0,0,"-32.93525, -60.66679",Calle,,ROSARIO,Rosario,Asfalto,S/D,II,S/D,Urbana,Ninguna,No existe,Recta,Bueno,Buena,Diurna,Buen Tiempo,De alcance,S/D,Colisión,Ninguna,Faltante,Ninguna,Sin restricción
2020,4444,2020-10-16,Viernes,18:05:00,,0,2,"Automóvil,Moto/Ciclomotor",Av. Bermudez Y Reg.11 de Infanteria,2,1,0,0,1,0,0,"-32.9986, -60.64272",Calle,,ROSARIO,Rosario,Asfalto,S/D,II,Dentro,Urbana,S/D,No existe,Intersección,Bueno,Buena,Diurna,Buen Tiempo,Lateral,S/D,Colisión,Ninguna,S/D,S/D,S/D
2020,4445,2020-10-16,Viernes,8:30:00,,0,2,"Bicicleta,Automóvil",Catamarca Y Pueyrredon,2,1,0,0,1,0,0,"-32.93716, -60.6559",Calle,,ROSARIO,Rosario,Asfalto,S/D,II,S/D,Urbana,S/D,S/D,Intersección,Bueno,S/D,Diurna,S/D,S/D,Ciclista,Atropello,S/D,S/D,S/D,S/D
2020,4446,2020-11-07,Sabado,12:25:00,,0,2,"Pickup/Utilitario,Moto/Ciclomotor",Gorriti 4000,2,1,0,0,1,0,0,"-31.57868, -60.74637",S/D,,SANTA FE,La Capital,Asfalto,Pavimento,I,S/D,Urbana,Ninguna,No existe,Recta,Bueno,Buena,Diurna,Buen Tiempo,Lateral,S/D,Colisión,Ninguna,Vertical,Ninguna,Sin restricción
2020,4447,2020-10-16,Viernes,20:50:00,,0,2,"Peatón,Automóvil",Mariano Moreno Y San Juan,2,1,0,0,1,0,0,"-32.94798, -60.65153",Calle,,ROSARIO,Rosario,Asfalto,S/D,II,S/D,Urbana,S/D,S/D,Intersección,S/D,S/D,S/D,S/D,S/D,Peatón,Atropello,S/D,S/D,S/D,S/D
2020,4448,2020-11-12,Jueves,17:30:00,,0,2,"Moto/Ciclomotor,Pickup/Utilitario",Mendoza Y Valparaiso,2,1,0,0,1,0,0,"-32.94375, -60.68316",Calle,,ROSARIO,Rosario,Asfalto,No existe,II,Dentro,Urbana,Señal Pare,No existe,Intersección,Bueno,Buena,Diurna,Buen Tiempo,Lateral,S/D,Colisión,Ninguna,Vertical,Ninguna,Sin restricción
2020,4449,2020-11-05,Jueves,15:00:00,,0,2,"Automóvil,Moto/Ciclomotor",Intendente Manuel Irigoyen,3,2,0,0,1,0,0,"-31.66241, -60.72853",S/D,,SANTA FE,La Capital,Asfalto,Pavimento,I,S/D,Urbana,Ninguna,No existe,Intersección,Bueno,Buena,Diurna,Buen Tiempo,S/D,S/D,Colisión,Ninguna,"Horizontal,Vertical",Cordón divisorio,Sin restricción
2020,4450,2020-10-16,Viernes,10:41:00,,0,2,"Bicicleta,Taxi/Remis",San Juan Y España,2,1,0,0,1,0,0,"-32.94866, -60.64745",Calle,,ROSARIO,Rosario,Asfalto,S/D,II,S/D,Urbana,S/D,S/D,Intersección,Bueno,S/D,Diurna,S/D,S/D,Ciclista,Atropello,S/D,S/D,S/D,S/D