anio_acci,nro_acci,fecha,desc_dia,hora_aprox,desc_ruta,km,cant_participantes,desc_participante,calle_avenida_km,total,heridos_leves,heridos_graves,heridos_gravisimos,ilesos,fallecidos,sin_datos,posicion_XY,desc_tipo_via,desc_ruta_ori,desc_loc,desc_dpto,desc_tipo_calzada,desc_tipo_banquina,desc_unidad_regional,desc_lugar_calzada,desc_zona,desc_prioridad,desc_estado_semaforo,desc_lugar_via,desc_estado_via,desc_estado_visibilidad,desc_luminosidad,desc_estado_clima,desc_tipo_colision,desc_tipo_atropello,desc_tipo_hecho,desc_pres_calzada,desc_senializacion,desc_separacion_via,desc_restriccion
2020,4451,2020-07-28,Martes,,,0,2,"Moto/Ciclomotor,Automóvil",Aguero Y Juan Jose Castelli,2,1,0,0,1,0,0,"    -33.73711, -61.97078",Calle,,VENADO TUERTO,General LÓPEZ,S/D,S/D,VIII,Dentro,Urbana,S/D,No existe,Intersección,S/D,S/D,S/D,S/D,Lateral,S/D,Colisión,S/D,S/D,S/D,S/D
2020,4452,2020-10-16,Viernes,20:25:00,,0,2,"Moto/Ciclomotor,Automóvil",W Maradona Y 9 de Julio,2,1,0,0,1,0,0,"-31.45216, -60.94393",Calle,,ESPERANZA,Las Colonias,Asfalto,No existe,XI,Dentro,Urbana,Ninguna,No existe,Intersección,Bueno,Buena,Nocturna,Buen Tiempo,S/D,S/D,Colisión,Ninguna,Horizontal,Cordón divisorio,Sin restricción
2020,4453,2020-10-16,Viernes,,,0,2,"Pickup/Utilitario,Moto/Ciclomotor",H Irigoyen Y Santa Fe,4,1,0,0,3,0,0,"-30.57801, -59.93654",Calle,,SAN JAVIER,San Javier,Tierra,Natural,XIV,Dentro,Urbana,Ninguna,No existe,Intersección,Bueno,Buena,Diurna,Buen Tiempo,S/D,S/D,Colisión,Ninguna,S/D,Ninguna,Sin restricción
2020,4454,2020-08-07,Viernes,17:15:00,,0,2,"Moto/Ciclomotor,Pickup/Utilitario",General Lopez Y Rivadavia,2,1,0,0,1,0,0,"-32.750496252548,-60.735292577252",Calle,,SAN LORENZO,San Lorenzo,Asfalto,No existe,XVIII,Dentro,Urbana,Ninguna,No existe,Intersección,S/D,S/D,Diurna,S/D,S/D,S/D,Colisión,S/D,Faltante,Ninguna,S/D
2020,4455,2020-08-09,Domingo,15:30:00,,0,2,"Moto/Ciclomotor,Moto/Ciclomotor",9 de Julio Y 25 de Mayo,2,1,0,0,1,0,0,"-30.788106348655,-60.595373094883",Calle,,SAN JUSTO,San Justo,Asfalto,No existe,XVI,Dentro,Urbana,Ninguna,No existe,Intersección,Bueno,Buena,Diurna,Buen Tiempo,Lateral,S/D,Colisión,Ninguna,Faltante,Ninguna,Sin restricción
2020,4456,2020-08-07,Viernes,20:50:00,,0,1,Moto/Ciclomotor,E Lopez 2750,1,1,0,0,0,0,0,"-30.784209222185,-60.59523126765",Calle,,SAN JUSTO,San Justo,Asfalto,No existe,XVI,Dentro,Urbana,Ninguna,No existe,Recta,Bueno,Buena,"Nocturna,Con luz artificial",Buen Tiempo,S/D,S/D,Cañda ocupante,Ninguna,Faltante,Ninguna,Sin restricción
2020,4457,2020-11-07,Sabado,14:20:00,,0,2,"Automóvil,Moto/Ciclomotor",San Lorenzo Y Amenabar,2,1,0,0,1,0,0,"-31.65743, -60.72075",Calle,,SANTA FE,La Capital,Asfalto,S/D,I,S/D,Urbana,Ninguna,S/D,Intersección,Bueno,Buena,Diurna,Buen Tiempo,S/D,S/D,Colisión,Ninguna,S/D,Ninguna,Sin restricción
2020,4458,2020-11-10,Martes,18:50:00,,0,2,"Moto/Ciclomotor,Automóvil",Pte Juan D Peron Y Entre Rios,4,1,0,0,3,0,0,"-29.22461,-61.76853",Calle,,TOSTADO,9 de Julio,Asfalto,No existe,XII,Dentro,Urbana,Ninguna,No existe,Recta,Bueno,Buena,Atardecer,Buen Tiempo,Otro,S/D,Colisión,Ninguna,Faltante,Ninguna,Sin restricción
2020,4459,2020-11-01,Domingo,18:45:00,,0,2,"Automóvil,Moto/Ciclomotor",Av Gral Lopez 3250,3,3,0,0,0,0,0,"-31.65543, -60.71819",S/D,,SANTA FE,La Capital,Asfalto,No existe,I,S/D,S/D,Ninguna,S/D,Recta,Bueno,Buena,Diurna,Buen Tiempo,S/D,S/D,Colisión,Ninguna,Vertical,Ninguna,Sin restricción
2020,4460,2020-11-14,Sabado,21:30:00,,0,2,"Moto/Ciclomotor,Moto/Ciclomotor",Balcarce Y Alberdi,2,1,0,0,1,0,0,"-31.6389, -60.69257",Calle,,SANTA FE,La Capital,Asfalto,No existe,I,Dentro,Urbana,S/D,No existe,Intersección,Bueno,S/D,Nocturna,S/D,Lateral,S/D,Colisión,S/D,S/D,S/D,S/D
2020,4461,2020-10-04,Domingo,14:50:00,,0,2,"Automóvil,Moto/Ciclomotor",Uruguay Y Av Freyre,2,1,0,0,1,0,0,"-31.65914, -60.72258",Avenida,,ROSARIO,Rosario,Asfalto,No existe,II,Dentro,Urbana,Ninguna,S/D,Intersección,Bueno,Buena,Diurna,Buen Tiempo,S/D,S/D,Colisión,Ninguna,Vertical,Ninguna,Sin restricción
2020,4462,2020-11-13,Viernes,16:20:00,,0,2,"Automóvil,Automóvil",Las Heras Y Domingo Silva,3,3,0,0,0,0,0,"-31.63218, -60.69625",Calle,,SANTA FE,La Capital,Asfalto,No existe,I,Dentro,Urbana,S/D,No existe,Intersección,Bueno,S/D,Diurna,S/D,Lateral,S/D,Colisión,S/D,S/D,S/D,S/D
2020,4463,2020-11-05,Jueves,13:00:00,,0,2,"Pickup/Utilitario,Moto/Ciclomotor",Juan de Garay Y Roque Saenz Pe�a,3,2,0,0,1,0,0,"-31.64916, -60.72671",Calle,,SANTA FE,La Capital,Asfalto,No existe,I,S/D,Urbana,Ninguna,S/D,Intersección,Bueno,Buena,Diurna,Buen Tiempo,S/D,S/D,Colisión,Ninguna,Vertical,Ninguna,Sin restricción
2020,4464,2020-11-12,Jueves,17:00:00,,0,2,"Pickup/Utilitario,Moto/Ciclomotor",Santiago del Estero Y Rivadavia,2,1,0,0,1,0,0,"-31.63832,-60.70179",Calle,,SANTA FE,La Capital,Asfalto,Pavimento,I,Dentro,Urbana,Semáforo,Funciona,Intersección,Bueno,Buena,Diurna,Buen Tiempo,Lateral,S/D,Colisión,Ninguna,Faltante,Ninguna,Sin restricción
2020,4465,2020-10-16,Viernes,11:30:00,,0,2,"Moto/Ciclomotor,Pickup/Utilitario",Avenida Nuestra Se�ora del Luj Y Rca Oriental del Uruguay,2,0,1,0,1,0,0,"-31.68119, -60.77553",Avenida,,SANTO TOMÉ,La Capital,Asfalto,No existe,I,S/D,Urbana,Semáforo,Funciona,Intersección,Con baches,Buena,Diurna,Buen Tiempo,S/D,S/D,Colisión,Material Suelto,Horizontal,Cordón divisorio,Sin restricción
2020,4466,2020-11-13,Viernes,6:45:00,,0,2,"Taxi/Remis,Moto/Ciclomotor",25 de Mayo Y Salta,2,1,0,0,1,0,0,"-31.65056, -60.70676",Calle,,SANTA FE,La Capital,Asfalto,Pavimento,I,Dentro,Urbana,Ninguna,No existe,Intersección,Bueno,Buena,Diurna,Buen Tiempo,Lateral,S/D,Colisión,Ninguna,Faltante,Ninguna,Sin restricción
2020,4467,2020-11-12,Jueves,18:15:00,,0,2,"Bicicleta,Automóvil",9 de Julio Y Hipolito Yrigoyen,2,1,0,0,0,0,1,"-31.64174,-60.70784",Calle,,SANTA FE,La Capital,Asfalto,Pavimento,I,Dentro,Urbana,Ninguna,No existe,Intersección,Bueno,Buena,Atardecer,Buen Tiempo,S/D,Ciclista,Atropello,Ninguna,Faltante,Ninguna,Sin restricción
2020,4468,2020-10-16,Viernes,21:30:00,,0,2,"Taxi/Remis,Moto/Ciclomotor",Alvear Y Gutierrez,2,1,0,0,1,0,0,"-31.62513, -60.69303",Calle,,SANTA FE,La Capital,Hormigón,No existe,I,Dentro,Urbana,Ninguna,No existe,Intersección,Bueno,Reducida,Nocturna,Buen Tiempo,Lateral,S/D,Colisión,Ninguna,S/D,Ninguna,Sin restricción
2020,4469,2020-11-03,Martes,20:15:00,,0,2,"Moto/Ciclomotor,Automóvil",Lamadrid Y Suipacha,4,3,0,0,1,0,0,"-32.99801, -60.67647",Calle,,SANTA FE,La Capital,Hormigón,No existe,I,Dentro,Urbana,Ninguna,No existe,Intersección,Bueno,Buena,Nocturna,Buen Tiempo,Lateral,S/D,Colisión,Ninguna,Faltante,Ninguna,Sin restricción
2020,4470,2020-11-12,Jueves,7:45:00,,0,2,"Automóvil,Moto/Ciclomotor",San Jeronimo Y Candido Pujato,2,1,0,0,1,0,0,"-31.63392, -60.70428",Calle,,SANTA FE,La Capital,Asfalto,Pavimento,I,Dentro,Urbana,Ninguna,No existe,Intersección,Bueno,Buena,Diurna,Buen Tiempo,Lateral,S/D,Colisión,Ninguna,Faltante,Ninguna,Sin restricción
2020,4471,2020-10-16,Viernes,15:00:00,,0,2,"Bicicleta,Pickup/Utilitario",Av Freyre Y Gdor Crespo,2,1,0,0,1,0,0,"-31.6388, -60.71666",Avenida,,SANTA FE,La Capital,Hormigón,No existe,I,Dentro,Urbana,Ninguna,No existe,Intersección,Bueno,Buena,Diurna,Buen Tiempo,S/D,Ciclista,Atropello,Ninguna,Faltante,Cordón divisorio,Sin restricción
2020,4472,2020-11-03,Martes,22:10:00,,0,2,"Moto/Ciclomotor,Moto/Ciclomotor",Av Freyre Y La Rioja,3,2,0,0,1,0,0,"-31.64304, -60.71764",Avenida,,SANTA FE,La Capital,Hormigón,No existe,I,Dentro,Urbana,Ninguna,No existe,Intersección,Bueno,Buena,Nocturna,Buen Tiempo,Lateral,S/D,Colisión,Ninguna,Faltante,Ninguna,Sin restricción
2020,4473,2020-10-06,Martes,13:00:00,,0,2,"Taxi/Remis,Moto/Ciclomotor",9 de Julio Y Mendoza,2,1,0,0,1,0,0,"-31.6485, -60.70982",Calle,,ROSARIO,Rosario,Asfalto,No existe,II,Dentro,Urbana,Ninguna,No existe,Intersección,Bueno,Buena,Diurna,Buen Tiempo,Lateral,S/D,Colisión,Ninguna,Faltante,Ninguna,Sin restricción
2020,4474,2020-11-09,Lunes,9:00:00,,0,2,"Automóvil,Moto/Ciclomotor",9 de Julio Y Mendoza,2,1,0,0,1,0,0,"-31.64851, -60.70983",Calle,,SANTA FE,La Capital,Asfalto,Pavimento,I,Dentro,Urbana,Ninguna,No existe,Intersección,Bueno,Buena,Diurna,Buen Tiempo,Lateral,S/D,Colisión,Ninguna,Faltante,Ninguna,Sin restricción
2020,4475,2020-08-08,Sabado,6:30:00,,0,2,"Moto/Ciclomotor,Automóvil",Juan Gorriti Y M Cespedes,2,1,0,0,1,0,0,"-32.74384975433345,-60.739352703094",Calle,,SAN LORENZO,San Lorenzo,S/D,S/D,XVII,Dentro,Urbana,S/D,S/D,Intersección,S/D,S/D,Diurna,S/D,S/D,S/D,Colisión,S/D,S/D,S/D,S/D
2020,4476,2020-11-04,Miercoles,12:00:00,,0,2,"Automóvil,Moto/Ciclomotor",Av Freyre Y La Rioja,3,2,0,0,1,0,0,"-31.64295, -60.71782",Calle,,SANTA FE,La Capital,Hormigón,No existe,I,Dentro,Urbana,Ninguna,No existe,Intersección,Bueno,Buena,Diurna,Buen Tiempo,S/D,S/D,S/D,Ninguna,Faltante,Ninguna,S/D
2020,4477,2020-10-16,Viernes,22:40:00,,0,2,"Automóvil,Bicicleta",Av Gral Lopez Y Av Urquiza,2,1,0,0,1,0,0,"-31.65594, -60.71616",Avenida,,SANTA FE,La Capital,Asfalto,S/D,I,S/D,Urbana,S/D,S/D,Intersección,S/D,S/D,Nocturna,S/D,S/D,Ciclista,Atropello,S/D,S/D,S/D,S/D
2020,4478,2020-11-11,Miercoles,9:00:00,,0,2,"Automóvil,Moto/Ciclomotor",Hipolito Yrigoyen Y Av Urquiza,2,1,0,0,1,0,0,"-31.64109, -60.71178",Calle,,SANTA FE,La Capital,Asfalto,Pavimento,I,Dentro,Urbana,Semáforo,Funciona,Intersección,Bueno,Buena,Diurna,Buen Tiempo,Lateral,S/D,Colisión,Ninguna,Faltante,Ninguna,Sin restricción
2020,4479,2020-11-04,Miercoles,13:10:00,,0,2,"Moto/Ciclomotor,Pickup/Utilitario",Bv Pellegrini Y Av Freyre,2,1,0,0,1,0,0,"-31.63319, -60.71476",Avenida,,SANTA FE,La Capital,Hormigón,No existe,I,Dentro,Urbana,Ninguna,Funciona,Intersección,Bueno,Buena,Diurna,Buen Tiempo,De alcance,S/D,Colisión,Ninguna,Faltante,Ninguna,Sin restricción
2020,4480,2020-11-13,Viernes,,Ruta Nacional 11,0,2,"Automóvil,Peatón",Av San Martin 1000,2,1,0,0,1,0,0,"-32.86192, -60.70215",Ruta,11,GRANADERO BAIGORRIA,Rosario,S/D,Natural,II,Fuera,Urbana,Ninguna,No existe,Otro,Bueno,Buena,Diurna,Buen Tiempo,S/D,Peatón,Atropello,Ninguna,S/D,S/D,Sin restricción
2020,4481,2020-10-16,Viernes,18:00:00,Ruta Nacional 33,754,2,"Bicicleta,Automóvil",,3,2,0,0,1,0,0,"-33.01705, -61.04495",Ruta,33,PUJATO,San Lorenzo,Asfalto,Pavimento,XVII,Dentro,Urbana,Ninguna,No existe,Recta,Bueno,Buena,Atardecer,Buen Tiempo,S/D,Ciclista,Atropello,Ninguna,Horizontal,Línea divisoria pintada,Sin restricción
2020,4482,2020-11-13,Viernes,18:30:00,Ruta Nacional 9,0,2,"Automóvil,Automóvil",Jose Hernandez,3,1,0,0,2,0,0,"-32.91639, -60.8435",Ruta,9,GRANADERO BAIGORRIA,Rosario,Asfalto,Ripio,II,Dentro,Urbana,Semáforo,Funciona,Intersección,Bueno,Buena,Diurna,Buen Tiempo,Frontal,S/D,Colisión,Ninguna,Vertical,Línea divisoria pintada,Sin restricción
2020,4483,2020-07-25,Sabado,1:30:00,,0,2,"Moto/Ciclomotor,Vehículo Oficial",Chile Y Falucho,2,0,0,0,1,1,0,"    -33.75568, -61.95344",Calle,,VENADO TUERTO,General LÓPEZ,Asfalto,No existe,VIII,Dentro,Urbana,Ninguna,No existe,Intersección,Bueno,S/D,Nocturna,S/D,S/D,S/D,Colisión,Ninguna,Faltante,"Ninguna,S/D",Sin restricción
2020,4484,2020-11-05,Jueves,10:55:00,,0,2,"Moto/Ciclomotor,Automóvil",Av Freyre Y Salvador Caputo,2,1,0,0,1,0,0,"-31.6375, -60.71626",Avenida,,SANTA FE,La Capital,Hormigón,No existe,I,Dentro,Urbana,Semáforo,Funciona,Intersección,Bueno,Buena,Diurna,Buen Tiempo,De alcance,S/D,Colisión,S/D,Vertical,Ninguna,Sin restricción
2020,4485,2020-10-16,Viernes,,,0,2,"Moto/Ciclomotor,Moto/Ciclomotor",Sargento Cabral Y Julian Cervera,2,1,0,0,1,0,0,"-32.76097, -60.73261",Calle,,SAN LORENZO,San Lorenzo,S/D,S/D,XVII,S/D,Urbana,S/D,S/D,Intersección,S/D,S/D,S/D,S/D,S/D,S/D,Colisión,S/D,S/D,S/D,S/D
2020,4486,2020-11-14,Sabado,14:00:00,,0,2,"Automóvil,Moto/Ciclomotor",Laprida,2,1,0,0,1,0,0,"-32.92881, -60.80257",Avenida,,FUNES,Rosario,Asfalto,Ripio,II,Dentro,Urbana,Ninguna,No existe,Intersección,Bueno,Buena,Diurna,Buen Tiempo,Frontal,S/D,Colisión,Ninguna,Vertical,Línea divisoria pintada,Sin restricción
2020,4487,2020-11-07,Sabado,9:00:00,,0,2,"Moto/Ciclomotor,Automóvil",Mendoza Y Av Mosconi,2,1,0,0,0,0,1,"-31.64391, -60.72804",Calle,,SANTA FE,La Capital,Hormigón,No existe,I,Dentro,Urbana,Semáforo,Funciona,Intersección,Bueno,Buena,Diurna,Buen Tiempo,Lateral,S/D,Colisión,Ninguna,Faltante,Ninguna,Sin restricción
2020,4488,2020-07-25,Sabado,,,0,2,"Moto/Ciclomotor,Automóvil",Calle 24 - Olessio Y Calle 65-Canada,2,1,0,0,1,0,0,"    -29.16811, -59.65298",Calle,,ROSARIO,Rosario,Asfalto,S/D,II,Dentro,Urbana,S/D,S/D,Intersección,S/D,S/D,S/D,S/D,S/D,S/D,Colisión,S/D,S/D,S/D,S/D
2020,4489,2020-11-09,Lunes,0:05:00,Ruta Nacional 33,0,2,"Automóvil,Moto/Ciclomotor",Italia Y Ruta Nac 33,4,0,2,0,2,0,0,"-33.00024, -60.77617",Ruta,33,PEREZ,Rosario,Asfalto,Pavimento,II,Dentro,Urbana,Ninguna,No existe,Recta,Bueno,Buena,"Nocturna,Con luz artificial",Buen Tiempo,"Frontal,Lateral",S/D,Colisión,Ninguna,S/D,Ninguna,Sin restricción
2020,4490,2020-08-07,Viernes,19:00:00,,0,2,"Automóvil,Bicicleta",1ro de Mayo 2350,2,1,0,0,1,0,0,"-30.784388054962,-60.58915984412",Calle,,SAN JUSTO,San Justo,Asfalto,No existe,XVI,Dentro,Urbana,Ninguna,No existe,Recta,Bueno,Buena,"Nocturna,Con luz artificial",Buen Tiempo,S/D,Ciclista,Atropello,Ninguna,Faltante,Ninguna,Sin restricción
2020,4491,2020-10-17,Sabado,5:40:00,,0,2,"Moto/Ciclomotor,Moto/Ciclomotor",Mendoza Y Av. Circunvalacion,2,1,0,0,1,0,0,"-32.94059, -60.72249",Avenida,,ROSARIO,Rosario,Asfalto,No existe,II,Dentro,Urbana,S/D,S/D,Intersección,Bueno,Buena,"Nocturna,Con luz artificial",Buen Tiempo,S/D,S/D,Colisión,S/D,S/D,S/D,Sin restricción
2020,4492,2020-08-24,Lunes,23:00:00,,0,2,"Bicicleta,Moto/Ciclomotor",AV EVA PERON  Y RICARDO SALVADORES,2,0,1,0,1,0,0,"-33.75639627911,-61.947454334172",Calle,,VENADO TUERTO,General LÓPEZ,"Asfalto,Tierra",Pavimento,VIII,Dentro,Urbana,Ninguna,No existe,Intersección,Con baches,Reducida p/ objetos,"Nocturna,Con luz artificial",Buen Tiempo,S/D,Ciclista,Atropello,Otro,Faltante,Ninguna,Sin restricción
2020,4493,2020-10-17,Sabado,17:55:00,,0,2,"Peatón,Automóvil",Suipacha 800,2,1,0,0,1,0,0,"-32.90817, -60.81317",Calle,,FUNES,Rosario,Asfalto,Natural,II,S/D,Urbana,Ninguna,No existe,Recta,Bueno,Buena,Diurna,Buen Tiempo,S/D,Peatón,Atropello,Ninguna,Faltante,Ninguna,Sin restricción
2020,4494,2020-11-02,Lunes,9:20:00,,0,2,"Moto/Ciclomotor,Pickup/Utilitario",Huergo Y Dorrego,2,1,0,0,1,0,0,"-31.6181, -60.68082",Calle,,SANTA FE,La Capital,Asfalto,No existe,I,Dentro,Urbana,Ninguna,No existe,Intersección,Bueno,Buena,Diurna,Otro,Lateral,S/D,Colisión,Ninguna,Vertical,Ninguna,Sin restricción
2020,4495,2020-11-12,Jueves,21:00:00,,0,3,"Bicicleta,Bicicleta,Moto/Ciclomotor",Av Los Talas,3,3,0,0,0,0,0,"-32.970385575774, -60.739047883646",Avenida,,PEREZ,Rosario,Hormigón,Ripio,II,S/D,Rural,Ninguna,No existe,Recta,Deteriorada,Reducida,Nocturna,Buen Tiempo,S/D,Ciclista,Atropello,Ninguna,Faltante,Ninguna,Sin restricción
2020,4496,2020-08-06,Jueves,15:10:00,Ruta Nacional 11,0,2,"Pickup/Utilitario,Moto/Ciclomotor",B de Tucuman Y Ruta Nacional 11,2,0,1,0,1,0,0,"-30.785370469093337,-60.59952914714",Ruta,11,SAN JUSTO,San Justo,Asfalto,Pavimento,XVI,Dentro,Urbana,Señal Pare,No existe,Intersección,Bueno,Buena,Diurna,Buen Tiempo,De alcance,S/D,Colisión,Ninguna,Faltante,Ninguna,Sin restricción
2020,4497,2020-08-15,Sabado,10:30:00,,0,2,"Automóvil,Automóvil",Buenos Aires Y Ituzaingo,2,1,0,0,1,0,0,"-32.96169877052307,-60.636312961578",Calle,,ROSARIO,Rosario,Asfalto,No existe,II,Dentro,Urbana,Semáforo,Funciona,Recta,Bueno,Buena,Diurna,Buen Tiempo,De alcance,S/D,Colisión,Ninguna,Vertical,Ninguna,Sin restricción
2020,4498,2020-11-11,Miercoles,11:20:00,,0,2,"Automóvil,Bicicleta",Ameghino Y Moreno,2,1,0,0,1,0,0,"-33.19455, -60.46947",Calle,,FIGHIERA,Rosario,Asfalto,Pavimento,II,S/D,Urbana,Ninguna,No existe,Intersección,Bueno,Buena,Diurna,Buen Tiempo,S/D,Ciclista,Atropello,Ninguna,Faltante,Ninguna,Sin restricción
2020,4499,2020-11-01,Domingo,14:00:00,,0,4,"Moto/Ciclomotor,Pickup/Utilitario,Automóvil,Automóvil",Salvador del Carril 900,4,1,0,0,3,0,0,"-31.62173, -60.67941",Avenida,,SANTA FE,La Capital,Asfalto,No existe,I,Dentro,Urbana,Ninguna,No existe,Recta,Bueno,Buena,Diurna,Buen Tiempo,Lateral,S/D,Colisión,Ninguna,Vertical,Ninguna,Sin restricción
2020,4500,2020-10-17,Sabado,16:40:00,,0,2,"Moto/Ciclomotor,Automóvil",20 de Junio 400,3,2,0,0,1,0,0,"-33.02445, -60.61112",Calle,,VILLA GOBERNADOR GÁLVEZ,Rosario,Asfalto,No existe,II,Dentro,Urbana,Ninguna,No existe,Intersección,Bueno,Buena,Diurna,Buen Tiempo,Lateral,S/D,Colisión,Ninguna,Faltante,Ninguna,Sin restricción
2020,4501,2020-11-13,Viernes,8:30:00,,0,2,"Moto/Ciclomotor,Taxi/Remis",Laprida Y La Paz,2,1,0,0,1,0,0,"-32.96486, -60.63869",Calle,,ROSARIO,Rosario,Asfalto,No existe,II,Dentro,Urbana,Ninguna,No existe,Recta,Bueno,Buena,Diurna,Buen Tiempo,Lateral,S/D,Colisión,Ninguna,Faltante,Ninguna,Sin restricción
2020,4502,2020-11-07,Sabado,18:45:00,,0,2,"Automóvil,Moto/Ciclomotor",Av A del Valle Y Matheu,2,2,0,0,0,0,0,"-31.59345, -60.69192",Calle,,SANTA FE,La Capital,S/D,S/D,I,Dentro,Urbana,S/D,S/D,S/D,S/D,S/D,S/D,S/D,S/D,S/D,S/D,S/D,S/D,S/D,S/D
2020,4503,2020-08-28,Viernes,22:00:00,,0,2,"Moto/Ciclomotor,Moto/Ciclomotor",Balcarce Y Maipu,2,1,1,0,0,0,0,"-29.230905798639,-61.776791081528",Calle,,TOSTADO,9 de Julio,Asfalto,No existe,XII,Dentro,Urbana,Ninguna,No existe,Intersección,Bueno,Buena,Nocturna,Buen Tiempo,Lateral,S/D,Colisión,Ninguna,Faltante,Ninguna,S/D
2020,4504,2020-06-25,Jueves,14:30:00,Ruta Nacional 9,377,1,Pickup/Utilitario,,2,0,0,0,0,2,0,"-32.85417, -61.23461",Ruta,9,CAÑADA DE GÓMEZ,Iriondo,Asfalto,Natural,X,Dentro,Rural,Ninguna,No existe,Recta,Bueno,S/D,Diurna,S/D,S/D,S/D,Vuelco,Ninguna,Faltante,Línea divisoria pintada,Sin restricción
2020,4505,2020-11-13,Viernes,17:40:00,,0,2,"Moto/Ciclomotor,Automóvil",Bv. Oroño,2,1,0,0,1,0,0,"-32.95557, -60.65642",Avenida,,ROSARIO,Rosario,Asfalto,No existe,II,Dentro,Urbana,S/D,No existe,Recta,Bueno,Buena,Diurna,Buen Tiempo,De alcance,S/D,Colisión,Ninguna,Faltante,Ninguna,Sin restricción
2020,4506,2020-08-14,Viernes,14:45:00,,0,2,"Pickup/Utilitario,Bicicleta",Fco Angeloni Y 9 de Julio,2,1,0,0,1,0,0,"-30.78936696052553,-60.588076114654",Avenida,,SAN JUSTO,San Justo,Asfalto,No existe,XVI,Dentro,Urbana,Ninguna,No existe,Intersección,Bueno,Buena,Diurna,Buen Tiempo,S/D,Ciclista,Atropello,Ninguna,Faltante,Ninguna,Sin restricción
2020,4507,2020-10-17,Sabado,16:40:00,,0,2,"Moto/Ciclomotor,Automóvil",Av Gral San Martin Y Moreno,2,1,0,0,1,0,0,"-33.0246, -60.62588",Calle,,VILLA GOBERNADOR GÁLVEZ,Rosario,Asfalto,No existe,II,Dentro,Urbana,Ninguna,No existe,Intersección,Bueno,Buena,Diurna,Buen Tiempo,Lateral,S/D,Colisión,Ninguna,Faltante,Ninguna,Sin restricción
2020,4508,2020-06-18,Jueves,3:30:00,Ruta Provincial 91,7.5,2,"Camión,Camión",,2,0,0,0,0,1,1,"-32.62041, -60.89284",Ruta,91,SERODINO,Iriondo,Asfalto,Natural,X,Dentro,Rural,Ninguna,No existe,Recta,Bueno,S/D,Nocturna,S/D,S/D,S/D,Colisión,Ninguna,Faltante,Ninguna,Sin restricción
2020,4509,2020-07-26,Domingo,,Ruta Nacional 8,0,1,Automóvil,Mariano Lopez Y Ruta Nac 8,1,1,0,0,0,0,0,"    -33.72793, -61.99515",Ruta,8,VENADO TUERTO,General LÓPEZ,S/D,Pavimento,VIII,Dentro,Urbana,S/D,S/D,Recta,S/D,S/D,S/D,S/D,S/D,S/D,Despiste,S/D,S/D,S/D,S/D
2020,4510,2020-11-10,Martes,13:30:00,Ruta Provincial 2,0,1,Pickup/Utilitario,,1,1,0,0,0,0,0,"-29.49793, -61.69542",Ruta,2,LOGROÑO,9 de Julio,Asfalto,Natural,XII,Fuera,Rural,Ninguna,No existe,Recta,Deteriorada,Buena,Diurna,Buen Tiempo,S/D,S/D,Vuelco,Ninguna,Faltante,Ninguna,Sin restricción
2020,4511,2020-11-05,Jueves,15:45:00,,0,1,Moto/Ciclomotor,Av Almte Brown Y Hernandarias,1,1,0,0,0,0,0,"-31.61285, -60.6691",Avenida,,SANTA FE,La Capital,S/D,S/D,I,Dentro,Urbana,Ninguna,No existe,Otro,Otro,Reducida,Diurna,Otro,Atropello animal,S/D,Colisión,S/D,Vertical,Ninguna,Sin restricción
2020,4512,2020-11-01,Domingo,6:25:00,,0,2,"Automóvil,Moto/Ciclomotor",Av Gral Paz Y Av Galicia,2,1,0,0,1,0,0,"-31.60841, -60.6772",Calle,,SANTA FE,La Capital,S/D,Pavimento,I,Dentro,Urbana,Ninguna,No existe,Otro,Otro,Reducida,Diurna,Otro,S/D,S/D,S/D,Otro,Faltante,Ninguna,Sin restricción
2020,4513,2020-10-17,Sabado,21:50:00,,0,2,"Moto/Ciclomotor,Automóvil",Av. Provincias Unidas Bis Y Bielsa,2,1,0,0,1,0,0,"-32.92382, -60.71327",Avenida,,ROSARIO,Rosario,Asfalto,S/D,II,Dentro,Urbana,S/D,No existe,Intersección,Bueno,Buena,Diurna,Buen Tiempo,S/D,S/D,Colisión,S/D,Vertical,Cordón divisorio,Sin restricción
2020,4514,2020-11-10,Martes,12:00:00,,0,2,"Moto/Ciclomotor,Pickup/Utilitario",Cochabamba Y Hipolito Irigoyen,3,1,1,0,1,0,0,"-30.307, -61.22856",Calle,,SAN CRISTÓBAL,San CRISTÓBAL,Asfalto,S/D,XIII,S/D,Urbana,Ninguna,No existe,Intersección,Bueno,Buena,Diurna,Buen Tiempo,Lateral,S/D,Colisión,Ninguna,Faltante,S/D,S/D
2020,4515,2020-11-06,Viernes,21:45:00,Ruta Nacional 11,0,2,"Automóvil,Moto/Ciclomotor",Bethoven,3,0,0,1,2,0,0,"-31.49558, -60.73278",Ruta,11,RECREO,La Capital,Asfalto,Ripio,I,Dentro,Urbana,Ninguna,No existe,Intersección,Bueno,Buena,Nocturna,Buen Tiempo,Otro,S/D,Colisión,Ninguna,Faltante,Ninguna,Sin restricción