anio_acci,nro_acci,fecha,desc_dia,hora_aprox,desc_ruta,km,cant_participantes,desc_participante,calle_avenida_km,total,heridos_leves,heridos_graves,heridos_gravisimos,ilesos,fallecidos,sin_datos,posicion_XY,desc_tipo_via,desc_ruta_ori,desc_loc,desc_dpto,desc_tipo_calzada,desc_tipo_banquina,desc_unidad_regional,desc_lugar_calzada,desc_zona,desc_prioridad,desc_estado_semaforo,desc_lugar_via,desc_estado_via,desc_estado_visibilidad,desc_luminosidad,desc_estado_clima,desc_tipo_colision,desc_tipo_atropello,desc_tipo_hecho,desc_pres_calzada,desc_senializacion,desc_separacion_via,desc_restriccion
2020,4516,2020-10-17,Sabado,17:30:00,,0,2,"Moto/Ciclomotor,Taxi/Remis",Bv. 27 De Febrero Y Magallanes,2,0,1,0,1,0,0,"-32.95911, -60.70377",Avenida,,ROSARIO,Rosario,S/D,Pavimento,II,S/D,Urbana,Otra Señal,No existe,Intersección,Bueno,Buena,Diurna,Buen Tiempo,S/D,S/D,Colisión,Ninguna,"Horizontal,Vertical",Ninguna,Sin restricción
2020,4517,2020-08-12,Miercoles,17:50:00,,0,1,Moto/Ciclomotor,Av Gral San Martin Y 9 de Julio,1,0,1,0,0,0,0,"-30.363302710494,-60.401099383622",Avenida,,GOBERNADOR CRESPO,San Justo,Asfalto,No existe,XVI,Dentro,Urbana,Ninguna,No existe,Intersección,Bueno,Buena,Diurna,Buen Tiempo,S/D,S/D,Cañda ocupante,Ninguna,Faltante,Ninguna,Sin restricción
2020,4518,2020-08-27,Jueves,18:25:00,,0,2,"Automóvil,Moto/Ciclomotor",Balcarce Y Republica Argentina,3,2,0,0,1,0,0,"-29.231391649313,-61.778917816529",Calle,,TOSTADO,9 de Julio,Ripio,No existe,XII,Dentro,Urbana,Ninguna,No existe,Intersección,Bueno,Buena,Diurna,Buen Tiempo,Lateral,S/D,Colisión,Ninguna,Faltante,Ninguna,Sin restricción
2020,4519,2020-11-13,Viernes,23:25:00,,0,2,"Moto/Ciclomotor,Moto/Ciclomotor",J B Justo Y Riobamba,4,4,0,0,0,0,0,"-30.31313, -61.24732",Calle,,SAN CRISTÓBAL,San CRISTÓBAL,Ripio,S/D,XIII,Dentro,Urbana,Ninguna,No existe,Intersección,Resbaladiza,Reducida,Nocturna,Buen Tiempo,Lateral,S/D,Colisión,Ninguna,S/D,Ninguna,Sin restricción
2020,4520,2020-10-17,Sabado,14:25:00,,0,2,"Moto/Ciclomotor,Automóvil",Camilo Aldao Y Gaboto,2,0,1,0,1,0,0,"-32.96468, -60.69503",Calle,,ROSARIO,Rosario,Asfalto,Pavimento,II,S/D,Urbana,Otra Señal,No existe,Intersección,Bueno,Buena,Diurna,Buen Tiempo,Frontal,S/D,Colisión,S/D,"Horizontal,Vertical",Ninguna,Sin restricción
2020,4521,2020-10-11,Domingo,11:30:00,,0,1,Moto/Ciclomotor,Av Gral San Martin 380,2,2,0,0,0,0,0,"-30.363267896428,-60.401331166758",Avenida,,ROSARIO,Rosario,Asfalto,No existe,II,Dentro,Urbana,Ninguna,No existe,Recta,Bueno,Buena,Diurna,Buen Tiempo,Atropello animal,S/D,Colisión,Ninguna,Faltante,Ninguna,Sin restricción
2020,4522,2020-07-26,Domingo,,,0,1,Automóvil,,1,1,0,0,0,0,0,"    -30.96817, -61.47636",Camino Rural,,ATALIVA,Castellanos,Tierra,No existe,V,Dentro,Urbana,Ninguna,No existe,Recta,S/D,S/D,S/D,S/D,S/D,S/D,Vuelco,S/D,Faltante,Ninguna,Sin restricción
2020,4523,2020-11-13,Viernes,2:00:00,,0,1,Moto/Ciclomotor,Avenida 21 Y Calle 30,2,2,0,0,0,0,0,"-32.67639, -61.51302",Avenida,,LAS PAREJAS,Belgrano,Asfalto,No existe,III,Dentro,Urbana,Ninguna,No existe,Intersección,Bueno,Buena,"Nocturna,Con luz artificial",Buen Tiempo,S/D,S/D,Cañda ocupante,Ninguna,Vertical,Ninguna,Sin restricción
2020,4524,2020-11-03,Martes,7:04:00,,0,2,"Moto/Ciclomotor,Automóvil",Ecuador Y Peru,2,0,1,0,1,0,0,"-31.77613, -60.84268",Calle,,SAUCE VIEJO,La Capital,Ripio,Ripio,I,Dentro,Urbana,S/D,No existe,Intersección,Bueno,Buena,Diurna,Buen Tiempo,Lateral,S/D,Colisión,Ninguna,S/D,S/D,Sin restricción
2020,4525,2020-10-17,Sabado,11:30:00,,0,2,"Automóvil,Moto/Ciclomotor",Bartolome Mitre Y Av Cordoba,2,1,0,0,1,0,0,"-31.44744, -60.93678",Calle,,ESPERANZA,Las Colonias,Asfalto,No existe,XI,Dentro,Urbana,Ninguna,No existe,Intersección,Bueno,Buena,Diurna,Buen Tiempo,S/D,S/D,Colisión,Ninguna,Horizontal,Cordón divisorio,Sin restricción
2020,4526,2020-08-22,Sabado,11:30:00,,0,2,"Moto/Ciclomotor,Automóvil",Salta Y 9 de julio,2,1,0,0,1,0,0,"-30.224018276929,-60.366919160404",Calle,,LA CRIOLLA,San Justo,Hormigón,No existe,XVI,Dentro,Urbana,Ninguna,No existe,Intersección,Bueno,Buena,Diurna,Buen Tiempo,Lateral,S/D,Colisión,Ninguna,Vertical,Ninguna,Sin restricción
2020,4527,2020-11-15,Domingo,22:30:00,,0,2,"Automóvil,Moto/Ciclomotor",Avenida 21 Y Calle 28,2,1,0,0,1,0,0,"-32.6768, -61.51411",Avenida,,LAS PAREJAS,Belgrano,Asfalto,No existe,III,Dentro,Urbana,Ninguna,No existe,Recta,Bueno,Buena,Nocturna,Buen Tiempo,Otro,S/D,Colisión,Ninguna,Faltante,Ninguna,Sin restricción
2020,4528,2020-08-12,Miercoles,19:15:00,,0,2,"Moto/Ciclomotor,Pickup/Utilitario",Avenida Rivadavia Y Buenos Aires,3,1,1,0,1,0,0,"-29.235089,-61.781611",Avenida,,TOSTADO,9 de Julio,Ripio,No existe,XII,Dentro,Urbana,Ninguna,No existe,Intersección,Bueno,Buena,Nocturna,Buen Tiempo,Lateral,S/D,Colisión,Ninguna,Faltante,Ninguna,S/D
2020,4529,2020-10-17,Sabado,,,0,2,"Moto/Ciclomotor,Otros",Sarmeinto,2,1,0,0,0,0,1,"-29.90921, -59.82445",Calle,,ALEJANDRA,San Javier,Tierra,Natural,XIV,Dentro,Urbana,Ninguna,No existe,Recta,Bueno,Buena,Nocturna,Buen Tiempo,Lateral,S/D,Colisión,Ninguna,Faltante,Cordón divisorio,Sin restricción
2020,4530,2020-11-16,Lunes,10:50:00,Ruta Secundaria 33-s,0,2,"Moto/Ciclomotor,Pickup/Utilitario",Calle 20 Y Calle 9,2,1,0,0,1,0,0,"-32.68504, -61.51581",Ruta,33-s,LAS PAREJAS,Belgrano,Asfalto,No existe,III,Dentro,Urbana,Ninguna,No existe,Intersección,Bueno,Buena,Diurna,Buen Tiempo,Otro,S/D,Colisión,Ninguna,Faltante,Ninguna,Sin restricción
2020,4531,2020-11-02,Lunes,19:45:00,,0,2,"Moto/Ciclomotor,Automóvil",Tucuman 3500,2,2,0,0,0,0,0,"-31.65591, -60.77554",S/D,,SANTO TOMÉ,La Capital,Ripio,No existe,I,S/D,Urbana,Ninguna,No existe,Recta,Bueno,Buena,Atardecer,Buen Tiempo,Lateral,S/D,Colisión,Ninguna,Faltante,Ninguna,Sin restricción
2020,4532,2020-11-14,Sabado,20:15:00,,0,2,"Moto/Ciclomotor,Bicicleta",Brasil Y Dr Ricardo Fischer,2,1,0,0,1,0,0,"-32.7875, -61.60664",Calle,,ARMSTRONG,Belgrano,Asfalto,No existe,III,Dentro,Urbana,Ninguna,No existe,Intersección,Bueno,Buena,"Nocturna,Con luz artificial",Buen Tiempo,S/D,Ciclista,Atropello,Ninguna,Faltante,Ninguna,Sin restricción
2020,4533,2020-10-17,Sabado,14:20:00,,0,2,"Moto/Ciclomotor,Moto/Ciclomotor",Intendente Nestor Bode Y Nicasio Oro�o,2,2,0,0,0,0,0,"-30.58399, -59.92845",Calle,,SAN JAVIER,San Javier,Hormigón,No existe,XIV,Dentro,Urbana,Ninguna,No existe,Intersección,Bueno,Buena,Diurna,Buen Tiempo,De alcance,S/D,Colisión,Ninguna,S/D,Ninguna,Sin restricción
2020,4534,2020-11-03,Martes,8:55:00,,0,2,"Moto/Ciclomotor,Moto/Ciclomotor",Juan Jose Paso Y Necochea,3,2,0,0,1,0,0,"-31.65754, -60.77409",Calle,,SANTO TOMÉ,La Capital,Asfalto,Ripio,I,S/D,Urbana,Ninguna,No existe,Intersección,Bueno,Buena,Diurna,Buen Tiempo,Otro,S/D,Colisión,Ninguna,Faltante,Línea divisoria pintada,Sin restricción
2020,4535,2020-10-17,Sabado,3:10:00,,0,2,"Moto/Ciclomotor,Automóvil",Moreno Y Av Pte Peron,3,2,0,0,1,0,0,"-31.30547, -60.65814",Calle,,LAGUNA PAIVA,La Capital,Asfalto,Natural,I,S/D,Urbana,Ninguna,No existe,Intersección,Con baches,Buena,"Nocturna,Con luz artificial",Buen Tiempo,Lateral,S/D,Colisión,Ninguna,S/D,Ninguna,Sin restricción
2020,4536,2020-08-03,Lunes,18:45:00,Ruta Provincial 39,71,2,"Bicicleta,Pickup/Utilitario",,2,1,0,0,1,0,0,"   -30.33361, -60.65423",Ruta,39,LA PENCA Y CARAGUATAY,San Justo,Asfalto,Natural,XVI,Dentro,Rural,Ninguna,No existe,Recta,Bueno,Reducida,Atardecer,Buen Tiempo,S/D,S/D,Atropello,Ninguna,Faltante,Línea divisoria pintada,Sin restricción
2020,4537,2020-11-14,Sabado,20:30:00,,0,1,Moto/Ciclomotor,Vergara Y Bv Villa Maria,2,1,0,0,1,0,0,"-32.79184, -61.60063",Calle,,ARMSTRONG,Belgrano,Asfalto,No existe,III,Dentro,Urbana,Ninguna,No existe,Recta,Bueno,Buena,"Nocturna,Con luz artificial",Buen Tiempo,S/D,S/D,Cañda ocupante,Ninguna,Faltante,S/D,Sin restricción
2020,4538,2020-11-04,Miercoles,,,0,1,Moto/Ciclomotor,Martin de Pueyrredon Y Roque Saenz Pe�a,1,1,0,0,0,0,0,"-31.65631, -60.78824",Calle,,SANTO TOMÉ,La Capital,S/D,S/D,I,Dentro,Urbana,S/D,S/D,S/D,S/D,S/D,S/D,S/D,S/D,S/D,S/D,S/D,S/D,S/D,S/D
2020,4539,2020-08-28,Viernes,15:50:00,Ruta Provincial 13,0,2,"Automóvil,Moto/Ciclomotor",8 De Septiembre Y San Luis,2,1,0,0,1,0,0,"-31.450327089594,-61.708502476851",Ruta,13,CLUCELLAS,Castellanos,Hormigón,No existe,V,Dentro,Urbana,Ninguna,No existe,Intersección,Bueno,Buena,Diurna,Buen Tiempo,Lateral,S/D,Colisión,S/D,Faltante,Ninguna,Sin restricción
2020,4540,2020-11-04,Miercoles,20:30:00,Ruta Provincial 1,2,2,"Automóvil,Moto/Ciclomotor",,2,1,0,0,1,0,0,"-31.62122, -60.59526",Ruta,1,COLASTINE,La Capital,Asfalto,Natural,I,S/D,S/D,Semáforo,Funciona,Recta,Bueno,Buena,Atardecer,Buen Tiempo,Otro,S/D,Colisión,Ninguna,Vertical,Cordón divisorio,Sin restricción
2020,4541,2020-07-25,Sabado,,,0,2,"Automóvil,Moto/Ciclomotor",Primera Junta Y Jose Ingenieros,2,1,0,0,1,0,0,"    -31.25086, -61.48375",Calle,,RAFAELA,Castellanos,S/D,S/D,V,Dentro,Urbana,S/D,S/D,Intersección,S/D,S/D,S/D,S/D,Lateral,S/D,Colisión,S/D,S/D,S/D,Sin restricción
2020,4542,2020-11-09,Lunes,20:50:00,Ruta Provincial 1,0,1,Moto/Ciclomotor,Maipu,2,1,1,0,0,0,0,"-31.09672, -60.09336",Ruta,1,HELVECIA,Garay,Asfalto,Natural,VII,Dentro,Urbana,Otra Señal,No existe,Intersección,Otro,S/D,Nocturna,Otro,S/D,S/D,Otro,Otro,S/D,S/D,Sin restricción
2020,4543,2020-10-17,Sabado,11:30:00,Ruta Provincial 1,1,2,"Automóvil,Moto/Ciclomotor",,3,2,0,0,1,0,0,"-31.63481, -60.62022",Ruta,1,COLASTINE,La Capital,Asfalto,Natural,I,Dentro,Urbana,Semáforo,Funciona,Recta,Bueno,Buena,Diurna,Buen Tiempo,S/D,S/D,Colisión,Ninguna,Vertical,Cordón divisorio,Sin restricción
2020,4544,2020-08-18,Martes,15:15:00,,0,2,"Automóvil,Bicicleta",Santiago Y Tucuman,2,0,1,0,1,0,0,"-32.938598350864,-60.654836193267",Calle,,ROSARIO,Rosario,Asfalto,No existe,II,Dentro,Urbana,Señal Pare,No existe,Intersección,Bueno,Buena,Diurna,Buen Tiempo,S/D,Ciclista,Atropello,Ninguna,Vertical,Ninguna,Sin restricción
2020,4545,2020-11-04,Miercoles,23:50:00,,0,2,"Automóvil,Moto/Ciclomotor",NUESTRA SE�ORA DE GUADALUPE Y BOHANES,4,1,0,0,3,0,0,"-31.64091, -60.62296",S/D,,COLASTINE,La Capital,Arena,No existe,I,S/D,S/D,Ninguna,No existe,Intersección,Con baches,Reducida,Nocturna,Buen Tiempo,Otro,S/D,Colisión,Ninguna,S/D,Ninguna,Sin restricción
2020,4546,2020-07-26,Domingo,,,0,2,"Moto/Ciclomotor,Moto/Ciclomotor",Bv. Balcarce Y San Martin,2,2,0,0,0,0,0,"    -32.82117, -61.39846",Calle,,CAÑADA DE GÓMEZ,Iriondo,Asfalto,S/D,X,Dentro,Urbana,S/D,S/D,Intersección,S/D,S/D,S/D,S/D,Lateral,S/D,Colisión,S/D,S/D,S/D,S/D
2020,4547,2020-11-10,Martes,11:50:00,,0,2,"Bicicleta,Moto/Ciclomotor",Simon de Iriondo Y Luis Marcelo Gay,2,0,1,0,1,0,0,"-31.4288, -60.92413",Calle,,ESPERANZA,Las Colonias,Asfalto,Pavimento,XI,Fuera,Urbana,Ninguna,No existe,Recta,Bueno,Buena,Diurna,Buen Tiempo,Lateral,Ciclista,Atropello,Ninguna,Faltante,Cordón divisorio,Sin restricción
2020,4548,2020-07-27,Lunes,,,0,2,"Automóvil,Pickup/Utilitario",Juan Larrea,3,3,0,0,0,0,0,"    -31.26751, -61.50937",Calle,,RAFAELA,Castellanos,Asfalto,S/D,V,Dentro,Urbana,S/D,S/D,Intersección,S/D,S/D,S/D,S/D,Lateral,S/D,Colisión,S/D,S/D,S/D,S/D
2020,4549,2020-10-17,Sabado,17:30:00,,0,2,"Bicicleta,Automóvil",Av A del Valle Y Alberti,2,1,0,0,1,0,0,"-31.60219, -60.69183",Avenida,,SANTA FE,La Capital,Asfalto,No existe,I,Dentro,Urbana,Ninguna,Funciona,Intersección,Bueno,Buena,Diurna,Buen Tiempo,S/D,Ciclista,Atropello,Ninguna,S/D,Ninguna,Sin restricción
2020,4550,2020-08-08,Sabado,11:30:00,Ruta Nacional 34,0,2,"Camión c / Acoplado,Camión",Ruta Nac 34 Gral Guemes Y Simon Bolivar,2,1,0,0,1,0,0,"-31.24744534492493,-61.505917310714",Ruta,34,RAFAELA,Castellanos,Asfalto,Ripio,V,Dentro,Urbana,Semáforo,Intermitente,Recta,Resbaladiza,S/D,Diurna,Niebla,De alcance,S/D,Colisión,S/D,"Horizontal,Vertical",Cordón divisorio,Sin restricción
2020,4551,2020-11-06,Viernes,20:30:00,Ruta Provincial 1,3,2,"Automóvil,Automóvil",,2,0,0,0,1,0,1,"-31.61411, -60.58517",Ruta,1,COLASTINE,La Capital,Asfalto,S/D,I,S/D,Urbana,S/D,S/D,Recta,Bueno,S/D,S/D,Buen Tiempo,S/D,S/D,S/D,S/D,S/D,Cordón divisorio,S/D
2020,4552,2020-10-25,Domingo,20:00:00,Ruta Secundaria 67-s,0,2,"Moto/Ciclomotor,Pickup/Utilitario",Sargento Cabral Y Doctor Teisaire,2,1,0,0,1,0,0,"-32.95883, -60.693",Ruta,67-s,ROSARIO,Rosario,Asfalto,Natural,II,Dentro,Urbana,Ninguna,No existe,Intersección,Bueno,Buena,Diurna,Buen Tiempo,De alcance,S/D,Colisión,Ninguna,Faltante,Ninguna,Sin restricción
2020,4553,2020-10-17,Sabado,14:00:00,,0,2,"Automóvil,Moto/Ciclomotor",Gorriti Y San Lorenzo,2,1,0,0,1,0,0,"-31.58871, -60.70075",Calle,,SANTA FE,La Capital,Asfalto,Pavimento,I,S/D,Urbana,Ninguna,No existe,Intersección,Bueno,Buena,Diurna,Buen Tiempo,Lateral,S/D,Colisión,Ninguna,Vertical,Vegetación,Sin restricción
2020,4554,2020-07-26,Domingo,,,0,1,Moto/Ciclomotor,,1,1,0,0,0,0,0,"    -29.11756, -59.65844",Avenida,,AVELLANEDA,General Obligado,Asfalto,S/D,X,S/D,S/D,S/D,S/D,Recta,S/D,S/D,S/D,S/D,S/D,S/D,"Cañda ocupante,Colisión",S/D,S/D,S/D,S/D
2020,4555,2020-07-29,Miercoles,,,0,2,"Moto/Ciclomotor,Pickup/Utilitario",Juan Jose Castelli Y Cristobal Colon,2,1,0,0,1,0,0,"    -33.7403, -61.96833",Calle,,VENADO TUERTO,General LÓPEZ,Asfalto,S/D,VIII,Dentro,Urbana,S/D,S/D,Intersección,S/D,S/D,Diurna,S/D,Lateral,S/D,Colisión,S/D,S/D,S/D,S/D
2020,4556,2020-11-03,Martes,20:00:00,Ruta Provincial 1,1,2,"Automóvil,Moto/Ciclomotor",,2,1,0,0,1,0,0,"-31.61954, -60.59228",Ruta,1,COLASTINE,La Capital,Asfalto,Natural,I,S/D,S/D,Semáforo,Funciona,Recta,Bueno,Buena,Atardecer,Buen Tiempo,Otro,S/D,Colisión,Ninguna,Vertical,Cordón divisorio,Sin restricción
2020,4557,2020-11-12,Jueves,21:30:00,Ruta Provincial 6,0,1,Moto/Ciclomotor,San Martin 1900,1,0,1,0,0,0,0,"-31.74022, -61.09619",Ruta,6,SAN CARLOS CENTRO,Las Colonias,Asfalto,Pavimento,XI,S/D,Urbana,Ninguna,No existe,Recta,Bueno,Buena,Nocturna,Buen Tiempo,Atropello animal,S/D,Colisión,Ninguna,Horizontal,Ninguna,Sin restricción
2020,4558,2020-10-17,Sabado,12:00:00,Autopista Nacional A007,1,2,"Moto/Ciclomotor,Automóvil",,2,1,0,0,1,0,0,"-31.66664, -60.73062",Autopista,A007,SANTA FE,La Capital,Asfalto,Natural,I,S/D,Urbana,Señal Pare,No existe,Recta,Bueno,Buena,Diurna,Buen Tiempo,Lateral,S/D,Colisión,Ninguna,Vertical,Guardarrail,Sin restricción
2020,4559,2020-11-02,Lunes,20:00:00,,0,2,"Pickup/Utilitario,Moto/Ciclomotor",Moreno Y Maipu,3,2,0,0,1,0,0,"-31.30539, -60.66051",Calle,,LAGUNA PAIVA,La Capital,Asfalto,No existe,I,Dentro,Urbana,Ninguna,No existe,Intersección,Bueno,Buena,Atardecer,Buen Tiempo,Lateral,S/D,Colisión,S/D,Faltante,Ninguna,Sin restricción
2020,4560,2020-07-24,Viernes,,,0,2,"Moto/Ciclomotor,Automóvil",Calle 10-Ludue�a Y Calle 29-Alte Brown,3,2,0,0,1,0,0,"    -29.15227, -59.64222",Calle,,ROSARIO,Rosario,Asfalto,S/D,II,Dentro,Urbana,S/D,S/D,Intersección,S/D,S/D,S/D,S/D,Lateral,S/D,Colisión,S/D,S/D,S/D,S/D
2020,4561,2020-11-06,Viernes,12:30:00,,0,2,"Moto/Ciclomotor,Automóvil",Cordoba Y Chacabuco,2,1,0,0,1,0,0,"-31.3037, -60.65391",Avenida,,SANTA FE,La Capital,Asfalto,No existe,I,Dentro,Urbana,Ninguna,No existe,Intersección,Bueno,Buena,Diurna,Buen Tiempo,Lateral,S/D,Colisión,Ninguna,Faltante,Ninguna,Sin restricción
2020,4562,2020-07-29,Miercoles,,,0,1,Bicicleta,Calle 18-Belgrano 1400,1,0,1,0,0,0,0,"    -29.15252, -59.64721",Calle,,RECONQUISTA,General Obligado,S/D,S/D,IX,Dentro,Urbana,Ninguna,No existe,Recta,S/D,S/D,Diurna,S/D,Contra objeto fijo,S/D,Colisión,S/D,S/D,Ninguna,S/D
2020,4563,2020-11-09,Lunes,12:15:00,Ruta Provincial 6,0,2,"Moto/Ciclomotor,Automóvil",San Martin Y Lopez y Planes,3,1,0,0,2,0,0,"-31.747896442957, -61.098224283012",Ruta,6,SAN CARLOS CENTRO,Las Colonias,Asfalto,No existe,XI,Dentro,Urbana,Ninguna,No existe,Intersección,Bueno,Buena,Diurna,Buen Tiempo,Lateral,S/D,Colisión,Ninguna,Horizontal,Ninguna,Sin restricción
2020,4564,2020-07-30,Jueves,,,0,2,"Moto/Ciclomotor,Automóvil",Calle 71-Nicaragua Y Roca Pte,2,1,0,0,1,0,0,"    -29.17129, -59.64726",Calle,,RECONQUISTA,General Obligado,Asfalto,S/D,IX,Dentro,Urbana,S/D,S/D,Intersección,S/D,S/D,Diurna,S/D,Lateral,S/D,Colisión,S/D,S/D,S/D,S/D
2020,4565,2020-08-18,Martes,8:05:00,,0,2,"Moto/Ciclomotor,Automóvil",Av. Pellegrini Y Mariano Moreno,2,1,0,0,1,0,0,"-32.95499314906,-60.653286968564",Avenida,,ROSARIO,Rosario,Asfalto,No existe,II,Dentro,Urbana,Semáforo,Funciona,Recta,Bueno,Buena,Diurna,Buen Tiempo,Lateral,S/D,Colisión,Ninguna,"Horizontal,Vertical",Cordón divisorio,Sin restricción
2020,4566,2020-08-01,Sabado,12:00:00,,0,2,"Pickup/Utilitario,Peatón",Pje. Chile,3,1,0,0,2,0,0,"-32.939609395701,-60.691341385527",Calle,,ROSARIO,Rosario,Asfalto,No existe,II,Dentro,Urbana,Señal Pare,No existe,Recta,Bueno,Buena,Diurna,Buen Tiempo,S/D,Peatón,Atropello,Ninguna,Vertical,Ninguna,Sin restricción
2020,4567,2020-10-17,Sabado,12:30:00,Autopista Nacional A007,1,2,"Moto/Ciclomotor,Pickup/Utilitario",,2,1,0,0,1,0,0,"-31.66664, -60.73062",Autopista,A007,SANTA FE,La Capital,Asfalto,Natural,I,S/D,Urbana,Marca Vial,No existe,Recta,Bueno,Buena,Diurna,Buen Tiempo,Lateral,S/D,Colisión,Ninguna,Vertical,Guardarrail,Sin restricción
2020,4568,2020-11-08,Domingo,17:30:00,,0,2,"Automóvil,Moto/Ciclomotor",Angel Gallardo Y Rio Negro,2,1,0,0,1,0,0,"-31.52102, -60.67869",S/D,,MONTE VERA,La Capital,Ripio,Natural,I,S/D,Urbana,Ninguna,No existe,Intersección,Bueno,Buena,Diurna,Buen Tiempo,Lateral,S/D,Colisión,Ninguna,Faltante,Ninguna,Sin restricción
2020,4569,2020-08-21,Viernes,10:15:00,,0,2,"Moto/Ciclomotor,Automóvil",Bv. Oroño Y Virasoro,2,1,0,0,1,0,0,"-32.967168960779,-60.659345107487",Avenida,,ROSARIO,Rosario,Asfalto,No existe,II,Dentro,Urbana,Semáforo,Funciona,Recta,Bueno,Buena,Diurna,Buen Tiempo,Lateral,S/D,Colisión,Ninguna,"Horizontal,Vertical",Cordón divisorio,Sin restricción
2020,4570,2020-11-13,Viernes,17:20:00,Ruta Provincial 26,0,2,"Moto/Ciclomotor,Moto/Ciclomotor",Gral Manuel Belgrano Y Juan B Justo Bis,2,1,0,0,1,0,0,"-33.15307, -60.51696",Ruta,26,ARROYO SECO,Rosario,Asfalto,S/D,II,S/D,Urbana,Ninguna,S/D,Intersección,Ahuellamiento,S/D,S/D,Buen Tiempo,Lateral,S/D,Colisión,Ninguna,Faltante,Ninguna,Sin restricción
2020,4571,2020-11-04,Miercoles,,Ruta Nacional 33,753,2,"Automóvil,Camión c / Semirremolque",,2,1,0,0,1,0,0,"-33.01639, -61.05962",Ruta,33,PUJATO,San Lorenzo,Asfalto,Natural,XVII,Dentro,Rural,Ninguna,No existe,Recta,S/D,Buena,Atardecer,Buen Tiempo,Lateral,S/D,Colisión,Ninguna,Horizontal,Línea divisoria pintada,Sin restricción
2020,4572,2020-08-13,Jueves,7:30:00,,0,2,"Moto/Ciclomotor,Automóvil",1 de Mayo Y Cochabamba,2,1,0,0,1,0,0,"-32.959939114065,-60.632721710893",Calle,,ROSARIO,Rosario,Asfalto,No existe,II,Dentro,Urbana,Ninguna,No existe,Intersección,Bueno,Buena,Diurna,Buen Tiempo,Lateral,S/D,Colisión,Ninguna,Faltante,Ninguna,Sin restricción
2020,4573,2020-10-17,Sabado,17:00:00,,0,2,"Moto/Ciclomotor,Automóvil",Av Blas Parera Y Lavaisse,2,1,0,0,1,0,0,"-31.60847, -60.7193",Avenida,,SANTA FE,La Capital,Asfalto,No existe,I,S/D,Urbana,Semáforo,Funciona,Intersección,Bueno,Buena,Diurna,Buen Tiempo,Lateral,S/D,Colisión,Ninguna,Vertical,Línea divisoria pintada,Sin restricción
2020,4574,2020-08-09,Domingo,6:20:00,,0,2,"Moto/Ciclomotor,Taxi/Remis",España Y Riobamba,2,1,0,0,1,0,0,"-32.961518245275,-60.650684074606",Calle,,ROSARIO,Rosario,Asfalto,No existe,II,Dentro,Urbana,Ninguna,No existe,Recta,Bueno,Buena,"Diurna,Con luz artificial",Buen Tiempo,Lateral,S/D,Colisión,Ninguna,Faltante,Ninguna,Sin restricción
2020,4575,2020-08-07,Viernes,11:00:00,,0,2,"Pickup/Utilitario,Automóvil",Mendoza Y Laprida,3,1,0,0,2,0,0,"-32.952224080563,-60.635328172835",Calle,,ROSARIO,Rosario,Asfalto,No existe,II,Dentro,Urbana,S/D,No existe,Intersección,Bueno,Buena,Diurna,S/D,Lateral,S/D,Colisión,Ninguna,Faltante,Ninguna,Sin restricción
2020,4576,2020-10-17,Sabado,18:00:00,,0,2,"Moto/Ciclomotor,Otros",Martin Zapata 3800,3,2,0,0,1,0,0,"-31.6167, -60.7144",Calle,,SANTA FE,La Capital,Asfalto,No existe,I,S/D,Urbana,Semáforo,Funciona,Recta,Bueno,Buena,Diurna,Buen Tiempo,S/D,S/D,Colisión,Ninguna,Vertical,Línea divisoria pintada,Sin restricción
2020,4577,2020-08-04,Martes,12:30:00,,0,2,"Automóvil,Automóvil",Av. Pellegrini Y Balcarce,2,1,0,0,1,0,0,"-32.95475070339,-60.654645670206",Avenida,,ROSARIO,Rosario,Asfalto,No existe,II,Dentro,Urbana,Semáforo,Funciona,Intersección,Bueno,Buena,Diurna,Buen Tiempo,Lateral,S/D,Colisión,Ninguna,"Horizontal,Vertical",Cordón divisorio,Sin restricción
2020,4578,2020-08-04,Martes,10:50:00,,0,2,"Bicicleta,Peatón",Entre Rios Y San Lorenzo,2,1,0,0,1,0,0,"-32.943604097427,-60.640380989915",Calle,,ROSARIO,Rosario,Asfalto,No existe,II,Dentro,Urbana,Semáforo,Funciona,Intersección,Bueno,Buena,Diurna,Buen Tiempo,S/D,Peatón,Atropello,Ninguna,Vertical,Ninguna,Sin restricción
2020,4579,2020-08-01,Sabado,15:25:00,,0,2,"Automóvil,Automóvil",J.M.de Rosas Y La Paz,3,1,0,0,2,0,0,"-32.96533584594723,-60.635712146758",Calle,,ROSARIO,Rosario,Asfalto,No existe,II,Dentro,Urbana,Ninguna,No existe,Recta,Bueno,Buena,Diurna,Buen Tiempo,De alcance,S/D,Colisión,Ninguna,Faltante,Ninguna,Sin restricción