anio_acci,nro_acci,fecha,desc_dia,hora_aprox,desc_ruta,km,cant_participantes,desc_participante,calle_avenida_km,total,heridos_leves,heridos_graves,heridos_gravisimos,ilesos,fallecidos,sin_datos,posicion_XY,desc_tipo_via,desc_ruta_ori,desc_loc,desc_dpto,desc_tipo_calzada,desc_tipo_banquina,desc_unidad_regional,desc_lugar_calzada,desc_zona,desc_prioridad,desc_estado_semaforo,desc_lugar_via,desc_estado_via,desc_estado_visibilidad,desc_luminosidad,desc_estado_clima,desc_tipo_colision,desc_tipo_atropello,desc_tipo_hecho,desc_pres_calzada,desc_senializacion,desc_separacion_via,desc_restriccion
2020,4580,2020-08-05,Miercoles,11:25:00,,0,2,"Automóvil,Bicicleta",Mariano Moreno Y San Luis,2,1,0,0,1,0,0,"-32.946807303286,-60.651238449236",Calle,,ROSARIO,Rosario,Asfalto,No existe,II,Dentro,Urbana,Ninguna,No existe,Intersección,Bueno,Buena,Diurna,Buen Tiempo,S/D,Ciclista,Atropello,Ninguna,Faltante,Ninguna,Sin restricción
2020,4581,2020-08-01,Sabado,5:45:00,,0,2,"Moto/Ciclomotor,Automóvil",L.N.Alem Y Ocampo,3,2,0,0,1,0,0,"-32.968213141627,-60.633336799565",Calle,,ROSARIO,Rosario,Asfalto,No existe,II,Dentro,Urbana,Ninguna,No existe,Intersección,Bueno,Buena,"Nocturna,Con luz artificial",Buen Tiempo,Lateral,S/D,Colisión,Ninguna,Faltante,Ninguna,Sin restricción
2020,4582,2020-08-10,Lunes,10:00:00,,0,2,"Moto/Ciclomotor,Automóvil",Bv. 27 De Febrero Y Bv. 27 De Febrero,2,1,0,0,1,0,0,"-32.960321199993,-60.684593378268",Avenida,,ROSARIO,Rosario,Asfalto,No existe,II,Dentro,Urbana,Semáforo,Funciona,Recta,Bueno,Buena,Diurna,Buen Tiempo,De alcance,S/D,Colisión,Ninguna,Vertical,Cordón divisorio,Sin restricción
2020,4583,2020-08-06,Jueves,15:00:00,,0,1,Moto/Ciclomotor,Av. Corrientes Y Pje. Ricardone,1,1,0,0,0,0,0,"-32.947435765002,-60.64279314619",Calle,,ROSARIO,Rosario,Asfalto,No existe,II,Dentro,Urbana,Ninguna,No existe,Intersección,Bueno,Buena,Diurna,Buen Tiempo,S/D,S/D,Cañda ocupante,Ninguna,Faltante,Ninguna,Sin restricción
2020,4584,2020-08-15,Sabado,10:45:00,,0,2,"Automóvil,Automóvil",Marcos Paz Y Pascual Rosas,2,1,0,0,1,0,0,"-32.9422849416733,-60.6870549917221",Calle,,ROSARIO,Rosario,Asfalto,No existe,II,Dentro,Urbana,Ninguna,No existe,Intersección,Bueno,Buena,Diurna,Buen Tiempo,De alcance,S/D,Colisión,Ninguna,Faltante,Ninguna,Sin restricción
2020,4585,2020-08-11,Martes,18:30:00,,0,4,"Automóvil,Automóvil,Automóvil,Automóvil",Pueyrredon Y San Lorenzo,4,4,0,0,0,0,0,"-32.940709303994,-60.656780681371",Calle,,ROSARIO,Rosario,Asfalto,No existe,II,Dentro,Urbana,Ninguna,No existe,Recta,Bueno,Buena,"Atardecer,Con luz artificial",Buen Tiempo,Múltiple,S/D,Colisión,Ninguna,Faltante,Ninguna,Sin restricción
2020,4586,2020-08-20,Jueves,22:20:00,,0,2,"Bicicleta,Taxi/Remis",Cordoba Y Rodriguez,2,1,0,0,1,0,0,"-32.94273820751,-60.658718879668",Calle,,ROSARIO,Rosario,Asfalto,No existe,II,Dentro,Urbana,Semáforo,Funciona,Intersección,Bueno,Buena,Nocturna,Buen Tiempo,S/D,Ciclista,Atropello,Ninguna,"Horizontal,Vertical",Ninguna,Sin restricción
2020,4587,2020-08-19,Miercoles,17:15:00,,0,2,"Automóvil,Automóvil",Alvear Y Guemes,4,2,0,0,2,0,0,"-32.93300051955,-60.651999044361",Calle,,ROSARIO,Rosario,Asfalto,No existe,II,Dentro,Urbana,Paso Peatonal,No existe,Intersección,Bueno,Buena,Diurna,Buen Tiempo,De alcance,S/D,Colisión,Ninguna,Horizontal,Ninguna,Sin restricción
2020,4588,2020-11-14,Sabado,18:40:00,Ruta Provincial 21,0,2,"Moto/Ciclomotor,Automóvil",,2,1,0,0,1,0,0,"-33.07179, -60.57981",Ruta,21,PUEBLO ESTHER,Rosario,S/D,S/D,II,S/D,Urbana,S/D,S/D,S/D,S/D,S/D,S/D,S/D,S/D,S/D,Colisión,S/D,S/D,S/D,S/D
2020,4589,2020-11-01,Domingo,19:00:00,,0,2,"Moto/Ciclomotor,Bicicleta",Gral Roca Y Solis,2,1,0,0,1,0,0,"-32.67046, -60.79357",Calle,,TIMBÚES,San Lorenzo,Ripio,No existe,XVII,Dentro,Urbana,Ninguna,No existe,Intersección,Bueno,Buena,Diurna,Buen Tiempo,S/D,Ciclista,Atropello,Ninguna,Faltante,Ninguna,Sin restricción
2020,4590,2020-11-13,Viernes,11:00:00,,0,2,"Automóvil,Moto/Ciclomotor",SAN LUIS Y IRIGOYEN,3,2,0,0,1,0,0,"-33.07602, -60.57524",Calle,,PUEBLO ESTHER,Rosario,Ripio,S/D,II,S/D,Urbana,S/D,S/D,Cruce,S/D,S/D,S/D,S/D,S/D,S/D,Colisión,S/D,S/D,S/D,S/D
2020,4591,2020-08-06,Jueves,0:00:00,,0,2,"Moto/Ciclomotor,Automóvil",Ayacucho Y Ituzaingo,3,2,0,0,1,0,0,"-32.962733514393,-60.630479684335",Calle,,ROSARIO,Rosario,Asfalto,No existe,II,Dentro,Urbana,Ninguna,No existe,Intersección,Bueno,Buena,"Nocturna,Con luz artificial",Buen Tiempo,Lateral,S/D,Colisión,Ninguna,Faltante,Ninguna,Sin restricción
2020,4592,2020-11-05,Jueves,,Ruta Nacional 11,0,2,"Moto/Ciclomotor,Moto/Ciclomotor",Gaboto,3,3,0,0,0,0,0,"-32.66727, -60.79263",Ruta,11,TIMBÚES,San Lorenzo,Asfalto,No existe,XVII,Dentro,Urbana,Ninguna,No existe,Intersección,Bueno,Buena,Nocturna,Buen Tiempo,De alcance,S/D,Colisión,Ninguna,"Horizontal,Vertical",Ninguna,Sin restricción
2020,4593,2020-11-09,Lunes,10:15:00,,0,2,"Bicicleta,Automóvil",Espora Y Belgrano,2,1,0,0,1,0,0,"-33.02401, -60.61902",Calle,,VILLA GOBERNADOR GÁLVEZ,Rosario,Asfalto,No existe,II,Dentro,Urbana,Ninguna,No existe,Intersección,Bueno,Buena,Diurna,Buen Tiempo,S/D,Ciclista,Atropello,Ninguna,Faltante,Ninguna,Sin restricción
2020,4594,2020-10-26,Lunes,10:00:00,,0,2,"Automóvil,Bicicleta",Valentin Gomez Y J.M.de Rosas,2,1,0,0,1,0,0,"    -32.88877, -60.69908",Calle,,ROSARIO,Rosario,Asfalto,Pavimento,II,Dentro,Urbana,Policía de tránsito,No existe,Rotonda,Bueno,Buena,Diurna,Buen Tiempo,Frontal,Ciclista,Atropello,Ninguna,S/D,S/D,Sin restricción
2020,4595,2020-08-22,Sabado,22:15:00,,0,2,"Automóvil,Automóvil",Crespo Y Urquiza,3,1,0,0,2,0,0,"-32.937569466123,-60.667362514416",Calle,,ROSARIO,Rosario,Asfalto,No existe,II,Dentro,Urbana,Ninguna,No existe,Intersección,Bueno,Buena,Nocturna,Buen Tiempo,Lateral,S/D,Colisión,Ninguna,Faltante,Ninguna,Sin restricción
2020,4596,2020-11-12,Jueves,10:35:00,,0,3,"Moto/Ciclomotor,Pickup/Utilitario,Automóvil",Av. Eva Peron Y Brasil,3,1,0,0,2,0,0,"-32.93167,-60.72000",Avenida,,ROSARIO,Rosario,Asfalto,No existe,II,Dentro,Urbana,Semáforo,Funciona,Recta,Bueno,Buena,Diurna,Buen Tiempo,Múltiple,S/D,Colisión,Ninguna,S/D,Cordón divisorio,Sin restricción
2020,4597,2020-10-24,Sabado,20:00:00,,0,2,"Moto/Ciclomotor,Automóvil",,2,1,0,0,1,0,0,"    -32.89617, -60.71514",S/D,,ROSARIO,Rosario,Asfalto,Pavimento,II,S/D,S/D,Ninguna,S/D,Intersección,Bueno,Buena,Nocturna,Buen Tiempo,Otro,S/D,Colisión,Ninguna,Faltante,Ninguna,Sin restricción
2020,4598,2020-11-04,Miercoles,21:50:00,,0,2,"Moto/Ciclomotor,Automóvil",G Kirk 400,2,1,0,0,1,0,0,"-32.71568, -60.73077",Calle,,PUERTO SAN MARTÍN,San Lorenzo,Asfalto,No existe,XVII,Dentro,Urbana,Ninguna,No existe,Recta,Bueno,Buena,Nocturna,Buen Tiempo,De alcance,S/D,Colisión,Ninguna,Horizontal,Ninguna,Sin restricción
2020,4599,2020-08-21,Viernes,,,0,2,"Automóvil,Bicicleta",Italia Y San Luis,2,1,0,0,1,0,0,"-32.947291065777,-60.648530129045",Calle,,ROSARIO,Rosario,Asfalto,No existe,II,Dentro,Urbana,Ninguna,No existe,Intersección,Bueno,Buena,Diurna,Buen Tiempo,S/D,Ciclista,Atropello,Ninguna,Faltante,Ninguna,Sin restricción
2020,4600,2020-11-14,Sabado,23:30:00,,0,2,"Pickup/Utilitario,Moto/Ciclomotor",Av. Provincias Unidas,3,1,0,0,2,0,0,"-32.92943, -60.71315",Calle,,ROSARIO,Rosario,Asfalto,No existe,II,Dentro,Urbana,Ninguna,S/D,Intersección,Bueno,Buena,Nocturna,Buen Tiempo,Frontal,S/D,Colisión,Ninguna,S/D,Cordón divisorio,Sin restricción
2020,4602,2020-08-10,Lunes,21:00:00,Ruta Provincial 14,156,2,"Peatón,Camión",,2,0,0,0,0,1,1,"-33.94599,-61.8666",Ruta,14,MARÍA TERESA,General LÓPEZ,Asfalto,Natural,VIII,Dentro,Urbana,S/D,No existe,Curva,Bueno,Buena,Nocturna,Buen Tiempo,S/D,Peatón,Atropello,S/D,S/D,S/D,S/D
2020,4603,2020-08-21,Viernes,17:50:00,,0,2,"Moto/Ciclomotor,Automóvil",Alsina Y Mendoza,2,1,0,0,1,0,0,"-32.944699585641,-60.6776870383",Calle,,ROSARIO,Rosario,Asfalto,No existe,II,Dentro,Urbana,Ninguna,Funciona,Recta,Bueno,Buena,Diurna,Buen Tiempo,De alcance,S/D,Colisión,Ninguna,"Horizontal,Vertical",Ninguna,Sin restricción
2020,4604,2020-11-08,Domingo,23:00:00,,0,2,"Moto/Ciclomotor,Moto/Ciclomotor",Av San Lorenzo Y Misiones,2,1,1,0,0,0,0,"-32.81351, -60.71718",Avenida,,CAPITÁN BERMÚDEZ,San Lorenzo,Asfalto,Ripio,XVII,Dentro,Urbana,Ninguna,No existe,Intersección,Bueno,Buena,Nocturna,Buen Tiempo,Frontal,S/D,Colisión,Ninguna,Faltante,Línea divisoria pintada,Sin restricción
2020,4605,2020-11-13,Viernes,15:55:00,Ruta Nacional 9,0,1,Bicicleta,Av. Eva Peron Y Donado,1,1,0,0,0,0,0,"-32.93036, -60.72738",Ruta,9,ROSARIO,Rosario,Asfalto,No existe,II,Dentro,Urbana,Semáforo,Funciona,Recta,Bueno,Buena,Diurna,Buen Tiempo,S/D,S/D,Cañda ocupante,Ninguna,S/D,Cordón divisorio,Sin restricción
2020,4606,2020-08-06,Jueves,21:00:00,,0,2,"Automóvil,Taxi/Remis",La Paz Y L.N.Alem,3,2,0,0,1,0,0,"-32.965921307441,-60.632766919179",Calle,,ROSARIO,Rosario,Asfalto,No existe,II,Dentro,Urbana,Ninguna,No existe,Intersección,Bueno,Buena,"Nocturna,Con luz artificial",Buen Tiempo,Lateral,S/D,Colisión,Ninguna,Vertical,Ninguna,Sin restricción
2020,4607,2020-11-13,Viernes,19:50:00,,0,2,"Bicicleta,Moto/Ciclomotor",Brasil Bis Y Junin,3,1,0,0,2,0,0,"-32.92776, -60.72016",Calle,,ROSARIO,Rosario,Asfalto,No existe,II,S/D,Urbana,Ninguna,No existe,Intersección,Bueno,Buena,Atardecer,Buen Tiempo,S/D,Ciclista,Atropello,Ninguna,Faltante,Ninguna,Sin restricción
2020,4608,2020-11-07,Sabado,19:30:00,,0,2,"Bicicleta,Automóvil",Estado de Israel Y D Gurel,3,1,0,0,1,0,1,"-32.77585, -60.73177",S/D,,SAN LORENZO,San Lorenzo,S/D,S/D,XVII,S/D,S/D,S/D,S/D,S/D,S/D,S/D,S/D,S/D,S/D,Ciclista,Atropello,S/D,S/D,S/D,S/D
2020,4609,2020-10-24,Sabado,,,0,2,"Moto/Ciclomotor,Automóvil",Oriente Y M.Perdriel,2,1,0,0,1,0,0,"    -32.89492, -60.71066",Calle,,ROSARIO,Rosario,Asfalto,No existe,II,Dentro,Urbana,S/D,No existe,Intersección,Otro,Buena,Nocturna,S/D,Lateral,S/D,Colisión,Ninguna,Faltante,S/D,Sin restricción
2020,4610,2020-11-13,Viernes,16:15:00,,0,2,"Moto/Ciclomotor,Peatón",Brasil Bis Y Junin,2,2,0,0,0,0,0,"-32.92776, -60.72016",Calle,,ROSARIO,Rosario,Asfalto,No existe,II,Dentro,Urbana,Ninguna,No existe,Recta,Bueno,Buena,Diurna,Buen Tiempo,S/D,Peatón,Atropello,Ninguna,Faltante,Ninguna,Sin restricción
2020,4611,2020-11-06,Viernes,2:00:00,,0,2,"Moto/Ciclomotor,Automóvil",Saavedra,2,1,0,0,1,0,0,"-32.75065, -60.72805",Calle,,SAN LORENZO,San Lorenzo,S/D,S/D,XVII,S/D,Urbana,S/D,S/D,S/D,S/D,S/D,S/D,S/D,S/D,S/D,S/D,S/D,S/D,S/D,S/D
2020,4612,2020-11-10,Martes,18:00:00,,0,2,"Moto/Ciclomotor,Automóvil",Junin Y Formosa Bis,2,1,0,0,1,0,0,"-32.92698, -60.69128",Calle,,ROSARIO,Rosario,Asfalto,S/D,II,S/D,Urbana,S/D,S/D,Intersección,S/D,S/D,S/D,S/D,S/D,S/D,Colisión,S/D,S/D,S/D,S/D
2020,4613,2020-10-24,Sabado,18:30:00,,0,2,"Peatón,Moto/Ciclomotor",Junin Y Eva Peron,3,0,1,0,2,0,0,"    -32.85857, -60.71886",Calle,,GRANADERO BAIGORRIA,Rosario,Hormigón,No existe,II,Dentro,Urbana,Ninguna,No existe,Recta,Bueno,Buena,Diurna,Buen Tiempo,S/D,Peatón,Atropello,Ninguna,Faltante,Ninguna,Sin restricción
2020,4614,2020-08-13,Jueves,8:15:00,Ruta Nacional 9,312,2,"Automóvil,Camión Chasis",San Geronimo,3,1,0,0,0,1,1,"-32.91069,-60.87983",Ruta,9,ROLDÁN,San Lorenzo,Asfalto,Natural,XVII,Dentro,Urbana,Ninguna,No existe,Intersección,Bueno,Buena,Diurna,Buen Tiempo,Frontal,S/D,Colisión,Ninguna,Vertical,Ninguna,S/D
2020,4615,2020-11-13,Viernes,17:20:00,,0,1,Moto/Ciclomotor,Urquiza Y P.L.Funes,1,1,0,0,0,0,0,"-32.93315, -60.7015",Calle,,ROSARIO,Rosario,S/D,No existe,II,S/D,Urbana,Ninguna,No existe,Intersección,S/D,Buena,Diurna,S/D,Atropello animal,S/D,Colisión,S/D,Faltante,Ninguna,Sin restricción
2020,4616,2020-11-06,Viernes,7:45:00,Ruta Nacional A012,0,2,"Moto/Ciclomotor,Camión Chasis",,2,1,0,0,1,0,0,"-32.57098, -60.88727",Ruta,A012,SAN LORENZO,San Lorenzo,S/D,S/D,XVII,S/D,S/D,S/D,S/D,S/D,S/D,S/D,S/D,S/D,S/D,S/D,S/D,S/D,S/D,S/D,S/D
2020,4617,2020-11-09,Lunes,17:50:00,,0,2,"Automóvil,Moto/Ciclomotor",Cochabamba Y Bv. Avellaneda,2,0,1,0,1,0,0,"-32.95108, -60.68225",Avenida,,ROSARIO,Rosario,Asfalto,Pavimento,II,S/D,Urbana,Ninguna,No existe,Intersección,Bueno,Buena,"Diurna,Con luz artificial",Buen Tiempo,Otro,S/D,Colisión,Ninguna,Faltante,Ninguna,Sin restricción
2020,4618,2020-10-24,Sabado,13:20:00,,0,2,"Automóvil,Moto/Ciclomotor",,2,1,0,0,1,0,0,"    -33.05391, -60.60083",Calle,,ALVEAR,Rosario,Asfalto,No existe,II,Dentro,Urbana,Semáforo,Funciona,Recta,S/D,Buena,Diurna,Buen Tiempo,Frontal,S/D,Colisión,Ninguna,Horizontal,Línea divisoria pintada,Sin restricción
2020,4619,2020-11-03,Martes,17:45:00,Ruta Nacional 11,0,2,"Moto/Ciclomotor,Pickup/Utilitario",Cayetano Silva,3,2,0,0,1,0,0,"-32.73198, -60.74249",Ruta,11,SAN LORENZO,San Lorenzo,S/D,S/D,XVII,S/D,Urbana,S/D,S/D,S/D,S/D,S/D,S/D,S/D,S/D,S/D,S/D,S/D,S/D,S/D,S/D
2020,4620,2020-08-10,Lunes,18:05:00,,0,2,"Taxi/Remis,Moto/Ciclomotor",L.N.Alem Y Riobamba,2,1,0,0,1,0,0,"-32.964774042171,-60.632480857705",Calle,,ROSARIO,Rosario,Asfalto,No existe,II,Dentro,Urbana,Ninguna,No existe,Intersección,Bueno,Buena,Atardecer,Buen Tiempo,Lateral,S/D,Colisión,Ninguna,Faltante,Ninguna,Sin restricción
2020,4621,2020-08-15,Sabado,6:30:00,,0,2,"Moto/Ciclomotor,Transporte de Pasajeros Urbano (> 8 asientos)",Grandoli Y Nicolas Laguna,2,0,1,0,1,0,0,"-32.886881844412,-60.724122361054",Calle,,ROSARIO,Rosario,Asfalto,No existe,II,Dentro,Urbana,Señal Pare,No existe,Intersección,Deteriorada,Buena,Diurna,Buen Tiempo,Frontal,S/D,Colisión,Otro,Vertical,Ninguna,Sin restricción
2020,4622,2020-11-13,Viernes,19:30:00,,0,2,"Moto/Ciclomotor,Automóvil",Larrea Y Garay,3,2,0,0,1,0,0,"-32.96587, -60.69628",Calle,,ROSARIO,Rosario,Asfalto,S/D,II,S/D,Urbana,Ninguna,No existe,Intersección,Bueno,Buena,Nocturna,Buen Tiempo,Otro,S/D,Colisión,Ninguna,Faltante,Ninguna,Sin restricción
2020,4623,2020-11-03,Martes,12:00:00,,0,2,"Moto/Ciclomotor,Moto/Ciclomotor",Juan M De Rosas Y Dr Ghio,3,3,0,0,0,0,0,"-32.74957, -60.74121",S/D,,SAN LORENZO,San Lorenzo,S/D,S/D,XVII,S/D,S/D,S/D,S/D,S/D,S/D,S/D,S/D,S/D,S/D,S/D,S/D,S/D,S/D,S/D,S/D
2020,4624,2020-11-11,Miercoles,16:00:00,,0,2,"Moto/Ciclomotor,Moto/Ciclomotor",Bv. Avellaneda Y Garay,3,3,0,0,0,0,0,"-32.96713, -60.68631",Calle,,ROSARIO,Rosario,Asfalto,No existe,II,S/D,Urbana,Ninguna,No existe,Intersección,Bueno,Buena,Diurna,Buen Tiempo,S/D,S/D,Colisión,Ninguna,Faltante,Cordón divisorio,Sin restricción
2020,4625,2020-10-27,Martes,17:20:00,,0,2,"Automóvil,Automóvil",Cordoba Y 17 de Octubre,2,1,0,0,1,0,0,"    -33.01422, -60.60931",Calle,,VILLA GOBERNADOR GÁLVEZ,Rosario,Asfalto,No existe,II,S/D,Urbana,Ninguna,No existe,Recta,Bueno,Buena,Diurna,Buen Tiempo,De alcance,S/D,Colisión,Ninguna,S/D,Ninguna,Sin restricción
2020,4626,2020-08-14,Viernes,21:25:00,,0,2,"Peatón,Moto/Ciclomotor",San Martin Y Garibaldi,2,1,0,0,0,1,0,"-32.21175,-61.21393",Calle,,ROSARIO,Rosario,Asfalto,Pavimento,II,Dentro,Urbana,S/D,No existe,Intersección,Bueno,Buena,Nocturna,Buen Tiempo,S/D,Peatón,Atropello,Ninguna,Vertical,Cordón divisorio,S/D
2020,4627,2020-11-02,Lunes,17:15:00,,0,2,"Bicicleta,Moto/Ciclomotor",Jose Ingenieros Y La Rioja,2,2,0,0,0,0,0,"-32.73985, -60.74571",S/D,,SAN LORENZO,San Lorenzo,S/D,S/D,XVII,S/D,S/D,S/D,S/D,S/D,S/D,S/D,S/D,S/D,S/D,Ciclista,Atropello,S/D,S/D,S/D,S/D
2020,4628,2020-10-11,Domingo,22:50:00,,0,2,"Moto/Ciclomotor,Otros",Cafferata Y Rioja,2,0,1,0,0,0,1,"-32.941696057086,-60.671241357194",Calle,,ROSARIO,Rosario,Asfalto,No existe,II,Dentro,Urbana,Semáforo,Funciona,Recta,Bueno,Buena,"Nocturna,Con luz artificial",Buen Tiempo,S/D,S/D,Colisión,Ninguna,"Horizontal,Vertical",Ninguna,Sin restricción
2020,4629,2020-11-11,Miercoles,19:00:00,,0,2,"Moto/Ciclomotor,Moto/Ciclomotor",España Y Av. Circunvalacion,2,2,0,0,0,0,0,"-32.97901, -60.65508",Calle,,ROSARIO,Rosario,Asfalto,No existe,II,S/D,Urbana,Ninguna,No existe,Intersección,Bueno,Buena,Atardecer,Buen Tiempo,Lateral,S/D,Colisión,Ninguna,Faltante,Ninguna,Sin restricción
2020,4630,2020-11-02,Lunes,13:20:00,,0,2,"Automóvil,Moto/Ciclomotor",Mazza Y Jose Bison,3,2,0,0,1,0,0,"-32.73106, -60.75082",Calle,,SAN LORENZO,San Lorenzo,S/D,S/D,XVII,S/D,Urbana,S/D,S/D,S/D,S/D,S/D,S/D,S/D,S/D,S/D,S/D,S/D,S/D,S/D,S/D
2020,4631,2020-08-23,Domingo,13:20:00,,0,1,Automóvil,CAMINO RURAL S/N,2,1,0,0,0,1,0,"-32.76624,-60.81284",Camino Rural,,RICARDONE,San Lorenzo,Tierra,No existe,XVII,S/D,Rural,Ninguna,No existe,Recta,Bueno,Buena,Diurna,Buen Tiempo,S/D,S/D,Vuelco,Otro,Faltante,Ninguna,Sin restricción
2020,4632,2020-10-26,Lunes,16:45:00,,0,2,"Moto/Ciclomotor,Automóvil",17 de Octubre Y Saenz Pe�a,2,1,0,0,1,0,0,"    -33.01758, -60.60917",Calle,,VILLA GOBERNADOR GÁLVEZ,Rosario,Asfalto,No existe,II,Dentro,Urbana,Ninguna,No existe,Recta,Ahuellamiento,Buena,Diurna,S/D,S/D,S/D,Colisión,Ninguna,Faltante,Ninguna,Sin restricción
2020,4633,2020-11-13,Viernes,16:00:00,,0,2,"Moto/Ciclomotor,Automóvil",Bv. Oroño Y Lamadrid,2,1,0,0,1,0,0,"-32.99764, -60.66541",Calle,,ROSARIO,Rosario,Asfalto,No existe,II,Dentro,Urbana,Ninguna,Funciona,Intersección,Bueno,Buena,Diurna,Buen Tiempo,Lateral,S/D,Colisión,Ninguna,Faltante,Ninguna,Sin restricción
2020,4634,2020-11-01,Domingo,11:30:00,Ruta Nacional 11,0,2,"Automóvil,Moto/Ciclomotor",Granadero Baigorria,2,1,0,0,1,0,0,"-32.7342, -60.74042",Ruta,11,SAN LORENZO,San Lorenzo,S/D,S/D,XVII,S/D,S/D,S/D,S/D,S/D,S/D,S/D,S/D,S/D,S/D,S/D,S/D,S/D,S/D,S/D,S/D
2020,4635,2020-08-11,Martes,18:00:00,,0,2,"Moto/Ciclomotor,Automóvil",Rueda 1500,2,1,0,0,1,0,0,"-32.970041329782,-60.649925699414",Calle,,ROSARIO,Rosario,Asfalto,No existe,II,Dentro,Urbana,Ninguna,No existe,Recta,Bueno,Buena,Atardecer,Buen Tiempo,De alcance,S/D,Colisión,Ninguna,Faltante,Ninguna,Sin restricción
2020,4636,2020-08-20,Jueves,,,0,2,"Moto/Ciclomotor,Bicicleta",Albert Sabin Y J.J.Paso,2,1,0,0,1,0,0,"-32.91949689388275,-60.688720643520",Calle,,ROSARIO,Rosario,Asfalto,No existe,II,Dentro,Urbana,Semáforo,Funciona,Intersección,Bueno,Buena,Diurna,Buen Tiempo,S/D,Ciclista,Atropello,Ninguna,Vertical,Cordón divisorio,Sin restricción
2020,4637,2020-11-15,Domingo,21:40:00,,0,2,"Moto/Ciclomotor,Pickup/Utilitario",Italia Y Padre R. Giaccone,2,1,0,0,1,0,0,"-33.00823, -60.65891",Calle,,ROSARIO,Rosario,Asfalto,S/D,II,Dentro,Urbana,Ninguna,S/D,Intersección,S/D,S/D,S/D,Buen Tiempo,Lateral,S/D,Colisión,S/D,S/D,Ninguna,Sin restricción
2020,4638,2020-11-02,Lunes,20:30:00,,0,1,Moto/Ciclomotor,Primeros pobladores 1200,1,1,0,0,0,0,0,"-29.90702, -59.82438",Calle,,ALEJANDRA,San Javier,Tierra,Natural,XIV,Dentro,Urbana,Ninguna,No existe,Recta,Otro,Buena,Nocturna,Buen Tiempo,Atropello animal,S/D,Colisión,Ninguna,Faltante,Ninguna,Sin restricción
2020,4639,2020-11-10,Martes,11:35:00,,0,2,"Moto/Ciclomotor,Automóvil",San Martin Y Amenabar,2,1,0,0,1,0,0,"-32.97244, -60.64315",Calle,,ROSARIO,Rosario,Asfalto,No existe,II,Dentro,Urbana,Ninguna,S/D,Intersección,Bueno,Buena,Diurna,Buen Tiempo,Lateral,S/D,Colisión,Ninguna,Faltante,Ninguna,Sin restricción
2020,4640,2020-10-29,Jueves,16:00:00,,0,2,"Peatón,Automóvil",Ecuador Y Pasco,3,1,0,0,2,0,0,"    -32.95104, -60.7145",Calle,,ROSARIO,Rosario,Asfalto,Pavimento,II,S/D,Urbana,Ninguna,No existe,Otro,Bueno,Buena,Diurna,Buen Tiempo,S/D,Peatón,Atropello,Ninguna,"Horizontal,Vertical",Ninguna,Sin restricción
2020,4641,2020-08-20,Jueves,17:50:00,,0,2,"Moto/Ciclomotor,Automóvil",Cavia 1700,3,2,0,0,1,0,0,"-32.900948063831,-60.708698848547",Calle,,ROSARIO,Rosario,Asfalto,No existe,II,Dentro,Urbana,Ninguna,No existe,Recta,Bueno,Buena,Diurna,Buen Tiempo,Lateral,S/D,Colisión,Ninguna,Faltante,Ninguna,Sin restricción
2020,4642,2020-11-15,Domingo,19:30:00,,0,2,"Peatón,Automóvil",San Martin Y Pje. R.Platini,2,1,0,0,1,0,0,"-33.01489, -60.65198",Calle,,ROSARIO,Rosario,Asfalto,No existe,II,Dentro,Urbana,Ninguna,No existe,Intersección,Bueno,Buena,Atardecer,Buen Tiempo,S/D,Peatón,Atropello,Ninguna,Faltante,Ninguna,Sin restricción
2020,4643,2020-11-03,Martes,18:50:00,,0,1,Automóvil,J.M.Gutierrez,2,2,0,0,0,0,0,"-32.9944, -60.66098",S/D,,ROSARIO,Rosario,Asfalto,No existe,II,S/D,S/D,S/D,No existe,Curva,Bueno,Buena,Diurna,S/D,Otro,S/D,S/D,Ninguna,Faltante,S/D,Sin restricción
2020,4644,2020-08-08,Sabado,14:30:00,,0,2,"Automóvil,Moto/Ciclomotor",España Y Montevideo,3,2,0,0,1,0,0,"-32.954643239499,-60.648957389788",Calle,,ROSARIO,Rosario,Asfalto,No existe,II,Dentro,Urbana,Semáforo,Funciona,Intersección,Bueno,Buena,Diurna,Buen Tiempo,Lateral,S/D,Colisión,Ninguna,"Horizontal,Vertical",Ninguna,Sin restricción
2020,4645,2020-11-12,Jueves,14:00:00,,0,2,"Moto/Ciclomotor,Pickup/Utilitario",Av. Bermudez Y Av. Arijon,3,0,1,0,2,0,0,"-33.00288, -60.64253",Calle,,ROSARIO,Rosario,Asfalto,No existe,II,Dentro,Urbana,Ninguna,No existe,Intersección,Bueno,Buena,Diurna,Buen Tiempo,Lateral,S/D,Colisión,Ninguna,Faltante,Ninguna,Sin restricción
2020,4646,2020-11-03,Martes,9:25:00,,0,1,Moto/Ciclomotor,Av. Ntra.Sra.del Rosario Y Av. Circunvalacion,2,2,0,0,0,0,0,"-32.99994, -60.65094",Calle,,ROSARIO,Rosario,Asfalto,No existe,II,Dentro,Urbana,Ninguna,No existe,Intersección,Bueno,Buena,Diurna,Buen Tiempo,S/D,S/D,Otro,Ninguna,Faltante,Guardarrail,Sin restricción