anio_acci,nro_acci,fecha,desc_dia,hora_aprox,desc_ruta,km,cant_participantes,desc_participante,calle_avenida_km,total,heridos_leves,heridos_graves,heridos_gravisimos,ilesos,fallecidos,sin_datos,posicion_XY,desc_tipo_via,desc_ruta_ori,desc_loc,desc_dpto,desc_tipo_calzada,desc_tipo_banquina,desc_unidad_regional,desc_lugar_calzada,desc_zona,desc_prioridad,desc_estado_semaforo,desc_lugar_via,desc_estado_via,desc_estado_visibilidad,desc_luminosidad,desc_estado_clima,desc_tipo_colision,desc_tipo_atropello,desc_tipo_hecho,desc_pres_calzada,desc_senializacion,desc_separacion_via,desc_restriccion
2020,4647,2020-11-01,Domingo,4:30:00,,0,2,"Moto/Ciclomotor,Taxi/Remis",Dr.Rivas Y Castellanos,2,1,0,0,1,0,0,"-32.97705, -60.6844",Calle,,ROSARIO,Rosario,Asfalto,S/D,II,S/D,Urbana,S/D,S/D,Intersección,S/D,S/D,S/D,S/D,S/D,S/D,S/D,S/D,S/D,S/D,S/D
2020,4648,2020-11-13,Viernes,21:50:00,,0,2,"Moto/Ciclomotor,Automóvil",Paraguay Y Av. Uriburu,3,1,0,0,1,0,1,"-32.99101, -60.65524",Calle,,ROSARIO,Rosario,S/D,No existe,II,Dentro,Urbana,Ninguna,No existe,Intersección,S/D,Buena,Nocturna,Buen Tiempo,Frontal,S/D,Colisión,Ninguna,Faltante,Ninguna,Sin restricción
2020,4649,2020-11-04,Miercoles,16:25:00,,0,2,"Bicicleta,Pickup/Utilitario",Echeverria Bis Y Av. Luis Carballo,2,1,0,0,1,0,0,"-32.92186, -60.67227",S/D,,ROSARIO,Rosario,Asfalto,S/D,II,S/D,S/D,Semáforo,S/D,Intersección,Bueno,S/D,S/D,Buen Tiempo,S/D,Ciclista,Atropello,S/D,Horizontal,S/D,S/D
2020,4650,2020-10-17,Sabado,21:30:00,,0,1,Moto/Ciclomotor,9 de Julio 1400,1,1,0,0,0,0,0,"-31.65862, -60.71285",Calle,,SANTA FE,La Capital,Asfalto,Pavimento,I,Dentro,Urbana,Ninguna,No existe,Recta,Bueno,Buena,Nocturna,Buen Tiempo,S/D,S/D,Vuelco,S/D,S/D,Ninguna,Sin restricción
2020,4651,2020-11-12,Jueves,16:00:00,,0,1,Moto/Ciclomotor,Bv. Segui Y Pte.Roca,1,1,0,0,0,0,0,"-32.97792, -60.65339",Calle,,ROSARIO,Rosario,Asfalto,No existe,II,Dentro,Urbana,Ninguna,No existe,Intersección,Bueno,Buena,Diurna,Buen Tiempo,S/D,S/D,Cañda ocupante,Ninguna,Faltante,Ninguna,Sin restricción
2020,4652,2020-11-15,Domingo,5:50:00,,0,1,Moto/Ciclomotor,San Martin Y Rueda,2,2,0,0,0,0,0,"-32.97129, -60.64283",Calle,,ROSARIO,Rosario,Asfalto,No existe,II,S/D,Urbana,Ninguna,No existe,Intersección,Bueno,Buena,"Amanecer,Con luz artificial",Buen Tiempo,S/D,S/D,Cañda ocupante,Ninguna,Faltante,Cordón divisorio,Sin restricción
2020,4653,2020-11-02,Lunes,15:50:00,,0,3,"Automóvil,Automóvil,Automóvil",Av. Ovidio Lagos Y Av. Pte.Peron,4,2,0,0,2,0,0,"-32.95435, -60.6646",Calle,,ROSARIO,Rosario,Asfalto,S/D,II,S/D,Urbana,S/D,S/D,Recta,S/D,S/D,S/D,S/D,S/D,S/D,S/D,S/D,S/D,S/D,S/D
2020,4654,2020-11-14,Sabado,2:15:00,,0,2,"Moto/Ciclomotor,Automóvil",Hilarion de la Quintana Y Pavon,3,2,0,0,1,0,0,"-33.00052, -60.63414",Calle,,ROSARIO,Rosario,Asfalto,No existe,II,Dentro,Urbana,Ninguna,No existe,Intersección,Bueno,Buena,"Nocturna,Con luz artificial",Buen Tiempo,Lateral,S/D,Colisión,Ninguna,Faltante,Ninguna,Sin restricción
2020,4655,2020-08-13,Jueves,11:55:00,,0,2,"Moto/Ciclomotor,Automóvil",Salta Y Suipacha,2,1,1,0,0,0,0,"-32.934788393906,-60.662395009516",Calle,,ROSARIO,Rosario,Asfalto,No existe,II,Dentro,Urbana,Semáforo,Funciona,Intersección,Bueno,Buena,Diurna,Buen Tiempo,Lateral,S/D,Colisión,Ninguna,Vertical,Ninguna,Sin restricción
2020,4656,2020-10-17,Sabado,1:00:00,,0,2,"Bicicleta,Automóvil",Av Iriondo,2,1,0,0,0,0,1,"-30.78977, -60.59268",Avenida,,SAN JUSTO,San Justo,Asfalto,No existe,XVI,Dentro,Urbana,Ninguna,No existe,Recta,Bueno,Buena,Nocturna,Buen Tiempo,S/D,Ciclista,Atropello,Ninguna,Vertical,S/D,Sin restricción
2020,4657,2020-11-03,Martes,23:30:00,,0,2,"Moto/Ciclomotor,Automóvil",Urquiza Y Bv. Oro�o,2,1,0,0,1,0,0,"-32.94024, -60.65255",Calle,,ROSARIO,Rosario,S/D,S/D,II,S/D,Urbana,S/D,S/D,S/D,S/D,S/D,S/D,S/D,S/D,S/D,S/D,S/D,S/D,S/D,S/D
2020,4658,2020-11-14,Sabado,18:45:00,,0,2,"Bicicleta,Automóvil",Grandoli Y Dr.Rivas,2,1,0,0,1,0,0,"-32.98712, -60.62834",Avenida,,ROSARIO,Rosario,Asfalto,No existe,II,Dentro,Urbana,Ninguna,No existe,Intersección,Bueno,Buena,"Atardecer,Con luz artificial",Buen Tiempo,S/D,Ciclista,Atropello,Ninguna,Faltante,Ninguna,Sin restricción
2020,4659,2020-08-16,Domingo,19:30:00,,0,1,Transporte de Pasajeros Urbano (> 8 asientos),Irma Peyrano Y Palliere,2,1,0,0,1,0,0,"-32.88720577955246,-60.716006755828",Calle,,ROSARIO,Rosario,Hormigón,No existe,II,Dentro,Urbana,Ninguna,No existe,Recta,Bueno,Buena,Diurna,Buen Tiempo,S/D,S/D,Cañda ocupante,Ninguna,Faltante,Ninguna,Sin restricción
2020,4660,2020-10-17,Sabado,18:00:00,,0,2,"Moto/Ciclomotor,Automóvil",A Belotti Y N Figueredo,3,1,1,0,1,0,0,"-30.7928, -60.57953",Calle,,SAN JUSTO,San Justo,Tierra,No existe,XVI,Dentro,Urbana,Ninguna,No existe,Intersección,Deteriorada,Buena,"Diurna,Con luz artificial",Buen Tiempo,Lateral,S/D,Colisión,Ninguna,S/D,Ninguna,Sin restricción
2020,4661,2020-11-13,Viernes,17:30:00,,0,2,"Moto/Ciclomotor,Automóvil",Hilarion de la Quintana Y Mitre,3,0,1,0,2,0,0,"-33.00096, -60.65043",Calle,,ROSARIO,Rosario,Asfalto,No existe,II,Dentro,Urbana,Ninguna,No existe,Intersección,Bueno,Buena,Diurna,Buen Tiempo,Lateral,S/D,Colisión,Ninguna,Faltante,Ninguna,Sin restricción
2020,4662,2020-10-30,Viernes,7:30:00,,0,2,"Moto/Ciclomotor,Automóvil",,2,0,1,0,1,0,0,"    -32.95887, -60.69314",Calle,,ROSARIO,Rosario,S/D,Pavimento,II,Dentro,Urbana,Ninguna,S/D,Intersección,Bueno,S/D,Diurna,S/D,S/D,S/D,Colisión,S/D,S/D,Ninguna,Sin restricción
2020,4663,2020-11-03,Martes,2:50:00,,0,1,Moto/Ciclomotor,Cordoba 3700,1,1,0,0,0,0,0,"-32.94009, -60.67366",Calle,,ROSARIO,Rosario,Asfalto,No existe,II,S/D,Urbana,Ninguna,No existe,Recta,Bueno,Buena,Nocturna,Buen Tiempo,Contra objeto fijo,S/D,Colisión,Ninguna,Faltante,Ninguna,Sin restricción
2020,4664,2020-11-13,Viernes,20:30:00,,0,2,"Pickup/Utilitario,Moto/Ciclomotor",San Martin Y Salta,3,2,0,0,1,0,0,"-29.89355, -60.28856",Calle,,CALCHAQUÍ,Vera,Asfalto,No existe,XIX,Dentro,Urbana,Ninguna,No existe,Intersección,Bueno,Buena,Con luz artificial,Buen Tiempo,De alcance,S/D,Colisión,Ninguna,Faltante,Ninguna,Sin restricción
2020,4665,2020-11-05,Jueves,13:40:00,,0,2,"Moto/Ciclomotor,Moto/Ciclomotor",Cordoba Y Suipacha,2,2,0,0,0,0,0,"-32.94176, -60.66421",Calle,,ROSARIO,Rosario,Asfalto,No existe,II,S/D,Urbana,Ninguna,No existe,Intersección,Bueno,Buena,Diurna,Buen Tiempo,De alcance,S/D,Colisión,Ninguna,Faltante,Ninguna,Sin restricción
2020,4666,2020-11-11,Miercoles,17:00:00,,0,2,"Moto/Ciclomotor,Automóvil",Belgrano Y Colon,2,1,0,0,1,0,0,"-29.45697, -60.21134",Calle,,VERA,Vera,Asfalto,No existe,XIX,S/D,Urbana,Ninguna,No existe,Intersección,Bueno,Buena,Diurna,Buen Tiempo,S/D,S/D,Colisión,Ninguna,Faltante,Ninguna,Sin restricción
2020,4667,2020-10-17,Sabado,8:45:00,,0,2,"Pickup/Utilitario,Moto/Ciclomotor",Av San Martin Y Moreno,3,0,1,0,2,0,0,"-32.77922, -60.72748",Calle,,SAN LORENZO,San Lorenzo,Hormigón,S/D,XVII,S/D,Urbana,Ninguna,S/D,Intersección,Bueno,S/D,Diurna,Buen Tiempo,Frontal,S/D,Colisión,Ninguna,S/D,Ninguna,Sin restricción
2020,4668,2020-08-26,Miercoles,23:50:00,Ruta Nacional 34,3,3,"Automóvil,Automóvil,Automóvil",,5,2,1,0,2,0,0,"-32.87783, -60.74597",Ruta,34,ROSARIO,Rosario,Asfalto,Natural,II,Dentro,Rural,Marca Vial,No existe,Recta,S/D,S/D,Nocturna,S/D,Múltiple,S/D,Colisión,S/D,Horizontal,Línea divisoria pintada,Sin restricción
2020,4669,2020-11-05,Jueves,14:45:00,,0,1,Moto/Ciclomotor,Castellanos Y San Juan,2,1,0,0,1,0,0,"-32.9436, -60.676",Calle,,ROSARIO,Rosario,Asfalto,No existe,II,Dentro,Urbana,Ninguna,No existe,Recta,Bueno,Buena,Diurna,Buen Tiempo,S/D,S/D,Vuelco,Ninguna,Faltante,Ninguna,Sin restricción
2020,4670,2020-10-18,Domingo,17:00:00,Autovía Nacional 19,6,1,Automóvil,,1,1,0,0,0,0,0,"-31.65967, -60.83907",Autovía,19,COLONIA SAN JOSÉ,Las Colonias,Asfalto,Pavimento,XI,Dentro,Rural,Ninguna,No existe,Puente,Bueno,Buena,Diurna,Buen Tiempo,S/D,S/D,Despiste,Ninguna,"Horizontal,Vertical",Cordón divisorio,Sin restricción
2020,4671,2020-08-07,Viernes,19:00:00,,0,2,"Automóvil,Moto/Ciclomotor",Av. Sorrento Y Casiano Casas,2,1,0,0,1,0,0,"-32.907228362143,-60.695850844358",Avenida,,ROSARIO,Rosario,Asfalto,No existe,II,Dentro,Urbana,Semáforo,Funciona,Intersección,Deteriorada,Reducida,"Nocturna,Con luz artificial",Lluvia,S/D,S/D,Colisión,Agua,"Horizontal,Vertical",Cordón divisorio,S/D
2020,4672,2020-08-08,Sabado,9:40:00,,0,2,"Moto/Ciclomotor,Automóvil",Balcarce Y Bv. Rondeau,2,1,0,0,1,0,0,"-32.891547358881,-60.69338047535",Avenida,,ROSARIO,Rosario,Asfalto,No existe,II,Dentro,Urbana,Semáforo,Funciona,Intersección,Bueno,Buena,Diurna,Buen Tiempo,S/D,S/D,Colisión,Ninguna,"Horizontal,Vertical",Cordón divisorio,S/D
2020,4673,2020-10-26,Lunes,14:25:00,,0,2,"Moto/Ciclomotor,Automóvil",Bv. Segui Y Av. Francia,2,1,0,0,1,0,0,"    -32.97422, -60.67387",Avenida,,ROSARIO,Rosario,Asfalto,No existe,II,Dentro,Urbana,Ninguna,Funciona,Intersección,Bueno,Buena,Diurna,Buen Tiempo,Lateral,S/D,Colisión,Ninguna,Faltante,Línea divisoria pintada,Sin restricción
2020,4674,2020-11-13,Viernes,12:45:00,,0,2,"Automóvil,Moto/Ciclomotor",Berutti Y Almirante Brown,2,1,0,0,1,0,0,"-31.44757, -60.92432",Calle,,ESPERANZA,Las Colonias,Asfalto,Pavimento,XI,Dentro,Urbana,S/D,S/D,Intersección,Bueno,Buena,Diurna,Buen Tiempo,Lateral,S/D,Colisión,Ninguna,S/D,S/D,Sin restricción
2020,4675,2020-11-10,Martes,18:00:00,,0,2,"Moto/Ciclomotor,Automóvil",Av Sarmiento Y San Martin,3,1,0,0,2,0,0,"-33.6421, -61.85934",Avenida,,MURPHY,General LÓPEZ,Asfalto,No existe,VIII,Dentro,Urbana,Ninguna,No existe,Intersección,Bueno,Buena,Diurna,Buen Tiempo,De alcance,S/D,Colisión,Ninguna,S/D,Cordón divisorio,Sin restricción
2020,4676,2020-11-13,Viernes,14:40:00,,0,2,"Moto/Ciclomotor,Moto/Ciclomotor",Independencia Y Gral Urquiza,2,2,0,0,0,0,0,"-30.79041, -60.58979",Calle,,SAN JUSTO,San Justo,Asfalto,S/D,XVI,Dentro,Urbana,Ninguna,Funciona,Recta,Bueno,Buena,Diurna,Buen Tiempo,Lateral,S/D,Colisión,S/D,Faltante,Ninguna,Sin restricción
2020,4677,2020-10-10,Sabado,11:25:00,,0,2,"Bicicleta,Moto/Ciclomotor",Brig. Lopez Y Gral Belgrano,2,1,0,0,1,0,0,"-30.36051, -60.40419",Calle,,GOBERNADOR CRESPO,San Justo,Hormigón,No existe,XVI,Dentro,Urbana,Ninguna,No existe,Intersección,Bueno,Buena,Diurna,Buen Tiempo,Lateral,Ciclista,Atropello,Ninguna,Vertical,Ninguna,Sin restricción
2020,4678,2020-11-10,Martes,9:20:00,,0,2,"Moto/Ciclomotor,Moto/Ciclomotor",Entre Rios Y Pte Juan D Peron,2,1,0,0,1,0,0,"-29.22461,-61.76853",Calle,,TOSTADO,9 de Julio,Ripio,No existe,XII,Dentro,Urbana,Ninguna,No existe,Intersección,S/D,Buena,Diurna,Buen Tiempo,De alcance,S/D,Colisión,Ninguna,Faltante,Ninguna,Sin restricción
2020,4679,2020-11-15,Domingo,16:30:00,Ruta Provincial 2,0,2,"Pickup/Utilitario,Camión c / Acoplado",,2,0,0,0,0,0,2,"-29.49677, -61.6935",Ruta,2,LOGROÑO,9 de Julio,Asfalto,Natural,XII,Dentro,Rural,S/D,S/D,S/D,Bueno,Buena,Diurna,Buen Tiempo,Frontal,S/D,Colisión,Ninguna,"Horizontal,Vertical",S/D,S/D
2020,4680,2020-08-24,Lunes,17:20:00,,0,2,"Moto/Ciclomotor,Bicicleta",Bv. Avellaneda Bis 85,2,2,0,0,0,0,0,"-32.928250277649,-60.676500813331",Avenida,,ROSARIO,Rosario,Asfalto,No existe,II,Dentro,Urbana,Semáforo,Funciona,Recta,Bueno,Buena,Atardecer,Buen Tiempo,S/D,Ciclista,Atropello,Ninguna,Vertical,Cordón divisorio,Sin restricción
2020,4681,2020-08-01,Sabado,20:50:00,,0,2,"Automóvil,Moto/Ciclomotor",Av. Genova Y Onesimo Leguizamon,2,1,0,0,1,0,0,"-32.914978011918,-60.677841663408",Avenida,,ROSARIO,Rosario,Asfalto,No existe,II,Dentro,Urbana,Ninguna,No existe,Recta,Con baches,Reducida polvo,Nocturna,Otro,Frontal,S/D,Colisión,Ninguna,Faltante,Ninguna,S/D
2020,4682,2020-08-17,Lunes,17:50:00,,0,2,"Moto/Ciclomotor,Automóvil",Cordoba Y España,2,1,0,0,1,0,0,"-32.94492200545,-60.646518899825",Calle,,ROSARIO,Rosario,Asfalto,No existe,II,Dentro,Urbana,Semáforo,Funciona,Intersección,Bueno,Buena,Diurna,Buen Tiempo,Lateral,S/D,Colisión,Ninguna,"Horizontal,Vertical",Ninguna,Sin restricción
2020,4684,2020-10-26,Lunes,17:30:00,,0,2,"Automóvil,Pickup/Utilitario",Ricardo Gutierrez Y Av. Ovidio Lagos,2,1,0,0,1,0,0,"    -32.99479, -60.67408",Calle,,ROSARIO,Rosario,Asfalto,No existe,II,Dentro,Urbana,Ninguna,No existe,Intersección,Con baches,Buena,Atardecer,Buen Tiempo,Lateral,S/D,Colisión,Ninguna,Faltante,Ninguna,Sin restricción
2020,4685,2020-11-09,Lunes,,Ruta Nacional 9,0,1,Moto/Ciclomotor,Donado Y Av. Eva Peron,2,0,1,1,0,0,0,"-32.93044, -60.72739",Ruta,9,ROSARIO,Rosario,Asfalto,S/D,II,S/D,Urbana,S/D,S/D,Intersección,S/D,S/D,S/D,S/D,S/D,S/D,Cañda ocupante,S/D,S/D,S/D,S/D
2020,4686,2020-10-26,Lunes,2:40:00,,0,2,"Moto/Ciclomotor,Otros",Av. Battle y Ordo�ez Y Laprida,2,1,0,0,0,0,1,"    -33.00888, -60.64671",Avenida,,ROSARIO,Rosario,Asfalto,S/D,II,Dentro,Urbana,S/D,Intermitente,Intersección,S/D,Buena,Nocturna,Buen Tiempo,Otro,S/D,Colisión,Ninguna,S/D,S/D,S/D
2020,4687,2020-10-26,Lunes,8:40:00,,0,2,"Moto/Ciclomotor,Automóvil",Pte.Roca A Y Dr.Rivas,2,1,0,0,1,0,0,"    -32.98244, -60.65449",Calle,,ROSARIO,Rosario,Asfalto,S/D,II,Dentro,Urbana,Ninguna,No existe,Intersección,Bueno,Buena,Diurna,Buen Tiempo,Lateral,S/D,Colisión,Ninguna,Faltante,Ninguna,Sin restricción
2020,4688,2020-08-21,Viernes,15:35:00,,0,2,"Moto/Ciclomotor,Automóvil",AV DE LA COSTA ESTANISLAO LOPEZ  2600,3,2,0,0,1,0,0,"-32.92796194553377,-60.655995011329",Avenida,,ROSARIO,Rosario,Asfalto,No existe,II,Dentro,Urbana,Semáforo,Funciona,Recta,Bueno,Buena,Diurna,Buen Tiempo,De alcance,S/D,Colisión,Ninguna,"Horizontal,Vertical",Ninguna,Sin restricción
2020,4689,2020-08-12,Miercoles,17:30:00,,0,2,"Moto/Ciclomotor,Automóvil",E.Zeballos Y Lima,3,2,0,0,1,0,0,"-32.946917813732,-60.685362883789",Calle,,ROSARIO,Rosario,Asfalto,No existe,II,Dentro,Urbana,Ninguna,No existe,Intersección,Bueno,Buena,Diurna,Buen Tiempo,Lateral,S/D,Colisión,Ninguna,Faltante,Ninguna,Sin restricción
2020,4690,2020-11-09,Lunes,,Ruta Nacional 8,0,1,Moto/Ciclomotor,,1,1,0,0,0,0,0,"-33.81378, -61.25284",Ruta,8,WHEELWRIGHT,General LÓPEZ,Asfalto,S/D,VIII,S/D,Urbana,S/D,S/D,Rotonda,S/D,S/D,S/D,S/D,S/D,S/D,S/D,S/D,S/D,S/D,S/D
2020,4692,2020-11-06,Viernes,15:35:00,,0,2,"Moto/Ciclomotor,Automóvil",Cordoba Y Santiago,2,1,0,0,1,0,0,"-32.94328, -60.65597",Calle,,ROSARIO,Rosario,Asfalto,No existe,II,Dentro,Urbana,Semáforo,Funciona,S/D,Bueno,Buena,Diurna,Buen Tiempo,Lateral,S/D,Colisión,Ninguna,Faltante,Ninguna,Sin restricción
2020,4693,2020-11-09,Lunes,,,0,1,Automóvil,,1,1,0,0,0,0,0,"-31.270732886047, -61.070584861677",S/D,,GRUTLY SUR,Las Colonias,S/D,S/D,XI,S/D,S/D,S/D,S/D,S/D,S/D,S/D,S/D,S/D,S/D,S/D,Vuelco,S/D,S/D,S/D,S/D
2020,4694,2020-08-19,Miercoles,10:15:00,,0,2,"Peatón,Taxi/Remis",Italia Y San Lorenzo,2,1,0,0,1,0,0,"-32.942394941334,-60.647298229963",Calle,,ROSARIO,Rosario,Asfalto,No existe,II,Dentro,Urbana,Semáforo,Funciona,Intersección,Bueno,Buena,Diurna,Buen Tiempo,S/D,Peatón,Atropello,Ninguna,"Horizontal,Vertical",Ninguna,Sin restricción
2020,4695,2020-08-10,Lunes,12:10:00,,0,2,"Automóvil,Moto/Ciclomotor",Bahia Blanca Bis Y Pje. Alemania,2,1,0,0,1,0,0,"-32.927677356086,-60.688551741014",Calle,,ROSARIO,Rosario,Asfalto,No existe,II,Dentro,Urbana,Señal Ceda el Paso,No existe,Intersección,Bueno,Buena,Diurna,Buen Tiempo,Lateral,S/D,Colisión,Ninguna,Vertical,Ninguna,Sin restricción
2020,4696,2020-11-07,Sabado,19:30:00,Ruta Nacional 11,0,2,"Moto/Ciclomotor,Bicicleta",Av L de la Torre-Ruta Nac 11,2,2,0,0,0,0,0,"-31.97777, -60.92779",Ruta,11,CORONDA,San JERÓNIMO,S/D,S/D,XV,S/D,Urbana,S/D,S/D,S/D,S/D,S/D,S/D,S/D,S/D,Ciclista,Atropello,S/D,S/D,S/D,S/D
2020,4697,2020-10-28,Miercoles,12:15:00,,0,2,"Bicicleta,Automóvil",Av. Corrientes 3100,2,1,0,0,1,0,0,"    -31.65255, -60.71513",Calle,,ROSARIO,Rosario,Asfalto,No existe,II,S/D,S/D,Ninguna,No existe,Intersección,Bueno,Buena,Diurna,Buen Tiempo,S/D,S/D,Colisión,Ninguna,Faltante,Ninguna,Sin restricción
2020,4698,2020-08-18,Martes,17:55:00,,0,2,"Bicicleta,Pickup/Utilitario",L.N.Alem Y 3 De Febrero,2,1,0,0,1,0,0,"-32.954428180424,-60.629899444505",Calle,,ROSARIO,Rosario,Asfalto,No existe,II,Dentro,Urbana,Señal Pare,No existe,Intersección,Bueno,Buena,Diurna,Buen Tiempo,S/D,Ciclista,Atropello,Ninguna,Vertical,Ninguna,Sin restricción
2020,4699,2020-11-07,Sabado,12:00:00,,0,2,"Pickup/Utilitario,Pickup/Utilitario",España 1300,2,1,0,0,1,0,0,"-32.95137, -60.64814",Calle,,ROSARIO,Rosario,Asfalto,No existe,II,Dentro,Urbana,S/D,S/D,Recta,Bueno,Buena,Diurna,Buen Tiempo,De alcance,S/D,Colisión,Ninguna,S/D,Ninguna,Sin restricción
2020,4700,2020-11-09,Lunes,,,0,1,Automóvil,Ruta Prov. n� 13,1,1,0,0,0,0,0,"-32.20342, -61.71407",Calle,,EL TRÉBOL,San MARTÍN,Asfalto,S/D,XVIII,S/D,Urbana,S/D,S/D,Recta,S/D,S/D,S/D,S/D,S/D,S/D,Despiste,S/D,S/D,S/D,S/D
2020,4701,2020-10-25,Domingo,3:50:00,,0,2,"Moto/Ciclomotor,Moto/Ciclomotor",Serrano Y Reg.11 de Infanteria,2,1,0,0,1,0,0,"    -32.99729, -60.63196",Calle,,ROSARIO,Rosario,Asfalto,S/D,II,Dentro,Urbana,Ninguna,No existe,Otro,Bueno,Buena,Nocturna,Buen Tiempo,Lateral,S/D,Colisión,Ninguna,Faltante,Ninguna,Sin restricción
2020,4702,2020-09-03,Jueves,16:40:00,,0,2,"Moto/Ciclomotor,Moto/Ciclomotor",Florida Y Harding,2,2,0,0,0,0,0,"-32.92880981571,-60.683200470086",Calle,,ROSARIO,Rosario,Asfalto,No existe,II,Dentro,Urbana,Ninguna,No existe,Intersección,Bueno,Buena,Nocturna,Buen Tiempo,Lateral,S/D,Colisión,Ninguna,Faltante,Ninguna,Sin restricción
2020,4703,2020-11-07,Sabado,11:20:00,,0,2,"Moto/Ciclomotor,Moto/Ciclomotor",Jorge Baurle Y Carlos Pellegrii,2,2,0,0,0,0,0,"-29.88523, -61.95707",Calle,,CERES,San CRISTÓBAL,Ripio,No existe,XIII,Dentro,Urbana,Ninguna,No existe,Intersección,Resbaladiza,Buena,Diurna,Buen Tiempo,Lateral,S/D,Colisión,Material Suelto,S/D,Ninguna,Sin restricción
2020,4704,2020-11-10,Martes,,,0,2,"Moto/Ciclomotor,Moto/Ciclomotor",Av A del Valle 6100,4,2,0,0,2,0,0,"-31.61195, -60.69502",Avenida,,SANTA FE,La Capital,Asfalto,S/D,I,S/D,Urbana,S/D,S/D,Recta,S/D,S/D,S/D,S/D,S/D,S/D,Colisión,S/D,S/D,S/D,S/D
2020,4706,2020-10-28,Miercoles,17:45:00,,0,2,"Moto/Ciclomotor,Automóvil",,2,1,0,0,1,0,0,"    -32.97496, -60.62923",Calle,,ROSARIO,Rosario,S/D,No existe,II,Dentro,Urbana,Ninguna,No existe,Intersección,Bueno,Buena,Diurna,Buen Tiempo,Lateral,S/D,Colisión,Ninguna,Faltante,Ninguna,Sin restricción
2020,4707,2020-10-18,Domingo,2:05:00,,0,2,"Automóvil,Automóvil",Cervantes 645,2,1,0,0,1,0,0,"-33.0094, -60.61748",Calle,,VILLA GOBERNADOR GÁLVEZ,Rosario,Asfalto,No existe,II,S/D,Urbana,Ninguna,No existe,Recta,Deteriorada,Reducida,"Nocturna,Con luz artificial",Buen Tiempo,De alcance,S/D,Colisión,Ninguna,Faltante,Ninguna,Sin restricción
2020,4708,2020-08-18,Martes,15:30:00,,0,2,"Moto/Ciclomotor,Automóvil",Av. Francia Y Jujuy,2,1,0,0,1,0,0,"-32.933376037453,-60.663345712481",Avenida,,ROSARIO,Rosario,Asfalto,No existe,II,Dentro,Urbana,Ninguna,No existe,Intersección,Bueno,Buena,Diurna,Buen Tiempo,Lateral,S/D,Colisión,Ninguna,Faltante,"Cordón divisorio,Vegetación",Sin restricción
2020,4709,2020-08-10,Lunes,11:30:00,,0,2,"Bicicleta,Pickup/Utilitario",Av. Luis Carballo Y Bv. Avellaneda,2,1,0,0,1,0,0,"-32.921931622257,-60.674894827049",Avenida,,ROSARIO,Rosario,Asfalto,No existe,II,Dentro,Urbana,Semáforo,Funciona,Intersección,Bueno,Buena,Diurna,Buen Tiempo,S/D,Ciclista,Atropello,Ninguna,"Horizontal,Vertical",Cordón divisorio,Sin restricción
2020,4710,2020-10-18,Domingo,12:00:00,,0,2,"Automóvil,Moto/Ciclomotor",Schweitzer 8300,2,0,1,0,1,0,0,"-32.91394, -60.74166",Calle,,ROSARIO,Rosario,Asfalto,No existe,II,Dentro,Urbana,Ninguna,No existe,Recta,Bueno,Buena,Diurna,S/D,Frontal,S/D,Colisión,S/D,Faltante,Ninguna,Sin restricción
2020,4711,2020-10-27,Martes,17:00:00,,0,2,"Automóvil,Bicicleta",Av. Luis Carballo 400,3,1,0,0,2,0,0,"    -32.92178, -60.66941",Avenida,,ROSARIO,Rosario,Asfalto,S/D,II,S/D,Urbana,S/D,S/D,Recta,Bueno,Buena,Diurna,Buen Tiempo,S/D,Ciclista,Atropello,Ninguna,Vertical,Cordón divisorio,S/D
2020,4712,2020-11-11,Miercoles,,,0,1,Automóvil,,1,1,0,0,0,0,0,"-31.94037, -61.40889",Camino Rural,,COLONIA BELGRANO,San MARTÍN,S/D,S/D,XVIII,S/D,Rural,S/D,S/D,S/D,S/D,S/D,S/D,S/D,S/D,S/D,Vuelco,S/D,S/D,S/D,S/D
2020,4713,2020-11-03,Martes,18:45:00,,0,1,Moto/Ciclomotor,Bv 25 de Mayo,1,0,1,0,0,0,0,"-30.31618, -61.24388",Avenida,,SAN CRISTÓBAL,San CRISTÓBAL,Asfalto,Natural,XIII,S/D,Urbana,Ninguna,No existe,Recta,Bueno,Buena,Diurna,Buen Tiempo,Atropello animal,S/D,Colisión,Ninguna,Faltante,Ninguna,Sin restricción
2020,4714,2020-10-26,Lunes,9:15:00,,0,2,"Automóvil,Moto/Ciclomotor",Bv. Rondeau Y Av. Portugal,2,1,0,0,1,0,0,"    -32.9143, -60.68618",Avenida,,ROSARIO,Rosario,Asfalto,S/D,II,S/D,Urbana,S/D,S/D,Intersección,Bueno,S/D,Diurna,S/D,Lateral,S/D,Colisión,S/D,Vertical,Cordón divisorio,Sin restricción
2020,4715,2020-10-18,Domingo,10:20:00,,0,2,"Moto/Ciclomotor,Automóvil",Pasco Y Nicaragua,2,1,0,0,1,0,0,"-32.95118, -60.72029",Calle,,ROSARIO,Rosario,Asfalto,Pavimento,II,S/D,Urbana,Ninguna,No existe,Intersección,Bueno,Buena,Diurna,Buen Tiempo,S/D,S/D,Colisión,S/D,Faltante,Ninguna,Sin restricción