anio_acci,nro_acci,fecha,desc_dia,hora_aprox,desc_ruta,km,cant_participantes,desc_participante,calle_avenida_km,total,heridos_leves,heridos_graves,heridos_gravisimos,ilesos,fallecidos,sin_datos,posicion_XY,desc_tipo_via,desc_ruta_ori,desc_loc,desc_dpto,desc_tipo_calzada,desc_tipo_banquina,desc_unidad_regional,desc_lugar_calzada,desc_zona,desc_prioridad,desc_estado_semaforo,desc_lugar_via,desc_estado_via,desc_estado_visibilidad,desc_luminosidad,desc_estado_clima,desc_tipo_colision,desc_tipo_atropello,desc_tipo_hecho,desc_pres_calzada,desc_senializacion,desc_separacion_via,desc_restriccion
2020,4716,2020-11-01,Domingo,22:30:00,,0,2,"Automóvil,Moto/Ciclomotor",Maipu Y Saavedra,2,2,0,0,0,0,0,"-30.30773, -61.23767",Calle,,SAN CRISTÓBAL,San CRISTÓBAL,Asfalto,S/D,XIII,Dentro,Urbana,S/D,No existe,Intersección,Bueno,Buena,Nocturna,Buen Tiempo,Lateral,S/D,Colisión,S/D,S/D,S/D,S/D
2020,4717,2020-11-12,Jueves,,,0,2,"Bicicleta,Automóvil",Buenos Aires Y Jose De San Martin,3,1,0,0,2,0,0,"-31.66341, -60.76885",Calle,,SANTO TOMÉ,La Capital,Asfalto,S/D,I,S/D,Urbana,S/D,S/D,Intersección,S/D,S/D,S/D,S/D,S/D,Ciclista,Atropello,S/D,S/D,S/D,S/D
2020,4718,2020-10-18,Domingo,21:15:00,,0,2,"Moto/Ciclomotor,Peatón",Juan Pablo II Y Dean Funes,2,1,0,0,0,0,1,"-32.96763, -60.71784",Calle,,ROSARIO,Rosario,S/D,Pavimento,II,S/D,Urbana,Ninguna,No existe,Intersección,Bueno,Buena,Nocturna,Buen Tiempo,S/D,Peatón,Atropello,Ninguna,Faltante,Ninguna,Sin restricción
2020,4719,2020-07-01,Miercoles,11:24:00,,0,2,"Automóvil,Moto/Ciclomotor",J.J.Paso Y Acevedo Bis,2,0,0,0,1,1,0,"-32.9212, -60.74912",Calle,,ROSARIO,Rosario,Asfalto,No existe,II,Dentro,Urbana,Ninguna,No existe,Intersección,Bueno,Buena,Diurna,Buen Tiempo,S/D,S/D,Colisión,Ninguna,Faltante,Ninguna,Sin restricción
2020,4720,2020-11-12,Jueves,,Ruta Nacional 33,0,2,"Automóvil,Moto/Ciclomotor",Boulevard Cristobal Colon Y General Bartolome Mitre,2,1,0,0,1,0,0,"-33.05555, -61.16175",Ruta,33,CASILDA,Caseros,Asfalto,S/D,IV,S/D,Urbana,S/D,S/D,Intersección,S/D,S/D,S/D,S/D,S/D,S/D,Colisión,S/D,S/D,S/D,S/D
2020,4721,2020-08-19,Miercoles,7:50:00,,0,2,"Bicicleta,Automóvil",Cordoba Y Italia,2,1,0,0,1,0,0,"-32.944677595319,-60.647870822738",Calle,,ROSARIO,Rosario,Asfalto,No existe,II,Dentro,Urbana,Ninguna,No existe,Intersección,Bueno,Buena,Diurna,Buen Tiempo,S/D,Ciclista,Atropello,Ninguna,Faltante,Ninguna,Sin restricción
2020,4722,2020-10-31,Sabado,20:30:00,,0,2,"Automóvil,Moto/Ciclomotor",Grandoli Y Nicolas Laguna,3,2,0,0,1,0,0,"    -32.88691, -60.72414",Calle,,ROSARIO,Rosario,Asfalto,S/D,II,S/D,Urbana,Ninguna,S/D,Intersección,Bueno,S/D,Diurna,Buen Tiempo,S/D,S/D,Colisión,Ninguna,S/D,Ninguna,Sin restricción
2020,4723,2020-10-18,Domingo,19:45:00,,0,2,"Moto/Ciclomotor,Automóvil",Bv. Oroño Y Lugones,4,2,0,0,2,0,0,"-32.95829, -60.65703",Avenida,,ROSARIO,Rosario,Asfalto,No existe,II,Dentro,Urbana,Ninguna,No existe,Intersección,Bueno,Buena,Diurna,Buen Tiempo,Lateral,S/D,Colisión,Ninguna,Faltante,Ninguna,Sin restricción
2020,4724,2020-07-02,Jueves,22:40:00,Ruta Provincial 4,22,2,"Pickup/Utilitario,Moto/Ciclomotor",,2,0,0,0,1,1,0,"-31.25428, -60.8884",Ruta,4,CULULÚ,Las Colonias,Asfalto,Natural,XI,Dentro,Rural,Ninguna,No existe,Recta,Bueno,Buena,Nocturna,Buen Tiempo,Frontal,S/D,Colisión,Ninguna,Faltante,Línea divisoria pintada,Sin restricción
2020,4725,2020-11-12,Jueves,,Ruta Nacional 33,0,1,Automóvil,Boulevard Cristobal Colon,1,1,0,0,0,0,0,"-33.05137, -61.15407",Ruta,33,CASILDA,Caseros,Asfalto,S/D,IV,S/D,Urbana,S/D,S/D,Recta,S/D,S/D,S/D,S/D,Contra objeto fijo,S/D,Colisión,S/D,S/D,S/D,S/D
2020,4726,2020-11-01,Domingo,14:20:00,,0,1,Automóvil,Urquiza Y Brown,1,1,0,0,0,0,0,"-30.30254, -61.24604",Calle,,SAN CRISTÓBAL,San CRISTÓBAL,Ripio,S/D,XIII,Dentro,Urbana,S/D,No existe,Recta,Con baches,Buena,Diurna,Buen Tiempo,S/D,S/D,S/D,Ninguna,Faltante,S/D,S/D
2020,4727,2020-08-21,Viernes,11:00:00,,0,2,"Moto/Ciclomotor,Automóvil",Av. Belgrano Y Cordoba,2,1,0,0,1,0,0,"-32.948297257299,-60.629055297378",Avenida,,ROSARIO,Rosario,Asfalto,No existe,II,Dentro,Urbana,Ninguna,No existe,Recta,Bueno,Buena,Diurna,Buen Tiempo,De alcance,S/D,Colisión,Ninguna,Faltante,Ninguna,Sin restricción
2020,4729,2020-08-22,Sabado,20:50:00,,0,2,"Moto/Ciclomotor,Moto/Ciclomotor",Alberdi Y J.J.Paso,2,2,0,0,0,0,0,"-32.919319868087776,-60.68220555782",Calle,,ROSARIO,Rosario,Asfalto,No existe,II,Dentro,Urbana,Semáforo,Funciona,Intersección,Bueno,Buena,Nocturna,Buen Tiempo,Lateral,S/D,Colisión,Ninguna,"Horizontal,Vertical",Cordón divisorio,Sin restricción
2020,4730,2020-11-05,Jueves,16:40:00,,0,2,"Moto/Ciclomotor,Otros",Garcia del Cossio Bis Y La Republica,3,1,0,0,2,0,0,"-32.91952, -60.74664",Calle,,ROSARIO,Rosario,Asfalto,No existe,II,Dentro,Urbana,Ninguna,No existe,Intersección,Bueno,Buena,Diurna,Buen Tiempo,S/D,S/D,Colisión,Ninguna,Faltante,Ninguna,Sin restricción
2020,4731,2020-10-14,Miercoles,,,0,2,"Moto/Ciclomotor,Moto/Ciclomotor",Entre Rios Y 27 de Abril,2,2,0,0,0,0,0,"-31.43351, -61.25649",Calle,,ROSARIO,Rosario,Ripio,Natural,II,Dentro,Urbana,Ninguna,No existe,Intersección,Bueno,Buena,"Nocturna,Con luz artificial",Buen Tiempo,S/D,S/D,Colisión,Ninguna,Vertical,Ninguna,Sin restricción
2020,4732,2020-11-12,Jueves,,,0,2,"Automóvil,Moto/Ciclomotor",Gral Lopez Y Sgto Cabral,2,1,0,0,1,0,0,"-32.14608, -61.98432",Calle,,PIAMONTE,San MARTÍN,Tierra,No existe,XVIII,Dentro,Urbana,Ninguna,No existe,Intersección,Bueno,Buena,Diurna,Buen Tiempo,Lateral,S/D,Colisión,Ninguna,Faltante,"Ninguna,S/D",Sin restricción
2020,4733,2020-07-05,Domingo,19:45:00,,0,1,Moto/Ciclomotor,SAN MARTIN Y SARMIENTO,1,0,0,0,0,1,0,"-32.0155, -62.05847",Calle,,LANDETA,San MARTÍN,Asfalto,No existe,XVIII,Fuera,Urbana,Ninguna,No existe,Recta,Bueno,Buena,"Nocturna,Con luz artificial",Buen Tiempo,Contra objeto fijo,S/D,Colisión,Ninguna,Vertical,Ninguna,Sin restricción
2020,4734,2020-11-13,Viernes,,,0,2,"Taxi/Remis,Tren",San Jeronimo Y Pje Larramendi,3,1,0,0,2,0,0,"-31.6317, -60.70362",Calle,,SANTA FE,La Capital,Asfalto,S/D,I,S/D,Urbana,S/D,S/D,Intersección,S/D,S/D,S/D,S/D,S/D,S/D,Colisión,S/D,S/D,S/D,S/D
2020,4735,2020-10-18,Domingo,23:00:00,,0,2,"Automóvil,Automóvil",Av San Martin Y Moreno,5,3,0,0,2,0,0,"-31.39903, -61.08197",Avenida,,HUMBOLDT,Las Colonias,Hormigón,No existe,XI,S/D,Urbana,S/D,No existe,Intersección,Bueno,Buena,"Nocturna,Con luz artificial",Buen Tiempo,Lateral,S/D,Colisión,Ninguna,Horizontal,Barrera de hormigón,Sin restricción
2020,4736,2020-11-06,Viernes,,,0,2,"Moto/Ciclomotor,Automóvil",Lima Y Montevideo,3,2,0,0,1,0,0,"-32.94812, -60.68562",Calle,,ROSARIO,Rosario,Asfalto,S/D,II,S/D,Urbana,S/D,S/D,Recta,S/D,S/D,S/D,S/D,S/D,S/D,Colisión,S/D,S/D,S/D,S/D
2020,4737,2020-10-12,Lunes,20:50:00,,0,2,"Automóvil,Moto/Ciclomotor",Casiano Casas 2250,2,1,0,0,1,0,0,"    -32.89538, -60.71554",Calle,,ROSARIO,Rosario,Asfalto,No existe,II,Dentro,Urbana,Ninguna,S/D,Recta,Bueno,Buena,Nocturna,Buen Tiempo,S/D,S/D,Colisión,Ninguna,S/D,Ninguna,Sin restricción
2020,4738,2020-11-15,Domingo,,,0,2,"Automóvil,Bicicleta",Boulevard 25 de Mayo Y Doctor Estanislao Zeballos Sev,2,1,0,0,1,0,0,"-33.05155, -61.17232",Calle,,CASILDA,Caseros,Asfalto,S/D,IV,S/D,Urbana,S/D,S/D,Intersección,S/D,S/D,S/D,S/D,S/D,Ciclista,Atropello,S/D,S/D,S/D,S/D
2020,4739,2020-07-13,Lunes,11:30:00,Ruta Provincial 1,88,2,"Pickup/Utilitario,Moto/Ciclomotor",,2,0,0,0,1,1,0,"-31.07502, -60.09485",Ruta,1,HELVECIA,Garay,Asfalto,Natural,VII,Dentro,Rural,Ninguna,No existe,Recta,Bueno,Buena,Diurna,Buen Tiempo,S/D,S/D,Colisión,Ninguna,Horizontal,Línea divisoria pintada,Sin restricción
2020,4740,2020-08-24,Lunes,2:30:00,,0,1,Moto/Ciclomotor,Bv. Avellaneda Y Pje. Ronchi,2,2,0,0,0,0,0,"-32.930619, -60.677167",Avenida,,ROSARIO,Rosario,Asfalto,No existe,II,Dentro,Urbana,Ninguna,No existe,Recta,Bueno,Buena,Nocturna,Buen Tiempo,S/D,S/D,Despiste,Ninguna,Faltante,Ninguna,Sin restricción
2020,4741,2020-10-18,Domingo,6:10:00,Ruta Provincial 65,74,1,Automóvil,,2,0,2,0,0,0,0,"-32.46035, -61.59554",Ruta,65,LAS ROSAS,Belgrano,Asfalto,Natural,III,Fuera,Rural,Ninguna,No existe,Recta,Bueno,Buena,Amanecer,Buen Tiempo,S/D,S/D,Vuelco,S/D,Horizontal,Línea divisoria pintada,Sin restricción
2020,4742,2020-11-15,Domingo,,Ruta Nacional 33,0,1,Camión,,1,1,0,0,0,0,0,"-33.98911, -62.26655",Ruta,33,SANCTI SPIRITU,General LÓPEZ,S/D,S/D,VIII,S/D,S/D,S/D,S/D,S/D,S/D,S/D,S/D,S/D,S/D,S/D,Vuelco,S/D,S/D,S/D,S/D
2020,4743,2020-11-15,Domingo,,Ruta Nacional 34,0,1,Moto/Ciclomotor,Ruta Nac 34,1,1,0,0,0,0,0,"-32.37342, -61.36947",Ruta,34,SAN GENARO,San JERÓNIMO,Asfalto,S/D,XV,S/D,Urbana,S/D,S/D,Recta,S/D,S/D,S/D,S/D,S/D,S/D,Cañda ocupante,S/D,S/D,S/D,S/D
2020,4744,2020-08-19,Miercoles,12:20:00,,0,2,"Automóvil,Moto/Ciclomotor",Alvear Y Montevideo,2,1,0,0,1,0,0,"-32.953193459089,-60.657099404369",Calle,,ROSARIO,Rosario,Asfalto,No existe,II,Dentro,Urbana,Ninguna,No existe,Intersección,Bueno,Buena,Diurna,Buen Tiempo,Lateral,S/D,Colisión,Ninguna,Faltante,Ninguna,Sin restricción
2020,4745,2020-10-18,Domingo,1:00:00,Ruta Provincial 1,3,2,"Automóvil,Pickup/Utilitario",,2,0,1,0,1,0,0,"-31.62514, -60.60243",Ruta,1,COLASTINE,La Capital,S/D,Pavimento,I,Dentro,Urbana,Semáforo,Funciona,Intersección,Bueno,Buena,Nocturna,Buen Tiempo,Lateral,S/D,Colisión,Ninguna,Vertical,Cordón divisorio,Sin restricción
2020,4746,2020-11-15,Domingo,,,0,1,Automóvil,Belgrano Y Lisandro de la Torre,1,1,0,0,0,0,0,"-32.03299, -61.2221",Calle,,GÁLVEZ,San JERÓNIMO,Asfalto,S/D,XV,S/D,Urbana,S/D,S/D,Intersección,S/D,S/D,S/D,S/D,Contra objeto fijo,S/D,Colisión,S/D,S/D,S/D,S/D
2020,4747,2020-11-06,Viernes,16:35:00,,0,2,"Pickup/Utilitario,Moto/Ciclomotor",San Martin Y Chacabuco,2,1,0,0,1,0,0,"-32.47478, -61.58136",Calle,,LAS ROSAS,Belgrano,Asfalto,No existe,III,Dentro,Urbana,S/D,No existe,Intersección,Bueno,Buena,Diurna,Buen Tiempo,De alcance,S/D,Colisión,Ninguna,Vertical,Ninguna,Sin restricción
2020,4748,2020-08-28,Viernes,15:00:00,,0,2,"Taxi/Remis,Automóvil",Echeverria Bis 400,5,3,0,0,2,0,0,"-32.92223274707794,-60.672225058078",Calle,,ROSARIO,Rosario,Asfalto,No existe,II,Dentro,Urbana,Semáforo,Funciona,Recta,Bueno,Buena,Atardecer,Buen Tiempo,De alcance,S/D,Colisión,Ninguna,"Horizontal,Vertical",Ninguna,Sin restricción
2020,4749,2020-11-15,Domingo,,,0,1,Pickup/Utilitario,Nicolas Levalle,3,1,0,0,2,0,0,"-32.05417, -61.78418",Calle,,CARLOS PELLEGRINI,San MARTÍN,Asfalto,S/D,XVIII,S/D,Urbana,S/D,S/D,Recta,S/D,S/D,S/D,S/D,Contra objeto fijo,S/D,Colisión,S/D,S/D,S/D,S/D
2020,4750,2020-10-18,Domingo,14:30:00,,0,2,"Automóvil,Moto/Ciclomotor",Belgrano 5500,2,1,0,0,1,0,0,"-31.61826, -60.69328",Calle,,SANTA FE,La Capital,Asfalto,No existe,I,Dentro,Urbana,Ninguna,No existe,Recta,Bueno,Buena,Diurna,Buen Tiempo,Lateral,S/D,Colisión,Ninguna,S/D,Ninguna,Sin restricción
2020,4751,2020-08-22,Sabado,13:20:00,,0,2,"Moto/Ciclomotor,Pickup/Utilitario",Alvear Y E.Zeballos,3,2,0,0,1,0,0,"-32.952047440156,-60.656809766822",Calle,,ROSARIO,Rosario,Asfalto,No existe,II,Dentro,Urbana,Señal Pare,No existe,Intersección,Bueno,Buena,Diurna,Buen Tiempo,Lateral,S/D,Colisión,Ninguna,Vertical,Ninguna,Sin restricción
2020,4752,2020-11-07,Sabado,19:20:00,,0,2,"Moto/Ciclomotor,Pickup/Utilitario",Calle 13 Y Calle 8,3,2,0,0,1,0,0,"-32.68621, -61.52532",Calle,,LAS PAREJAS,Belgrano,Asfalto,No existe,III,Dentro,Urbana,Ninguna,No existe,Intersección,Bueno,S/D,S/D,Buen Tiempo,S/D,S/D,Colisión,Ninguna,Faltante,Ninguna,Sin restricción
2020,4753,2020-10-15,Jueves,7:45:00,,0,2,"Moto/Ciclomotor,Otros",Guemes,3,1,0,0,1,0,1,"    -32.93278, -60.65336",Calle,,ROSARIO,Rosario,Asfalto,S/D,II,Dentro,Urbana,S/D,S/D,Recta,Bueno,S/D,Diurna,S/D,S/D,S/D,Colisión,S/D,S/D,S/D,S/D
2020,4754,2020-10-18,Domingo,21:50:00,,0,2,"Moto/Ciclomotor,Moto/Ciclomotor",Pedro Alejandro Vittori Y Pedro Diaz Colodrero,2,1,0,0,1,0,0,"-31.62638, -60.69787",Calle,,SANTA FE,La Capital,Asfalto,No existe,I,S/D,Urbana,Ninguna,No existe,Intersección,Bueno,Buena,"Nocturna,Con luz artificial",Buen Tiempo,Lateral,S/D,Colisión,Ninguna,S/D,Ninguna,Sin restricción
2020,4755,2020-08-28,Viernes,20:45:00,,0,2,"Moto/Ciclomotor,Moto/Ciclomotor",Marcos Paz Y Iriondo,2,0,1,0,1,0,0,"-32.945218708197,-60.670712120078",Calle,,ROSARIO,Rosario,Asfalto,No existe,II,Dentro,Urbana,Señal Pare,No existe,Intersección,Bueno,Buena,Diurna,Buen Tiempo,Lateral,S/D,Colisión,Ninguna,Vertical,Ninguna,Sin restricción
2020,4756,2020-11-08,Domingo,20:30:00,,0,2,"Automóvil,Automóvil",Calle 20 Y Calle 13,2,1,0,0,1,0,0,"-32.683, -61.51683",Avenida,,LAS PAREJAS,Belgrano,Asfalto,No existe,III,Dentro,Urbana,Ninguna,No existe,Intersección,Bueno,Buena,Nocturna,Buen Tiempo,Lateral,S/D,Colisión,Ninguna,Faltante,Ninguna,Sin restricción
2020,4757,2020-10-18,Domingo,9:15:00,,0,2,"Moto/Ciclomotor,Automóvil",Av Lopez y Planes Y Pje Irala,2,1,0,0,0,0,1,"-31.62994, -60.71388",Avenida,,SANTA FE,La Capital,Asfalto,No existe,I,S/D,Urbana,Semáforo,Funciona,Intersección,Bueno,Buena,Diurna,Buen Tiempo,S/D,S/D,Colisión,Ninguna,Vertical,Ninguna,Sin restricción
2020,4758,2020-11-01,Domingo,11:50:00,Ruta Provincial 1,77,1,Moto/Ciclomotor,,1,0,1,0,0,0,0,"-31.13035, -60.12588",Ruta,1,CAMPO DEL MEDIO,Garay,Asfalto,Natural,VII,S/D,Rural,Marca Vial,No existe,Recta,Bueno,Buena,Diurna,Buen Tiempo,Otro,S/D,Despiste,Ninguna,Faltante,Línea divisoria pintada,Sin restricción
2020,4759,2020-11-14,Sabado,,Autopista Nacional Rosario -Cordoba,0,2,"Camión c / Semirremolque,Automóvil",,4,3,0,0,1,0,0,"-32.82094, -61.33591",Autopista,Rosario -Cordoba,CAÑADA DE GÓMEZ,Iriondo,Asfalto,S/D,II,S/D,Urbana,S/D,S/D,Intersección,S/D,S/D,S/D,S/D,S/D,S/D,Colisión,S/D,S/D,S/D,S/D
2020,4760,2020-10-18,Domingo,7:35:00,,0,2,"Automóvil,Moto/Ciclomotor",Av San Martin Y Sarmeinto,2,1,0,0,1,0,0,"-29.90853, -59.82738",Calle,,ALEJANDRA,San Javier,Asfalto,S/D,XIV,S/D,Urbana,Ninguna,No existe,Intersección,Bueno,Buena,Diurna,Buen Tiempo,S/D,S/D,Colisión,Ninguna,Faltante,Cordón divisorio,Sin restricción
2020,4761,2020-11-02,Lunes,18:00:00,,0,2,"Moto/Ciclomotor,Automóvil",G Alvear 1138,2,1,0,0,1,0,0,"-31.45869, -60.92815",Calle,,ESPERANZA,Las Colonias,Asfalto,Pavimento,XI,Dentro,Urbana,Ninguna,S/D,Recta,S/D,Buena,Diurna,Buen Tiempo,S/D,S/D,Colisión,Ninguna,S/D,S/D,Sin restricción
2020,4762,2020-11-14,Sabado,,Autopista Provincial Brigadier E.LÓPEZ,0,1,Automóvil,Yapeyu,1,1,0,0,0,0,0,"-32.82088, -60.74075",Autopista,Brigadier E.LÓPEZ,CAPITÁN BERMÚDEZ,San Lorenzo,S/D,S/D,XVII,S/D,Urbana,S/D,S/D,S/D,S/D,S/D,S/D,S/D,S/D,S/D,S/D,S/D,S/D,S/D,S/D
2020,4763,2020-08-10,Lunes,17:00:00,,0,2,"Bicicleta,Automóvil",Av. Luis Carballo Y Echeverria Bis,2,1,0,0,1,0,0,"-32.921932260059,-60.67225002714",Avenida,,ROSARIO,Rosario,Asfalto,No existe,II,Dentro,Urbana,Semáforo,Funciona,Recta,Bueno,Buena,Diurna,Buen Tiempo,S/D,Ciclista,Atropello,Ninguna,"Horizontal,Vertical",Ninguna,Sin restricción
2020,4764,2020-10-25,Domingo,0:00:00,,0,2,"Moto/Ciclomotor,Automóvil",Av. Pellegrini Y Entre Rios,2,1,0,0,1,0,0,"    -32.95669, -60.64365",Avenida,,ROSARIO,Rosario,Hormigón,No existe,II,Dentro,Urbana,S/D,S/D,Recta,S/D,S/D,Nocturna,S/D,S/D,S/D,Colisión,S/D,S/D,S/D,S/D
2020,4765,2020-10-19,Lunes,7:30:00,Autopista Nacional Gral. Juan Jose Valle,260,2,"Camión Chasis,Automóvil",,2,1,0,0,1,0,0,"-33.12381, -60.58429",Autopista,Gral. Juan Jose Valle,ARROYO SECO,Rosario,Asfalto,S/D,II,S/D,Rural,Ninguna,S/D,Recta,Bueno,S/D,Amanecer,Lluvia,S/D,S/D,Colisión,Ninguna,"Horizontal,Vertical",Vegetación,Sin restricción
2020,4766,2020-08-17,Lunes,23:15:00,,0,2,"Automóvil,Pickup/Utilitario",Av. Corrientes Y San Luis,2,2,0,0,0,0,0,"-32.948275619703,-60.64301171465",Calle,,ROSARIO,Rosario,Asfalto,No existe,II,Dentro,Urbana,Semáforo,Funciona,Intersección,Bueno,Buena,Diurna,Buen Tiempo,Lateral,S/D,Colisión,Ninguna,Vertical,Ninguna,Sin restricción
2020,4767,2020-08-26,Miercoles,13:50:00,,0,2,"Moto/Ciclomotor,Bicicleta",Mariano Moreno Y San Juan,2,0,1,0,1,0,0,"-32.947928045565,-60.651519363066",Calle,,ROSARIO,Rosario,Asfalto,No existe,II,Dentro,Urbana,Ninguna,No existe,Intersección,Bueno,Buena,Diurna,Buen Tiempo,S/D,Ciclista,Atropello,Ninguna,Faltante,Ninguna,Sin restricción
2020,4768,2020-08-28,Viernes,16:15:00,,0,2,"Bicicleta,Moto/Ciclomotor",Ayacucho 4900,2,1,0,0,1,0,0,"-32.993634517628,-60.636835812963",Calle,,ROSARIO,Rosario,Asfalto,No existe,II,Dentro,Urbana,Marca Vial,No existe,Intersección,Bueno,Buena,Diurna,Buen Tiempo,S/D,Ciclista,Atropello,Ninguna,Horizontal,Línea divisoria pintada,Sin restricción
2020,4769,2020-08-25,Martes,19:10:00,,0,2,"Bicicleta,Pickup/Utilitario",Bv Galvez Y Entre Rios,2,0,1,0,1,0,0,"-32.968247396117,-60.646571959833",Calle,,SANTA FE,La Capital,Asfalto,No existe,II,Dentro,Urbana,Ninguna,No existe,Intersección,Bueno,Buena,Atardecer,Buen Tiempo,S/D,Ciclista,Atropello,Ninguna,Faltante,Ninguna,Sin restricción
2020,4770,2020-10-19,Lunes,12:30:00,,0,2,"Moto/Ciclomotor,Automóvil",Mendoza Y Av. Provincias Unidas,2,0,1,0,1,0,0,"-32.94051, -60.71249",Avenida,,ROSARIO,Rosario,Asfalto,No existe,II,Dentro,Urbana,Semáforo,Funciona,Intersección,Bueno,Buena,Diurna,Buen Tiempo,Lateral,S/D,Colisión,S/D,S/D,Cordón divisorio,Sin restricción
2020,4771,2020-08-27,Jueves,19:45:00,,0,2,"Bicicleta,Moto/Ciclomotor",Av. Jorge Cura Y Bv. Oro�o,2,1,0,0,1,0,0,"-32.97109857201576,-60.660321414470",Avenida,,ROSARIO,Rosario,Asfalto,No existe,II,Dentro,Urbana,Semáforo,Funciona,Intersección,Bueno,Buena,Atardecer,Buen Tiempo,S/D,Ciclista,Atropello,Ninguna,"Horizontal,Vertical",Cordón divisorio,Sin restricción
2020,4772,2020-10-16,Viernes,20:40:00,,0,2,"Taxi/Remis,Bicicleta",Cordoba Y Dorrego,3,2,0,0,1,0,0,"-32.944432256791,-60.649225083872",Calle,,ROSARIO,Rosario,Asfalto,No existe,II,Dentro,Urbana,Ninguna,No existe,Intersección,Bueno,Buena,"Nocturna,Con luz artificial",Buen Tiempo,S/D,Ciclista,Atropello,Ninguna,Faltante,Ninguna,Sin restricción
2020,4773,2020-08-26,Miercoles,20:00:00,,0,2,"Moto/Ciclomotor,Automóvil",Caupolican Y San Martin,2,0,1,0,1,0,0,"-33.009951683748,-60.650780745241",Calle,,ROSARIO,Rosario,Asfalto,No existe,II,Dentro,Urbana,Ninguna,Funciona,Intersección,Bueno,Buena,Nocturna,Buen Tiempo,Lateral,S/D,Colisión,Ninguna,"Horizontal,Vertical",Cordón divisorio,Sin restricción
2020,4774,2020-08-24,Lunes,12:35:00,,0,2,"Automóvil,Automóvil",Av. Belgrano Y Av. Pellegrini,2,1,0,0,1,0,0,"-32.960756529879,-60.621121693214",Avenida,,ROSARIO,Rosario,Asfalto,No existe,II,Dentro,Urbana,Ninguna,No existe,Pendiente,Bueno,Buena,Diurna,Buen Tiempo,De alcance,S/D,Colisión,Ninguna,Faltante,Cordón divisorio,Sin restricción
2020,4775,2020-08-17,Lunes,10:00:00,,0,2,"Moto/Ciclomotor,Automóvil",Santa Fe Y Pje. Quintanilla,2,1,0,0,1,0,0,"-32.939074017416,-60.671293938302",Calle,,ROSARIO,Rosario,Asfalto,No existe,II,Dentro,Urbana,Ninguna,No existe,Intersección,Bueno,Buena,Diurna,Buen Tiempo,De alcance,S/D,Colisión,Ninguna,Faltante,Ninguna,Sin restricción
2020,4776,2020-08-05,Miercoles,12:15:00,,0,2,"Bicicleta,Automóvil",Beruti Y Dean Funes,2,0,1,0,0,0,1,"-32.978868, -60.627423",Calle,,ROSARIO,Rosario,Asfalto,No existe,II,Dentro,Urbana,Ninguna,No existe,Intersección,Bueno,Buena,Diurna,S/D,S/D,Ciclista,Atropello,Ninguna,Faltante,Ninguna,Sin restricción
2020,4777,2020-11-11,Miercoles,,,0,1,Automóvil,,4,2,0,0,2,0,0,"-31.68018, -60.77474",Calle,,ROSARIO,Rosario,Asfalto,S/D,II,S/D,Urbana,S/D,S/D,Recta,S/D,S/D,S/D,S/D,S/D,S/D,Despiste,S/D,S/D,S/D,S/D
2020,4778,2020-11-03,Martes,19:50:00,,0,2,"Moto/Ciclomotor,Automóvil",Laprida Y Mariano Moreno,2,1,0,0,1,0,0,"-31.44343, -60.93061",Calle,,ESPERANZA,Las Colonias,Asfalto,S/D,XI,S/D,Urbana,Ninguna,S/D,Intersección,Bueno,Buena,Atardecer,Buen Tiempo,Lateral,S/D,Colisión,Ninguna,S/D,S/D,Sin restricción
2020,4779,2020-10-07,Miercoles,,,0,1,Automóvil,Av. Battle y Ordo�ez A,1,0,0,0,0,0,1,"-32.76239, -60.75325",Avenida,,ROSARIO,Rosario,Asfalto,S/D,II,S/D,Urbana,S/D,S/D,Recta,S/D,S/D,S/D,S/D,S/D,S/D,Despiste,S/D,S/D,S/D,S/D
2020,4780,2020-08-24,Lunes,7:35:00,,0,2,"Moto/Ciclomotor,Automóvil",Av. Arijon Y San Martin,2,1,0,0,1,0,0,"-33.003024005285,-60.649276943146",Avenida,,ROSARIO,Rosario,Asfalto,No existe,II,Dentro,Urbana,Ninguna,Funciona,Intersección,Bueno,Buena,Diurna,Buen Tiempo,De alcance,S/D,Colisión,Ninguna,"Horizontal,Vertical",Cordón divisorio,Sin restricción
2020,4781,2020-11-05,Jueves,18:30:00,Ruta Provincial 6,0,2,"Automóvil,Automóvil",,2,2,0,0,0,0,0,"-31.51321, -60.92741",Ruta,6,PUJATO NORTE,Las Colonias,Asfalto,Natural,XI,S/D,Urbana,S/D,No existe,Recta,Bueno,Buena,Atardecer,Buen Tiempo,De alcance,S/D,Colisión,Ninguna,S/D,S/D,Sin restricción
2020,4782,2020-08-07,Viernes,23:35:00,,0,2,"Automóvil,Automóvil",Amenabar Y Chacabuco,4,3,0,0,1,0,0,"-32.974929323865,-60.629288116332",Calle,,ROSARIO,Rosario,Asfalto,No existe,II,Dentro,Urbana,Ninguna,No existe,Intersección,Bueno,Buena,"Nocturna,Con luz artificial",Buen Tiempo,Lateral,S/D,Colisión,Ninguna,Faltante,Ninguna,Sin restricción
2020,4783,2020-11-05,Jueves,20:20:00,,0,2,"Moto/Ciclomotor,Pickup/Utilitario",27 de Febrero Y 1 de Mayo,2,1,0,0,1,0,0,"-31.46847, -60.92844",S/D,,ESPERANZA,Las Colonias,Asfalto,Pavimento,XI,S/D,Urbana,S/D,S/D,Intersección,Bueno,S/D,Nocturna,Buen Tiempo,De alcance,S/D,Colisión,Ninguna,S/D,S/D,Sin restricción