anio_acci,nro_acci,fecha,desc_dia,hora_aprox,desc_ruta,km,cant_participantes,desc_participante,calle_avenida_km,total,heridos_leves,heridos_graves,heridos_gravisimos,ilesos,fallecidos,sin_datos,posicion_XY,desc_tipo_via,desc_ruta_ori,desc_loc,desc_dpto,desc_tipo_calzada,desc_tipo_banquina,desc_unidad_regional,desc_lugar_calzada,desc_zona,desc_prioridad,desc_estado_semaforo,desc_lugar_via,desc_estado_via,desc_estado_visibilidad,desc_luminosidad,desc_estado_clima,desc_tipo_colision,desc_tipo_atropello,desc_tipo_hecho,desc_pres_calzada,desc_senializacion,desc_separacion_via,desc_restriccion
2020,4784,2020-08-21,Viernes,15:05:00,,0,2,"Moto/Ciclomotor,Automóvil",Mitre Y Pje. Casablanca,2,1,0,0,1,0,0,"-32.979431384994,-60.647908952632",Calle,,ROSARIO,Rosario,Asfalto,No existe,II,Dentro,Urbana,Ninguna,No existe,Intersección,Bueno,Buena,Diurna,Buen Tiempo,Lateral,S/D,Colisión,Ninguna,Faltante,Ninguna,Sin restricción
2020,4785,2020-10-19,Lunes,21:30:00,,0,2,"Automóvil,Peatón",Bv. Segui Y Solis,2,0,1,0,1,0,0,"-32.97086, -60.70228",Avenida,,ROSARIO,Rosario,Asfalto,S/D,II,S/D,Urbana,Semáforo,Funciona,S/D,Bueno,Buena,"Nocturna,Con luz artificial",Buen Tiempo,S/D,Peatón,Atropello,S/D,"Horizontal,Vertical",S/D,Sin restricción
2020,4786,2020-11-09,Lunes,12:10:00,,0,2,"Automóvil,Automóvil",Ballesteros Y Belgrano,2,0,0,0,0,0,2,"-32.81968, -61.3875",Calle,,CAÑADA DE GÓMEZ,Iriondo,Asfalto,S/D,X,S/D,Urbana,S/D,S/D,Intersección,S/D,S/D,S/D,S/D,S/D,S/D,Colisión,S/D,S/D,S/D,S/D
2020,4787,2020-11-07,Sabado,5:30:00,,0,2,"Pickup/Utilitario,Moto/Ciclomotor",Av Cordoba Y Saavedra,2,0,1,0,1,0,0,"-31.44768, -60.93585",Calle,,ESPERANZA,Las Colonias,Asfalto,No existe,XI,S/D,Urbana,S/D,S/D,Intersección,Bueno,Reducida,S/D,Buen Tiempo,Lateral,S/D,Colisión,Ninguna,S/D,S/D,S/D
2020,4788,2020-10-19,Lunes,10:45:00,,0,2,"Automóvil,Automóvil",Viamonte Y P.L.Funes,2,2,0,0,0,0,0,"-32.95658, -60.70053",Calle,,ROSARIO,Rosario,Asfalto,Pavimento,II,S/D,Urbana,Ninguna,No existe,Intersección,Bueno,Buena,Diurna,Buen Tiempo,S/D,S/D,Colisión,Ninguna,Faltante,Ninguna,Sin restricción
2020,4789,2020-11-09,Lunes,,,0,2,"Moto/Ciclomotor,Pickup/Utilitario",Av Moreno Y Pedroni,2,1,0,0,1,0,0,"-30.94574, -61.56861",Calle,,SUNCHALES,Castellanos,Asfalto,S/D,V,S/D,Urbana,S/D,S/D,Intersección,S/D,S/D,S/D,S/D,S/D,S/D,Colisión,S/D,S/D,S/D,S/D
2020,4790,2020-08-03,Lunes,17:00:00,,0,2,"Peatón,Taxi/Remis",Bv. Segui Y Sarmiento,2,1,0,0,1,0,0,"-32.979168452658,-60.646397045201",Avenida,,ROSARIO,Rosario,Asfalto,No existe,II,Dentro,Urbana,Ninguna,No existe,Intersección,Bueno,Buena,Diurna,Buen Tiempo,S/D,Peatón,Atropello,Ninguna,"Horizontal,Vertical",Cordón divisorio,Sin restricción
2020,4791,2020-11-11,Miercoles,,,0,2,"Automóvil,Moto/Ciclomotor",Derqui Y Laprida,3,1,0,0,2,0,0,"-32.81045, -61.40154",Calle,,CAÑADA DE GÓMEZ,Iriondo,Asfalto,S/D,X,S/D,Urbana,S/D,S/D,Intersección,S/D,S/D,S/D,S/D,S/D,S/D,Colisión,S/D,S/D,S/D,S/D
2020,4792,2020-11-07,Sabado,19:10:00,Ruta Nacional 33,0,2,"Moto/Ciclomotor,Camión c / Acoplado",ARMANDO RICORDI,2,1,0,0,1,0,0,"-33.64496, -61.84954",Ruta,33,MURPHY,General LÓPEZ,Asfalto,Natural,VIII,S/D,Urbana,Ninguna,No existe,Intersección,Bueno,Buena,Diurna,Buen Tiempo,Lateral,S/D,Colisión,Ninguna,S/D,Ninguna,Sin restricción
2020,4793,2020-11-11,Miercoles,,,0,2,"Moto/Ciclomotor,Automóvil",Tte. roca Y R Richieri,2,1,0,0,1,0,0,"-32.74864, -60.73951",Calle,,SAN LORENZO,San Lorenzo,Asfalto,S/D,XVII,S/D,Urbana,S/D,S/D,Intersección,S/D,S/D,S/D,S/D,S/D,S/D,Colisión,S/D,S/D,S/D,S/D
2020,4794,2020-10-19,Lunes,7:40:00,,0,2,"Moto/Ciclomotor,Moto/Ciclomotor",Mendoza Y Lima,2,2,0,0,0,0,0,"-32.94349, -60.68452",Calle,,ROSARIO,Rosario,Asfalto,S/D,II,S/D,Urbana,S/D,S/D,Intersección,S/D,S/D,Diurna,Buen Tiempo,S/D,S/D,Colisión,S/D,S/D,S/D,S/D
2020,4795,2020-11-07,Sabado,12:15:00,,0,2,"Moto/Ciclomotor,Automóvil",Genova Y Lopez,2,0,1,0,1,0,0,"-33.60268, -61.31319",Calle,,CARRERAS,General LÓPEZ,S/D,Natural,VIII,Dentro,Urbana,Ninguna,No existe,Intersección,Bueno,Buena,Diurna,Buen Tiempo,Lateral,S/D,Colisión,Ninguna,Vertical,Ninguna,Sin restricción
2020,4796,2020-10-19,Lunes,13:40:00,,0,2,"Automóvil,Peatón",Callao 200,2,1,0,0,1,0,0,"-32.93556, -60.65829",Calle,,ROSARIO,Rosario,Asfalto,No existe,II,Dentro,Urbana,Ninguna,No existe,Recta,Bueno,Buena,Diurna,Buen Tiempo,S/D,Peatón,Atropello,S/D,Faltante,Ninguna,Sin restricción
2020,4797,2020-11-12,Jueves,,,0,2,"Bicicleta,Automóvil",9 de Julio Y General Guemes,2,1,0,0,1,0,0,"-28.48296, -59.35297",Calle,,VILLA OCAMPO,General Obligado,Asfalto,S/D,IX,S/D,Urbana,S/D,S/D,Intersección,S/D,S/D,S/D,S/D,S/D,Ciclista,Atropello,S/D,S/D,S/D,S/D
2020,4798,2020-11-02,Lunes,9:00:00,,0,2,"Pickup/Utilitario,Moto/Ciclomotor",Belgrano Y L de la Torre,2,1,0,0,1,0,0,"-29.46448, -60.21276",Calle,,VERA,Vera,Asfalto,No existe,XIX,S/D,Urbana,Ninguna,No existe,Intersección,Bueno,Buena,Diurna,Buen Tiempo,Otro,S/D,Colisión,Ninguna,Faltante,Ninguna,Sin restricción
2020,4799,2020-08-03,Lunes,16:05:00,,0,2,"Moto/Ciclomotor,Automóvil",Grandoli Y Isola Bis,3,2,0,0,1,0,0,"-32.99138009548187,-60.628478229045",Calle,,ROSARIO,Rosario,Asfalto,No existe,II,Dentro,Urbana,Ninguna,No existe,Intersección,Bueno,Buena,Diurna,Buen Tiempo,Lateral,S/D,Colisión,Ninguna,Faltante,Cordón divisorio,Sin restricción
2020,4800,2020-10-19,Lunes,9:10:00,,0,2,"Moto/Ciclomotor,Moto/Ciclomotor",Av Los Colonizadores Y Nicolas Schneider,2,2,0,0,0,0,0,"-31.45043, -60.92404",Calle,,ESPERANZA,Las Colonias,Asfalto,No existe,XI,Dentro,Urbana,Ninguna,No existe,Intersección,Bueno,Buena,Diurna,Buen Tiempo,S/D,S/D,Colisión,S/D,Horizontal,Cordón divisorio,Sin restricción
2020,4801,2020-08-12,Miercoles,9:00:00,,0,2,"Moto/Ciclomotor,Automóvil",Pte.Quintana Y 1 de Mayo,2,0,1,0,0,0,1,"-32.984049, -60.638790",Calle,,ROSARIO,Rosario,Asfalto,No existe,II,Dentro,Urbana,Ninguna,No existe,Intersección,Bueno,Buena,Diurna,Buen Tiempo,Lateral,S/D,Colisión,Ninguna,Faltante,Ninguna,Sin restricción
2020,4802,2020-11-06,Viernes,18:50:00,,0,2,"Automóvil,Moto/Ciclomotor",San Lorenzo Y Sgto Cabral,4,2,0,0,2,0,0,"-29.89285, -60.28601",S/D,,CALCHAQUÍ,Vera,Tierra,No existe,XIX,S/D,Urbana,Ninguna,No existe,Intersección,Deteriorada,Buena,Atardecer,Buen Tiempo,De alcance,S/D,Colisión,Ninguna,Faltante,Ninguna,Sin restricción
2020,4803,2020-11-13,Viernes,12:40:00,Ruta Secundaria 4-s,0,2,"Moto/Ciclomotor,Automóvil",Alvear Y Coronel Dorrego,2,1,0,0,1,0,0,"-33.75235, -61.97218",Ruta,4-s,VENADO TUERTO,General LÓPEZ,Asfalto,S/D,VIII,S/D,Urbana,S/D,S/D,Intersección,S/D,S/D,S/D,S/D,S/D,S/D,Colisión,S/D,S/D,S/D,S/D
2020,4804,2020-10-19,Lunes,,,0,2,"Moto/Ciclomotor,Moto/Ciclomotor",1 de Mayo Y Castelli,3,3,0,0,0,0,0,"-31.45313, -60.92369",Calle,,ESPERANZA,Las Colonias,Asfalto,No existe,XI,Dentro,Urbana,Ninguna,No existe,Intersección,Bueno,Buena,Diurna,Buen Tiempo,S/D,S/D,Colisión,Ninguna,Horizontal,Cordón divisorio,Sin restricción
2020,4805,2020-11-07,Sabado,1:10:00,Ruta Nacional 11,0,2,"Moto/Ciclomotor,Moto/Ciclomotor",,4,4,0,0,0,0,0,"-29.88461, -60.27897",Ruta,11,CALCHAQUÍ,Vera,Asfalto,Natural,XIX,Dentro,Urbana,Ninguna,No existe,Curva,Bueno,Reducida,Nocturna,Buen Tiempo,Múltiple,S/D,"Colisión,Despiste",Ninguna,S/D,Línea divisoria pintada,Sin restricción
2020,4806,2020-11-13,Viernes,,,0,2,"Automóvil,Bicicleta",España Y Nicolas Avellaneda,2,1,0,0,1,0,0,"-33.73674, -61.96815",Calle,,VENADO TUERTO,General LÓPEZ,Asfalto,S/D,VIII,S/D,Urbana,S/D,S/D,Intersección,S/D,S/D,S/D,S/D,S/D,Ciclista,Atropello,S/D,S/D,S/D,S/D
2020,4808,2020-08-14,Viernes,13:20:00,,0,2,"Automóvil,Moto/Ciclomotor",Esteban de Luca Y Grandoli,2,1,0,0,1,0,0,"-32.994304467356,-60.628647951713",Calle,,ROSARIO,Rosario,Asfalto,No existe,II,Dentro,Urbana,Ninguna,No existe,Intersección,Bueno,Buena,Diurna,Buen Tiempo,Lateral,S/D,Colisión,Ninguna,Faltante,Cordón divisorio,Sin restricción
2020,4809,2020-10-19,Lunes,15:15:00,,0,2,"Automóvil,Moto/Ciclomotor",Av A del Valle Y Espora,2,1,0,0,1,0,0,"-31.60402, -60.69223",Avenida,,SANTA FE,La Capital,Asfalto,No existe,I,S/D,Urbana,Ninguna,No existe,Intersección,Bueno,S/D,Diurna,Buen Tiempo,Lateral,S/D,Colisión,S/D,S/D,Ninguna,Sin restricción
2020,4810,2020-11-13,Viernes,19:50:00,,0,2,"Moto/Ciclomotor,Moto/Ciclomotor",Carrero Podio Y Av Italia,2,1,0,0,0,0,1,"-31.23534, -61.47357",Avenida,,RAFAELA,Castellanos,Asfalto,S/D,V,S/D,Urbana,S/D,S/D,Intersección,S/D,S/D,S/D,S/D,S/D,S/D,Colisión,S/D,S/D,S/D,S/D
2020,4811,2020-10-19,Lunes,12:20:00,,0,2,"Bicicleta,Automóvil",Tucuman 3100,2,1,0,0,1,0,0,"-31.6452, -60.71307",Calle,,SANTA FE,La Capital,Hormigón,No existe,I,Dentro,Urbana,Ninguna,No existe,Recta,Bueno,Buena,Diurna,Buen Tiempo,S/D,Ciclista,Atropello,Ninguna,Faltante,Ninguna,Sin restricción
2020,4812,2020-11-02,Lunes,10:45:00,,0,2,"Pickup/Utilitario,Automóvil",25 de Mayo Y Bv C Pellegrini,3,2,0,0,1,0,0,"-30.79321, -60.59652",Calle,,SAN JUSTO,San Justo,Asfalto,S/D,XVI,Dentro,Urbana,S/D,No existe,Intersección,Bueno,Buena,Diurna,Buen Tiempo,Lateral,S/D,Colisión,Ninguna,Horizontal,Barrera de hormigón,Sin restricción
2020,4813,2020-08-04,Martes,14:50:00,,0,2,"Moto/Ciclomotor,Pickup/Utilitario",Buenos Aires Y Bv. Segui,2,1,0,0,1,0,0,"-32.98012554645538,-60.640937089920",Avenida,,ROSARIO,Rosario,Asfalto,No existe,II,Dentro,Urbana,Señal Pare,No existe,Intersección,Bueno,Buena,Diurna,Buen Tiempo,Lateral,S/D,Colisión,Ninguna,Vertical,Cordón divisorio,Sin restricción
2020,4814,2020-11-13,Viernes,18:00:00,,0,1,Moto/Ciclomotor,Salta 500,2,1,0,0,1,0,0,"-31.73469, -61.09862",Calle,,SAN CARLOS CENTRO,Las Colonias,Asfalto,S/D,XI,S/D,Urbana,S/D,S/D,Intersección,S/D,S/D,S/D,S/D,S/D,S/D,Cañda ocupante,S/D,S/D,S/D,S/D
2020,4815,2020-08-04,Martes,0:20:00,,0,2,"Moto/Ciclomotor,Automóvil",Av. Arijon Y Bv. Oro�o,2,1,0,0,1,0,0,"-33.00349831581117,-60.665087699890",Avenida,,ROSARIO,Rosario,Asfalto,No existe,II,Dentro,Urbana,Semáforo,Funciona,Intersección,Bueno,Buena,"Nocturna,Con luz artificial",Buen Tiempo,Lateral,S/D,Colisión,Ninguna,"Horizontal,Vertical",Cordón divisorio,Sin restricción
2020,4816,2020-11-06,Viernes,23:45:00,,0,2,"Bicicleta,Automóvil",Independencia Y Gral Urquiza,3,1,0,0,2,0,0,"-30.79043, -60.58973",Calle,,SAN JUSTO,San Justo,Asfalto,S/D,XVI,Dentro,Urbana,S/D,No existe,Intersección,Bueno,Buena,Con luz artificial,Buen Tiempo,Lateral,Ciclista,Atropello,S/D,Faltante,S/D,S/D
2020,4817,2020-10-19,Lunes,7:50:00,Ruta Nacional 11,150,2,"Moto/Ciclomotor,Bicicleta",,2,2,0,0,0,0,0,"-31.66538, -60.73893",Ruta,11,SANTA FE,La Capital,Asfalto,S/D,I,S/D,Urbana,S/D,S/D,Intersección,S/D,S/D,Diurna,S/D,S/D,Ciclista,Atropello,S/D,S/D,S/D,S/D
2020,4818,2020-11-13,Viernes,23:00:00,Ruta Nacional 11,0,2,"Camión,Camión",Ruta Nacional 11,2,1,0,0,1,0,0,"-28.27765, -59.26444",Ruta,11,LAS TOSCAS,General Obligado,Asfalto,S/D,IX,S/D,Urbana,S/D,S/D,Recta,S/D,S/D,S/D,S/D,S/D,S/D,Colisión,S/D,S/D,S/D,S/D
2020,4819,2020-08-08,Sabado,12:35:00,,0,2,"Automóvil,Automóvil",Colon Y Gaboto,4,1,0,0,3,0,0,"-32.975591967126,-60.632302082181",Calle,,ROSARIO,Rosario,Asfalto,No existe,II,Dentro,Urbana,Ninguna,No existe,Intersección,Bueno,Buena,Diurna,Buen Tiempo,Lateral,S/D,Colisión,Ninguna,Faltante,Ninguna,Sin restricción
2020,4820,2020-11-14,Sabado,,Ruta Secundaria 7-s,0,1,Moto/Ciclomotor,Santa Fe 2200,2,2,0,0,0,0,0,"-33.72958, -61.96846",Ruta,7-s,VENADO TUERTO,General LÓPEZ,Asfalto,S/D,VIII,S/D,Urbana,S/D,S/D,Recta,S/D,S/D,S/D,S/D,Atropello animal,S/D,Colisión,S/D,S/D,S/D,S/D
2020,4821,2020-10-19,Lunes,17:30:00,,0,2,"Moto/Ciclomotor,Bicicleta",Vera Mujica 700,2,1,0,0,1,0,0,"-31.66406, -60.72389",Calle,,SANTA FE,La Capital,Asfalto,No existe,I,Dentro,Urbana,S/D,No existe,Recta,Bueno,Buena,Diurna,Buen Tiempo,S/D,Ciclista,Atropello,S/D,S/D,Ninguna,Sin restricción
2020,4822,2020-11-04,Miercoles,17:55:00,,0,2,"Moto/Ciclomotor,Pickup/Utilitario",Belgrano Y R E De San Martin,2,1,0,0,1,0,0,"-30.79539, -60.59242",Calle,,SAN JUSTO,San Justo,Asfalto,S/D,XVI,Dentro,Urbana,Ninguna,No existe,Intersección,Bueno,Buena,Diurna,Buen Tiempo,Lateral,S/D,Colisión,S/D,Faltante,S/D,Sin restricción
2020,4823,2020-11-14,Sabado,22:40:00,,0,2,"Moto/Ciclomotor,Moto/Ciclomotor",Chile,3,2,0,0,1,0,0,"-33.753604232916, -61.949819327299",Calle,,VENADO TUERTO,General LÓPEZ,Asfalto,S/D,VIII,S/D,Urbana,S/D,S/D,Intersección,S/D,S/D,S/D,S/D,S/D,S/D,Colisión,S/D,S/D,S/D,S/D
2020,4824,2020-08-03,Lunes,16:35:00,,0,2,"Moto/Ciclomotor,Automóvil",Bv. Segui Y Mitre,2,1,0,0,1,0,0,"-32.978716541034,-60.64771983852",Avenida,,ROSARIO,Rosario,Asfalto,No existe,II,Dentro,Urbana,Señal Pare,No existe,Intersección,Bueno,Buena,Diurna,Buen Tiempo,Lateral,S/D,Colisión,Ninguna,"Horizontal,Vertical",Cordón divisorio,Sin restricción
2020,4825,2020-08-05,Miercoles,12:10:00,,0,2,"Moto/Ciclomotor,Automóvil",Av. Francia Y Coulin,2,1,0,0,1,0,0,"-32.986801809154,-60.676851087427",Avenida,,ROSARIO,Rosario,Asfalto,No existe,II,Dentro,Urbana,Ninguna,No existe,Recta,Bueno,Buena,Diurna,Buen Tiempo,Lateral,S/D,Colisión,Ninguna,Faltante,Cordón divisorio,Sin restricción
2020,4826,2020-10-19,Lunes,16:40:00,,0,2,"Automóvil,Bicicleta",4 de Enero 2200,2,1,0,0,1,0,0,"-31.6491, -60.7127",Calle,,SANTA FE,La Capital,Asfalto,Pavimento,I,Dentro,Urbana,Ninguna,No existe,Recta,Bueno,Buena,Diurna,Buen Tiempo,S/D,Ciclista,Atropello,Ninguna,Faltante,Ninguna,Sin restricción
2020,4827,2020-08-21,Viernes,18:40:00,,0,2,"Automóvil,Bicicleta",Av. Corrientes Y Saavedra,2,1,0,0,1,0,0,"-32.97717159936,-60.650278634761",Calle,,ROSARIO,Rosario,Asfalto,No existe,II,Dentro,Urbana,Ninguna,No existe,Intersección,Bueno,Buena,Diurna,Buen Tiempo,S/D,Ciclista,Atropello,Ninguna,Faltante,Ninguna,Sin restricción
2020,4828,2020-11-03,Martes,12:00:00,,0,2,"Moto/Ciclomotor,Automóvil",9 de Julio Y Gdor Cabal,2,1,0,0,1,0,0,"-30.78841, -60.59384",Calle,,SAN JUSTO,San Justo,Asfalto,S/D,XVI,Dentro,Urbana,Ninguna,No existe,Intersección,Bueno,Buena,Diurna,Buen Tiempo,Lateral,S/D,Colisión,S/D,Faltante,S/D,Sin restricción
2020,4829,2020-11-14,Sabado,,Autopista Nacional Rosario -Cordoba,0,2,"Automóvil,Automóvil",,6,3,0,0,3,0,0,"-32.84457, -61.40345",Autopista,Rosario -Cordoba,CAÑADA DE GÓMEZ,Iriondo,Asfalto,S/D,X,S/D,Urbana,S/D,S/D,Recta,S/D,S/D,S/D,Lluvia,S/D,S/D,Colisión,S/D,S/D,S/D,S/D
2020,4830,2020-08-06,Jueves,18:55:00,,0,2,"Peatón,Moto/Ciclomotor",Bv. Avellaneda 4500,2,1,0,0,1,0,0,"-32.983601, -60.688588",Avenida,,ROSARIO,Rosario,Asfalto,No existe,II,Dentro,Urbana,Ninguna,No existe,Intersección,Bueno,Buena,Atardecer,Buen Tiempo,S/D,Peatón,Atropello,Ninguna,Faltante,Ninguna,Sin restricción
2020,4831,2020-08-22,Sabado,18:30:00,,0,2,"Peatón,Automóvil",Amenabar Y Laprida,2,1,0,0,1,0,0,"-32.972886248306,-60.64072776133",Calle,,ROSARIO,Rosario,Asfalto,No existe,II,Dentro,Urbana,Ninguna,No existe,Intersección,Bueno,Buena,Diurna,Buen Tiempo,S/D,Peatón,Atropello,Ninguna,Faltante,Ninguna,Sin restricción
2020,4832,2020-10-19,Lunes,18:00:00,,0,2,"Automóvil,Moto/Ciclomotor",Bv San Martin Y Bartolome Mitre,4,2,0,0,2,0,0,"-32.89929, -60.91286",Calle,,ROLDÁN,San Lorenzo,Asfalto,Pavimento,XVII,S/D,Urbana,Ninguna,No existe,Intersección,Bueno,Buena,Diurna,Buen Tiempo,Lateral,S/D,Colisión,S/D,Faltante,Ninguna,Sin restricción
2020,4833,2020-11-07,Sabado,23:45:00,,0,1,Moto/Ciclomotor,SAN MARTIN Y 9 DE JULIO,2,1,1,0,0,0,0,"-31.1123, -60.5804",Calle,,CAYASTACITO,San Justo,Ripio,No existe,XVI,Dentro,Urbana,Ninguna,No existe,Intersección,Bueno,Buena,Nocturna,Buen Tiempo,Otro,S/D,Otro,Ninguna,Faltante,Ninguna,Sin restricción
2020,4834,2020-11-01,Domingo,9:30:00,Ruta Provincial 2,0,2,"Moto/Ciclomotor,Camión c / Acoplado",Saavedra,3,1,0,0,2,0,0,"-29.22914, -61.77027",Ruta,2,TOSTADO,9 de Julio,Asfalto,Natural,XII,Dentro,Urbana,Otra Señal,No existe,Intersección,Bueno,Buena,Diurna,Buen Tiempo,Otro,S/D,Colisión,Ninguna,Faltante,Línea divisoria pintada,Sin restricción
2020,4835,2020-10-20,Martes,6:00:00,,0,2,"Automóvil,Automóvil",Av. Ovidio Lagos Y Av. Circunvalacion,2,1,0,0,1,0,0,"-33.00792, -60.67693",Avenida,,ROSARIO,Rosario,Asfalto,No existe,II,Dentro,Urbana,Semáforo,Funciona,Intersección,Bueno,Buena,Amanecer,Buen Tiempo,De alcance,S/D,Colisión,S/D,Faltante,Guardarrail,Sin restricción
2020,4836,2020-11-14,Sabado,,,0,2,"Pickup/Utilitario,Moto/Ciclomotor",RIVADAVIA Y ALMAFUERTE,2,1,0,0,1,0,0,"-30.98051,-61.73841",Calle,,ALDAO,San Lorenzo,Asfalto,S/D,XVII,S/D,Urbana,S/D,S/D,Intersección,S/D,S/D,S/D,S/D,S/D,S/D,Colisión,S/D,S/D,S/D,S/D
2020,4837,2020-08-04,Martes,20:05:00,,0,2,"Bicicleta,Moto/Ciclomotor",Grandoli Y Lola Mora,2,1,0,0,1,0,0,"-32.990806102752686,-60.62863916158",Calle,,ROSARIO,Rosario,Asfalto,No existe,II,Dentro,Urbana,Ninguna,No existe,Intersección,Bueno,Buena,Nocturna,Buen Tiempo,S/D,Ciclista,Atropello,Ninguna,Faltante,Cordón divisorio,Sin restricción
2020,4838,2020-08-07,Viernes,19:40:00,,0,2,"Peatón,Automóvil",Bv. Avellaneda Y Gaboto,2,0,1,0,1,0,0,"-32.965976888698,-60.686013588818",Avenida,,ROSARIO,Rosario,Asfalto,No existe,II,Dentro,Urbana,Ninguna,No existe,Intersección,Bueno,Buena,"Nocturna,Con luz artificial",S/D,S/D,Peatón,Atropello,Ninguna,Faltante,Ninguna,Sin restricción
2020,4839,2020-11-15,Domingo,19:00:00,Ruta Secundaria 4-s,0,2,"Automóvil,Automóvil",Leandro N Alem Y Fortin El Hinojo,5,5,0,0,0,0,0,"-33.772087737529, -61.947897311690",Ruta,4-s,VENADO TUERTO,General LÓPEZ,Asfalto,S/D,VIII,S/D,Urbana,S/D,S/D,Intersección,S/D,S/D,S/D,S/D,S/D,S/D,Colisión,S/D,S/D,S/D,S/D
2020,4840,2020-10-20,Martes,17:37:00,,0,2,"Bicicleta,Camión c / Acoplado",Av. Francia Y Av. Uriburu,2,1,0,0,1,0,0,"-32.99171, -60.67826",Avenida,,ROSARIO,Rosario,Asfalto,No existe,II,Dentro,Urbana,Semáforo,Funciona,Intersección,S/D,Buena,Atardecer,Lluvia,S/D,Ciclista,Atropello,S/D,Faltante,Cordón divisorio,Sin restricción
2020,4841,2020-11-05,Jueves,9:10:00,,0,2,"Bicicleta,Moto/Ciclomotor",Candioti Y Domingo Silva,2,1,0,0,0,0,1,"-31.63268, -60.69406",Calle,,SANTA FE,La Capital,Asfalto,No existe,I,Dentro,Urbana,S/D,No existe,Intersección,Bueno,S/D,Diurna,S/D,S/D,Ciclista,Atropello,S/D,S/D,S/D,S/D
2020,4842,2020-11-02,Lunes,8:30:00,,0,2,"Bicicleta,Pickup/Utilitario",Pedro Alejandro Vittori Y Domingo Silva,2,1,0,0,1,0,0,"-31.63139, -60.69986",Calle,,SANTA FE,La Capital,Asfalto,No existe,I,Dentro,Urbana,S/D,No existe,Intersección,Bueno,S/D,Diurna,S/D,S/D,Ciclista,Atropello,S/D,S/D,S/D,S/D
2020,4843,2020-10-20,Martes,8:50:00,,0,2,"Bicicleta,Automóvil",Italia Y Saavedra,2,0,1,0,1,0,0,"-32.97621, -60.6558",Calle,,ROSARIO,Rosario,Asfalto,No existe,II,Dentro,Urbana,Ninguna,No existe,Intersección,Resbaladiza,Buena,Diurna,Lluvia,S/D,Ciclista,Atropello,Agua,Faltante,Cordón divisorio,Sin restricción
2020,4844,2020-11-15,Domingo,,,0,1,Moto/Ciclomotor,Saavedra Y Pringles,1,0,1,0,0,0,0,"-31.45778,-60.93895",Calle,,ESPERANZA,Las Colonias,Asfalto,S/D,XI,S/D,Urbana,S/D,S/D,Intersección,S/D,S/D,S/D,S/D,S/D,S/D,Cañda ocupante,S/D,S/D,S/D,S/D
2020,4845,2020-11-02,Lunes,21:00:00,,0,1,Moto/Ciclomotor,Necochea Y Iturraspe,2,2,0,0,0,0,0,"-31.63107, -60.69251",Calle,,SANTA FE,La Capital,Asfalto,No existe,I,Dentro,Urbana,S/D,No existe,Intersección,Bueno,S/D,Nocturna,S/D,S/D,S/D,Cañda ocupante,S/D,S/D,S/D,S/D
2020,4846,2020-10-20,Martes,7:50:00,,0,2,"Moto/Ciclomotor,Taxi/Remis",Av. Corrientes Y 3 De Febrero,2,1,0,0,1,0,0,"-32.95206, -60.64393",Avenida,,ROSARIO,Rosario,Asfalto,S/D,II,S/D,Urbana,S/D,S/D,Intersección,S/D,S/D,Amanecer,S/D,S/D,S/D,Colisión,S/D,S/D,S/D,S/D
2020,4847,2020-11-08,Domingo,1:15:00,,0,2,"Automóvil,Automóvil",4 de Enero Y Junin,2,1,0,0,1,0,0,"-31.63786, -60.70948",Calle,,SANTA FE,La Capital,Asfalto,Pavimento,I,Dentro,Urbana,Semáforo,Funciona,Intersección,Bueno,S/D,S/D,Buen Tiempo,Frontal,S/D,Colisión,S/D,S/D,Ninguna,Sin restricción
2020,4848,2020-10-20,Martes,18:20:00,,0,2,"Peatón,Pickup/Utilitario",Av. E.Lopez Y Bv. Oro�o,2,1,0,0,1,0,0,"-32.93088, -60.64998",Avenida,,ROSARIO,Rosario,Asfalto,S/D,II,S/D,Urbana,S/D,S/D,Intersección,Bueno,S/D,Diurna,S/D,S/D,S/D,Colisión,S/D,S/D,S/D,S/D
2020,4849,2020-11-07,Sabado,17:40:00,,0,2,"Pickup/Utilitario,Moto/Ciclomotor",Av Gral Lopez Y Av Urquiza,3,2,0,0,1,0,0,"-31.65595, -60.7161",Calle,,SANTA FE,La Capital,Asfalto,Pavimento,I,Dentro,Urbana,Semáforo,Funciona,Intersección,Bueno,Buena,Diurna,Buen Tiempo,Lateral,S/D,Colisión,Ninguna,Faltante,Ninguna,Sin restricción
2020,4850,2020-10-20,Martes,19:50:00,,0,2,"Moto/Ciclomotor,Automóvil",Rca Oriental del Uruguay Y Hipolito Irigoyen,2,1,0,0,1,0,0,"-31.68279, -60.76633",Calle,,SANTO TOMÉ,La Capital,"Asfalto,Tierra",Ripio,I,S/D,Urbana,Ninguna,No existe,Intersección,Bueno,S/D,Atardecer,Buen Tiempo,De alcance,S/D,Colisión,S/D,Faltante,Ninguna,Sin restricción
2020,4851,2020-08-14,Viernes,14:40:00,,0,2,"Moto/Ciclomotor,Pickup/Utilitario",Bv. Segui Y Paraguay,2,1,0,0,1,0,0,"-32.977966234357,-60.651920550083",Avenida,,ROSARIO,Rosario,Asfalto,No existe,II,Dentro,Urbana,Señal Pare,No existe,Intersección,Bueno,Buena,Diurna,Buen Tiempo,Lateral,S/D,Colisión,Ninguna,"Horizontal,Vertical",Cordón divisorio,Sin restricción