anio_acci,nro_acci,fecha,desc_dia,hora_aprox,desc_ruta,km,cant_participantes,desc_participante,calle_avenida_km,total,heridos_leves,heridos_graves,heridos_gravisimos,ilesos,fallecidos,sin_datos,posicion_XY,desc_tipo_via,desc_ruta_ori,desc_loc,desc_dpto,desc_tipo_calzada,desc_tipo_banquina,desc_unidad_regional,desc_lugar_calzada,desc_zona,desc_prioridad,desc_estado_semaforo,desc_lugar_via,desc_estado_via,desc_estado_visibilidad,desc_luminosidad,desc_estado_clima,desc_tipo_colision,desc_tipo_atropello,desc_tipo_hecho,desc_pres_calzada,desc_senializacion,desc_separacion_via,desc_restriccion
2020,4916,2020-11-08,Domingo,,,0,2,"Automóvil,Automóvil",Gral Jose de San Martin Y Domingo Faustino Sarmiento Bis,3,1,0,0,2,0,0,"-33.15391, -60.51394",Calle,,ARROYO SECO,Rosario,Asfalto,Pavimento,II,Dentro,Urbana,Ninguna,No existe,Intersección,Bueno,Buena,Con luz artificial,Buen Tiempo,S/D,S/D,Colisión,Ninguna,Faltante,Ninguna,Sin restricción
2020,4917,2020-10-22,Jueves,13:35:00,,0,2,"Moto/Ciclomotor,Automóvil",Saavedra Y La Rioja,2,1,0,0,1,0,0,"-31.64356, -60.71529",Calle,,SANTA FE,La Capital,Hormigón,No existe,I,Dentro,Urbana,Ninguna,No existe,Intersección,Bueno,Buena,Diurna,Buen Tiempo,Lateral,S/D,Colisión,S/D,Faltante,Ninguna,Sin restricción
2020,4918,2020-10-31,Sabado,16:45:00,Ruta Nacional 34,0,2,"Pickup/Utilitario,Automóvil",,2,0,1,0,1,0,0,"    -31.5325, -61.527",Ruta,34,ANGÉLICA,Castellanos,Asfalto,Pavimento,V,Dentro,Urbana,Ninguna,No existe,Recta,Bueno,S/D,Diurna,S/D,De alcance,S/D,Colisión,Fluidos,S/D,Barrera de hormigón,Sin restricción
2020,4919,2020-08-25,Martes,16:50:00,,0,2,"Moto/Ciclomotor,Automóvil",Bv. 27 De Febrero Y Rio De Janeiro,2,1,0,0,1,0,0,"-32.960097599303,-60.685840771514",Avenida,,ROSARIO,Rosario,Asfalto,No existe,II,Dentro,Urbana,Ninguna,No existe,Intersección,Bueno,Buena,Diurna,Buen Tiempo,Lateral,S/D,Colisión,Ninguna,Faltante,Cordón divisorio,Sin restricción
2020,4920,2020-12-14,Lunes,22:10:00,,0,2,"Moto/Ciclomotor,Camión Chasis",Av. Francia Y Av. Ntra.Sra.del Rosario,2,1,0,0,1,0,0,"-33.00096, -60.67784",Calle,,ROSARIO,Rosario,Asfalto,No existe,II,Dentro,Urbana,Ninguna,No existe,Intersección,Bueno,Buena,Nocturna,Buen Tiempo,Lateral,S/D,Colisión,Ninguna,Faltante,Ninguna,Sin restricción
2020,4921,2020-08-12,Miercoles,12:35:00,Autopista Nacional A008,0,2,"Automóvil,Moto/Ciclomotor",Av. Belgrano Y Av. Ntra.Sra.del Rosario,2,1,0,0,1,0,0,"-32.998895645141566,-60.61768770217",Autopista,A008,ROSARIO,Rosario,Asfalto,No existe,II,Dentro,Urbana,Ninguna,No existe,Recta,Bueno,Buena,Diurna,Buen Tiempo,Lateral,S/D,Colisión,Ninguna,Faltante,Cordón divisorio,Sin restricción
2020,4922,2020-10-22,Jueves,22:00:00,Ruta Nacional 11,151,1,Automóvil,,1,1,0,0,0,0,0,"-31.66191, -60.72143",Ruta,11,SANTA FE,La Capital,Asfalto,S/D,I,Dentro,Urbana,S/D,No existe,Recta,Bueno,S/D,Nocturna,Buen Tiempo,S/D,S/D,Despiste,Ninguna,S/D,S/D,S/D
2020,4923,2020-07-18,Sabado,4:10:00,Ruta Nacional 11,445,2,"Automóvil,Pickup/Utilitario",,3,0,0,0,1,2,0,"-31.77316, -60.84132",Ruta,11,SAUCE VIEJO,La Capital,Asfalto,Ripio,I,Dentro,Rural,Ninguna,No existe,Curva,Bueno,Reducida,"Nocturna,Con luz artificial",Niebla,Frontal,S/D,Colisión,Agua,Horizontal,Línea divisoria pintada,Sin restricción
2020,4924,2020-10-22,Jueves,18:45:00,,0,2,"Automóvil,Moto/Ciclomotor",Av. Ovidio Lagos Y San Luis,2,0,1,0,1,0,0,"-32.94487, -60.66211",Calle,,ROSARIO,Rosario,Asfalto,S/D,II,S/D,Urbana,S/D,S/D,Intersección,Bueno,S/D,Diurna,S/D,S/D,S/D,Colisión,S/D,S/D,S/D,S/D
2020,4925,2020-12-15,Martes,20:40:00,,0,2,"Bicicleta,Pickup/Utilitario",Av. Francia Y Fragata Sarmiento,2,1,0,0,1,0,0,"-32.98794, -60.67713",Calle,,ROSARIO,Rosario,Asfalto,No existe,II,Dentro,Urbana,Ninguna,No existe,Intersección,Bueno,Buena,Nocturna,Buen Tiempo,S/D,Ciclista,Atropello,Ninguna,Faltante,Ninguna,Sin restricción
2020,4926,2020-11-06,Viernes,18:30:00,,0,2,"Bicicleta,Otros",San Martin Y Marconi,2,1,0,0,0,0,1,"-33.19078, -60.47038",Calle,,FIGHIERA,Rosario,Asfalto,Pavimento,II,S/D,Urbana,Semáforo,Funciona,Intersección,Bueno,Buena,Atardecer,Buen Tiempo,Otro,Ciclista,Atropello,Ninguna,Faltante,Cordón divisorio,Sin restricción
2020,4927,2020-12-15,Martes,11:30:00,,0,2,"Moto/Ciclomotor,Pickup/Utilitario",Callao Y Uruguay,2,1,0,0,1,0,0,"-32.97285, -60.66774",Calle,,ROSARIO,Rosario,Asfalto,No existe,II,S/D,Urbana,Ninguna,No existe,Intersección,Bueno,Buena,Diurna,Buen Tiempo,Lateral,S/D,Colisión,Ninguna,Faltante,Ninguna,Sin restricción
2020,4928,2020-10-26,Lunes,9:56:00,,0,2,"Moto/Ciclomotor,Moto/Ciclomotor",Avenida Chubut,2,1,1,0,0,0,0,"    -31.4472, -61.7042",Calle,,CLUCELLAS,Castellanos,Asfalto,S/D,V,Dentro,Urbana,Ninguna,No existe,Intersección,Bueno,Buena,Diurna,S/D,Lateral,S/D,Colisión,Ninguna,S/D,S/D,S/D
2020,4929,2020-10-22,Jueves,21:40:00,,0,2,"Peatón,Automóvil",Bv. Avellaneda Y Dean Funes,2,1,0,0,1,0,0,"-32.96829, -60.68646",Calle,,ROSARIO,Rosario,Asfalto,No existe,II,Dentro,Urbana,Ninguna,No existe,Intersección,Bueno,Buena,"Nocturna,Con luz artificial",Buen Tiempo,S/D,Peatón,Atropello,Ninguna,Faltante,Ninguna,Sin restricción
2020,4930,2020-07-20,Lunes,20:00:00,,0,2,"Moto/Ciclomotor,Moto/Ciclomotor",General Lopez Y España,3,1,1,0,0,1,0,"-32.7241, -60.73346",Calle,,SAN LORENZO,San Lorenzo,Asfalto,No existe,XVII,Dentro,Urbana,Ninguna,No existe,Intersección,Bueno,S/D,Nocturna,S/D,S/D,S/D,Colisión,Ninguna,Faltante,Ninguna,Sin restricción
2020,4931,2020-08-05,Miercoles,9:30:00,,0,2,"Automóvil,Moto/Ciclomotor",Av. Pellegrini Y Bv. Avellaneda,2,1,0,0,1,0,0,"-32.949882933661,-60.681734020985",Avenida,,ROSARIO,Rosario,Asfalto,No existe,II,Dentro,Urbana,Semáforo,Funciona,Intersección,Bueno,Buena,Diurna,Buen Tiempo,Lateral,S/D,Colisión,Ninguna,"Horizontal,Vertical",Ninguna,Sin restricción
2020,4932,2020-11-06,Viernes,16:50:00,,0,2,"Automóvil,Pickup/Utilitario",Av Juan Domingo Peron Y Maipu,2,0,0,0,0,0,2,"-33.01219, -60.61581",S/D,,VILLA GOBERNADOR GÁLVEZ,Rosario,Asfalto,No existe,II,S/D,Urbana,S/D,No existe,Recta,Bueno,Buena,Diurna,S/D,S/D,S/D,S/D,Ninguna,Faltante,S/D,S/D
2020,4933,2020-12-15,Martes,19:00:00,,0,3,"Bicicleta,Moto/Ciclomotor,Pickup/Utilitario",Bv. Avellaneda Y Bv. Segui,3,2,0,0,1,0,0,"-32.97168, -60.68728",Calle,,ROSARIO,Rosario,Asfalto,No existe,II,Dentro,Urbana,Ninguna,No existe,Intersección,Bueno,Buena,Atardecer,Buen Tiempo,Múltiple,Ciclista,"Colisión,Atropello",Ninguna,Faltante,Cordón divisorio,Sin restricción
2020,4934,2020-08-27,Jueves,14:30:00,,0,2,"Bicicleta,Pickup/Utilitario",Garay Y Necochea,2,1,0,0,1,0,0,"-32.976983537674,-60.63122438499",Calle,,ROSARIO,Rosario,Asfalto,No existe,II,Dentro,Urbana,Ninguna,No existe,Intersección,Bueno,Buena,Diurna,Buen Tiempo,S/D,Ciclista,Atropello,Ninguna,Faltante,Ninguna,Sin restricción
2020,4935,2020-10-22,Jueves,16:50:00,,0,2,"Moto/Ciclomotor,Moto/Ciclomotor",Bv. Segui Y Camilo Aldao,3,0,2,0,1,0,0,"-32.97061, -60.6948",Avenida,,ROSARIO,Rosario,S/D,S/D,II,S/D,Urbana,Ninguna,No existe,Intersección,S/D,Buena,Diurna,Buen Tiempo,S/D,S/D,Colisión,S/D,Faltante,Ninguna,Sin restricción
2020,4936,2020-08-11,Martes,8:40:00,,0,3,"Taxi/Remis,Pickup/Utilitario,Automóvil",Benito Juarez Y Entre Rios,4,2,0,0,2,0,0,"-32.99300283193588,-60.652242600917",Calle,,ROSARIO,Rosario,Asfalto,No existe,II,Dentro,Urbana,Ninguna,No existe,Intersección,Bueno,Buena,Diurna,Buen Tiempo,Múltiple,S/D,Colisión,Ninguna,Faltante,Ninguna,Sin restricción
2020,4937,2020-07-20,Lunes,22:15:00,Ruta Provincial 2,315,2,"Camión c / Semirremolque,Camión c / Acoplado",,2,1,0,0,0,1,0,"-29.53841, -61.71308",Ruta,2,LOGROÑO,9 de Julio,Asfalto,Natural,XII,Dentro,Rural,Ninguna,No existe,Recta,Bueno,Buena,Nocturna,Buen Tiempo,Frontal,S/D,Colisión,Ninguna,Faltante,Línea divisoria pintada,Sin restricción
2020,4938,2020-11-05,Jueves,19:30:00,,0,2,"Moto/Ciclomotor,Bicicleta",Av Filipini Y Lavalle,2,1,0,0,1,0,0,"-33.02518, -60.63714",Calle,,VILLA GOBERNADOR GÁLVEZ,Rosario,S/D,S/D,II,S/D,Urbana,S/D,S/D,Intersección,S/D,S/D,S/D,S/D,S/D,Ciclista,Atropello,S/D,S/D,S/D,S/D
2020,4939,2020-08-01,Sabado,15:00:00,,0,2,"Moto/Ciclomotor,Peatón",Av. Pte.Peron Y Cafferata,2,0,0,0,1,1,0,"-32.956525407357,-60.674982896756",Avenida,,ROSARIO,Rosario,Asfalto,No existe,II,Dentro,Urbana,Semáforo,Funciona,Intersección,Bueno,Buena,Diurna,Buen Tiempo,S/D,Peatón,Atropello,Ninguna,"Horizontal,Vertical","Cordón divisorio,Ninguna",Sin restricción
2020,4940,2020-12-10,Jueves,17:30:00,,0,2,"Moto/Ciclomotor,Pickup/Utilitario",Garibaldi,4,2,0,0,2,0,0,"-32.97872, -60.68846",Avenida,,ROSARIO,Rosario,Asfalto,No existe,II,Dentro,Urbana,Ninguna,No existe,Intersección,Bueno,Buena,Diurna,Buen Tiempo,Lateral,S/D,Colisión,Ninguna,Faltante,Cordón divisorio,Sin restricción
2020,4941,2020-10-22,Jueves,7:35:00,,0,2,"Moto/Ciclomotor,Pickup/Utilitario",J.B.Justo Y Mariano Cabal Bis,2,1,0,0,1,0,0,"-32.91462, -60.7028",Calle,,ROSARIO,Rosario,Asfalto,No existe,II,Dentro,Rural,Ninguna,No existe,Intersección,Bueno,Buena,Amanecer,Buen Tiempo,S/D,S/D,Colisión,Ninguna,Faltante,Ninguna,Sin restricción
2020,4942,2020-10-30,Viernes,17:40:00,,0,2,"Moto/Ciclomotor,Moto/Ciclomotor",Coronel Dominguez Y Cordoba,3,3,0,0,0,0,0,"    -31.76303, -61.31615",Calle,,SANTA CLARA DE BUENA VISTA,Las Colonias,Asfalto,S/D,XI,S/D,Urbana,Ninguna,No existe,Intersección,Bueno,Buena,Diurna,Buen Tiempo,Múltiple,S/D,Colisión,Ninguna,Faltante,Ninguna,Sin restricción
2020,4943,2020-12-11,Viernes,9:00:00,,0,2,"Automóvil,Automóvil",Cereseto Y Cazadores,2,1,0,0,1,0,0,"-33.00479, -60.67379",Calle,,ROSARIO,Rosario,Asfalto,No existe,II,Dentro,Urbana,Señal Pare,No existe,Intersección,Bueno,Buena,Diurna,Buen Tiempo,Lateral,S/D,Colisión,Ninguna,Vertical,Ninguna,Sin restricción
2020,4944,2020-12-09,Miercoles,14:30:00,,0,2,"Moto/Ciclomotor,Automóvil",Pueyrredon,2,1,0,0,1,0,0,"-32.94217, -60.65716",Calle,,ROSARIO,Rosario,Asfalto,No existe,II,Dentro,Urbana,Ninguna,No existe,Intersección,Bueno,Buena,Diurna,Buen Tiempo,Otro,S/D,Colisión,Ninguna,Faltante,Ninguna,Sin restricción
2020,4945,2020-10-26,Lunes,,,0,2,"Moto/Ciclomotor,Pickup/Utilitario",Guemes Y Domingo Faustino Sarmineto,2,1,0,0,1,0,0,"    -31.5508, -61.07803",Calle,,SAN JERÓNIMO NORTE,Las Colonias,Asfalto,No existe,XI,Dentro,Urbana,Ninguna,No existe,Intersección,Bueno,Buena,Diurna,Buen Tiempo,Frontal,S/D,Colisión,Ninguna,S/D,Ninguna,Sin restricción
2020,4946,2020-11-03,Martes,5:30:00,,0,2,"Moto/Ciclomotor,Automóvil",Rosario Y Bolivar,2,1,0,0,1,0,0,"-33.02783, -60.63265",Calle,,VILLA GOBERNADOR GÁLVEZ,Rosario,Ripio,Ripio,II,S/D,Urbana,S/D,S/D,Intersección,S/D,Buena,Diurna,S/D,S/D,S/D,S/D,S/D,S/D,S/D,S/D
2020,4947,2020-10-22,Jueves,16:20:00,Ruta Provincial 21,7,3,"Automóvil,Pickup/Utilitario,Automóvil",,4,1,0,0,3,0,0,"-33.06578, -60.58808",Ruta,21,ALVEAR,Rosario,Asfalto,Pavimento,II,Dentro,Urbana,Señal Ceda el Paso,No existe,Intersección,Bueno,Buena,Diurna,Buen Tiempo,Múltiple,S/D,Colisión,Ninguna,"Horizontal,Vertical","Cordón divisorio,Línea divisoria pintada",Sin restricción
2020,4948,2020-07-21,Martes,18:50:00,Ruta Nacional 98,5.3,3,"Otros,Moto/Ciclomotor,Pickup/Utilitario",,3,0,0,0,2,1,0,"-29.45872, -60.25264",Ruta,98,VERA,Vera,Asfalto,Natural,XIX,Dentro,Rural,Policía de tránsito,No existe,Recta,Bueno,Buena,Diurna,Buen Tiempo,"De alcance,Múltiple",S/D,Colisión,Ninguna,Faltante,Ninguna,Accidente Previo
2020,4949,2020-12-13,Domingo,3:45:00,,0,2,"Moto/Ciclomotor,Automóvil",Baigorria Y Pizurno,3,1,0,0,0,0,2,"-32.89378, -60.71175",Calle,,ROSARIO,Rosario,Asfalto,S/D,II,S/D,Urbana,S/D,S/D,Recta,S/D,S/D,S/D,S/D,S/D,S/D,Colisión,S/D,S/D,S/D,S/D
2020,4950,2020-11-08,Domingo,12:35:00,,0,2,"Vehículo Oficial,Moto/Ciclomotor",San Nicolas Y Pellegrini,3,1,0,0,2,0,0,"-33.03165, -60.63978",Calle,,VILLA GOBERNADOR GÁLVEZ,Rosario,Asfalto,No existe,II,S/D,Urbana,S/D,S/D,Intersección,Bueno,S/D,S/D,S/D,S/D,S/D,S/D,S/D,S/D,S/D,S/D
2020,4951,2020-08-27,Jueves,12:30:00,,0,2,"Bicicleta,Moto/Ciclomotor",Ayolas Y San Martin,2,1,0,0,1,0,0,"-32.97705220995,-60.644243945969",Calle,,ROSARIO,Rosario,Asfalto,No existe,II,Dentro,Urbana,Semáforo,Funciona,Intersección,Bueno,Buena,Diurna,Buen Tiempo,S/D,Ciclista,Atropello,Ninguna,"Horizontal,Vertical",Línea divisoria pintada,Sin restricción
2020,4952,2020-08-01,Sabado,11:20:00,,0,2,"Moto/Ciclomotor,Automóvil",Bv. 27 De Febrero Y Guatemala,3,0,1,0,1,0,1,"-32.959478489479,-60.716479807553",Avenida,,ROSARIO,Rosario,Asfalto,No existe,II,Dentro,Urbana,Semáforo,Funciona,Intersección,Bueno,Buena,Diurna,Buen Tiempo,Lateral,S/D,Colisión,Ninguna,"Horizontal,Vertical",Cordón divisorio,Sin restricción
2020,4953,2020-12-13,Domingo,7:30:00,,0,2,"Moto/Ciclomotor,Automóvil",Baigorria Y Lopez Buchardo,2,1,0,0,0,0,1,"-32.89392, -60.71778",Calle,,ROSARIO,Rosario,Asfalto,S/D,II,S/D,Urbana,S/D,S/D,Intersección,Bueno,S/D,Diurna,S/D,S/D,S/D,Colisión,S/D,S/D,S/D,S/D
2020,4954,2020-11-05,Jueves,20:40:00,,0,2,"Moto/Ciclomotor,Automóvil",Oroño Y ALBERDI,4,3,0,0,1,0,0,"-33.06761, -60.58505",S/D,,PUEBLO ESTHER,Rosario,Asfalto,No existe,II,S/D,S/D,S/D,No existe,Curva,S/D,S/D,S/D,S/D,S/D,S/D,S/D,S/D,S/D,S/D,S/D
2020,4955,2020-10-22,Jueves,8:30:00,,0,2,"Moto/Ciclomotor,Moto/Ciclomotor",Independencia Y San Nicolas,2,1,0,0,1,0,0,"-33.16051, -60.50371",Avenida,,ARROYO SECO,Rosario,Asfalto,S/D,II,Dentro,Urbana,Ninguna,S/D,Intersección,"Con baches,Ahuellamiento",S/D,Diurna,Buen Tiempo,Lateral,S/D,Colisión,Ninguna,Faltante,Ninguna,Sin restricción
2020,4956,2020-12-16,Miercoles,,,0,2,"Automóvil,Automóvil",Larrechea Y Pje. Boedo,4,1,1,0,2,0,0,"-32.89843, -60.70612",Calle,,ROSARIO,Rosario,Asfalto,Pavimento,II,S/D,Urbana,S/D,No existe,Intersección,Otro,S/D,S/D,S/D,S/D,S/D,Colisión,Agua,S/D,Ninguna,S/D
2020,4957,2020-08-02,Domingo,21:30:00,,0,2,"Pickup/Utilitario,Moto/Ciclomotor",Rueda Y San Nicolas,3,1,1,0,1,0,0,"-32.964922111728,-60.678539736189",Calle,,ROSARIO,Rosario,Asfalto,No existe,II,Dentro,Urbana,Ninguna,No existe,Intersección,Bueno,Buena,"Nocturna,Con luz artificial",Buen Tiempo,Lateral,S/D,Colisión,Ninguna,Faltante,Ninguna,Sin restricción
2020,4958,2020-10-30,Viernes,,Ruta Provincial 70,0,2,"Automóvil,Moto/Ciclomotor",San Martin Y Ruta provincial 70,3,2,0,0,1,0,0,"    -31.44294, -60.92855",Ruta,70,ESPERANZA,Las Colonias,Asfalto,No existe,XI,Dentro,Urbana,S/D,No existe,Intersección,Bueno,Buena,Diurna,Buen Tiempo,S/D,S/D,Colisión,Ninguna,S/D,Cordón divisorio,Sin restricción
2020,4959,2020-08-26,Miercoles,19:30:00,,0,2,"Moto/Ciclomotor,Pickup/Utilitario",Marco Polo Y Pje. Elizalde A,2,1,0,0,1,0,0,"-33.01067054271698,-60.640515983104",Calle,,ROSARIO,Rosario,Asfalto,No existe,II,Dentro,Urbana,Ninguna,No existe,Intersección,Bueno,Buena,"Nocturna,Con luz artificial",Buen Tiempo,Lateral,S/D,Colisión,Ninguna,Faltante,Ninguna,Sin restricción
2020,4960,2020-10-22,Jueves,8:40:00,,0,2,"Automóvil,Moto/Ciclomotor",1 de Mayo Y Italia,2,1,0,0,1,0,0,"-32.99947, -60.77668",Calle,,PEREZ,Rosario,Asfalto,No existe,II,Dentro,Urbana,Ninguna,No existe,Intersección,Bueno,Buena,Diurna,Buen Tiempo,Frontal,S/D,Colisión,Ninguna,S/D,Ninguna,Sin restricción
2020,4961,2020-11-05,Jueves,17:55:00,,0,2,"Moto/Ciclomotor,Automóvil",Av Gral San Martin Y Moreno,2,1,0,0,1,0,0,"-33.02463, -60.62588",Calle,,VILLA GOBERNADOR GÁLVEZ,Rosario,Asfalto,No existe,II,Dentro,Urbana,Ninguna,No existe,Intersección,Bueno,S/D,Diurna,Buen Tiempo,Lateral,S/D,Colisión,Ninguna,Faltante,Ninguna,Sin restricción
2020,4962,2020-11-07,Sabado,1:40:00,,0,2,"Moto/Ciclomotor,Taxi/Remis",Av Gral San Martin Y Libertad,2,0,1,0,1,0,0,"-33.02108, -60.62981",Calle,,VILLA GOBERNADOR GÁLVEZ,Rosario,Asfalto,No existe,II,Dentro,Urbana,Ninguna,No existe,Intersección,Bueno,Buena,Con luz artificial,Buen Tiempo,Frontal,S/D,Colisión,Ninguna,Faltante,Ninguna,Sin restricción
2020,4963,2020-08-09,Domingo,16:25:00,,0,2,"Moto/Ciclomotor,Moto/Ciclomotor",Av. Battle y Ordo�ez Y Hungria,3,3,0,0,0,0,0,"-33.00837457180023,-60.633467137813",Avenida,,ROSARIO,Rosario,Asfalto,No existe,II,Dentro,Urbana,Ninguna,No existe,Intersección,Bueno,Buena,Diurna,Buen Tiempo,Lateral,S/D,Colisión,Ninguna,Faltante,Ninguna,Sin restricción
2020,4964,2020-10-22,Jueves,20:05:00,Autopista Provincial Brigadier E.LÓPEZ,153,1,Automóvil,,1,1,0,0,0,0,0,"-31.62339, -60.74375",Autopista,Brigadier E.LÓPEZ,SANTO TOMÉ,La Capital,Asfalto,S/D,I,S/D,Urbana,S/D,No existe,Recta,Bueno,Buena,Nocturna,Buen Tiempo,S/D,S/D,Despiste,S/D,S/D,S/D,S/D
2020,4965,2020-08-02,Domingo,17:50:00,,0,2,"Moto/Ciclomotor,Pickup/Utilitario",J.Colombres Y Rivarola,3,1,1,0,1,0,0,"-32.966174228332,-60.724752212708",Avenida,,ROSARIO,Rosario,Asfalto,No existe,II,Dentro,Urbana,Paso Peatonal,No existe,Intersección,Bueno,Buena,Diurna,Buen Tiempo,Lateral,S/D,Colisión,Ninguna,Horizontal,Cordón divisorio,Sin restricción
2020,4967,2020-10-27,Martes,16:30:00,,0,2,"Moto/Ciclomotor,Pickup/Utilitario",San Martin Y Pje I Mulin,2,0,1,0,1,0,0,"    -31.71896, -61.09083",Calle,,SAN CARLOS CENTRO,Las Colonias,Asfalto,No existe,XI,Dentro,Urbana,Ninguna,No existe,Recta,Bueno,Buena,Atardecer,Buen Tiempo,Otro,S/D,Colisión,Ninguna,"Horizontal,Vertical",Ninguna,Accidente Previo
2020,4968,2020-07-22,Miercoles,21:00:00,Autopista Nacional Rosario -Cordoba,385,2,"Pickup/Utilitario,Camión c / Acoplado",,2,0,0,0,1,1,0,"-32.79497, -61.48327",Autopista,Rosario -Cordoba,ARMSTRONG,Belgrano,Asfalto,Natural,III,Dentro,Rural,Ninguna,No existe,Recta,Bueno,Buena,Nocturna,Buen Tiempo,De alcance,S/D,Colisión,Ninguna,Faltante,Ninguna,Sin restricción
2020,4969,2020-10-23,Viernes,20:15:00,,0,2,"Automóvil,Bicicleta",Av San Martin Y Congreso,2,1,0,0,1,0,0,"-32.76321, -60.73241",Avenida,,SAN LORENZO,San Lorenzo,S/D,S/D,XVII,S/D,Urbana,S/D,S/D,Intersección,S/D,S/D,Nocturna,S/D,S/D,Ciclista,Atropello,S/D,S/D,S/D,S/D
2020,4970,2020-08-02,Domingo,21:30:00,,0,2,"Moto/Ciclomotor,Camión Chasis",JUAN PABLO II Y SAN LORENZO,2,0,1,0,1,0,0,"-32.934801,-60.72216",Calle,,ROSARIO,Rosario,Asfalto,No existe,II,Dentro,Urbana,Ninguna,No existe,Intersección,Bueno,Buena,"Diurna,Con luz artificial",Buen Tiempo,Lateral,S/D,Colisión,Ninguna,Faltante,Ninguna,Sin restricción
2020,4971,2020-08-07,Viernes,14:10:00,,0,2,"Automóvil,Moto/Ciclomotor",P.L.Funes Y Riobamba,2,1,0,0,1,0,0,"-32.954207412588,-60.700631386893",Calle,,ROSARIO,Rosario,Asfalto,No existe,II,Dentro,Urbana,Otra Señal,No existe,Intersección,Deteriorada,Buena,Diurna,Buen Tiempo,Lateral,S/D,Colisión,S/D,Vertical,Ninguna,Sin restricción
2020,4972,2020-12-11,Viernes,9:30:00,,0,1,Moto/Ciclomotor,Entre Rios Y Biedma,2,1,0,0,1,0,0,"-32.98087,-60.64975",Calle,,ROSARIO,Rosario,Asfalto,No existe,II,Dentro,Urbana,Ninguna,No existe,Intersección,Bueno,Buena,Diurna,Buen Tiempo,S/D,S/D,Cañda ocupante,Ninguna,Faltante,Ninguna,Sin restricción
2020,4973,2020-11-07,Sabado,14:00:00,,0,2,"Bicicleta,Automóvil",Av Gral San Martin Y I A Edison,2,1,0,0,1,0,0,"-33.01635, -60.62692",Calle,,VILLA GOBERNADOR GÁLVEZ,Rosario,Asfalto,No existe,II,Dentro,Urbana,Ninguna,No existe,Intersección,Bueno,Buena,Diurna,Buen Tiempo,S/D,Ciclista,Atropello,Ninguna,Faltante,Ninguna,Sin restricción
2020,4974,2020-12-12,Sabado,14:00:00,,0,2,"Moto/Ciclomotor,Automóvil",24 De Setiembre Y Paraguay,2,0,1,0,0,0,1,"-32.97925, -60.65224",Calle,,ROSARIO,Rosario,Asfalto,No existe,II,Dentro,Urbana,Ninguna,No existe,Intersección,Bueno,Buena,Diurna,Buen Tiempo,Lateral,S/D,Colisión,Ninguna,Faltante,Ninguna,Sin restricción
2020,4975,2020-08-01,Sabado,19:30:00,Ruta Nacional 11,374.2,2,"Pickup/Utilitario,Moto/Ciclomotor",,3,1,0,0,1,1,0,"-32.37827,-60.9327",Ruta,11,MONJE,San JERÓNIMO,Asfalto,Natural,XV,S/D,Rural,Ninguna,No existe,Recta,Bueno,S/D,Nocturna,S/D,S/D,S/D,Colisión,Ninguna,Faltante,"Ninguna,S/D",Sin restricción
2020,4976,2020-08-27,Jueves,8:20:00,,0,2,"Moto/Ciclomotor,Automóvil",Mendoza Y Sanchez de Loria,2,1,0,0,1,0,0,"-32.940159392325,-60.731705817545",Calle,,ROSARIO,Rosario,Asfalto,No existe,II,Dentro,Urbana,Semáforo,Funciona,Recta,Bueno,Buena,Diurna,Buen Tiempo,De alcance,S/D,Colisión,Ninguna,Vertical,Cordón divisorio,Sin restricción
2020,4977,2020-07-24,Viernes,13:30:00,,0,2,"Moto/Ciclomotor,Automóvil",Iturraspe Y Av Pte Peron,2,1,0,0,0,1,0,"-31.6257, -60.71845",Calle,,SANTA FE,La Capital,Asfalto,No existe,I,Dentro,Urbana,Semáforo,Funciona,Intersección,Bueno,Buena,Diurna,Buen Tiempo,Lateral,S/D,Colisión,Ninguna,Vertical,Línea divisoria pintada,Sin restricción
2020,4978,2020-08-18,Martes,13:25:00,,0,2,"Moto/Ciclomotor,Moto/Ciclomotor",Cochabamba Y Cullen,3,3,0,0,0,0,0,"-32.949681806793,-60.708690720642",Calle,,ROSARIO,Rosario,Asfalto,No existe,II,Dentro,Urbana,Ninguna,No existe,Intersección,Bueno,Buena,Diurna,Buen Tiempo,Lateral,S/D,Colisión,Ninguna,Faltante,Ninguna,Sin restricción
2020,4979,2020-11-01,Domingo,7:30:00,,0,2,"Automóvil,Automóvil",Bv San diego Y Andreu,5,5,0,0,0,0,0,"-33.01873, -60.61366",Calle,,VILLA GOBERNADOR GÁLVEZ,Rosario,Asfalto,No existe,II,Dentro,Urbana,Ninguna,No existe,Intersección,Bueno,Buena,Diurna,Buen Tiempo,Lateral,S/D,Colisión,Ninguna,Faltante,Ninguna,Sin restricción