anio_acci,nro_acci,fecha,desc_dia,hora_aprox,desc_ruta,km,cant_participantes,desc_participante,calle_avenida_km,total,heridos_leves,heridos_graves,heridos_gravisimos,ilesos,fallecidos,sin_datos,posicion_XY,desc_tipo_via,desc_ruta_ori,desc_loc,desc_dpto,desc_tipo_calzada,desc_tipo_banquina,desc_unidad_regional,desc_lugar_calzada,desc_zona,desc_prioridad,desc_estado_semaforo,desc_lugar_via,desc_estado_via,desc_estado_visibilidad,desc_luminosidad,desc_estado_clima,desc_tipo_colision,desc_tipo_atropello,desc_tipo_hecho,desc_pres_calzada,desc_senializacion,desc_separacion_via,desc_restriccion
2020,4980,2020-10-21,Miercoles,9:10:00,Ruta Provincial 70,20,2,"Camión c / Semirremolque,Camión c / Semirremolque",,2,1,0,0,1,0,0,"-31.4418, -60.93315",Ruta,70,ESPERANZA,Las Colonias,Asfalto,Pavimento,XI,Dentro,Urbana,Ninguna,No existe,Intersección,Bueno,Buena,Diurna,Buen Tiempo,S/D,S/D,Colisión,Ninguna,Horizontal,Línea divisoria pintada,Sin restricción
2020,4981,2020-12-14,Lunes,16:30:00,,0,2,"Peatón,Automóvil",San Martin Y Saavedra,2,1,0,0,1,0,0,"-32.97829, -60.64408",Calle,,ROSARIO,Rosario,Asfalto,No existe,II,Dentro,Urbana,Ninguna,No existe,Intersección,Bueno,Buena,Diurna,Buen Tiempo,S/D,Peatón,Atropello,Ninguna,Faltante,Ninguna,Sin restricción
2020,4982,2020-08-17,Lunes,23:30:00,,0,2,"Moto/Ciclomotor,Automóvil",Bv. Avellaneda Y Ocampo,2,1,0,0,1,0,0,"-32.95909411361,-60.684284768591",Avenida,,ROSARIO,Rosario,Asfalto,No existe,II,Dentro,Urbana,Ninguna,No existe,Intersección,Bueno,Buena,"Nocturna,Con luz artificial",Buen Tiempo,Lateral,S/D,Colisión,Ninguna,Faltante,Cordón divisorio,Sin restricción
2020,4983,2020-08-06,Jueves,9:40:00,,0,2,"Peatón,Moto/Ciclomotor",Av. Eva Peron Y Av. Provincias Unidas,2,1,0,0,1,0,0,"-32.933028638362885,-60.71302413940",Avenida,,ROSARIO,Rosario,Asfalto,No existe,II,Dentro,Urbana,Semáforo,Funciona,Intersección,Bueno,Buena,Diurna,Buen Tiempo,S/D,Peatón,Atropello,Ninguna,"Horizontal,Vertical",Cordón divisorio,Sin restricción
2020,4984,2020-11-04,Miercoles,18:45:00,,0,2,"Moto/Ciclomotor,Otros",Donado Y Morrison,2,0,1,0,1,0,0,"-32.92542, -60.72757",Calle,,ROSARIO,Rosario,Asfalto,No existe,II,Dentro,Urbana,Ninguna,No existe,Intersección,Bueno,Buena,Diurna,Buen Tiempo,Otro,S/D,Colisión,Ninguna,S/D,Ninguna,Sin restricción
2020,4985,2020-10-18,Domingo,0:00:00,,0,2,"Bicicleta,Pickup/Utilitario",Av. Francia Y Cerrito,2,1,0,0,1,0,0,"-32.95699, -60.66934",Calle,,ROSARIO,Rosario,Asfalto,S/D,II,S/D,Urbana,Ninguna,S/D,Intersección,Bueno,Buena,Atardecer,Buen Tiempo,S/D,Ciclista,Atropello,Ninguna,Faltante,Ninguna,Sin restricción
2020,4986,2020-11-07,Sabado,13:25:00,,0,2,"Peatón,Automóvil",Av. Eva Peron Y Donado,3,1,0,0,2,0,0,"-32.93034, -60.72732",Avenida,,ROSARIO,Rosario,Asfalto,No existe,II,Dentro,Urbana,S/D,Funciona,Recta,Bueno,Buena,Diurna,S/D,S/D,Peatón,Atropello,Ninguna,S/D,S/D,S/D
2020,4987,2020-08-16,Domingo,17:50:00,,0,2,"Moto/Ciclomotor,Moto/Ciclomotor",Cochabamba Y Gutenberg,2,1,0,0,1,0,0,"-32.949667, -60.690354",Calle,,ROSARIO,Rosario,Asfalto,No existe,II,Dentro,Urbana,Ninguna,S/D,Intersección,Bueno,Buena,Diurna,Buen Tiempo,Frontal,S/D,Colisión,Ninguna,S/D,Ninguna,Sin restricción
2020,4988,2020-08-14,Viernes,13:40:00,,0,2,"Moto/Ciclomotor,Camión Chasis",Av. Eva Peron Y Ecuador,2,1,0,0,1,0,0,"-32.932503962048,-60.715387113449",Avenida,,ROSARIO,Rosario,Asfalto,No existe,II,Dentro,Urbana,Semáforo,Funciona,Intersección,Deteriorada,Buena,Diurna,Buen Tiempo,Lateral,S/D,Colisión,Ninguna,"Horizontal,Vertical",Cordón divisorio,Sin restricción
2020,4989,2020-10-23,Viernes,7:50:00,,0,2,"Moto/Ciclomotor,Automóvil",Montevideo Y Balcarce,3,2,0,0,1,0,0,"-32.948304491534,-60.684290389195",Calle,,ROSARIO,Rosario,Asfalto,No existe,II,S/D,Urbana,Ninguna,No existe,Intersección,S/D,S/D,Diurna,S/D,S/D,S/D,Colisión,S/D,Faltante,"Ninguna,S/D",S/D
2020,4990,2020-11-07,Sabado,9:20:00,,0,3,"Taxi/Remis,Moto/Ciclomotor,Automóvil",Av. Eva Peron,4,1,0,0,3,0,0,"-32.93173, -60.72006",Avenida,,ROSARIO,Rosario,S/D,S/D,II,Dentro,Urbana,S/D,S/D,S/D,S/D,S/D,S/D,S/D,S/D,S/D,S/D,S/D,S/D,S/D,S/D
2020,4991,2020-12-09,Miercoles,9:15:00,,0,2,"Moto/Ciclomotor,Taxi/Remis",Paraguay Y Bv. Segui,2,1,0,0,1,0,0,"-32.97816, -60.65195",Calle,,ROSARIO,Rosario,Asfalto,S/D,II,Dentro,Urbana,Ninguna,No existe,Intersección,Bueno,Buena,Diurna,Buen Tiempo,Lateral,S/D,Colisión,Ninguna,Faltante,Ninguna,Sin restricción
2020,4992,2020-08-28,Viernes,0:20:00,,0,2,"Moto/Ciclomotor,Automóvil",Av. Eva Peron Y Av. Provincias Unidas,3,0,2,0,1,0,0,"-32.93303132057192,-60.713002681732",Avenida,,ROSARIO,Rosario,Asfalto,No existe,II,Dentro,Urbana,Semáforo,Funciona,Intersección,Bueno,Buena,Nocturna,Buen Tiempo,Lateral,S/D,Colisión,Ninguna,"Horizontal,Vertical",Cordón divisorio,Sin restricción
2020,4993,2020-10-23,Viernes,15:30:00,,0,2,"Moto/Ciclomotor,Automóvil",Falucho Y Franciscanos,3,2,0,0,1,0,0,"-32.7352, -60.74825",Calle,,SAN LORENZO,San Lorenzo,S/D,S/D,XVII,S/D,Urbana,S/D,S/D,Intersección,S/D,S/D,Diurna,S/D,S/D,S/D,Colisión,S/D,S/D,S/D,S/D
2020,4994,2020-11-01,Domingo,0:05:00,,0,2,"Moto/Ciclomotor,Taxi/Remis",Tarragona Bis Y J.J.Paso,5,1,1,0,3,0,0,"-32.92077, -60.73505",Calle,,ROSARIO,Rosario,Asfalto,S/D,II,Dentro,Urbana,S/D,S/D,Intersección,Bueno,S/D,S/D,S/D,S/D,S/D,S/D,Ninguna,S/D,S/D,S/D
2020,4995,2020-12-11,Viernes,22:45:00,,0,2,"Moto/Ciclomotor,Automóvil",Callao Bis Y Guemes,2,1,0,0,1,0,0,"-32.93202, -60.65745",Calle,,ROSARIO,Rosario,Asfalto,No existe,II,S/D,Urbana,Ninguna,No existe,Recta,Bueno,Buena,Nocturna,Buen Tiempo,De alcance,S/D,Colisión,Ninguna,Faltante,Ninguna,Sin restricción
2020,4996,2020-10-23,Viernes,15:20:00,,0,2,"Automóvil,Pickup/Utilitario",Pte Hipolito Irigoyen Y America,3,2,0,0,1,0,0,"-32.70505, -60.7467",Calle,,PUERTO SAN MARTÍN,San Lorenzo,Asfalto,Natural,XVII,S/D,Rural,Ninguna,No existe,Intersección,Ahuellamiento,Buena,Diurna,Buen Tiempo,Lateral,S/D,Colisión,Ninguna,Horizontal,Ninguna,Sin restricción
2020,4997,2020-10-23,Viernes,19:00:00,Ruta Nacional 11,15,2,"Moto/Ciclomotor,Automóvil",,2,1,0,0,1,0,0,"-32.73388, -60.74249",Ruta,11,SAN LORENZO,San Lorenzo,Asfalto,Pavimento,XVII,S/D,Urbana,S/D,No existe,Cruce,S/D,S/D,Atardecer,S/D,Lateral,S/D,Colisión,S/D,S/D,S/D,S/D
2020,4998,2020-08-28,Viernes,7:55:00,,0,2,"Moto/Ciclomotor,Taxi/Remis",Junin Y Matienzo,4,0,1,0,3,0,0,"-32.927095399177,-60.695185331556",Calle,,ROSARIO,Rosario,Asfalto,No existe,II,Dentro,Urbana,Ninguna,No existe,Intersección,Bueno,Buena,Diurna,Buen Tiempo,Lateral,S/D,Colisión,Ninguna,Faltante,Ninguna,Sin restricción
2020,4999,2020-08-20,Jueves,22:30:00,,0,2,"Automóvil,Automóvil",JUAN PABLO SEGUNDO Y LA PAZ,3,2,0,0,0,0,1,"-32.955992, -60.721063",Calle,,ROSARIO,Rosario,Asfalto,No existe,II,Dentro,Urbana,Señal Pare,No existe,Intersección,Bueno,Buena,"Nocturna,Con luz artificial",Buen Tiempo,Lateral,S/D,Colisión,Ninguna,Vertical,Ninguna,Sin restricción
2020,5000,2020-08-16,Domingo,22:00:00,,0,1,Moto/Ciclomotor,Bv. Segui Y Roullon,2,1,0,0,1,0,0,"-32.970795, -60.701120",Avenida,,ROSARIO,Rosario,Asfalto,No existe,II,Dentro,Urbana,Semáforo,Funciona,Recta,Bueno,Buena,"Nocturna,Con luz artificial",Buen Tiempo,S/D,S/D,Cañda ocupante,Ninguna,"Horizontal,Vertical",Línea divisoria pintada,Sin restricción
2020,5001,2020-10-28,Miercoles,18:00:00,,0,2,"Automóvil,Moto/Ciclomotor",Rivadavia Y E Wuthrich,2,1,0,0,1,0,0,"    -31.72527, -61.08969",Calle,,SAN CARLOS CENTRO,Las Colonias,Asfalto,S/D,XI,Dentro,Urbana,Ninguna,No existe,Intersección,Bueno,Buena,Atardecer,Buen Tiempo,Lateral,S/D,Colisión,Ninguna,Faltante,Cordón divisorio,Sin restricción
2020,5002,2020-08-16,Domingo,12:25:00,,0,2,"Moto/Ciclomotor,Automóvil",Sanguinetti Y Pje. Zola,2,1,0,0,1,0,0,"-32.971848, -60.695419",Calle,,ROSARIO,Rosario,Asfalto,No existe,II,Dentro,Urbana,Ninguna,No existe,Intersección,Bueno,Buena,Diurna,Buen Tiempo,Lateral,S/D,Colisión,Ninguna,Faltante,Ninguna,Sin restricción
2020,5003,2020-08-10,Lunes,17:45:00,,0,2,"Bicicleta,Automóvil",C.Larralde Y Rivarola,2,1,0,0,1,0,0,"-32.966210317667,-60.725974752313",Avenida,,ROSARIO,Rosario,Asfalto,No existe,II,Dentro,Urbana,Ninguna,No existe,Intersección,Bueno,Buena,Diurna,Buen Tiempo,S/D,Ciclista,Atropello,Ninguna,Faltante,Cordón divisorio,Sin restricción
2020,5004,2020-10-14,Miercoles,22:50:00,,0,1,Moto/Ciclomotor,,1,1,0,0,0,0,0,"    -32.78391, -61.54666",Calle,,ROSARIO,Rosario,Asfalto,Pavimento,II,Dentro,Rural,Ninguna,No existe,Rotonda,Bueno,Buena,Diurna,Buen Tiempo,Otro,S/D,Cañda ocupante,Ninguna,Horizontal,Guardarrail,Sin restricción
2020,5005,2020-12-10,Jueves,21:10:00,,0,2,"Automóvil,Moto/Ciclomotor",Medrano Y Castagnino,3,1,0,0,2,0,0,"-32.8992, -60.70042",Calle,,ROSARIO,Rosario,Asfalto,S/D,II,S/D,Urbana,Ninguna,S/D,Intersección,Bueno,S/D,S/D,Buen Tiempo,Frontal,S/D,Colisión,Ninguna,Horizontal,Barrera de hormigón,Sin restricción
2020,5006,2020-11-02,Lunes,13:35:00,,0,2,"Moto/Ciclomotor,Pickup/Utilitario",Av. Eva Peron Y Bv. Wilde,2,0,1,0,1,0,0,"-32.92824, -60.73882",Avenida,,ROSARIO,Rosario,Asfalto,No existe,II,Dentro,Urbana,Ninguna,Funciona,Curva,Bueno,Buena,Con luz artificial,Buen Tiempo,Lateral,S/D,Colisión,Ninguna,Faltante,Cordón divisorio,Sin restricción
2020,5007,2020-12-09,Miercoles,11:00:00,,0,2,"Moto/Ciclomotor,Moto/Ciclomotor",Av. Ovidio Lagos Y Cerrito,2,2,0,0,0,0,0,"-32.95772, -60.66534",Calle,,ROSARIO,Rosario,Asfalto,No existe,II,Dentro,Urbana,Ninguna,No existe,Intersección,Bueno,Buena,Diurna,Buen Tiempo,Lateral,S/D,Colisión,Ninguna,Faltante,Ninguna,Sin restricción
2020,5008,2020-11-02,Lunes,19:10:00,,0,2,"Moto/Ciclomotor,Bicicleta",J.J.Paso Y Donado,3,1,0,0,2,0,0,"-32.92074, -60.72778",Avenida,,ROSARIO,Rosario,Asfalto,No existe,II,Dentro,Urbana,Ninguna,Funciona,Recta,Bueno,Buena,Diurna,Buen Tiempo,Otro,Ciclista,Atropello,Ninguna,S/D,Ninguna,Sin restricción
2020,5009,2020-12-13,Domingo,4:20:00,,0,2,"Automóvil,Automóvil",Viamonte Y Mitre,2,1,0,0,1,0,0,"-32.96508, -60.64428",Calle,,ROSARIO,Rosario,Asfalto,No existe,II,S/D,Urbana,Señal Pare,No existe,Intersección,Bueno,Buena,"Nocturna,Con luz artificial",Buen Tiempo,Lateral,S/D,Colisión,Ninguna,Vertical,Ninguna,Sin restricción
2020,5010,2020-12-09,Miercoles,15:00:00,Ruta Secundaria 225-s,0,2,"Transporte de Pasajeros Urbano (> 8 asientos),Automóvil",Platon Y San Martin,4,1,0,0,3,0,0,"-33.02012,-60.65306",Ruta,225-s,ROSARIO,Rosario,Asfalto,No existe,II,Dentro,Urbana,Ninguna,No existe,Intersección,Bueno,Buena,Diurna,Buen Tiempo,Lateral,S/D,Colisión,Ninguna,Faltante,Ninguna,Sin restricción
2020,5011,2020-11-02,Lunes,17:40:00,,0,3,"Automóvil,Automóvil,Automóvil",Av. Eva Peron Y Donado,4,1,0,0,3,0,0,"-32.93037, -60.72733",Avenida,,ROSARIO,Rosario,Asfalto,No existe,II,Dentro,Urbana,Semáforo,Funciona,Recta,Bueno,Buena,Diurna,Buen Tiempo,Múltiple,S/D,Colisión,Ninguna,S/D,Cordón divisorio,Sin restricción
2020,5012,2020-12-13,Domingo,13:35:00,,0,2,"Moto/Ciclomotor,Automóvil",Centeno Y Patricias Argentinas,3,1,1,0,1,0,0,"-32.98708, -60.63523",Calle,,ROSARIO,Rosario,Asfalto,No existe,II,Dentro,Urbana,Ninguna,No existe,Intersección,Bueno,Buena,Diurna,Buen Tiempo,Lateral,S/D,Colisión,Ninguna,Faltante,Ninguna,Sin restricción
2020,5013,2020-08-06,Jueves,16:45:00,,0,2,"Moto/Ciclomotor,Automóvil",Av. Provincias Unidas Y French,2,0,1,0,1,0,0,"-32.92176604270935,-60.713493525981",Avenida,,ROSARIO,Rosario,Asfalto,No existe,II,Dentro,Urbana,Paso Peatonal,No existe,Intersección,S/D,Buena,Diurna,S/D,De alcance,S/D,Colisión,S/D,Horizontal,Cordón divisorio,Sin restricción
2020,5014,2020-12-12,Sabado,,,0,2,"Moto/Ciclomotor,Pickup/Utilitario",Av. Pellegrini Y Laprida,2,1,0,0,1,0,0,"-32.95803, -60.63696",Avenida,,ROSARIO,Rosario,Asfalto,S/D,II,S/D,Urbana,S/D,S/D,Recta,Bueno,S/D,Diurna,S/D,S/D,S/D,Colisión,S/D,S/D,S/D,S/D
2020,5015,2020-10-23,Viernes,15:35:00,,0,2,"Moto/Ciclomotor,Automóvil",Alfonso Duran Y Santiago de Chile,4,1,1,0,2,0,0,"-31.64362552569,-60.723624181677",Calle,,SANTA FE,La Capital,S/D,No existe,I,Dentro,Urbana,Ninguna,No existe,Intersección,Bueno,Buena,Diurna,Buen Tiempo,Lateral,S/D,Colisión,Ninguna,Faltante,Ninguna,Sin restricción
2020,5016,2020-12-10,Jueves,10:15:00,,0,2,"Moto/Ciclomotor,Pickup/Utilitario",Balcarce Y Brown,2,1,0,0,1,0,0,"-32.93465, -60.64959",Calle,,ROSARIO,Rosario,Asfalto,S/D,II,S/D,Urbana,S/D,S/D,Recta,S/D,S/D,Diurna,S/D,S/D,S/D,Colisión,S/D,S/D,S/D,S/D
2020,5017,2020-12-10,Jueves,21:15:00,,0,2,"Bicicleta,Automóvil",Bv. Oroño Y 3 De Febrero,2,1,0,0,1,0,0,"-32.95007, -60.65503",Avenida,,ROSARIO,Rosario,Asfalto,S/D,II,S/D,Urbana,S/D,S/D,Recta,S/D,S/D,Nocturna,S/D,S/D,Ciclista,Atropello,S/D,S/D,S/D,S/D
2020,5018,2020-08-10,Lunes,15:50:00,,0,2,"Transporte de Pasajeros Urbano (> 8 asientos),Moto/Ciclomotor",Junin Y P.L.Funes,2,1,0,0,1,0,0,"-32.927269269904,-60.701714142513",Calle,,ROSARIO,Rosario,Asfalto,No existe,II,Dentro,Urbana,Ninguna,No existe,Intersección,Bueno,S/D,Diurna,S/D,Lateral,S/D,Colisión,S/D,Faltante,Ninguna,S/D
2020,5019,2020-11-06,Viernes,10:30:00,,0,2,"Bicicleta,Moto/Ciclomotor",Urquiza Y Bv. Wilde,2,1,0,0,1,0,0,"-32.93413, -60.73865",Calle,,ROSARIO,Rosario,Asfalto,No existe,II,Dentro,Urbana,S/D,No existe,Intersección,Bueno,Buena,Diurna,Buen Tiempo,S/D,Ciclista,Atropello,Ninguna,S/D,S/D,Sin restricción
2020,5020,2020-10-23,Viernes,8:30:00,,0,2,"Moto/Ciclomotor,Automóvil",Iturraspe Y Av Pte Peron,2,0,0,0,0,0,2,"-31.62605, -60.71881",Avenida,,SANTA FE,La Capital,Asfalto,No existe,I,S/D,Urbana,Semáforo,Funciona,Intersección,Bueno,Buena,Diurna,Buen Tiempo,Lateral,S/D,Colisión,Ninguna,Vertical,Línea divisoria pintada,Sin restricción
2020,5021,2020-12-10,Jueves,8:00:00,,0,2,"Automóvil,Moto/Ciclomotor",San Lorenzo Y Rodriguez,4,0,1,0,3,0,0,"-32.94046, -60.65816",Calle,,ROSARIO,Rosario,Asfalto,S/D,II,S/D,Urbana,S/D,S/D,Recta,Bueno,S/D,Diurna,S/D,S/D,S/D,Colisión,S/D,S/D,S/D,S/D
2020,5022,2020-12-11,Viernes,18:30:00,,0,2,"Automóvil,Bicicleta",Av. Ovidio Lagos Y Av. Pte.Peron,2,1,0,0,1,0,0,"-32.95546, -60.66478",Avenida,,ROSARIO,Rosario,Asfalto,S/D,II,S/D,Urbana,S/D,S/D,Recta,S/D,S/D,S/D,S/D,S/D,Ciclista,Atropello,S/D,S/D,S/D,S/D
2020,5023,2020-11-07,Sabado,14:15:00,,0,2,"Automóvil,Moto/Ciclomotor",Junin Y Pje. San Geronimo,2,1,0,0,1,0,0,"-32.92708, -60.69307",Calle,,ROSARIO,Rosario,Asfalto,No existe,II,Dentro,Urbana,S/D,No existe,Recta,Otro,Buena,Diurna,S/D,S/D,S/D,S/D,S/D,Faltante,Ninguna,S/D
2020,5024,2020-10-23,Viernes,10:30:00,,0,2,"Automóvil,Moto/Ciclomotor",J Castelli Y Candioti,2,1,0,0,1,0,0,"-31.60809, -60.68689",Calle,,SANTA FE,La Capital,Asfalto,No existe,I,Dentro,Urbana,Ninguna,No existe,Intersección,Bueno,Buena,Diurna,Buen Tiempo,Lateral,S/D,Colisión,Ninguna,S/D,Ninguna,Sin restricción
2020,5025,2020-08-13,Jueves,23:50:00,,0,3,"Automóvil,Moto/Ciclomotor,Bicicleta",Av. Provincias Unidas Bis 1500,3,2,0,0,1,0,0,"-32.90936350822445,-60.714107751846",Avenida,,ROSARIO,Rosario,Asfalto,No existe,II,Dentro,Urbana,Ninguna,No existe,Recta,Bueno,Buena,Nocturna,S/D,Múltiple,Ciclista,"Colisión,Atropello",S/D,Faltante,Ninguna,Sin restricción
2020,5026,2020-11-07,Sabado,19:00:00,,0,2,"Moto/Ciclomotor,Automóvil",G.Carrasco Y Liniers,2,1,0,0,1,0,0,"-32.92061, -60.69932",Calle,,ROSARIO,Rosario,Asfalto,No existe,II,Dentro,Urbana,Ninguna,Funciona,Intersección,Deteriorada,Buena,Atardecer,Buen Tiempo,Otro,S/D,Colisión,Ninguna,Faltante,Ninguna,Sin restricción
2020,5027,2020-12-12,Sabado,22:10:00,,0,2,"Automóvil,Moto/Ciclomotor",España Y Tucuman,2,1,0,0,1,0,0,"-32.94033, -60.64533",Calle,,ROSARIO,Rosario,Asfalto,S/D,II,S/D,Urbana,S/D,S/D,Intersección,S/D,S/D,Nocturna,S/D,S/D,S/D,Colisión,S/D,S/D,S/D,S/D
2020,5028,2020-10-23,Viernes,16:30:00,Ruta Provincial 1,4,2,"Moto/Ciclomotor,Moto/Ciclomotor",,3,2,0,0,1,0,0,"-31.61941, -60.5919",Ruta,1,COLASTINE,La Capital,Asfalto,Pavimento,I,S/D,Urbana,Semáforo,Funciona,Recta,Bueno,Buena,Diurna,Buen Tiempo,Lateral,S/D,Colisión,Ninguna,Vertical,Cordón divisorio,Sin restricción
2020,5029,2020-12-15,Martes,14:40:00,,0,2,"Bicicleta,Automóvil",Dorrego Y Brown,2,1,0,0,1,0,0,"-32.93513, -60.64687",Calle,,ROSARIO,Rosario,Asfalto,S/D,II,S/D,Urbana,Señal Pare,S/D,Intersección,Bueno,S/D,Diurna,S/D,S/D,Ciclista,Atropello,S/D,S/D,S/D,S/D
2020,5030,2020-11-07,Sabado,22:55:00,,0,2,"Peatón,Pickup/Utilitario",F.More Y Gaboto,2,0,0,1,0,0,1,"-32.96461, -60.6928",Calle,,ROSARIO,Rosario,Asfalto,Pavimento,II,S/D,Urbana,Ninguna,No existe,Otro,Bueno,Buena,"Nocturna,Con luz artificial",Buen Tiempo,S/D,Peatón,Atropello,Ninguna,Faltante,Ninguna,Sin restricción
2020,5031,2020-10-23,Viernes,20:50:00,,0,2,"Moto/Ciclomotor,Bicicleta",Ruta pcial 2 Av San Martin 6000,2,1,0,0,1,0,0,"-31.62081, -60.69968",Avenida,,MONTE VERA,La Capital,Asfalto,Ripio,I,Dentro,Urbana,Ninguna,No existe,Recta,Bueno,Buena,Nocturna,Buen Tiempo,S/D,Ciclista,Atropello,Ninguna,Vertical,Ninguna,Sin restricción
2020,5032,2020-10-28,Miercoles,14:30:00,,0,2,"Pickup/Utilitario,Moto/Ciclomotor",Pasteur Y Reconquista,3,1,0,0,2,0,0,"    -30.36566, -61.91839",Calle,,SAN GUILLERMO,San CRISTÓBAL,Asfalto,No existe,XIII,Dentro,Urbana,Ninguna,No existe,Intersección,S/D,Buena,Diurna,Buen Tiempo,Lateral,S/D,Colisión,Ninguna,Faltante,Ninguna,Sin restricción
2020,5033,2020-12-12,Sabado,7:10:00,Ruta Provincial 2,261,1,Pickup/Utilitario,,1,1,0,0,0,0,0,"-29.80226, -61.43545",Ruta,2,ESTEBAN RAMS,9 de Julio,Asfalto,Natural,XII,Fuera,Rural,Ninguna,No existe,Recta,Bueno,Buena,Diurna,Buen Tiempo,S/D,S/D,Vuelco,Ninguna,Vertical,Línea divisoria pintada,Sin restricción
2020,5034,2020-12-15,Martes,11:15:00,,0,2,"Automóvil,Moto/Ciclomotor",Av Urquiza 2400,2,1,0,0,1,0,0,"-31.64628, -60.71325",Avenida,,SANTA FE,La Capital,Asfalto,Pavimento,I,Dentro,Urbana,Ninguna,Funciona,Recta,Bueno,Buena,S/D,Buen Tiempo,Lateral,S/D,Colisión,Ninguna,Faltante,Ninguna,Sin restricción
2020,5035,2020-10-23,Viernes,17:30:00,,0,2,"Moto/Ciclomotor,Automóvil",Galvez Y Italia,2,1,0,0,1,0,0,"-32.96702, -60.6535",Calle,,ROSARIO,Rosario,Asfalto,S/D,II,S/D,Urbana,S/D,S/D,Intersección,S/D,S/D,Diurna,S/D,S/D,S/D,Colisión,S/D,S/D,S/D,S/D
2020,5036,2020-11-06,Viernes,11:20:00,,0,2,"Moto/Ciclomotor,Automóvil",Ecuador Y Pasco,4,2,1,0,0,0,1,"-32.95103, -60.71454",Calle,,ROSARIO,Rosario,Asfalto,Pavimento,II,S/D,Urbana,Ninguna,No existe,Otro,Bueno,Buena,Diurna,Buen Tiempo,Otro,S/D,Colisión,Ninguna,Faltante,Ninguna,Sin restricción
2020,5037,2020-12-11,Viernes,12:40:00,,0,2,"Automóvil,Moto/Ciclomotor",Av Urquiza 1900,2,1,0,0,1,0,0,"-31.65263, -60.71511",Calle,,SANTA FE,La Capital,Asfalto,Pavimento,I,Dentro,Urbana,Ninguna,No existe,Recta,Bueno,Buena,Diurna,Buen Tiempo,Lateral,S/D,Colisión,Ninguna,Faltante,Ninguna,Sin restricción
2020,5038,2020-10-23,Viernes,8:30:00,,0,2,"Moto/Ciclomotor,Automóvil",Bv. Avellaneda Bis Y Harding,3,2,0,0,1,0,0,"-32.92862, -60.67648",Calle,,ROSARIO,Rosario,Asfalto,No existe,II,S/D,Urbana,S/D,S/D,Intersección,Bueno,Buena,Diurna,Buen Tiempo,Lateral,S/D,Colisión,Ninguna,Horizontal,Cordón divisorio,Sin restricción
2020,5039,2020-10-28,Miercoles,8:30:00,,0,2,"Bicicleta,Pickup/Utilitario",Avenida de Mayo Y Laprida,2,1,0,0,1,0,0,"    -29.87702, -61.93947",Calle,,CERES,San CRISTÓBAL,Asfalto,No existe,XIII,Dentro,Urbana,Ninguna,No existe,Intersección,Bueno,Buena,Diurna,Buen Tiempo,S/D,Ciclista,Atropello,Ninguna,Vertical,Ninguna,Sin restricción
2020,5040,2020-08-21,Viernes,19:40:00,,0,2,"Moto/Ciclomotor,Moto/Ciclomotor",Garzon Y Velez Sarsfield,2,1,0,0,1,0,0,"-32.92578399181367,-60.706273019313",Calle,,ROSARIO,Rosario,Asfalto,No existe,II,Dentro,Urbana,Ninguna,No existe,Intersección,Bueno,Buena,Atardecer,S/D,Lateral,S/D,Colisión,S/D,Faltante,Ninguna,Sin restricción
2020,5041,2020-12-09,Miercoles,8:30:00,,0,2,"Automóvil,Moto/Ciclomotor",Av J J Paso Y Av Urquiza,2,1,0,0,1,0,0,"-31.66248, -60.71823",Calle,,SANTA FE,La Capital,Asfalto,Pavimento,I,Dentro,Urbana,Semáforo,Funciona,Intersección,Bueno,Buena,Diurna,Buen Tiempo,Lateral,S/D,Colisión,Ninguna,Faltante,Ninguna,Sin restricción
2020,5042,2020-08-16,Domingo,17:20:00,,0,2,"Automóvil,Moto/Ciclomotor",Ecuador Y Riobamba,5,3,0,0,2,0,0,"-32.954584387184,-60.714372383629",Calle,,ROSARIO,Rosario,Asfalto,No existe,II,Dentro,Urbana,Ninguna,No existe,Intersección,Bueno,Buena,Diurna,Buen Tiempo,Lateral,S/D,Colisión,Ninguna,Faltante,Ninguna,Sin restricción
2020,5043,2020-10-23,Viernes,12:00:00,,0,2,"Moto/Ciclomotor,Automóvil",Av. Ntra.Sra.del Rosario Y Pueyrredon,2,1,0,0,1,0,0,"-33.00071, -60.66923",Avenida,,ROSARIO,Rosario,Asfalto,No existe,II,Dentro,Urbana,Ninguna,No existe,Intersección,Bueno,Buena,Diurna,Buen Tiempo,Lateral,S/D,Colisión,Ninguna,Faltante,Ninguna,Sin restricción
2020,5044,2020-12-13,Domingo,18:30:00,,0,2,"Automóvil,Automóvil",San Martin Y Obispo Gelabert,3,1,0,0,2,0,0,"-31.6368, -60.70359",Calle,,SANTA FE,La Capital,Asfalto,Pavimento,I,Dentro,Urbana,Ninguna,No existe,Intersección,Bueno,Buena,Atardecer,Buen Tiempo,Lateral,S/D,Colisión,Ninguna,Faltante,Ninguna,Sin restricción
2020,5045,2020-10-23,Viernes,10:15:00,,0,2,"Bicicleta,Automóvil",25 de Mayo 1700,2,1,0,0,1,0,0,"-32.99627, -60.77379",Calle,,PEREZ,Rosario,Asfalto,No existe,II,Dentro,Urbana,Ninguna,No existe,Recta,Bueno,Buena,Diurna,Buen Tiempo,S/D,Ciclista,Atropello,Ninguna,S/D,Ninguna,Sin restricción