anio_acci,nro_acci,fecha,desc_dia,hora_aprox,desc_ruta,km,cant_participantes,desc_participante,calle_avenida_km,total,heridos_leves,heridos_graves,heridos_gravisimos,ilesos,fallecidos,sin_datos,posicion_XY,desc_tipo_via,desc_ruta_ori,desc_loc,desc_dpto,desc_tipo_calzada,desc_tipo_banquina,desc_unidad_regional,desc_lugar_calzada,desc_zona,desc_prioridad,desc_estado_semaforo,desc_lugar_via,desc_estado_via,desc_estado_visibilidad,desc_luminosidad,desc_estado_clima,desc_tipo_colision,desc_tipo_atropello,desc_tipo_hecho,desc_pres_calzada,desc_senializacion,desc_separacion_via,desc_restriccion
2020,5046,2020-10-31,Sabado,4:00:00,,0,2,"Automóvil,Moto/Ciclomotor",25 De Mayo Y Brigadier Lopez,4,0,1,0,3,0,0,"    -30.23287, -61.73108",Calle,,ARRUFÓ,San CRISTÓBAL,Tierra,S/D,XIII,S/D,Urbana,Ninguna,No existe,Recta,Bueno,Buena,Nocturna,Buen Tiempo,De alcance,S/D,Colisión,S/D,S/D,Ninguna,Sin restricción
2020,5047,2020-12-14,Lunes,11:10:00,,0,2,"Automóvil,Pickup/Utilitario",Castellanos,3,1,0,0,2,0,0,"-31.63672, -60.69305",Calle,,SANTA FE,La Capital,Asfalto,No existe,I,Dentro,Urbana,S/D,No existe,Intersección,Bueno,S/D,Diurna,S/D,Lateral,S/D,Colisión,S/D,S/D,S/D,S/D
2020,5048,2020-08-14,Viernes,18:00:00,,0,2,"Automóvil,Bicicleta",Av. Francia Y Cerrito,2,1,0,0,1,0,0,"-32.956949832404,-60.669517959398",Avenida,,ROSARIO,Rosario,Asfalto,No existe,II,Dentro,Urbana,Paso Peatonal,No existe,Intersección,Bueno,Buena,"Atardecer,Con luz artificial",Buen Tiempo,S/D,Ciclista,Atropello,Ninguna,Horizontal,Cordón divisorio,Sin restricción
2020,5049,2020-08-02,Domingo,11:00:00,,0,2,"Moto/Ciclomotor,Taxi/Remis",Acevedo Bis Y J.B.Justo,2,1,0,0,1,0,0,"-32.91588798165322,-60.749113261699",Calle,,ROSARIO,Rosario,Asfalto,No existe,II,Dentro,Urbana,Ninguna,No existe,Intersección,Bueno,Buena,Diurna,Buen Tiempo,S/D,S/D,Colisión,Ninguna,Faltante,Ninguna,Sin restricción
2020,5050,2020-11-05,Jueves,17:20:00,,0,2,"Moto/Ciclomotor,Automóvil",San Nicolas Y Cerrito,4,0,0,0,0,0,4,"-32.95583, -60.67618",Calle,,ROSARIO,Rosario,Asfalto,Pavimento,II,S/D,Urbana,Ninguna,No existe,Otro,Bueno,Buena,Diurna,Buen Tiempo,Otro,S/D,Colisión,Ninguna,Faltante,Ninguna,Sin restricción
2020,5051,2020-11-06,Viernes,17:05:00,,0,2,"Automóvil,Moto/Ciclomotor",Roullon Y Dean Funes,2,1,0,0,0,0,1,"-32.96722, -60.7011",S/D,,ROSARIO,Rosario,Asfalto,Pavimento,II,S/D,Urbana,Ninguna,No existe,Otro,Bueno,Buena,Diurna,Buen Tiempo,Otro,S/D,Colisión,Ninguna,Faltante,Ninguna,Sin restricción
2020,5052,2020-12-14,Lunes,18:30:00,,0,2,"Automóvil,Automóvil",Balcarce Y Belgrano,3,2,0,0,1,0,0,"-31.63752,-60.69895",Calle,,SANTA FE,La Capital,Asfalto,No existe,I,Dentro,Urbana,S/D,No existe,Intersección,Bueno,S/D,Diurna,S/D,Lateral,S/D,Colisión,S/D,S/D,S/D,S/D
2020,5053,2020-10-23,Viernes,16:45:00,Autopista Nacional A008,21,2,"Moto/Ciclomotor,Automóvil",,2,0,1,0,1,0,0,"-33.01647, -60.6522",Autopista,A008,ROSARIO,Rosario,Asfalto,No existe,II,Dentro,Urbana,Ninguna,No existe,Intersección,Bueno,Buena,Diurna,Buen Tiempo,Lateral,S/D,Colisión,Ninguna,Faltante,Ninguna,Sin restricción
2020,5055,2020-08-02,Domingo,15:30:00,,0,2,"Moto/Ciclomotor,Pickup/Utilitario",Av. Eva Peron Y Av. Provincias Unidas,2,1,0,0,1,0,0,"-32.93299645185471,-60.713056325912",Avenida,,ROSARIO,Rosario,Asfalto,No existe,II,Dentro,Urbana,Ninguna,Funciona,Recta,Bueno,Buena,Diurna,Buen Tiempo,Lateral,S/D,Colisión,Ninguna,"Horizontal,Vertical",Cordón divisorio,Sin restricción
2020,5056,2020-08-13,Jueves,10:10:00,,0,2,"Vehículo Oficial,Taxi/Remis",Cafferata Y La Paz,4,1,0,0,3,0,0,"-32.958284294331,-60.675428889538",Calle,,ROSARIO,Rosario,Asfalto,No existe,II,Dentro,Urbana,Ninguna,No existe,Intersección,Bueno,Buena,Diurna,Buen Tiempo,S/D,S/D,Colisión,Ninguna,Faltante,Ninguna,Sin restricción
2020,5057,2020-12-11,Viernes,10:00:00,,0,2,"Automóvil,Moto/Ciclomotor",Entre Rios Y San Lorenzo,2,1,0,0,1,0,0,"-31.65825,-60.72101",Calle,,SANTA FE,La Capital,Asfalto,S/D,I,S/D,Urbana,Ninguna,S/D,Intersección,Bueno,Buena,Diurna,Buen Tiempo,S/D,S/D,Colisión,Ninguna,Vertical,Ninguna,Sin restricción
2020,5058,2020-12-14,Lunes,8:25:00,,0,2,"Automóvil,Moto/Ciclomotor",Francia Y Uruguay,2,1,0,0,1,0,0,"-31.6599, -60.71879",Calle,,SANTA FE,La Capital,Asfalto,S/D,I,S/D,Urbana,Ninguna,S/D,Intersección,Bueno,Buena,Diurna,Buen Tiempo,S/D,S/D,Colisión,Ninguna,Vertical,Ninguna,Sin restricción
2020,5059,2020-11-07,Sabado,4:55:00,,0,2,"Moto/Ciclomotor,Moto/Ciclomotor",Brasil Y Riobamba,2,1,0,0,0,0,1,"-32.95474, -60.71893",Calle,,ROSARIO,Rosario,Asfalto,Pavimento,II,S/D,Urbana,Ninguna,No existe,Otro,Bueno,Buena,"Nocturna,Con luz artificial",Buen Tiempo,Otro,S/D,Colisión,Ninguna,Faltante,Ninguna,Sin restricción
2020,5060,2020-10-25,Domingo,17:25:00,,0,2,"Automóvil,Moto/Ciclomotor",Santa Fe Y Uruguay,2,1,0,0,1,0,0,"    -31.42127, -60.33571",Calle,,SANTA ROSA DE CALCHINES,Garay,Asfalto,Pavimento,VII,Dentro,Urbana,Ninguna,No existe,Intersección,Bueno,Buena,Diurna,Buen Tiempo,De alcance,S/D,Colisión,Ninguna,Faltante,Ninguna,Sin restricción
2020,5061,2020-11-04,Miercoles,16:40:00,,0,2,"Automóvil,Moto/Ciclomotor",Montes Carballo Y Rivarola,3,0,0,0,0,0,3,"-32.96657, -60.73213",S/D,,ROSARIO,Rosario,S/D,Pavimento,II,Dentro,Urbana,Ninguna,No existe,Otro,Bueno,Buena,Diurna,Buen Tiempo,Otro,S/D,Colisión,Ninguna,Faltante,Ninguna,Sin restricción
2020,5062,2020-12-09,Miercoles,9:55:00,,0,2,"Moto/Ciclomotor,Transporte de Pasajeros Urbano (> 8 asientos)",Av Blas Parera 5000,2,1,0,0,1,0,0,"-31.61785, -60.7182",Avenida,,SANTA FE,La Capital,Asfalto,No existe,I,S/D,Urbana,Semáforo,Funciona,Recta,Bueno,Buena,Diurna,Buen Tiempo,Lateral,S/D,Colisión,Ninguna,Vertical,Línea divisoria pintada,Sin restricción
2020,5063,2020-08-22,Sabado,8:55:00,Ruta Nacional 9,0,2,"Automóvil,Moto/Ciclomotor",Av. Eva Peron Y Friuli,2,1,0,0,1,0,0,"-32.928955969919,-60.735665591036",Ruta,9,ROSARIO,Rosario,Asfalto,No existe,II,Dentro,Urbana,Paso Peatonal,No existe,Recta,Bueno,Buena,Diurna,Buen Tiempo,S/D,S/D,Colisión,Ninguna,Horizontal,Cordón divisorio,Sin restricción
2020,5064,2020-12-10,Jueves,20:00:00,,0,2,"Moto/Ciclomotor,Vehículo Oficial",Av Blas Parera Y Gorostiaga,2,1,0,0,1,0,0,"-31.60699, -60.71989",Avenida,,SANTA FE,La Capital,Asfalto,No existe,I,S/D,Urbana,Semáforo,Funciona,Intersección,Bueno,Buena,Amanecer,Buen Tiempo,Lateral,S/D,Colisión,Ninguna,Vertical,Línea divisoria pintada,Sin restricción
2020,5065,2020-08-09,Domingo,16:45:00,,0,2,"Automóvil,Peatón",Dr.Rivas 5500,2,0,1,0,1,0,0,"-32.975498347505,-60.697524500485",Calle,,ROSARIO,Rosario,Asfalto,No existe,II,Dentro,Urbana,Ninguna,No existe,Recta,Bueno,Buena,Diurna,Buen Tiempo,S/D,Peatón,Atropello,Ninguna,Faltante,Ninguna,Sin restricción
2020,5066,2020-11-02,Lunes,12:10:00,,0,2,"Moto/Ciclomotor,Automóvil",Paraguay Y J.M.Gutierrez,2,1,0,0,1,0,0,"-32.99421, -60.65506",Calle,,ROSARIO,Rosario,Asfalto,No existe,II,Dentro,Urbana,Ninguna,No existe,Intersección,Bueno,Buena,Diurna,Buen Tiempo,S/D,S/D,S/D,Ninguna,S/D,Ninguna,Sin restricción
2020,5067,2020-12-11,Viernes,14:40:00,,0,2,"Moto/Ciclomotor,Pickup/Utilitario",Av Blas Parera Y Derqui,2,1,0,0,1,0,0,"-31.61247, -60.71838",Avenida,,SANTA FE,La Capital,Asfalto,No existe,I,S/D,Urbana,Semáforo,Funciona,Intersección,Bueno,Buena,Diurna,Buen Tiempo,Lateral,S/D,Colisión,Ninguna,Vertical,Línea divisoria pintada,Sin restricción
2020,5068,2020-10-31,Sabado,17:40:00,,0,2,"Moto/Ciclomotor,Otros",Patricio Cullen Y Brigadier General E Lopez,2,1,0,0,1,0,0,"    -31.10472, -60.09365",Calle,,HELVECIA,Garay,Tierra,No existe,VII,Dentro,Urbana,S/D,No existe,Otro,Otro,Buena,Diurna,Buen Tiempo,S/D,S/D,Colisión,Ninguna,S/D,Ninguna,Sin restricción
2020,5069,2020-08-22,Sabado,19:05:00,,0,2,"Moto/Ciclomotor,Automóvil",Colombia Y Juan B.De La Salle,3,1,0,0,2,0,0,"-32.922583269643,-60.716900320777",Calle,,ROSARIO,Rosario,Asfalto,No existe,II,Dentro,Urbana,Ninguna,No existe,Intersección,Bueno,Buena,Nocturna,Buen Tiempo,Lateral,S/D,Colisión,Ninguna,Faltante,Ninguna,Sin restricción
2020,5070,2020-08-11,Martes,19:30:00,,0,2,"Moto/Ciclomotor,Automóvil",Bv. 27 De Febrero Y Servando Bayo,4,2,1,0,1,0,0,"-32.95932769775387,-60.689989328384",Avenida,,ROSARIO,Rosario,Asfalto,No existe,II,Dentro,Urbana,Ninguna,No existe,Intersección,Bueno,Buena,"Atardecer,Con luz artificial",Buen Tiempo,Lateral,S/D,Colisión,Ninguna,Faltante,Cordón divisorio,Sin restricción
2020,5071,2020-12-11,Viernes,19:30:00,,0,2,"Moto/Ciclomotor,Automóvil",Av Lopez y Planes Y Juan Del Campillo,3,1,0,0,2,0,0,"-31.62766, -60.71384",Avenida,,SANTA FE,La Capital,Asfalto,No existe,I,S/D,Urbana,Semáforo,Funciona,Intersección,Bueno,Buena,Atardecer,Buen Tiempo,Lateral,S/D,Colisión,Ninguna,Vertical,Línea divisoria pintada,Sin restricción
2020,5072,2020-07-04,Sabado,20:00:00,Ruta Nacional 34,178,3,"Camión,Camión c / Acoplado,Automóvil",,4,0,0,0,2,2,0,"-31.62722, -61.54872",Ruta,34,SAN VICENTE.,Castellanos,Asfalto,Natural,V,Dentro,Rural,Ninguna,No existe,Recta,Bueno,S/D,Nocturna,S/D,Múltiple,S/D,Colisión,Ninguna,Faltante,Línea divisoria pintada,Sin restricción
2020,5073,2020-10-31,Sabado,5:45:00,Ruta Provincial 1,135,2,"Bicicleta,Automóvil",,2,2,0,0,0,0,0,"    -30.5655, -59.93489",Ruta,1,SAN JAVIER,San Javier,Asfalto,Natural,XIV,Fuera,Rural,S/D,No existe,Recta,Bueno,Buena,Nocturna,Buen Tiempo,S/D,S/D,Atropello,Ninguna,S/D,Ninguna,Sin restricción
2020,5074,2020-11-01,Domingo,21:00:00,,0,2,"Moto/Ciclomotor,Automóvil",Bv. Avellaneda Y Garibaldi,2,1,0,0,1,0,0,"-32.9689, -60.6866",Calle,,ROSARIO,Rosario,Asfalto,No existe,II,S/D,Urbana,Ninguna,No existe,Intersección,Bueno,Buena,Nocturna,Buen Tiempo,S/D,S/D,Colisión,Ninguna,Faltante,Línea divisoria pintada,Sin restricción
2020,5075,2020-12-11,Viernes,17:45:00,,0,2,"Moto/Ciclomotor,Automóvil",Roque Saenz Pe�a Y Magallanes,2,1,0,0,1,0,0,"-31.64056,-60.72413",Calle,,SANTA FE,La Capital,Hormigón,No existe,I,Dentro,Urbana,Ninguna,No existe,Intersección,Con baches,Buena,Diurna,Buen Tiempo,Lateral,S/D,Colisión,Ninguna,Faltante,Ninguna,Sin restricción
2020,5076,2020-08-15,Sabado,20:35:00,,0,2,"Moto/Ciclomotor,Pickup/Utilitario",Av. Brassey Y Sarratea Bis,3,2,0,0,1,0,0,"-32.923246123825,-60.74120755552",Avenida,,ROSARIO,Rosario,Asfalto,No existe,II,Dentro,Urbana,Señal Pare,No existe,Intersección,Bueno,Buena,Nocturna,Buen Tiempo,S/D,S/D,Colisión,Ninguna,Vertical,Ninguna,Sin restricción
2020,5077,2020-11-02,Lunes,9:30:00,,0,2,"Moto/Ciclomotor,Automóvil",Guardia Morada Y Pje. Violeta,2,1,0,0,1,0,0,"-33.01984, -60.65858",Calle,,ROSARIO,Rosario,Asfalto,No existe,II,Dentro,Urbana,Ninguna,No existe,Intersección,Bueno,Buena,Diurna,Buen Tiempo,Lateral,S/D,Colisión,Ninguna,Faltante,Ninguna,Sin restricción
2020,5078,2020-08-07,Viernes,17:10:00,Ruta Provincial 21,0,2,"Moto/Ciclomotor,Automóvil",Av Gral San Martin Y Mitre,3,1,0,0,2,0,0,"-33.024276711532,-60.62627654897",Ruta,21,VILLA GOBERNADOR GÁLVEZ,Rosario,Asfalto,No existe,II,Dentro,Urbana,Paso Peatonal,No existe,Intersección,Bueno,Buena,Atardecer,Buen Tiempo,Lateral,S/D,Colisión,Ninguna,"Horizontal,Vertical",Cordón divisorio,Sin restricción
2020,5079,2020-08-18,Martes,13:15:00,,0,2,"Bicicleta,Automóvil",J.J.Paso Y Venezuela,3,1,0,0,2,0,0,"-32.920580276396,-60.725394441405",Calle,,ROSARIO,Rosario,Asfalto,No existe,II,Dentro,Urbana,Señal Pare,No existe,Intersección,Bueno,Buena,Diurna,Buen Tiempo,S/D,Ciclista,Atropello,Ninguna,Vertical,Ninguna,Sin restricción
2020,5080,2020-11-03,Martes,8:15:00,,0,2,"Moto/Ciclomotor,Automóvil",Av. Arijon Y Balcarce,2,1,0,0,1,0,0,"-33.00349, -60.66339",Calle,,ROSARIO,Rosario,Asfalto,Pavimento,II,Dentro,Urbana,Semáforo,No existe,Recta,Bueno,Buena,Diurna,Buen Tiempo,Lateral,S/D,Colisión,Ninguna,Faltante,Línea divisoria pintada,Sin restricción
2020,5081,2020-10-30,Viernes,23:00:00,,0,2,"Automóvil,Moto/Ciclomotor",Rivadavia 5725,2,1,0,0,1,0,0,"    -31.51962, -60.67277",Calle,,MONTE VERA,La Capital,Asfalto,No existe,I,Dentro,Urbana,Ninguna,No existe,Recta,Bueno,Buena,Nocturna,Buen Tiempo,Lateral,S/D,Colisión,Ninguna,Faltante,Ninguna,Sin restricción
2020,5082,2020-08-10,Lunes,19:00:00,Ruta Provincial 21,0,2,"Moto/Ciclomotor,Automóvil",Av Gral San Martin Y Jaures,2,1,0,0,1,0,0,"-33.02018702030184,-60.630540847778",Ruta,21,VILLA GOBERNADOR GÁLVEZ,Rosario,Asfalto,No existe,II,Dentro,Urbana,Paso Peatonal,No existe,Intersección,Bueno,Buena,"Atardecer,Con luz artificial",Buen Tiempo,Lateral,S/D,Colisión,Ninguna,Horizontal,Cordón divisorio,Sin restricción
2020,5083,2020-07-04,Sabado,5:10:00,Ruta Provincial 65,20,1,Automóvil,,2,0,0,0,0,2,0,"-32.36581, -61.12894",Ruta,65,DÍAZ,San JERÓNIMO,Asfalto,Natural,XV,Dentro,Rural,Ninguna,No existe,Recta,Bueno,S/D,Nocturna,S/D,S/D,S/D,Vuelco,Ninguna,Faltante,Línea divisoria pintada,Sin restricción
2020,5084,2020-12-14,Lunes,8:00:00,,0,2,"Moto/Ciclomotor,Pickup/Utilitario",Av Pte Peron Y Salvador Caputo,2,1,0,0,1,0,0,"-31.63685, -60.7184",Calle,,SANTA FE,La Capital,Hormigón,No existe,I,S/D,Urbana,Ninguna,No existe,Intersección,Bueno,Buena,Diurna,Buen Tiempo,Lateral,S/D,Colisión,Ninguna,Faltante,Ninguna,Sin restricción
2020,5085,2020-08-01,Sabado,15:35:00,,0,2,"Moto/Ciclomotor,Automóvil",Guatemala Y Pje. Ghandi,2,0,1,0,1,0,0,"-32.92555332183838,-60.717944651842",Calle,,ROSARIO,Rosario,Asfalto,No existe,II,Dentro,Urbana,Ninguna,No existe,Intersección,Bueno,Buena,Diurna,Buen Tiempo,S/D,S/D,Colisión,Ninguna,Faltante,Ninguna,Sin restricción
2020,5086,2020-11-06,Viernes,12:20:00,,0,2,"Moto/Ciclomotor,Automóvil",Bv. Segui Y Iriondo,2,1,0,0,1,0,0,"-32.9735, -60.67786",Calle,,ROSARIO,Rosario,Asfalto,Pavimento,II,Dentro,Urbana,Ninguna,No existe,Intersección,S/D,Buena,Diurna,Buen Tiempo,Lateral,S/D,Colisión,Ninguna,Faltante,Línea divisoria pintada,Sin restricción
2020,5087,2020-07-05,Domingo,18:40:00,,0,2,"Moto/Ciclomotor,Automóvil",Av Almte Brown Y Alberti,2,0,0,0,1,1,0,"-31.60761, -60.66633",Calle,,SANTA FE,La Capital,Asfalto,No existe,I,Dentro,Urbana,Ninguna,No existe,Intersección,Bueno,S/D,Diurna,S/D,S/D,S/D,Colisión,Ninguna,Horizontal,Cordón divisorio,Sin restricción
2020,5089,2020-08-15,Sabado,15:20:00,Ruta Provincial 21,0,1,Moto/Ciclomotor,Av Gral San Martin Y Ayola,2,1,0,0,1,0,0,"-33.039397479501,-60.612638240666",Ruta,21,VILLA GOBERNADOR GÁLVEZ,Rosario,Asfalto,No existe,II,Dentro,Urbana,Otra Señal,No existe,Intersección,Bueno,Buena,Diurna,Buen Tiempo,S/D,S/D,Cañda ocupante,Ninguna,"Horizontal,Vertical",Cordón divisorio,Sin restricción
2020,5090,2020-11-01,Domingo,14:20:00,,0,2,"Moto/Ciclomotor,Automóvil",Crespo Y Garibaldi,2,1,0,0,1,0,0,"-32.98059, -60.67813",S/D,,ROSARIO,Rosario,Asfalto,No existe,II,S/D,Urbana,Ninguna,No existe,Intersección,Bueno,Buena,Diurna,Buen Tiempo,Lateral,S/D,Colisión,Ninguna,Faltante,Ninguna,Sin restricción
2020,5091,2020-10-24,Sabado,20:50:00,Ruta Provincial 1,3,2,"Moto/Ciclomotor,Automóvil",,2,1,0,0,1,0,0,"    -31.62414, -60.60046",Ruta,1,COLASTINE,La Capital,Asfalto,Pavimento,I,Dentro,Urbana,Semáforo,Funciona,Intersección,Bueno,Buena,Nocturna,Buen Tiempo,Lateral,S/D,Colisión,Ninguna,S/D,Cordón divisorio,Sin restricción
2020,5092,2020-11-07,Sabado,20:40:00,,0,2,"Peatón,Moto/Ciclomotor",Bv. Avellaneda 4737,2,2,0,0,0,0,0,"-32.99344, -60.68888",Avenida,,ROSARIO,Rosario,Asfalto,Pavimento,II,Dentro,Urbana,Ninguna,No existe,Recta,Bueno,Buena,Nocturna,Buen Tiempo,S/D,Peatón,Atropello,Ninguna,Faltante,Cordón divisorio,Sin restricción
2020,5093,2020-08-07,Viernes,15:10:00,,0,2,"Moto/Ciclomotor,Automóvil",Bv. Argentino Y Sarratea Bis,2,1,0,0,1,0,0,"-32.92451798915863,-60.741155147552",Avenida,,ROSARIO,Rosario,Asfalto,No existe,II,Dentro,Urbana,Señal Pare,No existe,Intersección,Bueno,S/D,Diurna,Buen Tiempo,Lateral,S/D,Colisión,Ninguna,Vertical,Ninguna,Sin restricción
2020,5094,2020-08-12,Miercoles,14:00:00,Ruta Provincial 21,0,1,Moto/Ciclomotor,Av Gral San Martin Y Mitre,1,1,0,0,0,0,0,"-33.024276711532,-60.62627654897",Ruta,21,VILLA GOBERNADOR GÁLVEZ,Rosario,Asfalto,No existe,II,Dentro,Urbana,Otra Señal,No existe,Paso a Nivel FFCC,Bueno,Buena,Diurna,Buen Tiempo,Contra objeto fijo,S/D,Colisión,Ninguna,"Horizontal,Vertical",Cordón divisorio,Sin restricción
2020,5095,2020-12-15,Martes,7:30:00,,0,2,"Moto/Ciclomotor,Pickup/Utilitario",Av Facundo Zuviria Y Piedrabuena,2,1,0,0,1,0,0,"-31.58513, -60.69674",Calle,,SANTA FE,La Capital,S/D,No existe,I,Dentro,Urbana,Ninguna,No existe,Intersección,S/D,Reducida,Diurna,Otro,Otro,S/D,Otro,Otro,Faltante,Ninguna,Sin restricción
2020,5096,2020-08-08,Sabado,19:30:00,,0,2,"Moto/Ciclomotor,Automóvil",Av. Provincias Unidas Y Bielsa,5,1,0,0,4,0,0,"-32.9237347841263,-60.7133460044861",Avenida,,ROSARIO,Rosario,Asfalto,No existe,II,Dentro,Urbana,Paso Peatonal,No existe,Intersección,Bueno,Buena,Nocturna,Buen Tiempo,Lateral,S/D,Colisión,Ninguna,Horizontal,Cordón divisorio,Sin restricción
2020,5097,2020-08-11,Martes,11:30:00,Ruta Provincial 21,0,2,"Bicicleta,Moto/Ciclomotor",Av Gral San Martin Y Becquer,2,1,0,0,1,0,0,"-33.035428, -60.615837",Ruta,21,VILLA GOBERNADOR GÁLVEZ,Rosario,Asfalto,No existe,II,Dentro,Urbana,Ninguna,No existe,Intersección,Bueno,Buena,Diurna,Buen Tiempo,S/D,Ciclista,Atropello,Ninguna,Horizontal,Cordón divisorio,Sin restricción
2020,5098,2020-11-08,Domingo,15:15:00,,0,2,"Moto/Ciclomotor,Automóvil",Av. Uriburu Y Santiago,2,1,0,0,1,0,0,"-32.99127, -60.668",Calle,,ROSARIO,Rosario,Asfalto,Pavimento,II,Dentro,Urbana,Ninguna,No existe,Intersección,Bueno,Buena,Diurna,Buen Tiempo,S/D,S/D,S/D,Ninguna,S/D,Ninguna,Sin restricción
2020,5099,2020-12-10,Jueves,17:30:00,,0,2,"Moto/Ciclomotor,Automóvil",Las Heras,2,1,0,0,1,0,0,"-31.62854, -60.69516",Calle,,SANTA FE,La Capital,Asfalto,No existe,I,Dentro,Urbana,Ninguna,No existe,Intersección,Bueno,Buena,Diurna,Buen Tiempo,Lateral,S/D,Colisión,Ninguna,S/D,Ninguna,Sin restricción
2020,5100,2020-11-04,Miercoles,17:00:00,,0,1,Moto/Ciclomotor,Dorrego Y Bv. Segui,2,1,0,0,1,0,0,"-32.9772, -60.65739",S/D,,ROSARIO,Rosario,Asfalto,No existe,II,S/D,S/D,Ninguna,S/D,Intersección,Bueno,Buena,Diurna,Buen Tiempo,S/D,S/D,S/D,Ninguna,Faltante,Ninguna,Sin restricción
2020,5101,2020-12-09,Miercoles,10:20:00,,0,2,"Automóvil,Moto/Ciclomotor",Necochea Y Angel Cassanello,2,1,0,0,1,0,0,"-31.61102, -60.68663",Calle,,SANTA FE,La Capital,Asfalto,No existe,I,Dentro,Urbana,Ninguna,No existe,Intersección,Bueno,Buena,Diurna,Buen Tiempo,Lateral,S/D,Colisión,Ninguna,S/D,Ninguna,Sin restricción
2020,5102,2020-11-04,Miercoles,10:35:00,,0,2,"Moto/Ciclomotor,Moto/Ciclomotor",San Martin Y Galvez,2,1,0,0,1,0,0,"-32.96904, -60.64227",Calle,,ROSARIO,Rosario,Asfalto,No existe,II,Dentro,Urbana,S/D,No existe,Intersección,Bueno,Buena,Diurna,Buen Tiempo,S/D,S/D,Colisión,Ninguna,Faltante,Ninguna,Sin restricción
2020,5103,2020-12-16,Miercoles,20:55:00,Ruta Nacional 11,0,2,"Moto/Ciclomotor,Moto/Ciclomotor",Ruta Nac 11,2,1,0,0,1,0,0,"-31.74719, -60.82118",Ruta,11,SAUCE VIEJO,La Capital,Asfalto,Natural,I,Dentro,Urbana,Ninguna,No existe,Recta,Bueno,Buena,"Atardecer,Con luz artificial",Buen Tiempo,De alcance,S/D,Colisión,Ninguna,Faltante,Línea divisoria pintada,Sin restricción
2020,5104,2020-10-26,Lunes,16:30:00,Ruta Nacional 11,0,2,"Automóvil,Moto/Ciclomotor",Ruta 11 Avenida Richieri Y 13 de diciembre,2,1,0,0,1,0,0,"    -31.68495, -60.78681",Ruta,11,SANTO TOMÉ,La Capital,Asfalto,S/D,I,Dentro,Urbana,Semáforo,Funciona,Intersección,Bueno,Buena,Diurna,Buen Tiempo,Lateral,S/D,Colisión,Ninguna,Faltante,Ninguna,Sin restricción
2020,5105,2020-12-13,Domingo,21:45:00,,0,2,"Moto/Ciclomotor,Automóvil",Mariano Candioti 3800,4,1,0,0,3,0,0,"-31.68441, -60.7578",Calle,,SANTO TOMÉ,La Capital,Asfalto,S/D,I,S/D,Urbana,S/D,S/D,Recta,S/D,S/D,S/D,S/D,S/D,S/D,Colisión,S/D,S/D,S/D,S/D
2020,5106,2020-11-03,Martes,15:00:00,,0,2,"Moto/Ciclomotor,Pickup/Utilitario",España Y Dean Funes,2,1,0,0,1,0,0,"-32.97418, -60.65384",S/D,,ROSARIO,Rosario,Asfalto,No existe,II,Dentro,Urbana,Ninguna,No existe,Intersección,Bueno,Buena,Diurna,Buen Tiempo,Lateral,S/D,Colisión,Ninguna,Faltante,Ninguna,Sin restricción
2020,5107,2020-08-18,Martes,19:30:00,,0,2,"Automóvil,Moto/Ciclomotor",Bv. Argentino Y Garcia del Cossio Bis,2,1,0,0,1,0,0,"-32.923930595458,-60.747079416411",Avenida,,ROSARIO,Rosario,Asfalto,No existe,II,Dentro,Urbana,Paso Peatonal,No existe,Intersección,Bueno,Buena,Nocturna,Buen Tiempo,Lateral,S/D,Colisión,Ninguna,Horizontal,Ninguna,Sin restricción
2020,5108,2020-11-04,Miercoles,7:50:00,,0,2,"Moto/Ciclomotor,Pickup/Utilitario",Bv. Segui Y Av. Corrientes,2,1,0,0,1,0,0,"-32.97824, -60.65054",Calle,,ROSARIO,Rosario,Asfalto,No existe,II,Dentro,Urbana,Ninguna,No existe,Intersección,S/D,Buena,Diurna,Buen Tiempo,Lateral,S/D,Colisión,Ninguna,Vertical,Línea divisoria pintada,Sin restricción
2020,5109,2020-12-14,Lunes,22:50:00,,0,2,"Moto/Ciclomotor,Automóvil",Balcarce Y J Macia,2,1,0,0,1,0,0,"-31.6782, -60.75892",Calle,,SANTO TOMÉ,La Capital,Asfalto,No existe,I,S/D,Urbana,Ninguna,No existe,Intersección,Bueno,Buena,Nocturna,Buen Tiempo,De alcance,S/D,Colisión,Ninguna,Faltante,Ninguna,Sin restricción