anio_acci,nro_acci,fecha,desc_dia,hora_aprox,desc_ruta,km,cant_participantes,desc_participante,calle_avenida_km,total,heridos_leves,heridos_graves,heridos_gravisimos,ilesos,fallecidos,sin_datos,posicion_XY,desc_tipo_via,desc_ruta_ori,desc_loc,desc_dpto,desc_tipo_calzada,desc_tipo_banquina,desc_unidad_regional,desc_lugar_calzada,desc_zona,desc_prioridad,desc_estado_semaforo,desc_lugar_via,desc_estado_via,desc_estado_visibilidad,desc_luminosidad,desc_estado_clima,desc_tipo_colision,desc_tipo_atropello,desc_tipo_hecho,desc_pres_calzada,desc_senializacion,desc_separacion_via,desc_restriccion
2020,5110,2020-11-04,Miercoles,18:30:00,,0,2,"Bicicleta,Automóvil",Paraguay Y Pje. Newton,2,1,0,0,1,0,0,"-32.97636, -60.65152",Calle,,ROSARIO,Rosario,Asfalto,No existe,II,Dentro,Urbana,Ninguna,No existe,Intersección,Bueno,Buena,Atardecer,Buen Tiempo,S/D,Ciclista,Atropello,Ninguna,Faltante,Ninguna,Sin restricción
2020,5111,2020-12-11,Viernes,19:50:00,,0,2,"Moto/Ciclomotor,Automóvil",Buenos Aires Y Pres Domingo Faustino Sarmient,3,1,0,0,2,0,0,"-31.66067, -60.76832",Calle,,SANTO TOMÉ,La Capital,Asfalto,No existe,I,Dentro,Urbana,Ninguna,No existe,Intersección,Bueno,Buena,Diurna,Buen Tiempo,De alcance,S/D,Colisión,Ninguna,Faltante,Ninguna,Sin restricción
2020,5112,2020-10-24,Sabado,0:00:00,,0,2,"Moto/Ciclomotor,Automóvil",Milan Y Av. Corrientes,3,2,0,0,1,0,0,"-32.9467, -60.72221",Calle,,ROSARIO,Rosario,Asfalto,No existe,II,Dentro,Urbana,Ninguna,No existe,Intersección,Bueno,Buena,S/D,Buen Tiempo,Lateral,S/D,Colisión,Ninguna,Faltante,Ninguna,Sin restricción
2020,5113,2020-08-13,Jueves,17:25:00,,0,2,"Moto/Ciclomotor,Automóvil",Juan B.De La Salle Y Nicaragua,2,1,0,0,1,0,0,"-32.922702893384,-60.721496119253",Calle,,ROSARIO,Rosario,Asfalto,No existe,II,Dentro,Urbana,Ninguna,No existe,Intersección,Bueno,Buena,Diurna,Buen Tiempo,Lateral,S/D,Colisión,Ninguna,Faltante,Ninguna,Sin restricción
2020,5114,2020-11-07,Sabado,16:40:00,,0,2,"Moto/Ciclomotor,Automóvil",L.N.Alem Y Rueda,3,2,0,0,1,0,0,"-32.97286, -60.63452",Calle,,ROSARIO,Rosario,Asfalto,S/D,II,S/D,Urbana,S/D,S/D,Intersección,Bueno,S/D,S/D,S/D,S/D,S/D,S/D,S/D,S/D,S/D,S/D
2020,5115,2020-08-29,Sabado,5:30:00,,0,2,"Moto/Ciclomotor,Automóvil",J.B.Justo Y Sarratea Bis,2,0,1,0,1,0,0,"-32.91566709402,-60.741551668011",Calle,,ROSARIO,Rosario,Asfalto,No existe,II,Dentro,Urbana,Ninguna,No existe,Intersección,Bueno,Buena,Nocturna,Buen Tiempo,S/D,S/D,Colisión,Ninguna,Faltante,Ninguna,Sin restricción
2020,5116,2020-08-06,Jueves,3:45:00,Ruta Provincial 21,0,1,Moto/Ciclomotor,Av Gral San Martin 1300,1,1,0,0,0,0,0,"-33.01745735766,-60.633099263375",Ruta,21,VILLA GOBERNADOR GÁLVEZ,Rosario,Asfalto,No existe,II,Dentro,Urbana,Ninguna,No existe,Recta,Bueno,Buena,"Nocturna,Con luz artificial",Buen Tiempo,S/D,S/D,Cañda ocupante,Ninguna,Faltante,Cordón divisorio,Sin restricción
2020,5117,2020-10-26,Lunes,13:20:00,Ruta Provincial 1,2.5,2,"Camión Chasis,Camión",,2,1,0,0,1,0,0,"    -31.62662, -60.60523",Ruta,1,SANTA FE,La Capital,Asfalto,Pavimento,I,Dentro,Urbana,Semáforo,Funciona,Recta,Bueno,Buena,Diurna,Buen Tiempo,Lateral,S/D,Colisión,Ninguna,Vertical,Cordón divisorio,Sin restricción
2020,5118,2020-08-20,Jueves,21:45:00,Ruta Provincial 21,0,2,"Moto/Ciclomotor,Pickup/Utilitario",Av Gral San Martin 2600,2,1,0,0,1,0,0,"-33.030386969383,-60.619640498942",Ruta,21,VILLA GOBERNADOR GÁLVEZ,Rosario,Asfalto,No existe,II,Dentro,Urbana,Ninguna,No existe,Intersección,Bueno,Buena,"Nocturna,Con luz artificial",Buen Tiempo,Lateral,S/D,Colisión,Ninguna,"Horizontal,Vertical",Ninguna,Sin restricción
2020,5119,2020-10-25,Domingo,23:30:00,,0,2,"Moto/Ciclomotor,Moto/Ciclomotor",Andreu Y I A Edison,3,1,0,0,2,0,0,"-32.95883, -60.693",Calle,,ROSARIO,Rosario,Asfalto,No existe,II,Dentro,Urbana,Ninguna,No existe,Intersección,Deteriorada,Buena,"Nocturna,Con luz artificial",Buen Tiempo,Frontal,S/D,Colisión,Ninguna,Faltante,Ninguna,Sin restricción
2020,5120,2020-08-20,Jueves,17:15:00,,0,2,"Moto/Ciclomotor,Automóvil",Bv San diego Y 12 de Octubre,3,1,0,0,2,0,0,"-33.018751270175,-60.61597373562",Avenida,,VILLA GOBERNADOR GÁLVEZ,Rosario,Asfalto,No existe,II,Dentro,Urbana,Ninguna,No existe,Intersección,Bueno,Buena,Diurna,Buen Tiempo,Lateral,S/D,Colisión,Ninguna,Faltante,Ninguna,Sin restricción
2020,5121,2020-10-30,Viernes,10:00:00,Ruta Nacional 11,0,2,"Moto/Ciclomotor,Pickup/Utilitario",Finlandia Y Ruta Nac 11,2,1,0,0,1,0,0,"    -31.72918, -60.8141",Ruta,11,SAUCE VIEJO,La Capital,Asfalto,Ripio,I,Dentro,Urbana,Ninguna,No existe,Recta,Bueno,Buena,Diurna,Buen Tiempo,Lateral,S/D,Colisión,Ninguna,Faltante,Ninguna,Sin restricción
2020,5122,2020-08-05,Miercoles,15:00:00,,0,2,"Moto/Ciclomotor,Bicicleta",Av del Libertador Y Juan B Justo,2,2,0,0,0,0,0,"-33.033149494706,-60.631536238256",Avenida,,VILLA GOBERNADOR GÁLVEZ,Rosario,Ripio,No existe,II,Dentro,Urbana,Ninguna,No existe,Intersección,Deteriorada,Buena,Diurna,Buen Tiempo,S/D,Ciclista,Atropello,Ninguna,Faltante,Cordón divisorio,Sin restricción
2020,5123,2020-08-22,Sabado,18:00:00,,0,2,"Moto/Ciclomotor,Automóvil",Bomberos Voluntarios Y Ing Mosconi,2,1,0,0,0,0,1,"-33.02561849355698,-60.633075535297",Calle,,VILLA GOBERNADOR GÁLVEZ,Rosario,Asfalto,No existe,II,Dentro,Urbana,Ninguna,No existe,Intersección,Bueno,Buena,Atardecer,Buen Tiempo,Lateral,S/D,Colisión,Ninguna,Faltante,Ninguna,Sin restricción
2020,5124,2020-08-04,Martes,7:30:00,,0,2,"Automóvil,Moto/Ciclomotor",Bomberos Voluntarios Y Mitre,2,1,0,0,1,0,0,"-33.024467497757,-60.633138670008",Calle,,VILLA GOBERNADOR GÁLVEZ,Rosario,Asfalto,No existe,II,Dentro,Urbana,Ninguna,No existe,Intersección,Bueno,Buena,"Amanecer,Con luz artificial",Buen Tiempo,Lateral,S/D,Colisión,Ninguna,Vertical,Ninguna,Sin restricción
2020,5125,2020-08-07,Viernes,9:00:00,,0,2,"Automóvil,Moto/Ciclomotor",Corrientes Y San Martin,2,1,0,0,1,0,0,"-31.653629606673,-60.708677966587",Calle,,SANTA FE,La Capital,Asfalto,No existe,I,Dentro,Urbana,Ninguna,No existe,Intersección,Bueno,Buena,Diurna,Buen Tiempo,Lateral,S/D,Colisión,Ninguna,Faltante,Ninguna,Sin restricción
2020,5126,2020-12-10,Jueves,18:50:00,,0,2,"Automóvil,Moto/Ciclomotor",Calle 17,2,0,1,0,1,0,0,"-31.57339, -60.53567",Calle,,ARROYO LEYES,La Capital,Arena,No existe,I,Dentro,Urbana,Ninguna,No existe,Intersección,Bueno,Buena,Diurna,Buen Tiempo,Lateral,S/D,Colisión,Ninguna,Faltante,Ninguna,Sin restricción
2020,5127,2020-08-09,Domingo,19:00:00,,0,2,"Moto/Ciclomotor,Automóvil",San Nicolas 2550,3,2,0,0,1,0,0,"-33.031160345379,-60.639699932937",Calle,,VILLA GOBERNADOR GÁLVEZ,Rosario,Asfalto,No existe,II,Dentro,Urbana,Ninguna,No existe,Recta,Deteriorada,Buena,Atardecer,Buen Tiempo,Lateral,S/D,Colisión,Material Suelto,Faltante,Ninguna,Sin restricción
2020,5128,2020-12-09,Miercoles,2:20:00,,0,2,"Taxi/Remis,Automóvil",Av Facundo Zuviria,2,0,0,0,0,0,2,"-31.61058, -60.7045",Calle,,SANTA FE,La Capital,Asfalto,S/D,I,Dentro,Urbana,Ninguna,Intermitente,Recta,Bueno,Buena,"Nocturna,Con luz artificial",Buen Tiempo,Lateral,S/D,Colisión,Ninguna,S/D,Ninguna,Sin restricción
2020,5129,2020-12-10,Jueves,12:15:00,,0,2,"Moto/Ciclomotor,Moto/Ciclomotor",San Martin Y Diagonal Aguirre,4,2,0,0,0,0,2,"-31.61153, -60.69646",Calle,,SANTA FE,La Capital,Asfalto,No existe,I,Dentro,Urbana,Ninguna,No existe,Intersección,Bueno,S/D,Diurna,Buen Tiempo,Lateral,S/D,Colisión,Ninguna,S/D,Ninguna,Sin restricción
2020,5130,2020-08-13,Jueves,19:00:00,,0,2,"Moto/Ciclomotor,Automóvil",9 De Julio 2400,3,2,0,0,1,0,0,"-33.029634191574,-60.648021849648",Calle,,ROSARIO,Rosario,Asfalto,No existe,II,Dentro,Urbana,Ninguna,No existe,Recta,Deteriorada,Buena,Atardecer,Buen Tiempo,Lateral,S/D,Colisión,Material Suelto,Faltante,Cordón divisorio,Sin restricción
2020,5131,2020-12-10,Jueves,20:50:00,,0,2,"Pickup/Utilitario,Moto/Ciclomotor",1ro de Mayo Y Pedro Diaz Colodrero,2,1,0,0,1,0,0,"-31.62474, -60.7041",Calle,,SANTA FE,La Capital,Asfalto,No existe,I,Dentro,Urbana,Ninguna,No existe,Intersección,Bueno,Buena,"Nocturna,Con luz artificial",Buen Tiempo,Lateral,S/D,Colisión,Ninguna,S/D,Ninguna,Sin restricción
2020,5132,2020-08-23,Domingo,7:35:00,,0,2,"Moto/Ciclomotor,Automóvil",Montecaseros Y Soldado Aguirre,2,0,0,1,1,0,0,"-33.029788118318,-60.652224240476",Calle,,VILLA GOBERNADOR GÁLVEZ,Rosario,"Asfalto,Tierra",No existe,II,Dentro,Urbana,Ninguna,No existe,Intersección,Deteriorada,Buena,Diurna,Buen Tiempo,Lateral,S/D,Colisión,Material Suelto,Faltante,Cordón divisorio,Sin restricción
2020,5133,2020-12-11,Viernes,15:40:00,,0,2,"Automóvil,Moto/Ciclomotor",Quintana Y Pedro Alejandro Vittori,2,0,1,0,1,0,0,"-31.62311, -60.69787",Calle,,SANTA FE,La Capital,Asfalto,No existe,I,Dentro,Urbana,Ninguna,No existe,Intersección,Bueno,Buena,Diurna,Buen Tiempo,Lateral,S/D,Colisión,Ninguna,S/D,Ninguna,Sin restricción
2020,5134,2020-12-15,Martes,9:50:00,,0,2,"Automóvil,Moto/Ciclomotor",Pje Ingenieros Y Boneo,2,1,0,0,1,0,0,"-31.6036, -60.69869",Calle,,SANTA FE,La Capital,Asfalto,No existe,I,Dentro,Urbana,Ninguna,No existe,Intersección,Bueno,Buena,Diurna,Buen Tiempo,Lateral,S/D,Colisión,Ninguna,S/D,Ninguna,Sin restricción
2020,5135,2020-11-01,Domingo,,Ruta Provincial 1,5,1,Moto/Ciclomotor,,1,1,0,0,0,0,0,"-31.60343, -60.57465",Ruta,1,SAN JOSÉ DEL RINCÓN,La Capital,S/D,S/D,I,S/D,S/D,S/D,S/D,S/D,S/D,S/D,S/D,S/D,S/D,S/D,S/D,S/D,S/D,S/D,S/D
2020,5136,2020-12-15,Martes,18:00:00,,0,2,"Pickup/Utilitario,Moto/Ciclomotor",San Jeronimo Y J Castelli,2,1,0,0,1,0,0,"-31.6061, -60.69611",Calle,,SANTA FE,La Capital,Asfalto,No existe,I,S/D,Urbana,Ninguna,No existe,Intersección,Bueno,Buena,Diurna,Buen Tiempo,Lateral,S/D,Colisión,Ninguna,S/D,Ninguna,Sin restricción
2020,5137,2020-08-27,Jueves,10:43:00,,0,2,"Moto/Ciclomotor,Pickup/Utilitario",crespo Y Soldado Aguirre,2,1,0,0,1,0,0,"-33.029667335391,-60.649451055474",Calle,,VILLA GOBERNADOR GÁLVEZ,Rosario,Asfalto,No existe,II,Dentro,Urbana,Ninguna,No existe,Intersección,Deteriorada,Buena,Diurna,Buen Tiempo,Lateral,S/D,Colisión,Material Suelto,Faltante,Ninguna,Sin restricción
2020,5138,2020-12-16,Miercoles,8:35:00,,0,2,"Moto/Ciclomotor,Automóvil",Av Urquiza Y J Castelli,2,1,0,0,1,0,0,"-31.60497, -60.70132",Calle,,SANTA FE,La Capital,Asfalto,No existe,I,S/D,Urbana,Ninguna,No existe,Intersección,Bueno,Buena,Diurna,Buen Tiempo,Lateral,S/D,Colisión,Ninguna,S/D,Ninguna,Sin restricción
2020,5139,2020-12-16,Miercoles,15:55:00,,0,2,"Moto/Ciclomotor,Automóvil",San Jeronimo Y Estanislao Zeballos,2,1,0,0,1,0,0,"-31.60521, -60.69582",Calle,,SANTA FE,La Capital,Asfalto,No existe,I,S/D,Urbana,Ninguna,No existe,Intersección,Bueno,Buena,Diurna,Buen Tiempo,Lateral,S/D,Colisión,Agua,S/D,Ninguna,Sin restricción
2020,5140,2020-08-04,Martes,23:50:00,,0,2,"Moto/Ciclomotor,Automóvil",Bv Galvez Y San Martin,2,1,0,0,0,0,1,"-32.969034, -60.642344",Avenida,,SANTA FE,La Capital,Asfalto,No existe,I,Dentro,Urbana,Ninguna,Funciona,Intersección,Bueno,Buena,"Nocturna,Con luz artificial",Buen Tiempo,Lateral,S/D,Colisión,Ninguna,"Horizontal,Vertical",Ninguna,Sin restricción
2020,5141,2020-11-01,Domingo,5:00:00,,0,1,Automóvil,Saavedra,4,2,0,0,2,0,0,"-32.97057, -60.7186",S/D,,ROSARIO,Rosario,S/D,S/D,II,S/D,S/D,S/D,S/D,S/D,S/D,S/D,S/D,S/D,S/D,S/D,S/D,S/D,S/D,S/D,S/D
2020,5142,2020-12-15,Martes,18:50:00,,0,2,"Automóvil,Moto/Ciclomotor",LOS EUCALIPTUS Y LAS CAMELIAS,2,1,0,0,1,0,0,"-31.62569, -60.61312",Calle,,COLASTINE,La Capital,Arena,No existe,I,S/D,Urbana,Ninguna,No existe,Intersección,Otro,Buena,Atardecer,Buen Tiempo,De alcance,S/D,Colisión,Ninguna,Faltante,Ninguna,Sin restricción
2020,5143,2020-08-22,Sabado,20:00:00,Ruta Provincial 21,0,2,"Moto/Ciclomotor,Automóvil",PEDRONI Y RUTA PROVINCIAL 21,2,1,0,0,1,0,0,"-33.080260455608375,-60.57356536388",Ruta,21,PUEBLO ESTHER,Rosario,Asfalto,Ripio,II,Dentro,Urbana,Marca Vial,No existe,Intersección,Bueno,S/D,Nocturna,S/D,S/D,S/D,Colisión,Ninguna,Horizontal,Línea divisoria pintada,S/D
2020,5144,2020-12-11,Viernes,21:15:00,,0,2,"Moto/Ciclomotor,Automóvil",Republica de Italia 2400,2,0,1,0,1,0,0,"-31.30525, -60.65922",Calle,,LAGUNA PAIVA,La Capital,Asfalto,No existe,I,S/D,Urbana,Ninguna,No existe,Recta,Bueno,Buena,S/D,Buen Tiempo,Lateral,S/D,Colisión,Ninguna,Faltante,Ninguna,Sin restricción
2020,5145,2020-11-01,Domingo,9:55:00,,0,2,"Automóvil,Moto/Ciclomotor",Bv. Segui Y Crespo,2,0,1,0,1,0,0,"-32.97378, -60.67651",S/D,,ROSARIO,Rosario,S/D,S/D,II,S/D,S/D,S/D,S/D,S/D,S/D,S/D,S/D,S/D,S/D,S/D,S/D,S/D,S/D,S/D,S/D
2020,5147,2020-12-14,Lunes,13:00:00,Ruta Provincial 2,0,2,"Moto/Ciclomotor,Pickup/Utilitario",Av L de la Torre,2,0,1,0,1,0,0,"-31.296940179305, -60.656541654099",Ruta,2,LAGUNA PAIVA,La Capital,Asfalto,No existe,I,Dentro,Urbana,Ninguna,No existe,Recta,Bueno,Buena,Diurna,Buen Tiempo,De alcance,S/D,Colisión,Ninguna,Faltante,Ninguna,Sin restricción
2020,5148,2020-08-01,Sabado,7:40:00,,0,2,"Pickup/Utilitario,Moto/Ciclomotor",Suipacha Y Rivadavia,2,1,0,0,1,0,0,"-31.640564672148,-60.702475325938",Calle,,SANTA FE,La Capital,Asfalto,No existe,I,Dentro,Urbana,Paso Peatonal,No existe,Intersección,Bueno,Buena,Diurna,Buen Tiempo,Lateral,S/D,Colisión,Ninguna,Horizontal,Ninguna,Sin restricción
2020,5149,2020-08-07,Viernes,12:30:00,,0,2,"Automóvil,Moto/Ciclomotor",HIPOLITO IRIGOYEN Y SAN JUAN,2,1,0,0,1,0,0,"-33.07780086994173,-60.575142502784",Calle,,PUEBLO ESTHER,Rosario,Ripio,No existe,II,Dentro,Urbana,Ninguna,No existe,Intersección,Bueno,S/D,Diurna,S/D,Lateral,S/D,Colisión,S/D,Faltante,Ninguna,S/D
2020,5150,2020-11-01,Domingo,,,0,1,Moto/Ciclomotor,,1,1,0,0,0,0,0,"-31.44809, -60.92888",S/D,,ESPERANZA,Las Colonias,S/D,S/D,XI,S/D,S/D,S/D,S/D,S/D,S/D,S/D,S/D,S/D,S/D,S/D,S/D,S/D,S/D,S/D,S/D
2020,5151,2020-12-12,Sabado,21:00:00,,0,2,"Moto/Ciclomotor,Automóvil",Dr E Puccio Y Neuquen,2,1,0,0,1,0,0,"-31.51998, -60.67799",Calle,,MONTE VERA,La Capital,Ripio,Natural,I,Dentro,Urbana,Ninguna,No existe,Intersección,Bueno,Buena,Nocturna,Buen Tiempo,Lateral,S/D,Colisión,Ninguna,Faltante,Ninguna,Sin restricción
2020,5152,2020-08-01,Sabado,19:30:00,,0,2,"Automóvil,Moto/Ciclomotor",Av Gral Lopez Y 4 de Enero,2,1,0,0,1,0,0,"-31.656171, -60.714897",Avenida,,SANTA FE,La Capital,Asfalto,No existe,I,Dentro,Urbana,Paso Peatonal,No existe,Intersección,Bueno,Buena,Atardecer,Buen Tiempo,Lateral,S/D,Colisión,Ninguna,Horizontal,Ninguna,Sin restricción
2020,5153,2020-12-14,Lunes,10:00:00,Ruta Provincial 2,0,2,"Moto/Ciclomotor,Pickup/Utilitario",Ruta pcial 2 Av San Martin Y Entre Rios,3,2,0,0,1,0,0,"-31.51643, -60.68088",Ruta,2,MONTE VERA,La Capital,Asfalto,Ripio,I,Fuera,Urbana,Ninguna,No existe,Recta,Bueno,Buena,Diurna,Buen Tiempo,Lateral,S/D,Colisión,Ninguna,Vertical,Línea divisoria pintada,Sin restricción
2020,5154,2020-10-24,Sabado,20:10:00,Ruta Nacional 11,0,2,"Automóvil,Moto/Ciclomotor",Ruta Nac 11,2,0,1,0,1,0,0,"    -31.72124, -60.81047",Ruta,11,SAUCE VIEJO,La Capital,Asfalto,Natural,I,Dentro,Urbana,Ninguna,No existe,Recta,Bueno,Buena,Atardecer,Buen Tiempo,De alcance,S/D,Colisión,Ninguna,S/D,Línea divisoria pintada,Sin restricción
2020,5155,2020-12-15,Martes,18:00:00,Ruta Nacional 175,0,1,Moto/Ciclomotor,9 de Julio Y Cordoba,2,2,0,0,0,0,0,"-32.71716, -60.73333",Ruta,175,PUERTO SAN MARTÍN,San Lorenzo,Asfalto,No existe,XVIII,Dentro,Urbana,Ninguna,No existe,Intersección,Bueno,Buena,Diurna,Buen Tiempo,Contra objeto fijo,S/D,Colisión,Ninguna,Horizontal,Ninguna,Sin restricción
2020,5156,2020-11-01,Domingo,,,0,2,"Automóvil,Moto/Ciclomotor",,2,1,0,0,1,0,0,"-31.44414, -60.93085",S/D,,ESPERANZA,Las Colonias,S/D,S/D,XI,S/D,S/D,S/D,S/D,S/D,S/D,S/D,S/D,S/D,S/D,S/D,S/D,S/D,S/D,S/D,S/D
2020,5157,2020-08-26,Miercoles,20:00:00,,0,2,"Automóvil,Automóvil",Salta Y 4 de Enero,2,1,0,0,1,0,0,"-31.649215150859,-60.712719135495",Calle,,SANTA FE,La Capital,Asfalto,No existe,I,Dentro,Urbana,Paso Peatonal,No existe,Intersección,Bueno,Buena,Diurna,Buen Tiempo,Lateral,S/D,Colisión,Ninguna,Horizontal,Ninguna,Sin restricción
2020,5158,2020-12-15,Martes,18:30:00,Ruta Nacional 175,0,2,"Moto/Ciclomotor,Pickup/Utilitario",Rioja Y Cordoba,2,1,0,0,1,0,0,"-32.71566, -60.74182",Ruta,175,PUERTO SAN MARTÍN,San Lorenzo,Asfalto,No existe,XVII,Dentro,Urbana,Ninguna,No existe,Intersección,Bueno,Buena,Diurna,Buen Tiempo,Lateral,S/D,Colisión,Ninguna,Horizontal,Ninguna,Sin restricción
2020,5159,2020-12-11,Viernes,21:50:00,,0,2,"Moto/Ciclomotor,Automóvil",Rioja Y Piton,2,0,1,0,1,0,0,"-32.71006, -60.74035",Calle,,PUERTO SAN MARTÍN,San Lorenzo,Asfalto,No existe,XVII,Dentro,Urbana,Ninguna,No existe,Intersección,Bueno,Buena,Nocturna,Buen Tiempo,Lateral,S/D,Colisión,Ninguna,Horizontal,Ninguna,Sin restricción
2020,5161,2020-12-10,Jueves,11:00:00,,0,2,"Moto/Ciclomotor,Moto/Ciclomotor",Santiago del Estero Y J J Passo,2,2,0,0,0,0,0,"-32.74114, -60.74254",Calle,,SAN LORENZO,San Lorenzo,Asfalto,S/D,XVII,S/D,Urbana,S/D,S/D,Intersección,S/D,S/D,S/D,S/D,S/D,S/D,Colisión,S/D,S/D,S/D,S/D
2020,5162,2020-07-31,Viernes,18:00:00,,0,2,"Moto/Ciclomotor,Automóvil",SAN JUAN,2,1,0,0,1,0,0,"-33.077750218912,-60.57156983011",Calle,,PUEBLO ESTHER,Rosario,Ripio,No existe,II,Dentro,Urbana,S/D,S/D,Recta,S/D,S/D,Diurna,S/D,De alcance,S/D,Colisión,S/D,S/D,S/D,S/D
2020,5163,2020-08-14,Viernes,8:25:00,Ruta Nacional A007,0,2,"Pickup/Utilitario,Moto/Ciclomotor",Av Leandro Alem Y Belgrano,2,1,0,0,1,0,0,"-31.646696222242,-60.701830918316",Ruta,A007,SANTA FE,La Capital,Asfalto,No existe,I,Dentro,Urbana,Semáforo,Funciona,Intersección,Bueno,Buena,Diurna,Buen Tiempo,Lateral,S/D,Colisión,Ninguna,"Horizontal,Vertical",Cordón divisorio,Sin restricción
2020,5164,2020-11-01,Domingo,17:30:00,Ruta Nacional 11,408,1,Moto/Ciclomotor,,1,1,0,0,0,0,0,"-32.06872, -60.96908",Ruta,11,AROCENA,San JERÓNIMO,S/D,S/D,XV,S/D,S/D,S/D,S/D,S/D,S/D,S/D,S/D,S/D,S/D,S/D,Despiste,S/D,S/D,S/D,S/D
2020,5165,2020-12-09,Miercoles,17:20:00,,0,1,Moto/Ciclomotor,Jose Manuel Estrada Y Pe�a S,1,1,0,0,0,0,0,"-32.77831,-60.72963",Calle,,SAN LORENZO,San Lorenzo,Asfalto,S/D,XVII,S/D,Urbana,S/D,S/D,Intersección,S/D,S/D,S/D,S/D,S/D,S/D,Cañda ocupante,S/D,S/D,S/D,S/D
2020,5166,2020-12-09,Miercoles,,,0,2,"Moto/Ciclomotor,Automóvil",J J Passo Y Urquiza,2,1,0,0,1,0,0,"-32.74754, -60.74268",Calle,,SAN LORENZO,San Lorenzo,Asfalto,S/D,XVII,S/D,Urbana,S/D,S/D,Intersección,S/D,S/D,S/D,S/D,S/D,S/D,Colisión,S/D,S/D,S/D,S/D
2020,5167,2020-11-02,Lunes,,,0,2,"Automóvil,Moto/Ciclomotor",Suipacha Y 1ro de Mayo,2,1,0,0,1,0,0,"-31.63933, -60.70856",S/D,,SANTA FE,La Capital,S/D,S/D,I,S/D,S/D,S/D,S/D,S/D,S/D,S/D,S/D,S/D,S/D,S/D,S/D,S/D,S/D,S/D,S/D
2020,5168,2020-08-05,Miercoles,18:30:00,,0,1,Bicicleta,Hipolito Yrigoyen 2930,1,1,0,0,0,0,0,"-31.641458779371,-60.709531663316",Calle,,SANTA FE,La Capital,Asfalto,No existe,I,Dentro,Urbana,Ninguna,No existe,Recta,Bueno,Buena,Diurna,Buen Tiempo,S/D,S/D,Cañda ocupante,Ninguna,Faltante,Ninguna,Sin restricción
2020,5169,2020-08-15,Sabado,21:15:00,,0,2,"Moto/Ciclomotor,Automóvil",3 de Febrero Y Libertad,2,1,0,0,1,0,0,"-33.153052847686,-60.510943972181",Calle,,ARROYO SECO,Rosario,Asfalto,No existe,II,Dentro,Urbana,Ninguna,No existe,Intersección,"Con baches,Deteriorada,Ahuellamiento",Buena,"Nocturna,Con luz artificial",Buen Tiempo,Lateral,S/D,Colisión,Ninguna,Faltante,Ninguna,Sin restricción
2020,5170,2020-12-10,Jueves,,,0,2,"Camión c / Acoplado,Moto/Ciclomotor",Santiago del Estero Y Irigoyen,2,1,0,0,1,0,0,"-32.74126, -60.73613",Calle,,SAN LORENZO,San Lorenzo,Asfalto,S/D,XVII,S/D,Urbana,S/D,S/D,Intersección,S/D,S/D,S/D,S/D,S/D,S/D,Colisión,S/D,S/D,S/D,S/D
2020,5171,2020-10-25,Domingo,1:10:00,Ruta Nacional 11,0,2,"Moto/Ciclomotor,Automóvil",Ruta Nac 11,3,0,1,0,2,0,0,"    -31.73747, -60.81731",Ruta,11,SAUCE VIEJO,La Capital,Asfalto,Natural,I,Dentro,Urbana,Ninguna,No existe,Recta,Bueno,Buena,Nocturna,Buen Tiempo,Lateral,S/D,Colisión,Ninguna,Faltante,Línea divisoria pintada,Sin restricción
2020,5172,2020-08-11,Martes,19:25:00,,0,2,"Pickup/Utilitario,Moto/Ciclomotor",Mendoza Y 25 de Mayo,2,1,0,0,1,0,0,"-31.649326499281,-60.706478834534",Calle,,SANTA FE,La Capital,Asfalto,No existe,I,Dentro,Urbana,Semáforo,Funciona,Intersección,Bueno,Buena,Nocturna,Buen Tiempo,Lateral,S/D,Colisión,Ninguna,"Horizontal,Vertical",Ninguna,Sin restricción
2020,5173,2020-11-02,Lunes,,,0,2,"Pickup/Utilitario,Bicicleta",Boulevard Doctor E Tomat 2500,2,1,0,0,1,0,0,"-33.05567, -61.19573",S/D,,CASILDA,Caseros,S/D,S/D,IV,S/D,S/D,S/D,S/D,S/D,S/D,S/D,S/D,S/D,S/D,Ciclista,Atropello,S/D,S/D,S/D,S/D
2020,5174,2020-12-13,Domingo,19:00:00,,0,2,"Pickup/Utilitario,Moto/Ciclomotor",Thompson Y B de Astrada,4,1,0,0,3,0,0,"-32.73862, -60.74266",Calle,,SAN LORENZO,San Lorenzo,Asfalto,S/D,XVII,S/D,Urbana,S/D,S/D,Intersección,S/D,S/D,S/D,S/D,S/D,S/D,Colisión,S/D,S/D,S/D,S/D
2020,5175,2020-11-02,Lunes,,,0,2,"Moto/Ciclomotor,Automóvil",General Bartolome Mitre Y Tucuman,3,2,0,0,1,0,0,"-33.04957, -61.16637",S/D,,CASILDA,Caseros,S/D,S/D,IV,S/D,S/D,S/D,S/D,S/D,S/D,S/D,S/D,S/D,S/D,S/D,S/D,S/D,S/D,S/D,S/D