anio_acci,nro_acci,fecha,desc_dia,hora_aprox,desc_ruta,km,cant_participantes,desc_participante,calle_avenida_km,total,heridos_leves,heridos_graves,heridos_gravisimos,ilesos,fallecidos,sin_datos,posicion_XY,desc_tipo_via,desc_ruta_ori,desc_loc,desc_dpto,desc_tipo_calzada,desc_tipo_banquina,desc_unidad_regional,desc_lugar_calzada,desc_zona,desc_prioridad,desc_estado_semaforo,desc_lugar_via,desc_estado_via,desc_estado_visibilidad,desc_luminosidad,desc_estado_clima,desc_tipo_colision,desc_tipo_atropello,desc_tipo_hecho,desc_pres_calzada,desc_senializacion,desc_separacion_via,desc_restriccion
2020,5176,2020-07-10,Viernes,0:20:00,,0,1,Moto/Ciclomotor,Soldado Aguirre Y Av Filipini,1,0,0,0,0,1,0,"-33.029234, -60.637302",Calle,,VILLA GOBERNADOR GÁLVEZ,Rosario,Asfalto,No existe,II,Dentro,Urbana,Ninguna,No existe,Paso a Nivel FFCC,Bueno,S/D,Nocturna,S/D,S/D,S/D,Cañda ocupante,Ninguna,Vertical,Ninguna,Sin restricción
2020,5177,2020-08-09,Domingo,21:05:00,,0,2,"Automóvil,Automóvil",Bv Pellegrini Y 9 de Julio,2,1,0,0,1,0,0,"-31.635080701526,-60.705886240098",Avenida,,SANTA FE,La Capital,Asfalto,No existe,I,Dentro,Urbana,Ninguna,Funciona,Intersección,Bueno,Buena,Diurna,Buen Tiempo,Lateral,S/D,Colisión,Ninguna,"Horizontal,Vertical",Ninguna,Sin restricción
2020,5178,2020-12-15,Martes,17:20:00,Ruta Nacional 11,0,2,"Moto/Ciclomotor,Automóvil",Av San Martin Y Santiago del Estero,2,1,0,0,0,0,1,"-32.74133, -60.73393",Ruta,11,SAN LORENZO,San Lorenzo,Asfalto,S/D,XVII,S/D,Urbana,S/D,S/D,Intersección,S/D,S/D,S/D,S/D,S/D,S/D,Colisión,S/D,S/D,S/D,S/D
2020,5179,2020-10-24,Sabado,20:10:00,,0,2,"Bicicleta,Moto/Ciclomotor",,2,2,0,0,0,0,0,"    -31.63847, -60.77421",Calle,,SANTO TOMÉ,La Capital,Tierra,No existe,I,Dentro,Urbana,Ninguna,No existe,Recta,Deteriorada,Reducida,Nocturna,Buen Tiempo,S/D,Ciclista,Atropello,Ninguna,Faltante,Ninguna,Sin restricción
2020,5180,2020-12-14,Lunes,,Ruta Provincial 10,0,1,Pickup/Utilitario,Ruta Nac 11,1,0,1,0,0,0,0,"-32.71811, -60.75362",Ruta,10,SAN LORENZO,San Lorenzo,Asfalto,S/D,XVII,S/D,Urbana,S/D,S/D,Intersección,S/D,S/D,S/D,S/D,S/D,S/D,S/D,S/D,S/D,S/D,S/D
2020,5181,2020-08-06,Jueves,16:00:00,,0,2,"Moto/Ciclomotor,Automóvil",Moreno Y Uriburu,2,1,0,0,1,0,0,"-33.192971603738,-60.471267069463",Avenida,,FIGHIERA,Rosario,Hormigón,No existe,II,Dentro,Urbana,Ninguna,No existe,Intersección,Bueno,Buena,Diurna,Buen Tiempo,Lateral,S/D,Colisión,Ninguna,Faltante,Ninguna,Sin restricción
2020,5182,2020-07-19,Domingo,9:50:00,Ruta Nacional 11,874.9,1,Automóvil,,2,1,0,0,0,1,0,"-28.47093, -59.34379",Ruta,11,VILLA OCAMPO,General Obligado,Asfalto,Natural,IX,Dentro,Rural,Ninguna,No existe,Recta,Bueno,S/D,Diurna,S/D,S/D,S/D,Despiste,Ninguna,Faltante,"Guardarrail,Línea divisoria pintada",Sin restricción
2020,5183,2020-11-03,Martes,,Ruta Nacional 168,0,2,"Pickup/Utilitario,Moto/Ciclomotor",,2,1,0,0,1,0,0,"-31.64191, -60.67327",Ruta,168,SANTA FE,La Capital,S/D,S/D,I,S/D,S/D,S/D,S/D,S/D,S/D,S/D,S/D,S/D,S/D,S/D,S/D,S/D,S/D,S/D,S/D
2020,5184,2020-12-13,Domingo,21:15:00,,0,2,"Camión c / Semirremolque,Peatón",Mendoza Y Av. Circunvalacion,2,0,1,0,1,0,0,"-32.94057, -60.72248",Calle,,ROSARIO,Rosario,Asfalto,No existe,II,Dentro,Urbana,S/D,Funciona,Intersección,Bueno,Buena,Con luz artificial,Buen Tiempo,S/D,Peatón,Atropello,Ninguna,S/D,S/D,Sin restricción
2020,5185,2020-11-03,Martes,,,0,1,Moto/Ciclomotor,,2,2,0,0,0,0,0,"-31.44985, -60.93",S/D,,ESPERANZA,Las Colonias,S/D,S/D,XI,S/D,S/D,S/D,S/D,S/D,S/D,S/D,S/D,S/D,S/D,S/D,S/D,S/D,S/D,S/D,S/D
2020,5186,2020-08-15,Sabado,12:30:00,,0,2,"Moto/Ciclomotor,Peatón",Corrientes Y San Jeronimo,3,2,0,0,1,0,0,"-31.65341021294,-60.710020527248",Calle,,SANTA FE,La Capital,Asfalto,No existe,I,Dentro,Urbana,Paso Peatonal,No existe,Intersección,Bueno,Buena,Diurna,Buen Tiempo,S/D,Peatón,Atropello,Ninguna,Horizontal,Ninguna,Sin restricción
2020,5187,2020-10-28,Miercoles,19:30:00,,0,2,"Bicicleta,Automóvil",Pje Calcena Y Velez Sarsfield,2,1,0,0,1,0,0,"    -31.62568, -60.68211",Calle,,SANTA FE,La Capital,Asfalto,No existe,I,Dentro,Urbana,Ninguna,No existe,Intersección,Bueno,Buena,Diurna,Buen Tiempo,S/D,Ciclista,Atropello,Ninguna,Faltante,Ninguna,Sin restricción
2020,5188,2020-10-14,Miercoles,,,0,2,"Tren,Peatón",,2,1,0,0,1,0,0,"-28.62293, -61.62472",S/D,,ROSARIO,Rosario,S/D,S/D,II,S/D,S/D,S/D,S/D,S/D,S/D,S/D,S/D,S/D,S/D,Peatón,Atropello,S/D,S/D,S/D,S/D
2020,5190,2020-12-10,Jueves,8:30:00,,0,2,"Moto/Ciclomotor,Moto/Ciclomotor",Av Galicia Y Pje Diego de Leiva,3,2,0,0,1,0,0,"-31.60568, -60.6914",Avenida,,SANTA FE,La Capital,Asfalto,No existe,I,Dentro,Urbana,Ninguna,No existe,Intersección,S/D,Reducida,Diurna,Otro,Otro,S/D,Colisión,Otro,Faltante,Ninguna,Sin restricción
2020,5191,2020-12-09,Miercoles,21:10:00,,0,2,"Automóvil,Moto/Ciclomotor",Av A del Valle Y Pavon,2,0,0,0,1,0,1,"-31.59637, -60.69196",Avenida,,SANTA FE,La Capital,Asfalto,No existe,I,Dentro,Urbana,Ninguna,No existe,Intersección,Otro,Reducida,S/D,Otro,Otro,S/D,Colisión,Otro,Faltante,Ninguna,Sin restricción
2020,5192,2020-10-24,Sabado,0:20:00,,0,2,"Moto/Ciclomotor,Moto/Ciclomotor",Gorriti Y 1ro de Mayo,3,2,1,0,0,0,0,"    -31.59032, -60.69416",Avenida,,SANTA FE,La Capital,Asfalto,S/D,I,Dentro,Urbana,Ninguna,No existe,Recta,Bueno,Buena,Nocturna,Buen Tiempo,Lateral,S/D,Colisión,S/D,Vertical,Ninguna,Sin restricción
2020,5193,2020-08-23,Domingo,17:00:00,Ruta Secundaria 34-s,0,2,"Moto/Ciclomotor,Moto/Ciclomotor",Av del Rosario,2,1,0,0,1,0,0,"-32.970146, -60.775514",Ruta,34-s,PEREZ,Rosario,Asfalto,No existe,II,Dentro,Urbana,Ninguna,No existe,Intersección,Bueno,Buena,Diurna,Buen Tiempo,S/D,S/D,Colisión,Ninguna,Faltante,Ninguna,Sin restricción
2020,5194,2020-08-24,Lunes,11:40:00,,0,2,"Moto/Ciclomotor,Pickup/Utilitario",Corrientes Y Pedro Ferre,2,1,0,0,0,0,1,"-31.629424105446,-60.686412565577",Calle,,SANTA FE,La Capital,Asfalto,No existe,I,Dentro,Urbana,Ninguna,No existe,Intersección,Bueno,Buena,Diurna,Buen Tiempo,Lateral,S/D,Colisión,Ninguna,Faltante,Ninguna,Sin restricción
2020,5195,2020-12-13,Domingo,7:30:00,Ruta Nacional A012,0,1,Automóvil,Libertad Y Acceso 012,1,1,0,0,0,0,0,"-32.89156, -60.89125",Ruta,A012,ROLDÁN,San Lorenzo,Asfalto,Ripio,XVII,Dentro,Urbana,Ninguna,No existe,Intersección,Bueno,Reducida,Diurna,Lluvia,Contra objeto fijo,S/D,Colisión,Agua,Vertical,Ninguna,Sin restricción
2020,5196,2020-11-03,Martes,15:15:00,,0,2,"Moto/Ciclomotor,Moto/Ciclomotor",Chacabuco Y Moreno,2,1,0,0,1,0,0,"-32.05647, -61.59819",S/D,,CAÑADA ROSQUÍN,San MARTÍN,S/D,S/D,XVIII,S/D,S/D,S/D,S/D,S/D,S/D,S/D,S/D,S/D,S/D,S/D,S/D,S/D,S/D,S/D,S/D
2020,5197,2020-08-16,Domingo,19:25:00,,0,2,"Bicicleta,Automóvil",20 de junio Y Morelli,2,1,0,0,1,0,0,"-32.993596644192,-60.777290960617",Calle,,PEREZ,Rosario,Asfalto,No existe,II,Dentro,Urbana,Ninguna,No existe,Intersección,Bueno,Buena,"Atardecer,Con luz artificial",Buen Tiempo,S/D,Ciclista,Atropello,Ninguna,Faltante,Ninguna,Sin restricción
2020,5198,2020-12-12,Sabado,18:15:00,,0,2,"Moto/Ciclomotor,Automóvil",Pedro Centeno Y Av Pte Peron,3,2,0,0,1,0,0,"-31.62387, -60.71868",Avenida,,SANTA FE,La Capital,Asfalto,No existe,I,S/D,Urbana,Semáforo,Funciona,Intersección,Bueno,Buena,Atardecer,Buen Tiempo,Lateral,S/D,Colisión,Ninguna,Vertical,Línea divisoria pintada,Sin restricción
2020,5199,2020-10-25,Domingo,19:10:00,,0,2,"Moto/Ciclomotor,Automóvil",Av A del Valle Y French,3,1,0,0,2,0,0,"    -31.59238, -60.69198",Avenida,,SANTA FE,La Capital,Asfalto,No existe,I,Dentro,Urbana,Ninguna,Funciona,Recta,Bueno,Buena,Diurna,Buen Tiempo,Lateral,S/D,Colisión,Ninguna,Vertical,Vegetación,Sin restricción
2020,5200,2020-08-28,Viernes,20:30:00,,0,2,"Bicicleta,Automóvil",Castellanos Y Candioti,2,1,0,0,1,0,0,"-31.636248654149,-60.695190658845",Calle,,SANTA FE,La Capital,Asfalto,No existe,I,Dentro,Urbana,Ninguna,No existe,Intersección,Bueno,Buena,"Nocturna,Con luz artificial",Buen Tiempo,S/D,Ciclista,Atropello,Ninguna,Faltante,Ninguna,Sin restricción
2020,5201,2020-12-16,Miercoles,10:40:00,,0,1,Transporte de Pasajeros Urbano (> 8 asientos),Av Blas Parera Y J M Zuviria,2,1,0,0,1,0,0,"-31.61302, -60.71807",Avenida,,SANTA FE,La Capital,Asfalto,No existe,I,S/D,Urbana,Semáforo,Funciona,Intersección,Bueno,Buena,Diurna,Buen Tiempo,S/D,S/D,Otro,Ninguna,Vertical,Línea divisoria pintada,Sin restricción
2020,5202,2020-11-04,Miercoles,,,0,2,"Bicicleta,Automóvil",Mendoza Y Casado,2,1,0,0,1,0,0,"-33.04756, -61.16034",S/D,,CASILDA,Caseros,S/D,S/D,IV,S/D,S/D,S/D,S/D,S/D,S/D,S/D,S/D,S/D,S/D,Ciclista,Atropello,S/D,S/D,S/D,S/D
2020,5203,2020-12-14,Lunes,23:00:00,,0,2,"Moto/Ciclomotor,Pickup/Utilitario",Av Lopez y Planes Y Martin Zapata,2,0,0,0,0,0,2,"-31.61692, -60.71333",Avenida,,SANTA FE,La Capital,Asfalto,No existe,I,S/D,Urbana,Semáforo,Funciona,Intersección,Bueno,Buena,Con luz artificial,Buen Tiempo,S/D,S/D,Colisión,Ninguna,Vertical,Línea divisoria pintada,Sin restricción
2020,5204,2020-08-22,Sabado,12:15:00,,0,2,"Moto/Ciclomotor,Automóvil",Castellanos Y Las Heras,2,1,0,0,1,0,0,"-31.635786168624,-60.697311223808",Calle,,SANTA FE,La Capital,Asfalto,No existe,I,Dentro,Urbana,Ninguna,No existe,Intersección,Bueno,Buena,Diurna,Buen Tiempo,Lateral,S/D,Colisión,Ninguna,Horizontal,Ninguna,Sin restricción
2020,5205,2020-08-13,Jueves,20:00:00,,0,2,"Pickup/Utilitario,Moto/Ciclomotor",Dr Borzone Y Las Heras,4,0,1,1,2,0,0,"-33.001312643522,-60.768889330911",Calle,,PEREZ,Rosario,Asfalto,No existe,II,Dentro,Urbana,Ninguna,No existe,Intersección,Bueno,Buena,"Atardecer,Con luz artificial",Buen Tiempo,Lateral,S/D,Colisión,Ninguna,Faltante,Ninguna,Sin restricción
2020,5206,2020-10-26,Lunes,16:10:00,,0,2,"Automóvil,Bicicleta",Domingo Silva Y Pedro Alejandro Vittori,2,1,0,0,1,0,0,"    -31.63145, -60.69965",Calle,,SANTA FE,La Capital,Asfalto,No existe,I,Dentro,Urbana,Ninguna,No existe,Intersección,Bueno,Buena,Diurna,Buen Tiempo,S/D,Ciclista,Atropello,Ninguna,S/D,Ninguna,Sin restricción
2020,5207,2020-07-22,Miercoles,10:30:00,Ruta Nacional 34,228,3,"Camión c / Acoplado,Camión,Camión",,3,0,0,0,2,1,0,"-31.19685, -61.4956",Ruta,34,RAFAELA,Castellanos,Asfalto,Natural,V,Dentro,Rural,Ninguna,No existe,Recta,Bueno,S/D,Diurna,S/D,"Frontal,Múltiple",S/D,Colisión,Ninguna,Faltante,"Guardarrail,Línea divisoria pintada",Sin restricción
2020,5208,2020-11-06,Viernes,6:30:00,Ruta Nacional 11,0,2,"Automóvil,Automóvil",36S,8,2,1,0,5,0,0,"-31.81816, -60.87171",Ruta,11,DESVÍO ARIJÓN,San JERÓNIMO,S/D,S/D,XV,S/D,S/D,S/D,S/D,S/D,S/D,S/D,S/D,S/D,S/D,S/D,S/D,S/D,S/D,S/D,S/D
2020,5209,2020-12-11,Viernes,11:35:00,,0,2,"Taxi/Remis,Pickup/Utilitario",Vera 3900,4,2,0,0,2,0,0,"-31.64016, -60.72251",Calle,,SANTA FE,La Capital,Hormigón,No existe,I,Dentro,Urbana,Ninguna,No existe,Intersección,Bueno,Buena,Diurna,Buen Tiempo,Lateral,S/D,Colisión,Ninguna,Faltante,Ninguna,Sin restricción
2020,5210,2020-08-20,Jueves,17:50:00,,0,2,"Moto/Ciclomotor,Automóvil",Alvear Y Ituzaingo,2,1,0,0,1,0,0,"-31.638880626074,-60.697102406416",Calle,,SANTA FE,La Capital,Asfalto,No existe,I,Dentro,Urbana,Paso Peatonal,No existe,Intersección,Bueno,Buena,Atardecer,Buen Tiempo,Lateral,S/D,Colisión,Ninguna,Horizontal,Ninguna,Sin restricción
2020,5212,2020-12-14,Lunes,17:00:00,,0,2,"Moto/Ciclomotor,Automóvil",Fray C Rodriguez 3900,2,0,0,0,0,0,2,"-31.61824, -60.71629",Avenida,,SANTA FE,La Capital,Asfalto,No existe,I,S/D,Urbana,Semáforo,Funciona,Recta,Bueno,Buena,Diurna,Buen Tiempo,Lateral,S/D,Colisión,Ninguna,Vertical,Línea divisoria pintada,Sin restricción
2020,5213,2020-11-08,Domingo,20:15:00,,0,2,"Automóvil,Moto/Ciclomotor",Bv San Martin Y Chacabuco,2,0,1,0,1,0,0,"-32.23693, -60.9816",S/D,,BARRANCAS,San JERÓNIMO,S/D,S/D,XV,S/D,S/D,S/D,S/D,S/D,S/D,S/D,S/D,S/D,S/D,S/D,S/D,S/D,S/D,S/D,S/D
2020,5214,2020-08-01,Sabado,16:40:00,,0,2,"Automóvil,Moto/Ciclomotor",Lavalle Y Rivadavia,2,0,0,1,1,0,0,"-32.999338350094,-60.767374195987",Calle,,PEREZ,Rosario,Asfalto,No existe,II,Dentro,Urbana,Ninguna,No existe,Intersección,Bueno,S/D,Diurna,Buen Tiempo,Lateral,S/D,Colisión,Ninguna,Faltante,Ninguna,Sin restricción
2020,5215,2020-10-24,Sabado,13:00:00,,0,2,"Pickup/Utilitario,Bicicleta",9 de Julio Y Luciano Torrent,2,1,0,0,1,0,0,"    -31.62407, -60.70264",Calle,,SANTA FE,La Capital,Asfalto,No existe,I,Dentro,Urbana,Ninguna,No existe,Intersección,Bueno,S/D,Diurna,Buen Tiempo,S/D,Ciclista,Atropello,Ninguna,S/D,Ninguna,Sin restricción
2020,5216,2020-12-12,Sabado,15:00:00,Autopista Nacional Rosario -Cordoba,0,1,Automóvil,,1,1,0,0,0,0,0,"-32.92665, -60.89977",Autopista,Rosario -Cordoba,ROLDÁN,San Lorenzo,Asfalto,No existe,XVII,Dentro,Urbana,Ninguna,No existe,Puente,Bueno,Buena,Diurna,Buen Tiempo,Otro,S/D,Vuelco,Ninguna,Horizontal,Ninguna,Sin restricción
2020,5217,2020-11-04,Miercoles,11:50:00,,0,2,"Automóvil,Moto/Ciclomotor",Pellegrini,4,1,1,0,2,0,0,"-29.58366, -60.37605",S/D,,LA GALLARETA,Vera,S/D,S/D,XIX,S/D,S/D,S/D,S/D,S/D,S/D,S/D,S/D,S/D,S/D,S/D,S/D,S/D,S/D,S/D,S/D
2020,5218,2020-12-10,Jueves,20:45:00,Ruta Nacional 9,0,2,"Moto/Ciclomotor,Bicicleta",Lisandro de la Torre Y Ruta Nacional 9,2,0,1,0,1,0,0,"-32.9102, -60.88273",Ruta,9,ROLDÁN,San Lorenzo,"Asfalto,Ripio",Ripio,XVII,Dentro,Urbana,Ninguna,No existe,Intersección,Bueno,Buena,Con luz artificial,Buen Tiempo,S/D,Ciclista,Atropello,Ninguna,Faltante,Ninguna,Sin restricción
2020,5219,2020-11-06,Viernes,17:00:00,,0,2,"Bicicleta,Automóvil",Av. Pellegrini Y Laprida,2,1,0,0,1,0,0,"-32.95812, -60.63717",S/D,,ROSARIO,Rosario,S/D,S/D,II,S/D,S/D,S/D,S/D,S/D,S/D,S/D,S/D,S/D,S/D,Ciclista,Atropello,S/D,S/D,S/D,S/D
2020,5220,2020-08-05,Miercoles,15:35:00,Ruta Nacional 9,0,2,"Automóvil,Moto/Ciclomotor",Galindo Y Ruta Nacional 9,2,1,0,0,1,0,0,"-32.919886720174,-60.820337851552",Ruta,9,FUNES,Rosario,Asfalto,Ripio,II,Dentro,Urbana,Marca Vial,No existe,Recta,Bueno,S/D,Diurna,Buen Tiempo,Lateral,S/D,Colisión,S/D,Horizontal,Línea divisoria pintada,Sin restricción
2020,5221,2020-12-10,Jueves,20:35:00,,0,2,"Bicicleta,Taxi/Remis",Av Gral Paz Y Agustin Delgado,2,1,0,0,1,0,0,"-31.62329, -60.68804",Calle,,SANTA FE,La Capital,Asfalto,No existe,I,Dentro,Urbana,Ninguna,No existe,Intersección,Bueno,Reducida,S/D,Buen Tiempo,Lateral,Ciclista,Atropello,Ninguna,S/D,Ninguna,Sin restricción
2020,5222,2020-10-22,Jueves,18:00:00,,0,2,"Pickup/Utilitario,Moto/Ciclomotor",25 de Mayo,2,1,0,0,1,0,0,"-32.96962, -60.70286",Calle,,ROSARIO,Rosario,S/D,S/D,II,S/D,S/D,S/D,S/D,S/D,S/D,S/D,S/D,S/D,S/D,S/D,S/D,S/D,S/D,S/D,S/D
2020,5223,2020-12-14,Lunes,14:10:00,,0,2,"Pickup/Utilitario,Moto/Ciclomotor",Av A del Valle Y Lavaisse,2,1,0,0,1,0,0,"-31.61296, -60.69561",Avenida,,SANTA FE,La Capital,Asfalto,No existe,I,Dentro,Urbana,Ninguna,No existe,Intersección,Bueno,Buena,Diurna,Buen Tiempo,Lateral,S/D,Colisión,Ninguna,S/D,Ninguna,Sin restricción
2020,5224,2020-11-08,Domingo,22:50:00,,0,2,"Taxi/Remis,Moto/Ciclomotor",Casiano Casas Y Calvo,4,2,0,0,2,0,0,"-32.9016, -60.70733",S/D,,ROSARIO,Rosario,S/D,S/D,II,S/D,S/D,S/D,S/D,S/D,S/D,S/D,S/D,S/D,S/D,S/D,S/D,S/D,S/D,S/D,S/D
2020,5225,2020-12-14,Lunes,18:40:00,,0,2,"Moto/Ciclomotor,Automóvil",Av Almte Brown Y Pje Calcena,2,1,0,0,1,0,0,"-31.62623, -60.67917",Avenida,,SANTA FE,La Capital,Asfalto,No existe,I,Dentro,Urbana,Ninguna,No existe,Intersección,Bueno,Buena,Diurna,Buen Tiempo,Lateral,S/D,Colisión,Ninguna,S/D,Ninguna,Sin restricción
2020,5227,2020-12-12,Sabado,17:00:00,,0,2,"Automóvil,Moto/Ciclomotor",Av A del Valle Y Llerena,3,2,0,0,1,0,0,"-31.61379, -60.69625",Calle,,SANTA FE,La Capital,Asfalto,No existe,I,S/D,Urbana,Ninguna,No existe,Intersección,Bueno,Buena,Diurna,Buen Tiempo,Lateral,S/D,Colisión,Ninguna,S/D,Ninguna,Sin restricción
2020,5228,2020-10-28,Miercoles,,,0,2,"Moto/Ciclomotor,Automóvil",,2,1,0,0,1,0,0,"-31.61037, -60.69428",S/D,,ROSARIO,Rosario,S/D,S/D,II,S/D,S/D,S/D,S/D,S/D,S/D,S/D,S/D,S/D,S/D,S/D,S/D,S/D,S/D,S/D,S/D
2020,5229,2020-08-09,Domingo,19:30:00,,0,2,"Automóvil,Automóvil",COLECTORA AU 9 Y GALINDO,3,2,0,0,1,0,0,"-32.93927550315858,-60.821294188499",Calle,,FUNES,Rosario,Asfalto,No existe,II,Dentro,Urbana,Otra Señal,No existe,Recta,Bueno,Buena,Nocturna,Buen Tiempo,S/D,S/D,Colisión,Ninguna,"Horizontal,Vertical",Ninguna,Sin restricción
2020,5230,2020-11-08,Domingo,,,0,2,"Taxi/Remis,Moto/Ciclomotor",Vieytes Y Av Blas Parera,3,0,2,0,1,0,0,"-31.59645, -60.72273",S/D,,SANTA FE,La Capital,S/D,S/D,I,S/D,S/D,S/D,S/D,S/D,S/D,S/D,S/D,S/D,S/D,S/D,S/D,S/D,S/D,S/D,S/D
2020,5231,2020-08-02,Domingo,15:00:00,,0,1,Moto/Ciclomotor,Albert Sabin 600,1,0,0,0,0,1,0,"-32.92102, -60.68731",Calle,,ROSARIO,Rosario,Asfalto,No existe,II,S/D,Urbana,Semáforo,Funciona,Intersección,Bueno,S/D,Diurna,S/D,S/D,S/D,Cañda ocupante,Ninguna,"Horizontal,Vertical","Cordón divisorio,S/D",Sin restricción
2020,5232,2020-10-29,Jueves,18:00:00,,0,2,"Moto/Ciclomotor,Automóvil",Av Lopez y Planes Y Cordoba,2,1,0,0,1,0,0,"    -31.62575, -60.71361",Avenida,,SANTA FE,La Capital,Asfalto,No existe,I,Dentro,Urbana,Ninguna,Funciona,Intersección,Bueno,Buena,Nocturna,Buen Tiempo,Lateral,S/D,Colisión,Agua,S/D,Línea divisoria pintada,Sin restricción
2020,5233,2020-08-07,Viernes,11:00:00,Ruta Nacional 33,617,2,"Camión,Automóvil",,2,1,0,0,0,1,0,"-33.7887,-62.12487",Ruta,33,MAGGIOLO,General LÓPEZ,Asfalto,Natural,VIII,Dentro,Rural,Ninguna,No existe,Recta,Bueno,S/D,Diurna,S/D,S/D,S/D,Colisión,Ninguna,Faltante,"Ninguna,S/D",Sin restricción
2020,5234,2020-08-10,Lunes,1:30:00,,0,2,"Automóvil,Moto/Ciclomotor",Gdor Candioti Y Maipu,2,1,0,0,1,0,0,"-31.635316662583,-60.694930743786",Calle,,SANTA FE,La Capital,Asfalto,No existe,I,Dentro,Urbana,Paso Peatonal,No existe,Intersección,Bueno,Buena,Nocturna,Buen Tiempo,Lateral,S/D,Colisión,Ninguna,Horizontal,Ninguna,Sin restricción
2020,5235,2020-08-10,Lunes,15:20:00,,0,2,"Pickup/Utilitario,Moto/Ciclomotor",Cimarron Y Tomas de la Torre,3,1,0,0,2,0,0,"-32.909618267006,-60.853139102621",Calle,,FUNES,Rosario,Ripio,No existe,II,Dentro,Urbana,Ninguna,No existe,Intersección,Bueno,Buena,Diurna,Buen Tiempo,De alcance,S/D,Colisión,Ninguna,Faltante,Ninguna,Sin restricción
2020,5236,2020-08-14,Viernes,21:30:00,,0,2,"Moto/Ciclomotor,Pickup/Utilitario",Chacabuco Y Las Heras,3,2,0,0,1,0,0,"-31.63395829481,-60.696786358446",Calle,,SANTA FE,La Capital,Asfalto,No existe,I,Dentro,Urbana,Paso Peatonal,No existe,Intersección,Bueno,Buena,"Nocturna,Con luz artificial",Buen Tiempo,Lateral,S/D,Colisión,Ninguna,Horizontal,Ninguna,Sin restricción
2020,5237,2020-08-20,Jueves,15:05:00,Ruta Nacional 9,0,1,Bicicleta,Candelaria Y Ruta Nacional 9,1,1,0,0,0,0,0,"-32.92109012603762,-60.813462138175",Ruta,9,FUNES,Rosario,Asfalto,Ripio,II,Dentro,Urbana,Marca Vial,No existe,Recta,Bueno,Buena,Diurna,Buen Tiempo,S/D,S/D,Cañda ocupante,Ninguna,Horizontal,S/D,Sin restricción
2020,5238,2020-08-14,Viernes,20:00:00,,0,2,"Moto/Ciclomotor,Automóvil",Bv Galvez Y Republica de Siria,2,1,0,0,1,0,0,"-31.636214962035,-60.699707233949",Avenida,,SANTA FE,La Capital,Asfalto,No existe,I,Dentro,Urbana,Semáforo,Funciona,Intersección,Bueno,Buena,"Nocturna,Con luz artificial",Buen Tiempo,Lateral,S/D,Colisión,Ninguna,"Horizontal,Vertical","Cordón divisorio,Vegetación",Sin restricción
2020,5239,2020-08-07,Viernes,19:20:00,,0,2,"Peatón,Moto/Ciclomotor",Ituzaingo Y Sarmiento,2,1,0,0,1,0,0,"-31.639578917902,-60.693908301583",Calle,,SANTA FE,La Capital,Asfalto,No existe,I,Dentro,Urbana,Otra Señal,No existe,Intersección,Bueno,Buena,Atardecer,Buen Tiempo,S/D,Peatón,Atropello,Ninguna,"Horizontal,Vertical",Ninguna,Sin restricción
2020,5240,2020-08-07,Viernes,0:28:00,,0,2,"Moto/Ciclomotor,Automóvil",Presbitero Jose Houriet Y Moreno,2,0,0,0,1,1,0,"-29.46208,-60.21356",Calle,,VERA,Vera,S/D,S/D,XIX,S/D,Urbana,S/D,S/D,Intersección,S/D,S/D,Nocturna,S/D,S/D,S/D,Colisión,S/D,S/D,S/D,S/D
2020,5241,2020-10-23,Viernes,20:00:00,,0,2,"Moto/Ciclomotor,Pickup/Utilitario",Cochabamba Y Ecuador,3,2,0,0,1,0,0,"-32.95883, -60.693",Calle,,ROSARIO,Rosario,Asfalto,No existe,II,Dentro,Urbana,Semáforo,Funciona,Intersección,Bueno,Buena,Nocturna,Buen Tiempo,Lateral,S/D,Colisión,Ninguna,Vertical,S/D,S/D
2020,5242,2020-08-06,Jueves,10:20:00,,0,2,"Automóvil,Moto/Ciclomotor",Balcarce Y Lavalle,3,2,0,0,1,0,0,"-31.639354290426,-60.690427979204",Calle,,SANTA FE,La Capital,Asfalto,No existe,I,Dentro,Urbana,Ninguna,No existe,Intersección,Bueno,Buena,Diurna,Buen Tiempo,Lateral,S/D,Colisión,Ninguna,"Horizontal,Vertical",Ninguna,Sin restricción
2020,5243,2020-12-09,Miercoles,18:40:00,,0,2,"Automóvil,Moto/Ciclomotor",San Martin Y Santa Rosa,3,1,0,0,2,0,0,"-31.41967, -60.33419",Calle,,SANTA ROSA DE CALCHINES,Garay,Tierra,No existe,VII,Dentro,Urbana,Ninguna,No existe,Intersección,Bueno,Buena,Diurna,Buen Tiempo,Otro,S/D,Otro,Ninguna,Faltante,Ninguna,Sin restricción
2020,5244,2020-12-09,Miercoles,23:30:00,Ruta Secundaria 80-s,0,2,"Moto/Ciclomotor,Moto/Ciclomotor",,5,4,1,0,0,0,0,"-31.14097, -60.96131",Ruta,80-s,PROGRESO,Las Colonias,Asfalto,Natural,XI,S/D,Rural,Ninguna,No existe,Recta,Bueno,Buena,Nocturna,Buen Tiempo,De alcance,S/D,Colisión,Ninguna,Faltante,Ninguna,Sin restricción