anio_acci,nro_acci,fecha,desc_dia,hora_aprox,desc_ruta,km,cant_participantes,desc_participante,calle_avenida_km,total,heridos_leves,heridos_graves,heridos_gravisimos,ilesos,fallecidos,sin_datos,posicion_XY,desc_tipo_via,desc_ruta_ori,desc_loc,desc_dpto,desc_tipo_calzada,desc_tipo_banquina,desc_unidad_regional,desc_lugar_calzada,desc_zona,desc_prioridad,desc_estado_semaforo,desc_lugar_via,desc_estado_via,desc_estado_visibilidad,desc_luminosidad,desc_estado_clima,desc_tipo_colision,desc_tipo_atropello,desc_tipo_hecho,desc_pres_calzada,desc_senializacion,desc_separacion_via,desc_restriccion
2020,5245,2020-12-11,Viernes,16:30:00,,0,2,"Camión c / Acoplado,Moto/Ciclomotor",Maipu Y Galvez,2,1,0,0,1,0,0,"-31.59117, -60.93811",Calle,,FRANCK,Las Colonias,Asfalto,No existe,XI,S/D,Urbana,Ninguna,No existe,Intersección,Bueno,Buena,Diurna,Buen Tiempo,Lateral,S/D,Colisión,Ninguna,Vertical,Cordón divisorio,Sin restricción
2020,5246,2020-12-09,Miercoles,14:25:00,,0,2,"Pickup/Utilitario,Camión Chasis",,3,2,0,0,1,0,0,"-31.6926, -60.93107",Camino Rural,,SAN AGUSTÍN,Las Colonias,Tierra,No existe,XI,Dentro,Rural,Ninguna,No existe,Recta,Bueno,Reducida polvo,Diurna,Buen Tiempo,Frontal,S/D,Colisión,Ninguna,Faltante,Ninguna,Sin restricción
2020,5247,2020-12-16,Miercoles,20:10:00,,0,2,"Bicicleta,Pickup/Utilitario",Islas Malvinas Y Mariano Moreno,2,0,1,0,1,0,0,"-31.73223, -61.08997",Calle,,SAN CARLOS CENTRO,Las Colonias,Asfalto,No existe,XI,Dentro,Urbana,Ninguna,No existe,Intersección,Bueno,Buena,Atardecer,Buen Tiempo,Otro,Ciclista,Atropello,Ninguna,Faltante,Ninguna,Sin restricción
2020,5248,2020-12-13,Domingo,3:30:00,Ruta Provincial 6,0,2,"Automóvil,Automóvil",25 de Mayo Y San Martin,2,1,0,0,1,0,0,"-31.72859, -61.09334",Ruta,6,SAN CARLOS CENTRO,Las Colonias,Asfalto,No existe,XI,Dentro,Urbana,Ninguna,No existe,Intersección,Bueno,Buena,Nocturna,Buen Tiempo,De alcance,S/D,Colisión,Ninguna,"Horizontal,Vertical",Ninguna,Sin restricción
2020,5250,2020-12-09,Miercoles,9:05:00,Ruta Provincial 70,0,2,"Moto/Ciclomotor,Pickup/Utilitario",A Aufranc,2,0,1,0,1,0,0,"-31.44538, -60.9181",Ruta,70,ESPERANZA,Las Colonias,Asfalto,No existe,XI,S/D,Urbana,Ninguna,No existe,Recta,Con baches,Buena,Diurna,Buen Tiempo,S/D,S/D,Colisión,Ninguna,Vertical,Ninguna,Sin restricción
2020,5251,2020-08-10,Lunes,16:55:00,Ruta Nacional 9,0,2,"Moto/Ciclomotor,Automóvil",Av Cordoba - Colectora Y Candelaria,3,2,0,0,1,0,0,"-32.92109414935113,-60.813482254743",Ruta,9,FUNES,Rosario,Asfalto,Ripio,II,Dentro,Urbana,Marca Vial,No existe,Recta,Bueno,Buena,Atardecer,Buen Tiempo,Otro,S/D,Colisión,Ninguna,Horizontal,Línea divisoria pintada,Sin restricción
2020,5252,2020-12-11,Viernes,9:00:00,,0,2,"Pickup/Utilitario,Moto/Ciclomotor",Rivadavia Y Marcos Avellaneda,2,1,0,0,1,0,0,"-31.45447, -60.92989",Calle,,ESPERANZA,Las Colonias,Asfalto,No existe,XI,Dentro,Urbana,Ninguna,No existe,Intersección,Bueno,Buena,Diurna,Buen Tiempo,S/D,S/D,Colisión,Ninguna,Faltante,Ninguna,Sin restricción
2020,5253,2020-09-07,Lunes,2:00:00,,0,2,"Moto/Ciclomotor,Pickup/Utilitario",Buenos Aires Y Estanislao Lopez,3,2,0,0,0,1,0,"-32.05548, -61.59892",Calle,,CAÑADA ROSQUÍN,San MARTÍN,Asfalto,No existe,XVIII,Dentro,Urbana,Ninguna,No existe,Intersección,Bueno,S/D,Nocturna,S/D,S/D,S/D,Colisión,Ninguna,Faltante,"Ninguna,S/D",Sin restricción
2020,5254,2020-12-12,Sabado,0:10:00,,0,2,"Moto/Ciclomotor,Automóvil",Rivadavia Y Aaron Castellanos,3,2,0,0,1,0,0,"-31.45022, -60.92864",Calle,,ESPERANZA,Las Colonias,Asfalto,No existe,XI,Dentro,Urbana,Ninguna,No existe,Intersección,Bueno,Reducida,"Nocturna,Con luz artificial",Buen Tiempo,S/D,S/D,Colisión,Ninguna,Faltante,Ninguna,Sin restricción
2020,5255,2020-08-18,Martes,22:45:00,Ruta Secundaria 34-s,0,2,"Automóvil,Vehículo Oficial",Pedro Rios Y Peron,7,1,0,0,6,0,0,"-32.917335,-60.807398",Ruta,34-s,FUNES,Rosario,Asfalto,No existe,II,Dentro,Urbana,Ninguna,No existe,Paso a Nivel FFCC,Con baches,Buena,"Nocturna,Con luz artificial",Buen Tiempo,De alcance,S/D,Colisión,Ninguna,Faltante,Ninguna,Sin restricción
2020,5256,2020-12-12,Sabado,6:00:00,,0,1,Moto/Ciclomotor,Alberdi Y Soler,2,2,0,0,0,0,0,"-31.46139, -60.93107",Calle,,ESPERANZA,Las Colonias,Asfalto,No existe,XI,Dentro,Urbana,Ninguna,No existe,Intersección,Bueno,Buena,Diurna,Buen Tiempo,Contra objeto fijo,S/D,Colisión,Ninguna,Faltante,Ninguna,Sin restricción
2020,5257,2020-12-14,Lunes,21:10:00,,0,2,"Moto/Ciclomotor,Automóvil",Lavalle,2,1,0,0,1,0,0,"-31.43454, -60.92975",Calle,,ESPERANZA,Las Colonias,Ripio,No existe,XI,Dentro,Urbana,Ninguna,No existe,Intersección,Ahuellamiento,Reducida,"Nocturna,Con luz artificial",Buen Tiempo,S/D,S/D,Colisión,Ninguna,Faltante,Ninguna,Sin restricción
2020,5258,2020-12-15,Martes,18:25:00,,0,2,"Moto/Ciclomotor,Automóvil",Juan Jose Paso Y G Alvear,2,1,0,0,1,0,0,"-31.45511, -60.943",Calle,,ESPERANZA,Las Colonias,Ripio,No existe,XI,Dentro,Urbana,Ninguna,No existe,Intersección,Ahuellamiento,Buena,Diurna,Buen Tiempo,S/D,S/D,Colisión,Ninguna,Faltante,Ninguna,Sin restricción
2020,5259,2020-12-14,Lunes,12:40:00,,0,2,"Bicicleta,Automóvil",Avenida 17 Y Calle 20,2,1,0,0,1,0,0,"-32.68082, -61.51795",Avenida,,LAS PAREJAS,Belgrano,Asfalto,No existe,III,Dentro,Urbana,Ninguna,Funciona,Recta,Bueno,Buena,Diurna,Buen Tiempo,S/D,Ciclista,Atropello,S/D,S/D,Ninguna,Sin restricción
2020,5260,2020-11-01,Domingo,,,0,2,"Automóvil,Moto/Ciclomotor",Av San Martin Y Mateo Galvez,3,0,2,0,1,0,0,"-32.72129, -60.73191",S/D,,SAN LORENZO,San Lorenzo,S/D,S/D,XVII,S/D,S/D,S/D,S/D,S/D,S/D,S/D,S/D,S/D,S/D,S/D,S/D,S/D,S/D,S/D,S/D
2020,5261,2020-10-29,Jueves,13:30:00,,0,1,Moto/Ciclomotor,La Rioja Y Lamadrid,1,1,0,0,0,0,0,"    -31.64069, -60.727",Calle,,SANTA FE,La Capital,Hormigón,No existe,I,Dentro,Urbana,Ninguna,No existe,Recta,S/D,Buena,Diurna,Buen Tiempo,S/D,S/D,Despiste,Ninguna,Faltante,Ninguna,Sin restricción
2020,5262,2020-12-16,Miercoles,19:15:00,,0,1,Moto/Ciclomotor,Calle 14 Y Calle 7,2,1,1,0,0,0,0,"-32.68775, -61.51941",Calle,,LAS PAREJAS,Belgrano,Asfalto,S/D,III,Dentro,Urbana,Ninguna,No existe,Intersección,Bueno,Buena,Diurna,Buen Tiempo,S/D,S/D,Cañda ocupante,Ninguna,S/D,Ninguna,Sin restricción
2020,5263,2020-12-16,Miercoles,,,0,2,"Pickup/Utilitario,Automóvil",Rosa Maria Alarcon de Larriera Y Mariano Moreno,2,0,1,0,1,0,0,"-33.73479, -61.97864",Calle,,VENADO TUERTO,General LÓPEZ,Ripio,S/D,VIII,S/D,Urbana,Ninguna,No existe,Intersección,Bueno,Buena,Diurna,Buen Tiempo,Lateral,S/D,Colisión,Ninguna,Faltante,Ninguna,Sin restricción
2020,5264,2020-11-01,Domingo,13:30:00,,0,2,"Moto/Ciclomotor,Automóvil",Calle 25 - Pietropaolo Y Calle 68-Armada Argentina,3,2,0,0,1,0,0,"-29.14646, -59.68053",S/D,,RECONQUISTA,General Obligado,S/D,S/D,IX,S/D,S/D,S/D,S/D,S/D,S/D,S/D,S/D,S/D,S/D,S/D,S/D,S/D,S/D,S/D,S/D
2020,5265,2020-10-31,Sabado,10:30:00,,0,2,"Moto/Ciclomotor,Pickup/Utilitario",Francia Y Primera Junta,3,2,0,0,1,0,0,"    -31.64605, -60.71462",Calle,,SANTA FE,La Capital,Hormigón,No existe,I,Dentro,Urbana,Ninguna,No existe,Intersección,Bueno,Buena,Diurna,Buen Tiempo,Lateral,S/D,Colisión,Ninguna,Faltante,Ninguna,Sin restricción
2020,5266,2020-08-24,Lunes,13:20:00,,0,2,"Automóvil,Automóvil",Av Rosario Y Moreno,4,2,0,0,2,0,0,"-32.916101,-60.808342",Avenida,,FUNES,Rosario,Asfalto,No existe,II,Dentro,Urbana,Ninguna,No existe,Intersección,Bueno,Buena,Diurna,Buen Tiempo,Frontal,S/D,Colisión,Ninguna,Faltante,Ninguna,Sin restricción
2020,5267,2020-08-04,Martes,19:45:00,,0,2,"Automóvil,Moto/Ciclomotor",Balcarce Y Belgrano,2,1,0,0,1,0,0,"-31.63752228463,-60.698947517902",Calle,,SANTA FE,La Capital,Asfalto,No existe,I,Dentro,Urbana,Otra Señal,No existe,Intersección,Bueno,Buena,Atardecer,Buen Tiempo,Lateral,S/D,Colisión,Ninguna,"Horizontal,Vertical",Ninguna,Sin restricción
2020,5268,2020-12-11,Viernes,19:30:00,,0,2,"Moto/Ciclomotor,Automóvil",Cochabamba Y Junin,2,2,0,0,0,0,0,"-30.32076, -61.23198",Calle,,SAN CRISTÓBAL,San CRISTÓBAL,Ripio,S/D,XIII,S/D,Urbana,Ninguna,No existe,Intersección,Con baches,Buena,Diurna,Buen Tiempo,S/D,S/D,Colisión,Ninguna,S/D,S/D,Sin restricción
2020,5269,2020-12-12,Sabado,3:25:00,,0,1,Automóvil,Bv 25 de Mayo Y Juan D Peron,2,1,0,0,1,0,0,"-30.31515, -61.24226",Calle,,SAN CRISTÓBAL,San CRISTÓBAL,Ripio,Natural,XIII,S/D,Urbana,Ninguna,No existe,Recta,Deteriorada,Reducida,Nocturna,Buen Tiempo,S/D,S/D,Vuelco,Ninguna,Horizontal,S/D,S/D
2020,5270,2020-08-28,Viernes,17:20:00,,0,2,"Pickup/Utilitario,Moto/Ciclomotor",Dorrego Y Lopez y Planes,3,2,0,0,1,0,0,"-33.022868220907,-60.881766706773",Calle,,ZAVALLA,Rosario,Hormigón,No existe,II,Dentro,Urbana,Ninguna,No existe,Intersección,Bueno,Buena,Diurna,Buen Tiempo,Lateral,S/D,Colisión,Ninguna,Faltante,Ninguna,Sin restricción
2020,5271,2020-10-31,Sabado,1:55:00,,0,2,"Automóvil,Otros",J J Paso Y Roque Saenz Pe�a,2,1,0,0,0,0,1,"    -31.66051, -60.72946",Calle,,SANTA FE,La Capital,Asfalto,Pavimento,I,Dentro,Urbana,S/D,No existe,Intersección,S/D,Buena,Diurna,S/D,S/D,S/D,Colisión,Ninguna,Vertical,Cordón divisorio,Sin restricción
2020,5272,2020-12-12,Sabado,20:50:00,,0,1,Pickup/Utilitario,San Lorenzo 600,2,1,0,0,1,0,0,"-30.31478, -61.24356",Calle,,SAN CRISTÓBAL,San CRISTÓBAL,Ripio,Natural,XIII,Dentro,Urbana,Ninguna,No existe,Recta,Con baches,Reducida,Nocturna,Buen Tiempo,S/D,S/D,S/D,Ninguna,Faltante,Ninguna,S/D
2020,5273,2020-08-03,Lunes,11:00:00,,0,2,"Moto/Ciclomotor,Pickup/Utilitario",Guemes Y Ituzaingo,3,2,0,0,1,0,0,"-31.640494696817,-60.689672146678",Calle,,SANTA FE,La Capital,Asfalto,No existe,I,Dentro,Urbana,Paso Peatonal,No existe,Intersección,Bueno,Buena,Diurna,Buen Tiempo,Lateral,S/D,Colisión,Ninguna,Horizontal,Ninguna,Sin restricción
2020,5274,2020-08-04,Martes,17:45:00,,0,2,"Moto/Ciclomotor,Pickup/Utilitario",Brown Y Juncal,2,1,0,0,1,0,0,"-33.128126590679,-60.794194165747",Calle,,ÁLVAREZ,Rosario,Ripio,No existe,II,Dentro,Urbana,Ninguna,No existe,Intersección,Bueno,Buena,Diurna,Buen Tiempo,Lateral,S/D,Colisión,Ninguna,Faltante,Ninguna,Sin restricción
2020,5275,2020-12-10,Jueves,12:25:00,,0,2,"Automóvil,Moto/Ciclomotor",L N Alem 2100,2,0,1,0,1,0,0,"-30.78584, -60.58547",Calle,,SAN JUSTO,San Justo,Asfalto,No existe,XVI,Dentro,Urbana,Ninguna,No existe,Recta,Bueno,Buena,Diurna,Buen Tiempo,Lateral,S/D,Colisión,S/D,S/D,Ninguna,Sin restricción
2020,5276,2020-11-01,Domingo,,,0,2,"Moto/Ciclomotor,Bicicleta",Montevideo Y Av. Corrientes,2,0,2,0,0,0,0,"-32.94999, -60.67475",S/D,,ROSARIO,Rosario,S/D,S/D,II,S/D,S/D,S/D,S/D,S/D,S/D,S/D,S/D,S/D,S/D,Ciclista,Atropello,S/D,S/D,S/D,S/D
2020,5277,2020-12-10,Jueves,21:00:00,Ruta Nacional 11,0,2,"Automóvil,Automóvil",Ruta Nacional 11,6,2,0,0,4,0,0,"-30.76736, -60.57053",Ruta,11,SAN JUSTO,San Justo,Asfalto,Natural,XVI,Fuera,Urbana,Ninguna,No existe,Recta,Bueno,Buena,Nocturna,Buen Tiempo,Lateral,S/D,Colisión,Ninguna,Faltante,Línea divisoria pintada,Sin restricción
2020,5278,2020-11-03,Martes,18:00:00,,0,2,"Automóvil,Moto/Ciclomotor",Leoncio de la Barrera Y España,2,1,0,0,1,0,0,"-33.73157, -61.97216",S/D,,VENADO TUERTO,General LÓPEZ,S/D,S/D,VIII,S/D,S/D,S/D,S/D,S/D,S/D,S/D,S/D,S/D,S/D,S/D,S/D,S/D,S/D,S/D,S/D
2020,5279,2020-10-28,Miercoles,14:30:00,Ruta Nacional 11,0,1,Automóvil,,1,1,0,0,0,0,0,"    -31.50563, -60.7276",Ruta,11,RECREO,La Capital,Asfalto,No existe,I,Fuera,Urbana,Ninguna,No existe,Recta,Con baches,Buena,Diurna,Buen Tiempo,Otro,S/D,Despiste,Ninguna,Horizontal,Línea divisoria pintada,Sin restricción
2020,5280,2020-12-15,Martes,20:00:00,,0,2,"Moto/Ciclomotor,Automóvil",Gral Urquiza 2900,2,1,0,0,1,0,0,"-30.79556, -60.59094",Calle,,SAN JUSTO,San Justo,Hormigón,S/D,XVI,Dentro,Urbana,S/D,S/D,Recta,Bueno,Buena,Diurna,Buen Tiempo,Lateral,S/D,Colisión,Ninguna,S/D,S/D,Sin restricción
2020,5281,2020-11-03,Martes,13:45:00,,0,2,"Automóvil,Moto/Ciclomotor",Calle 75-Lisandro de la Torre,4,3,0,0,1,0,0,"-29.17144, -59.65988",S/D,,RECONQUISTA,General Obligado,S/D,S/D,IX,S/D,S/D,S/D,S/D,S/D,S/D,S/D,S/D,S/D,S/D,S/D,S/D,S/D,S/D,S/D,S/D
2020,5282,2020-08-14,Viernes,20:45:00,,0,2,"Automóvil,Moto/Ciclomotor",Av J J Paso Y Saavedra,2,1,0,0,1,0,0,"-31.662021465503,-60.720709003134",Avenida,,SANTA FE,La Capital,Asfalto,No existe,I,Dentro,Urbana,Ninguna,No existe,Intersección,Bueno,Buena,Nocturna,Buen Tiempo,Frontal,S/D,Colisión,Ninguna,Faltante,Cordón divisorio,Sin restricción
2020,5283,2020-08-18,Martes,7:30:00,Autovía Nacional 168,0,5,"Pickup/Utilitario,Automóvil,Moto/Ciclomotor,Automóvil,Moto/Ciclomotor",PUENTE Oroño,5,3,0,0,2,0,0,"-31.640698570045,-60.681517139052",Autovía,168,SANTA FE,La Capital,Asfalto,No existe,I,Dentro,Urbana,Marca Vial,No existe,Puente,Bueno,Buena,Diurna,Buen Tiempo,Múltiple,S/D,Colisión,Ninguna,Horizontal,Guardarrail,Sin restricción
2020,5284,2020-12-12,Sabado,16:50:00,Ruta Provincial 39,51,1,Moto/Ciclomotor,Ruta Prov 39,2,2,0,0,0,0,0,"-30.37939, -60.38511",Ruta,39,GOBERNADOR CRESPO,San Justo,Asfalto,Natural,XVI,S/D,Rural,Ninguna,No existe,Recta,Bueno,Buena,Diurna,Buen Tiempo,S/D,S/D,Despiste,Ninguna,Horizontal,Línea divisoria pintada,Sin restricción
2020,5285,2020-07-24,Viernes,3:35:00,,0,2,"Bicicleta,Automóvil",9 de Julio Y P Gaggero,4,1,0,0,2,1,0,"-30.7901, -60.584",Calle,,SAN JUSTO,San Justo,"Asfalto,Tierra",No existe,XVI,Dentro,Urbana,Ninguna,No existe,Intersección,Bueno,S/D,Nocturna,S/D,S/D,Ciclista,Atropello,Ninguna,Faltante,Ninguna,Sin restricción
2020,5286,2020-12-16,Miercoles,2:00:00,,0,1,Moto/Ciclomotor,Juan de Garay,2,1,0,0,1,0,0,"-30.35883, -60.39741",S/D,,ROSARIO,Rosario,Ripio,Ripio,II,Dentro,Urbana,Ninguna,No existe,Otro,Con baches,Buena,"Nocturna,Con luz artificial",Buen Tiempo,S/D,S/D,Cañda ocupante,Ninguna,Faltante,Ninguna,Sin restricción
2020,5287,2020-08-15,Sabado,11:30:00,,0,2,"Moto/Ciclomotor,Automóvil",Av Freyre Y Moreno,2,0,1,0,1,0,0,"-31.652777802587,-60.720679829976",Avenida,,SANTA FE,La Capital,Asfalto,No existe,I,Dentro,Urbana,Otra Señal,No existe,Intersección,Bueno,Buena,Diurna,Buen Tiempo,Frontal,S/D,Colisión,Ninguna,Vertical,Cordón divisorio,Sin restricción
2020,5288,2020-12-09,Miercoles,21:45:00,,0,2,"Automóvil,Moto/Ciclomotor",M C Saavedra Y Martin Miguel de Guemes,2,1,0,0,1,0,0,"-32.83958, -60.70686",Calle,,GRANADERO BAIGORRIA,Rosario,Asfalto,Pavimento,II,Fuera,Urbana,Ninguna,No existe,Intersección,Bueno,Buena,Nocturna,Buen Tiempo,Otro,S/D,Colisión,Ninguna,Faltante,Ninguna,S/D
2020,5289,2020-07-27,Lunes,21:30:00,Ruta Secundaria 26-s,39,1,Automóvil,,4,3,0,0,0,1,0,"-32.84916, -61.16501",Ruta,26-s,CARCARAÑÁ,San Lorenzo,Asfalto,No existe,XVII,Dentro,Urbana,Ninguna,No existe,Puente,S/D,S/D,Nocturna,S/D,S/D,S/D,Vuelco,S/D,S/D,S/D,Sin restricción
2020,5290,2020-12-09,Miercoles,11:50:00,,0,2,"Automóvil,Bicicleta",Chacabuco Y Moreno,2,1,0,0,1,0,0,"-33.13095, -60.79973",Calle,,ÁLVAREZ,Rosario,Asfalto,Pavimento,II,S/D,Urbana,Ninguna,No existe,Intersección,Bueno,Buena,Diurna,Buen Tiempo,S/D,Ciclista,Atropello,Ninguna,Faltante,Cordón divisorio,Sin restricción
2020,5291,2020-10-28,Miercoles,21:45:00,,0,2,"Moto/Ciclomotor,Bicicleta",Av Urquiza Y Monse�or Zaspe,2,2,0,0,0,0,0,"    -31.65484, -60.71581",Calle,,SANTA FE,La Capital,Asfalto,S/D,I,Dentro,Urbana,S/D,S/D,Intersección,Bueno,S/D,Nocturna,S/D,S/D,S/D,Colisión,Ninguna,Vertical,S/D,S/D
2020,5292,2020-11-03,Martes,18:00:00,Ruta Nacional 11,0,2,"Camión,Pickup/Utilitario",,4,3,0,0,1,0,0,"-28.46587, -59.33994",Ruta,11,VILLA OCAMPO,General Obligado,S/D,S/D,IX,S/D,S/D,S/D,S/D,S/D,S/D,S/D,S/D,S/D,S/D,S/D,S/D,S/D,S/D,S/D,S/D
2020,5293,2020-12-14,Lunes,17:00:00,Ruta Nacional 9,0,2,"Moto/Ciclomotor,Pickup/Utilitario",Ruta Nacional 9,2,1,0,0,1,0,0,"-32.92205, -60.80804",Ruta,9,FUNES,Rosario,Asfalto,Natural,II,Dentro,Urbana,Ninguna,No existe,S/D,Bueno,Buena,Diurna,Buen Tiempo,Otro,S/D,Colisión,Ninguna,S/D,Ninguna,Sin restricción
2020,5294,2020-08-16,Domingo,5:20:00,Ruta Nacional 11,0,2,"Bicicleta,Automóvil",,2,0,1,0,1,0,0,"-31.667603, -60.751913",Ruta,11,SANTA FE,La Capital,Asfalto,No existe,I,Dentro,Urbana,Marca Vial,No existe,Puente,Bueno,Buena,Nocturna,Buen Tiempo,S/D,Ciclista,"Inmersi�n,Atropello",Ninguna,Horizontal,Línea divisoria pintada,Sin restricción
2020,5295,2020-07-24,Viernes,11:20:00,Ruta Nacional 34,103,3,"Camión,Camión,Camión",,3,2,0,0,0,1,0,"-32.25448, -61.4478",Ruta,34,CENTENO,San JERÓNIMO,Asfalto,Natural,XV,Dentro,Rural,Ninguna,No existe,Recta,Bueno,S/D,Diurna,S/D,Múltiple,S/D,Colisión,Ninguna,Faltante,Ninguna,Sin restricción
2020,5296,2020-12-11,Viernes,17:50:00,Ruta Nacional 9,0,2,"Moto/Ciclomotor,Automóvil",Ruta Nacional 9,2,2,0,0,0,0,0,"-32.9247, -60.77129",Ruta,9,FUNES,Rosario,Asfalto,Natural,II,S/D,Urbana,Ninguna,No existe,Recta,Bueno,Buena,Atardecer,Buen Tiempo,Otro,S/D,Colisión,Ninguna,Faltante,Ninguna,S/D
2020,5297,2020-08-04,Martes,15:30:00,,0,2,"Moto/Ciclomotor,Automóvil",Dr Zavalla Y J J Paso,2,1,0,0,1,0,0,"-31.661169871083,-60.7245772784",Avenida,,SANTA FE,La Capital,Asfalto,No existe,I,Dentro,Urbana,Ninguna,No existe,Intersección,Bueno,Buena,Diurna,Buen Tiempo,Lateral,S/D,Colisión,Ninguna,Faltante,"Cordón divisorio,Vegetación",Sin restricción
2020,5298,2020-11-04,Miercoles,17:30:00,,0,1,Automóvil,Runciman 1300,1,1,0,0,0,0,0,"-33.76336, -61.95281",S/D,,VENADO TUERTO,General LÓPEZ,S/D,S/D,VIII,S/D,S/D,S/D,S/D,S/D,S/D,S/D,S/D,S/D,S/D,S/D,Despiste,S/D,S/D,S/D,S/D
2020,5299,2020-12-12,Sabado,23:30:00,Autopista Nacional Rosario -Cordoba,0,2,"Automóvil,Automóvil",,4,2,0,0,2,0,0,"-32.94176, -60.80963",Autopista,Rosario -Cordoba,FUNES,Rosario,Asfalto,Natural,II,Dentro,Rural,Ninguna,No existe,Recta,Bueno,Buena,Nocturna,S/D,Frontal,S/D,Colisión,Ninguna,Horizontal,Vegetación,Sin restricción
2020,5300,2020-10-28,Miercoles,19:30:00,,0,2,"Automóvil,Moto/Ciclomotor",Candido Pujato Y 1ro de Mayo,2,1,0,0,1,0,0,"    -31.63341, -60.7066",Calle,,SANTA FE,La Capital,Asfalto,Pavimento,I,Dentro,Urbana,Ninguna,No existe,Intersección,Bueno,S/D,Amanecer,Buen Tiempo,Lateral,S/D,Colisión,Ninguna,S/D,Ninguna,Obra en Construcción
2020,5301,2020-12-15,Martes,10:00:00,,0,2,"Pickup/Utilitario,Camión Chasis",1 de Mayo Y Italia,5,2,0,0,3,0,0,"-32.99949, -60.77668",Calle,,PEREZ,Rosario,Asfalto,Pavimento,II,Dentro,Urbana,Ninguna,No existe,Intersección,Bueno,Buena,Diurna,Buen Tiempo,Frontal,S/D,Colisión,Ninguna,S/D,Ninguna,Sin restricción
2020,5302,2020-11-04,Miercoles,22:20:00,,0,2,"Automóvil,Moto/Ciclomotor",Aguero Y Juan Lavalle,2,0,1,0,1,0,0,"-33.73995, -61.9761",S/D,,VENADO TUERTO,General LÓPEZ,S/D,S/D,VIII,S/D,S/D,S/D,S/D,S/D,S/D,S/D,S/D,S/D,S/D,S/D,S/D,S/D,S/D,S/D,S/D
2020,5303,2020-10-26,Lunes,18:00:00,,0,2,"Camión Chasis,Moto/Ciclomotor",9 de Julio Y La Rioja,2,1,0,0,1,0,0,"    -31.64512, -60.7088",Calle,,SANTA FE,La Capital,Asfalto,Pavimento,I,Dentro,Urbana,Ninguna,No existe,Intersección,Bueno,Buena,Atardecer,Buen Tiempo,Lateral,S/D,Colisión,Ninguna,Faltante,Ninguna,Sin restricción
2020,5304,2020-12-13,Domingo,4:00:00,,0,1,Moto/Ciclomotor,Alvarado 900,1,1,0,0,0,0,0,"-33.19159, -60.46405",Calle,,FIGHIERA,Rosario,Hormigón,No existe,II,S/D,Urbana,Ninguna,No existe,Recta,Bueno,Buena,Nocturna,Buen Tiempo,Contra objeto fijo,S/D,Colisión,Ninguna,Faltante,Ninguna,Sin restricción
2020,5305,2020-07-28,Martes,6:00:00,,0,1,Automóvil,Av. Eudoro Carrasco Y J.B.Cordiviola,1,0,0,0,0,1,0,"-32.91228, -60.67362",Calle,,ROSARIO,Rosario,Asfalto,No existe,II,Dentro,Urbana,Ninguna,No existe,Curva,Bueno,S/D,Nocturna,S/D,Contra objeto fijo,S/D,Colisión,S/D,Faltante,Cordón divisorio,Sin restricción
2020,5306,2020-12-11,Viernes,17:45:00,,0,2,"Automóvil,Moto/Ciclomotor",Ameghino Y Moreno,3,2,0,0,1,0,0,"-33.19455, -60.46945",Calle,,FIGHIERA,Rosario,Asfalto,Pavimento,II,S/D,Urbana,Ninguna,No existe,Intersección,Bueno,Buena,Diurna,Buen Tiempo,Frontal,S/D,Colisión,Ninguna,S/D,Ninguna,Sin restricción
2020,5307,2020-07-29,Miercoles,6:09:00,Ruta Provincial 4,40,2,"Ambulancia,Moto/Ciclomotor",,2,0,0,0,1,1,0,"-31.10279, -60.90992",Ruta,4,SANTO DOMINGO,Las Colonias,Asfalto,Natural,XI,Dentro,Rural,Ninguna,No existe,Recta,Bueno,S/D,Nocturna,S/D,S/D,S/D,Colisión,Ninguna,Faltante,Ninguna,Sin restricción
2020,5308,2020-08-20,Jueves,9:30:00,,0,2,"Pickup/Utilitario,Moto/Ciclomotor",Corrientes Y San Lorenzo,2,1,0,0,1,0,0,"-31.651893971107,-60.719086323815",Calle,,SANTA FE,La Capital,Asfalto,No existe,I,Dentro,Urbana,Ninguna,No existe,Intersección,Bueno,Buena,Diurna,Buen Tiempo,Lateral,S/D,Colisión,Ninguna,Faltante,Ninguna,Sin restricción
2020,5309,2020-11-04,Miercoles,,Ruta Nacional 168,0,1,Automóvil,,1,1,0,0,0,0,0,"-31.64154, -60.6713",Ruta,168,SANTA FE,La Capital,S/D,S/D,I,S/D,S/D,S/D,S/D,S/D,S/D,S/D,S/D,S/D,S/D,S/D,Despiste,S/D,S/D,S/D,S/D
2020,5310,2020-08-05,Miercoles,15:15:00,,0,2,"Moto/Ciclomotor,Automóvil",San Jose Y 3 de Febrero,2,1,0,0,1,0,0,"-31.65554389007,-60.725904232361",Calle,,SANTA FE,La Capital,Asfalto,No existe,I,Dentro,Urbana,Ninguna,No existe,Intersección,Bueno,Buena,Diurna,Buen Tiempo,Lateral,S/D,Colisión,Ninguna,Faltante,Ninguna,Sin restricción
2020,5311,2020-12-12,Sabado,3:50:00,Ruta Provincial 21,0,2,"Automóvil,Moto/Ciclomotor",,3,2,0,0,1,0,0,"-33.19944, -60.45811",Ruta,21,FIGHIERA,Rosario,Asfalto,Ripio,II,S/D,Urbana,S/D,No existe,Cruce,Bueno,Reducida,Con luz artificial,Buen Tiempo,S/D,S/D,Colisión,Ninguna,S/D,S/D,Sin restricción