anio_acci,nro_acci,fecha,desc_dia,hora_aprox,desc_ruta,km,cant_participantes,desc_participante,calle_avenida_km,total,heridos_leves,heridos_graves,heridos_gravisimos,ilesos,fallecidos,sin_datos,posicion_XY,desc_tipo_via,desc_ruta_ori,desc_loc,desc_dpto,desc_tipo_calzada,desc_tipo_banquina,desc_unidad_regional,desc_lugar_calzada,desc_zona,desc_prioridad,desc_estado_semaforo,desc_lugar_via,desc_estado_via,desc_estado_visibilidad,desc_luminosidad,desc_estado_clima,desc_tipo_colision,desc_tipo_atropello,desc_tipo_hecho,desc_pres_calzada,desc_senializacion,desc_separacion_via,desc_restriccion
2020,5312,2020-10-26,Lunes,10:30:00,,0,2,"Automóvil,Moto/Ciclomotor",San Martin Y Junin,2,1,0,0,1,0,0,"    -31.63892, -60.70426",Calle,,SANTA FE,La Capital,Asfalto,Pavimento,I,Dentro,Urbana,Ninguna,No existe,Intersección,Bueno,Buena,Diurna,Buen Tiempo,Lateral,S/D,Colisión,Ninguna,Faltante,Ninguna,Sin restricción
2020,5313,2020-12-10,Jueves,10:15:00,Ruta Provincial 21,0,2,"Moto/Ciclomotor,Automóvil",Av Gral San Martin Y J F Kennedy,3,2,0,0,1,0,0,"-33.03045, -60.61955",Ruta,21,VILLA GOBERNADOR GÁLVEZ,Rosario,Asfalto,No existe,II,Dentro,Urbana,Ninguna,No existe,Intersección,Bueno,Buena,Diurna,Buen Tiempo,Lateral,S/D,Colisión,Ninguna,Faltante,Ninguna,Sin restricción
2020,5314,2020-08-07,Viernes,23:30:00,,0,2,"Moto/Ciclomotor,Automóvil",J J Paso Y San Jose,3,3,0,0,0,0,0,"-31.660804378958,-60.726999507354",Calle,,SANTA FE,La Capital,Asfalto,No existe,I,Dentro,Urbana,Marca Vial,No existe,Intersección,Bueno,Buena,"Nocturna,Con luz artificial",Buen Tiempo,Lateral,S/D,Colisión,Ninguna,Horizontal,Ninguna,Sin restricción
2020,5315,2020-08-24,Lunes,11:15:00,,0,2,"Moto/Ciclomotor,Automóvil",San Juan Y Uruguay,2,1,0,0,1,0,0,"-31.658942960438,-60.725261142252",Calle,,SANTA FE,La Capital,Asfalto,No existe,I,Dentro,Urbana,Ninguna,No existe,Intersección,Bueno,Buena,Diurna,Buen Tiempo,Lateral,S/D,Colisión,Ninguna,Faltante,Ninguna,Sin restricción
2020,5316,2020-11-05,Jueves,9:45:00,,0,1,Moto/Ciclomotor,Nicolas Avellaneda Y Gral Jose de San Martin,1,1,0,0,0,0,0,"-33.73842, -61.9713",S/D,,VENADO TUERTO,General LÓPEZ,S/D,S/D,VIII,S/D,S/D,S/D,S/D,S/D,S/D,S/D,S/D,S/D,S/D,S/D,Despiste,S/D,S/D,S/D,S/D
2020,5317,2020-10-19,Lunes,21:40:00,Ruta Nacional 33,539,1,Camión c / Acoplado,,1,0,0,0,0,0,1,"-34.2491, -62.65675",Ruta,33,RUFINO,General LÓPEZ,S/D,S/D,VIII,S/D,Rural,S/D,S/D,Recta,Resbaladiza,S/D,Nocturna,Lluvia,S/D,S/D,Despiste,Agua,S/D,S/D,S/D
2020,5318,2020-12-11,Viernes,14:30:00,Ruta Provincial 21,0,2,"Automóvil,Moto/Ciclomotor",,2,1,0,0,1,0,0,"-33.05705, -60.59822",Ruta,21,ALVEAR,Rosario,Asfalto,No existe,II,Dentro,Urbana,Semáforo,Funciona,Intersección,Bueno,Buena,Diurna,Buen Tiempo,Frontal,S/D,Colisión,Ninguna,Vertical,Ninguna,Sin restricción
2020,5319,2020-11-05,Jueves,10:50:00,,0,2,"Moto/Ciclomotor,Automóvil",Gral Jose de San Martin Y Nicolas Avellaneda,2,1,0,0,1,0,0,"-33.73842, -61.9713",S/D,,VENADO TUERTO,General LÓPEZ,S/D,S/D,VIII,S/D,S/D,S/D,S/D,S/D,S/D,S/D,S/D,S/D,S/D,S/D,S/D,S/D,S/D,S/D,S/D
2020,5320,2020-10-25,Domingo,17:20:00,,0,2,"Automóvil,Moto/Ciclomotor",La Rioja Y San Jeronimo,2,1,0,0,1,0,0,"    -31.64534, -60.70772",Calle,,SANTA FE,La Capital,Asfalto,Pavimento,I,Dentro,Urbana,Ninguna,No existe,Intersección,Bueno,Buena,Atardecer,Buen Tiempo,Lateral,S/D,Colisión,Ninguna,S/D,Ninguna,Sin restricción
2020,5321,2020-11-05,Jueves,19:12:00,,0,2,"Moto/Ciclomotor,Pickup/Utilitario",Junin Y Lopez,2,1,0,0,1,0,0,"-33.74514, -61.97498",S/D,,VENADO TUERTO,General LÓPEZ,S/D,S/D,VIII,S/D,S/D,S/D,S/D,S/D,S/D,S/D,S/D,S/D,S/D,S/D,S/D,S/D,S/D,S/D,S/D
2020,5322,2020-12-09,Miercoles,16:00:00,,0,2,"Moto/Ciclomotor,Bicicleta",Bv San diego,3,3,0,0,0,0,0,"-33.01906, -60.62503",Avenida,,VILLA GOBERNADOR GÁLVEZ,Rosario,Asfalto,No existe,II,Dentro,Urbana,Ninguna,Funciona,S/D,Bueno,Buena,Diurna,Buen Tiempo,S/D,Ciclista,Atropello,Ninguna,Faltante,Ninguna,Sin restricción
2020,5323,2020-12-16,Miercoles,16:30:00,,0,2,"Moto/Ciclomotor,Automóvil",Chacabuco Y Saenz Pe�a,2,1,0,0,1,0,0,"-33.01775, -60.61449",Calle,,VILLA GOBERNADOR GÁLVEZ,Rosario,Asfalto,No existe,II,Dentro,Urbana,Ninguna,No existe,Intersección,Bueno,Buena,Diurna,Buen Tiempo,Lateral,S/D,Colisión,Ninguna,Faltante,Ninguna,Sin restricción
2020,5324,2020-08-14,Viernes,15:50:00,,0,2,"Moto/Ciclomotor,Moto/Ciclomotor",Belgrano Y Junin,2,1,0,0,1,0,0,"-31.639939876305,-60.699650795121",Calle,,SANTA FE,La Capital,Asfalto,No existe,I,Dentro,Urbana,Señal Pare,No existe,Intersección,Bueno,Buena,Diurna,Buen Tiempo,Lateral,S/D,Colisión,Ninguna,Vertical,Ninguna,Sin restricción
2020,5325,2020-11-05,Jueves,,,0,2,"Taxi/Remis,Peatón",San Jeronimo Y Bv Pellegrini,2,1,0,0,1,0,0,"-31.63538, -60.70465",S/D,,SANTA FE,La Capital,S/D,S/D,I,S/D,S/D,S/D,S/D,S/D,S/D,S/D,S/D,S/D,S/D,Peatón,Atropello,S/D,S/D,S/D,S/D
2020,5326,2020-12-15,Martes,15:00:00,,0,2,"Moto/Ciclomotor,Automóvil",Av. Sorrento Y Av. Provincias Unidas,2,1,0,0,1,0,0,"-32.9084, -60.71412",Avenida,,ROSARIO,Rosario,Asfalto,No existe,II,Dentro,Urbana,Semáforo,Funciona,Rotonda,Bueno,Buena,Diurna,Buen Tiempo,Otro,S/D,Colisión,Ninguna,Faltante,Ninguna,Sin restricción
2020,5327,2020-10-16,Viernes,,,0,2,"Moto/Ciclomotor,Pickup/Utilitario",Vieytes Y Gdor Servando Bayo,2,0,1,0,1,0,0,"-31.59576, -60.72917",Calle,,SANTA FE,La Capital,S/D,S/D,I,S/D,Urbana,S/D,S/D,Intersección,S/D,S/D,S/D,S/D,S/D,S/D,Colisión,S/D,S/D,S/D,S/D
2020,5328,2020-08-26,Miercoles,11:25:00,,0,2,"Moto/Ciclomotor,Automóvil",Roberto Arlt 4000,2,1,0,0,1,0,0,"-31.661942, -60.727521",Calle,,SANTA FE,La Capital,Asfalto,No existe,I,Dentro,Urbana,Marca Vial,No existe,Intersección,Bueno,Buena,Diurna,Buen Tiempo,Lateral,S/D,Colisión,Ninguna,Horizontal,Ninguna,Sin restricción
2020,5329,2020-08-11,Martes,15:40:00,,0,2,"Automóvil,Moto/Ciclomotor",Juan de Garay Y 1ro de Mayo,2,1,0,0,1,0,0,"-31.65183785196,-60.712206739904",Calle,,SANTA FE,La Capital,Asfalto,No existe,I,Dentro,Urbana,Paso Peatonal,No existe,Intersección,Bueno,Buena,Diurna,Buen Tiempo,Lateral,S/D,Colisión,Ninguna,Horizontal,Ninguna,Sin restricción
2020,5330,2020-12-01,Martes,15:30:00,,0,2,"Bicicleta,Moto/Ciclomotor",Av. Genova Y Garzon,2,0,1,0,0,0,1,"-32.91582, -60.70635",Avenida,,ROSARIO,Rosario,Asfalto,No existe,II,Dentro,Urbana,Ninguna,No existe,Intersección,Bueno,Buena,Diurna,Buen Tiempo,S/D,Ciclista,Atropello,Ninguna,Faltante,Ninguna,Sin restricción
2020,5331,2020-10-29,Jueves,13:30:00,,0,2,"Bicicleta,Automóvil",Callao Y Biedma,2,1,0,0,1,0,0,"    -32.97744, -60.66891",Calle,,ROSARIO,Rosario,Asfalto,No existe,II,Dentro,Urbana,S/D,No existe,Intersección,Bueno,Reducida polvo,Diurna,Buen Tiempo,S/D,Ciclista,Atropello,Ninguna,Faltante,Ninguna,Sin restricción
2020,5332,2020-08-28,Viernes,17:40:00,,0,2,"Moto/Ciclomotor,Moto/Ciclomotor",Dr Zavalla Y Entre Rios,2,1,0,0,1,0,0,"-31.65770330826,-60.723606740475",Calle,,SANTA FE,La Capital,Asfalto,No existe,I,Dentro,Urbana,Marca Vial,No existe,Intersección,Bueno,Buena,Diurna,Buen Tiempo,Lateral,S/D,Colisión,Ninguna,Horizontal,Línea divisoria pintada,Sin restricción
2020,5333,2020-12-15,Martes,11:30:00,Autopista Nacional Rosario -Cordoba,0,2,"Camión c / Semirremolque,Camión Chasis",,4,2,0,0,2,0,0,"-32.94973, -60.73748",Autopista,Rosario -Cordoba,ROSARIO,Rosario,Asfalto,Pavimento,II,S/D,Urbana,S/D,No existe,Recta,Bueno,Buena,Diurna,Buen Tiempo,S/D,S/D,Colisión,Ninguna,S/D,S/D,Sin restricción
2020,5334,2020-11-05,Jueves,17:00:00,Ruta Provincial 6,0,2,"Taxi/Remis,Automóvil",,2,2,0,0,0,0,0,"-31.47811, -60.91918",Ruta,6,ESPERANZA,Las Colonias,S/D,S/D,XI,S/D,S/D,S/D,S/D,S/D,S/D,S/D,S/D,S/D,S/D,S/D,S/D,S/D,S/D,S/D,S/D
2020,5335,2020-10-16,Viernes,,,0,2,"Moto/Ciclomotor,Automóvil",Av. Uriburu 927,2,2,0,0,0,0,0,"-32.99069, -60.64567",Avenida,,ROSARIO,Rosario,S/D,S/D,II,S/D,Urbana,S/D,S/D,Recta,S/D,S/D,S/D,S/D,S/D,S/D,Colisión,S/D,S/D,S/D,S/D
2020,5336,2020-08-03,Lunes,18:00:00,Ruta Nacional A012,0,2,"Moto/Ciclomotor,Camión c / Semirremolque",Ruta Provincial 14,2,0,1,0,1,0,0,"-33.091917, -60.790867",Ruta,A012,PIÑERO,Rosario,Asfalto,Natural,II,Dentro,Rural,Señal Pare,No existe,Cruce,Bueno,Buena,Diurna,Buen Tiempo,Lateral,S/D,Colisión,Ninguna,"Horizontal,Vertical",Línea divisoria pintada,Sin restricción
2020,5337,2020-12-12,Sabado,11:40:00,,0,2,"Bicicleta,Automóvil",Donado Y Pje. Conte De Alio,2,1,0,0,1,0,0,"-32.92917, -60.72743",Calle,,ROSARIO,Rosario,Asfalto,No existe,II,Dentro,Urbana,Ninguna,No existe,Intersección,Bueno,Buena,Diurna,Buen Tiempo,S/D,Ciclista,Atropello,Ninguna,Faltante,Ninguna,Sin restricción
2020,5338,2020-10-25,Domingo,18:40:00,,0,2,"Moto/Ciclomotor,Automóvil",Belgrano,3,2,0,0,1,0,0,"    -30.7889, -60.59094",Calle,,SAN JUSTO,San Justo,Asfalto,No existe,XVI,Dentro,Urbana,S/D,No existe,Intersección,Deteriorada,Buena,Atardecer,Buen Tiempo,Lateral,S/D,Colisión,S/D,Faltante,Ninguna,Sin restricción
2020,5339,2020-12-15,Martes,9:00:00,,0,2,"Automóvil,Moto/Ciclomotor",Av. Genova Y Sanchez de Loria,3,2,0,0,1,0,0,"-32.91656, -60.73278",Calle,,ROSARIO,Rosario,Asfalto,No existe,II,Dentro,Urbana,Ninguna,No existe,Intersección,Bueno,Buena,Diurna,Buen Tiempo,Otro,S/D,Colisión,Ninguna,Faltante,Ninguna,Sin restricción
2020,5340,2020-08-28,Viernes,22:20:00,Ruta Nacional A012,0,2,"Automóvil,Camión c / Acoplado",,4,1,0,0,3,0,0,"-33.089670, -60.699899",Ruta,A012,LA CAROLINA,Rosario,Asfalto,Ripio,II,Dentro,Urbana,Semáforo,Funciona,Cruce,Bueno,Buena,"Nocturna,Con luz artificial",Buen Tiempo,Frontal,S/D,Colisión,Ninguna,"Horizontal,Vertical",Línea divisoria pintada,Sin restricción
2020,5341,2020-08-02,Domingo,23:45:00,,0,2,"Automóvil,Moto/Ciclomotor",Saavedra 2700,2,1,0,0,1,0,0,"-31.642790084404,-60.715042008341",Calle,,SANTA FE,La Capital,Hormigón,No existe,I,Dentro,Urbana,Ninguna,No existe,Intersección,Bueno,Reducida,Nocturna,Buen Tiempo,De alcance,S/D,Colisión,Ninguna,Faltante,Ninguna,Sin restricción
2020,5342,2020-10-16,Viernes,,,0,2,"Moto/Ciclomotor,Moto/Ciclomotor",Chiclana Y Azcuenaga,2,1,0,0,0,0,1,"-31.58747, -60.7271",Calle,,SANTA FE,La Capital,S/D,S/D,I,S/D,Urbana,S/D,S/D,Intersección,S/D,S/D,S/D,S/D,S/D,S/D,Colisión,S/D,S/D,S/D,S/D
2020,5343,2020-11-05,Jueves,11:50:00,,0,2,"Pickup/Utilitario,Moto/Ciclomotor",Calle 26,2,1,0,0,1,0,0,"-29.12074, -59.65021",S/D,,AVELLANEDA,General Obligado,S/D,S/D,IX,S/D,S/D,S/D,S/D,S/D,S/D,S/D,S/D,S/D,S/D,S/D,S/D,S/D,S/D,S/D,S/D
2020,5344,2020-08-05,Miercoles,21:25:00,,0,2,"Automóvil,Moto/Ciclomotor",Av Lopez y Planes Y Bv Pellegrini,4,3,0,0,1,0,0,"-31.632957905530933,-60.71488425135",Avenida,,SANTA FE,La Capital,Hormigón,No existe,I,Dentro,Urbana,Semáforo,Funciona,Intersección,Bueno,Buena,Nocturna,Buen Tiempo,Lateral,S/D,Colisión,Ninguna,Vertical,Cordón divisorio,Sin restricción
2020,5345,2020-12-10,Jueves,11:35:00,Ruta Nacional 9,0,3,"Automóvil,Automóvil,Pickup/Utilitario",Av. Eva Peron Y Rodo,4,1,0,0,3,0,0,"-32.93058, -60.72619",Ruta,9,ROSARIO,Rosario,Asfalto,No existe,II,Dentro,Urbana,Ninguna,No existe,Intersección,Bueno,Buena,Diurna,Buen Tiempo,Múltiple,S/D,Colisión,Ninguna,Faltante,Cordón divisorio,Sin restricción
2020,5346,2020-11-05,Jueves,,,0,2,"Pickup/Utilitario,Moto/Ciclomotor",Calle 21 Y Calle 18,2,1,0,0,1,0,0,"-29.12341, -59.6557",S/D,,AVELLANEDA,General Obligado,S/D,S/D,IX,S/D,S/D,S/D,S/D,S/D,S/D,S/D,S/D,S/D,S/D,S/D,S/D,S/D,S/D,S/D,S/D
2020,5347,2020-08-22,Sabado,18:00:00,Ruta Provincial 18,10,2,"Moto/Ciclomotor,Bicicleta",,2,2,0,0,0,0,0,"-33.133852, -60.713159",Ruta,18,MONTE FLORES,Rosario,Asfalto,Ripio,II,Dentro,Rural,Ninguna,No existe,Recta,Bueno,Buena,Atardecer,Buen Tiempo,S/D,Ciclista,Atropello,Ninguna,Faltante,Línea divisoria pintada,Sin restricción
2020,5348,2020-08-06,Jueves,23:00:00,,0,2,"Moto/Ciclomotor,Taxi/Remis",Francia Y Tucuman,2,1,0,0,1,0,0,"-31.644913624124,-60.714288697159",Calle,,SANTA FE,La Capital,Hormigón,No existe,I,Dentro,Urbana,Ninguna,No existe,Intersección,Bueno,Buena,Nocturna,Buen Tiempo,Lateral,S/D,Colisión,Ninguna,Faltante,Ninguna,Sin restricción
2020,5349,2020-10-16,Viernes,16:25:00,,0,2,"Automóvil,Automóvil",Carriego Y Cochabamba,2,1,0,0,1,0,0,"-32.94938, -60.69174",Calle,,ROSARIO,Rosario,S/D,S/D,II,S/D,Urbana,S/D,S/D,Intersección,S/D,S/D,Diurna,S/D,S/D,S/D,Colisión,S/D,S/D,S/D,S/D
2020,5350,2020-12-09,Miercoles,12:20:00,,0,2,"Moto/Ciclomotor,Automóvil",Av. Azcuenaga Y Bv. Wilde,2,1,0,0,1,0,0,"-32.92661, -60.739",Calle,,ROSARIO,Rosario,Asfalto,No existe,II,Dentro,Urbana,Ninguna,No existe,Intersección,Bueno,Buena,Nocturna,Buen Tiempo,Otro,S/D,Colisión,Ninguna,Faltante,Ninguna,Sin restricción
2020,5351,2020-11-05,Jueves,,Ruta Nacional 11,0,2,"Automóvil,Moto/Ciclomotor",Calle 63-Gral Urquiza,4,4,0,0,0,0,0,"-29.1672, -59.65745",Ruta,11,RECONQUISTA,General Obligado,S/D,S/D,IX,S/D,Urbana,S/D,S/D,S/D,S/D,S/D,S/D,S/D,S/D,S/D,S/D,S/D,S/D,S/D,S/D
2020,5352,2020-12-16,Miercoles,14:40:00,Ruta Nacional 9,0,2,"Moto/Ciclomotor,Automóvil",Av. Eva Peron 7600,2,1,0,0,1,0,0,"-32.93075, -60.72507",Ruta,9,ROSARIO,Rosario,Asfalto,No existe,II,Dentro,Urbana,Semáforo,Funciona,Recta,Bueno,Buena,Diurna,Buen Tiempo,S/D,S/D,Colisión,Ninguna,S/D,Cordón divisorio,Sin restricción
2020,5353,2020-12-16,Miercoles,16:45:00,,0,2,"Bicicleta,Pickup/Utilitario",Av Gral Paz Y Lavalle,2,1,0,0,1,0,0,"-31.61134, -60.67903",Calle,,SANTA FE,La Capital,Asfalto,No existe,I,Dentro,Urbana,Ninguna,No existe,S/D,Bueno,Buena,Diurna,Buen Tiempo,Lateral,Ciclista,Atropello,Ninguna,S/D,Ninguna,Sin restricción
2020,5354,2020-10-25,Domingo,22:55:00,,0,2,"Moto/Ciclomotor,Otros",Guayaquil Y Zeballos bis,2,1,0,0,0,0,1,"    -32.78833, -60.7313",Calle,,FRAY LUIS BELTRÁN,San Lorenzo,Asfalto,S/D,XVII,Dentro,Urbana,Ninguna,S/D,Intersección,Con baches,S/D,Nocturna,Buen Tiempo,Lateral,S/D,Colisión,Ninguna,Faltante,Línea divisoria pintada,Sin restricción
2020,5355,2020-12-15,Martes,9:10:00,,0,2,"Transporte de Pasajeros Urbano (> 8 asientos),Moto/Ciclomotor",,3,1,0,0,0,0,2,"-31.60631, -60.67607",Calle,,SANTA FE,La Capital,Asfalto,S/D,I,Dentro,Urbana,Ninguna,S/D,S/D,S/D,Reducida,Diurna,S/D,S/D,S/D,Colisión,S/D,S/D,S/D,Sin restricción
2020,5356,2020-11-06,Viernes,,,0,2,"Automóvil,Pickup/Utilitario",Nicasio Oroño Y A. Capdevila,2,1,0,0,1,0,0,"-32.8088, -61.38776",S/D,,CAÑADA DE GÓMEZ,Iriondo,S/D,S/D,X,S/D,S/D,S/D,S/D,S/D,S/D,S/D,S/D,S/D,S/D,S/D,S/D,S/D,S/D,S/D,S/D
2020,5357,2020-10-16,Viernes,16:00:00,,0,2,"Moto/Ciclomotor,Automóvil",,2,0,1,0,1,0,0,"-32.95871, -60.69303",S/D,,ROSARIO,Rosario,S/D,S/D,II,S/D,S/D,S/D,S/D,S/D,S/D,S/D,Diurna,S/D,S/D,S/D,Colisión,S/D,S/D,S/D,S/D
2020,5358,2020-10-27,Martes,,Ruta Nacional 11,0,1,Moto/Ciclomotor,Av San Martin Y Republica del Pareguay,1,1,0,0,0,0,0,"    -32.76174, -60.73291",Ruta,11,SAN LORENZO,San Lorenzo,S/D,S/D,XVII,Dentro,Urbana,S/D,S/D,S/D,S/D,S/D,S/D,S/D,Contra objeto fijo,S/D,Colisión,S/D,S/D,S/D,S/D
2020,5359,2020-08-12,Miercoles,7:25:00,Ruta Provincial 26,32,2,"Moto/Ciclomotor,Bicicleta",Ruta Provincial 26,2,2,0,0,0,0,0,"-33.240140584127,-60.808952411646",Ruta,26,CARMEN DEL SAUCE,Rosario,Asfalto,Ripio,II,Dentro,Urbana,Ninguna,No existe,Recta,Bueno,Buena,Diurna,Buen Tiempo,Lateral,Ciclista,"Colisión,Atropello",Ninguna,Faltante,Línea divisoria pintada,Sin restricción
2020,5360,2020-08-07,Viernes,13:20:00,,0,2,"Moto/Ciclomotor,Automóvil",Av Lopez y Planes 3500,2,1,0,0,1,0,0,"-31.633206296783,-60.713740689257",Avenida,,SANTA FE,La Capital,Hormigón,No existe,I,Dentro,Urbana,Semáforo,Funciona,Intersección,Con baches,Buena,Diurna,Buen Tiempo,De alcance,S/D,Colisión,Ninguna,Vertical,Cordón divisorio,Sin restricción
2020,5361,2020-08-05,Miercoles,9:00:00,,0,2,"Moto/Ciclomotor,Automóvil",Av Lopez y Planes Y Juan Del Campillo,2,1,0,0,1,0,0,"-31.627262680169,-60.713827056123",Avenida,,SANTA FE,La Capital,Asfalto,No existe,I,Dentro,Urbana,Semáforo,Funciona,Intersección,Bueno,Buena,Diurna,Buen Tiempo,Lateral,S/D,Colisión,Ninguna,"Horizontal,Vertical",Ninguna,Sin restricción
2020,5362,2020-12-16,Miercoles,12:15:00,,0,2,"Moto/Ciclomotor,Automóvil",Albert Sabin Y J.J.Paso,3,1,0,0,2,0,0,"-32.91952, -60.68866",Avenida,,ROSARIO,Rosario,Asfalto,S/D,II,Dentro,Urbana,Semáforo,Funciona,Intersección,Bueno,Buena,Diurna,Buen Tiempo,De alcance,S/D,Colisión,Ninguna,"Horizontal,Vertical",Cordón divisorio,Sin restricción
2020,5363,2020-11-06,Viernes,,Ruta Nacional 11,0,2,"Automóvil,Automóvil",,5,5,0,0,0,0,0,"-31.77211, -60.83621",Ruta,11,SAUCE VIEJO,La Capital,S/D,S/D,I,S/D,S/D,S/D,S/D,S/D,S/D,S/D,S/D,S/D,S/D,S/D,S/D,S/D,S/D,S/D,S/D
2020,5364,2020-11-07,Sabado,1:30:00,,0,2,"Automóvil,Moto/Ciclomotor",Av Gral San Martin Y Libertad,2,1,0,0,1,0,0,"-33.02108, -60.62972",S/D,,VILLA GOBERNADOR GÁLVEZ,Rosario,S/D,S/D,II,S/D,S/D,S/D,S/D,S/D,S/D,S/D,S/D,S/D,S/D,S/D,S/D,S/D,S/D,S/D,S/D
2020,5365,2020-08-28,Viernes,23:00:00,,0,2,"Moto/Ciclomotor,Otros",Av Freyre Y Tucuman,2,1,0,0,1,0,0,"-31.643976649679,-60.718139858807",Avenida,,SANTA FE,La Capital,Hormigón,No existe,I,Dentro,Urbana,Semáforo,Funciona,Recta,Bueno,Buena,Nocturna,Buen Tiempo,Lateral,S/D,Colisión,Ninguna,"Horizontal,Vertical",Cordón divisorio,Sin restricción
2020,5366,2020-11-07,Sabado,13:15:00,Ruta Secundaria 32-s,0,2,"Moto/Ciclomotor,Moto/Ciclomotor",,2,2,0,0,0,0,0,"-28.49958, -59.61238",Ruta,32-s,VILLA ANA,General Obligado,S/D,S/D,IX,S/D,S/D,S/D,S/D,S/D,S/D,S/D,S/D,S/D,S/D,S/D,S/D,S/D,S/D,S/D,S/D
2020,5367,2020-10-16,Viernes,,,0,2,"Moto/Ciclomotor,Automóvil",Hipolito Yrigoyen Y España,2,1,0,0,1,0,0,"-33.04453, -61.16883",Calle,,CASILDA,Caseros,S/D,S/D,IV,S/D,Urbana,S/D,S/D,Intersección,S/D,S/D,S/D,S/D,S/D,S/D,Colisión,S/D,S/D,S/D,S/D
2020,5368,2020-11-08,Domingo,,,0,2,"Automóvil,Automóvil",Av. Wheelwright Y Entre Rios,2,1,0,0,1,0,0,"-32.93516, -60.64407",S/D,,ROSARIO,Rosario,S/D,S/D,II,S/D,S/D,S/D,S/D,S/D,S/D,S/D,S/D,S/D,S/D,S/D,S/D,S/D,S/D,S/D,S/D
2020,5369,2020-08-31,Lunes,19:20:00,,0,2,"Automóvil,Moto/Ciclomotor",Francia Y Primera Junta,2,1,0,0,1,0,0,"-31.645971587659,-60.714591965471",Calle,,SANTA FE,La Capital,Asfalto,No existe,I,Dentro,Urbana,Ninguna,No existe,Intersección,Bueno,Buena,Atardecer,Buen Tiempo,Lateral,S/D,Colisión,Ninguna,Faltante,Ninguna,Sin restricción
2020,5370,2020-10-16,Viernes,,,0,1,Moto/Ciclomotor,Boulevard Villada 3900,1,1,0,0,0,0,0,"-33.04943, -61.18878",Calle,,CASILDA,Caseros,S/D,S/D,IV,S/D,Urbana,S/D,S/D,Recta,S/D,S/D,S/D,S/D,Atropello animal,S/D,Colisión,S/D,S/D,S/D,S/D
2020,5371,2020-08-28,Viernes,9:50:00,,0,2,"Moto/Ciclomotor,Moto/Ciclomotor",Lamadrid Y Mendoza,2,1,0,0,1,0,0,"-31.643839838961,-60.727963812104",Calle,,SANTA FE,La Capital,Asfalto,No existe,I,Dentro,Urbana,Semáforo,Funciona,Intersección,Bueno,Buena,Diurna,Buen Tiempo,Lateral,S/D,Colisión,Ninguna,Vertical,Ninguna,Sin restricción
2020,5372,2020-10-16,Viernes,,Ruta Nacional 33,742,2,"Moto/Ciclomotor,Camión c / Acoplado",,2,0,1,0,1,0,0,"-33.05185, -61.15491",Ruta,33,CASILDA,Caseros,S/D,S/D,IV,S/D,Urbana,S/D,S/D,Recta,S/D,S/D,S/D,S/D,S/D,S/D,Colisión,S/D,S/D,S/D,S/D
2020,5373,2020-08-24,Lunes,9:00:00,,0,2,"Bicicleta,Moto/Ciclomotor",Av Pte Peron Y Obispo Gelabert,3,3,0,0,0,0,0,"-31.633698225831,-60.717686673141",Avenida,,SANTA FE,La Capital,Hormigón,No existe,I,Dentro,Urbana,Ninguna,No existe,Recta,Deteriorada,Buena,Diurna,Buen Tiempo,S/D,Ciclista,Atropello,Ninguna,Faltante,Ninguna,Sin restricción
2020,5374,2020-10-17,Sabado,0:30:00,,0,1,Automóvil,Guemes 452,3,3,0,0,0,0,0,"-32.36128, -61.33413",Calle,,SAN GENARO NORTE,San JERÓNIMO,S/D,S/D,XV,S/D,Urbana,S/D,S/D,Recta,S/D,S/D,Nocturna,S/D,S/D,S/D,Vuelco,S/D,S/D,S/D,S/D
2020,5375,2020-12-02,Miercoles,,Ruta Provincial 1,0,1,Automóvil,,2,0,2,0,0,0,0,"-31.10526, -60.09542",Ruta,1,HELVECIA,Garay,S/D,S/D,VII,Fuera,S/D,S/D,S/D,Curva,S/D,S/D,S/D,S/D,S/D,S/D,Vuelco,S/D,S/D,S/D,S/D
2020,5376,2020-10-18,Domingo,0:10:00,,0,2,"Moto/Ciclomotor,Vehículo Oficial",,3,2,0,0,1,0,0,"-32.95883, -60.693",Calle,,ROSARIO,Rosario,S/D,S/D,II,S/D,Urbana,S/D,S/D,Intersección,S/D,S/D,Nocturna,S/D,S/D,S/D,Colisión,S/D,S/D,S/D,S/D
2020,5377,2020-12-03,Jueves,17:00:00,,0,2,"Moto/Ciclomotor,Automóvil",Gral Urquiza Y N Figueredo,2,1,0,0,1,0,0,"-30.79167, -60.59003",Calle,,SAN JUSTO,San Justo,Asfalto,S/D,XVI,Dentro,Urbana,Ninguna,No existe,Intersección,Bueno,Buena,Diurna,Buen Tiempo,Lateral,S/D,Colisión,Ninguna,Faltante,S/D,Sin restricción
2020,5378,2020-12-09,Miercoles,,,0,3,"Automóvil,Pickup/Utilitario,Moto/Ciclomotor",Azcuenaga Y Rivadavia,4,1,1,0,2,0,0,"-31.59514, -60.68906",Calle,,SANTA FE,La Capital,Asfalto,S/D,I,S/D,Urbana,S/D,S/D,Intersección,S/D,S/D,S/D,S/D,Múltiple,S/D,Colisión,S/D,S/D,S/D,S/D
2020,5379,2020-08-20,Jueves,,,0,2,"Moto/Ciclomotor,Automóvil",Dr Zavalla Y La Rioja,2,1,0,0,1,0,0,"-31.642559665464,-60.719135700178",Calle,,SANTA FE,La Capital,Hormigón,No existe,I,Dentro,Urbana,Paso Peatonal,No existe,Intersección,Deteriorada,Buena,Diurna,Buen Tiempo,Lateral,S/D,Colisión,Ninguna,Horizontal,Ninguna,Sin restricción