anio_acci,nro_acci,fecha,desc_dia,hora_aprox,desc_ruta,km,cant_participantes,desc_participante,calle_avenida_km,total,heridos_leves,heridos_graves,heridos_gravisimos,ilesos,fallecidos,sin_datos,posicion_XY,desc_tipo_via,desc_ruta_ori,desc_loc,desc_dpto,desc_tipo_calzada,desc_tipo_banquina,desc_unidad_regional,desc_lugar_calzada,desc_zona,desc_prioridad,desc_estado_semaforo,desc_lugar_via,desc_estado_via,desc_estado_visibilidad,desc_luminosidad,desc_estado_clima,desc_tipo_colision,desc_tipo_atropello,desc_tipo_hecho,desc_pres_calzada,desc_senializacion,desc_separacion_via,desc_restriccion
2020,5380,2020-08-01,Sabado,12:20:00,Ruta Nacional 178,193,1,Camión c / Semirremolque,,2,1,0,0,1,0,0,"-32.544760107994094,-61.55057609081",Ruta,178,LA CALIFORNIA,Belgrano,Asfalto,Natural,III,Dentro,Rural,Ninguna,No existe,Recta,Bueno,Buena,Diurna,Buen Tiempo,S/D,S/D,Vuelco,Ninguna,Horizontal,Línea divisoria pintada,Sin restricción
2020,5381,2020-08-08,Sabado,23:40:00,,0,2,"Moto/Ciclomotor,Automóvil",Av Lopez y Planes Y Luciano Molinas,2,1,0,0,1,0,0,"-31.629336532459,-60.713895593722",Avenida,,SANTA FE,La Capital,Asfalto,No existe,I,Dentro,Urbana,Semáforo,Funciona,Intersección,Bueno,Buena,Nocturna,Buen Tiempo,Lateral,S/D,Colisión,Ninguna,"Horizontal,Vertical",Cordón divisorio,Sin restricción
2020,5382,2020-12-04,Viernes,18:00:00,,0,2,"Pickup/Utilitario,Moto/Ciclomotor",9 de Julio 2550,2,0,1,0,1,0,0,"-30.78853, -60.59313",S/D,,SAN JUSTO,San Justo,Hormigón,No existe,XVI,S/D,Urbana,Ninguna,No existe,Recta,Bueno,Buena,Diurna,Buen Tiempo,Frontal,S/D,Colisión,S/D,Faltante,Ninguna,Sin restricción
2020,5383,2020-10-17,Sabado,16:00:00,Ruta Nacional 11,87,1,Moto/Ciclomotor,,1,0,1,0,0,0,0,"-32.14315, -60.98106",Ruta,11,SAN FABIÁN,San JERÓNIMO,S/D,S/D,XV,S/D,Rural,S/D,S/D,Recta,S/D,S/D,Diurna,S/D,S/D,S/D,Despiste,S/D,S/D,S/D,S/D
2020,5384,2020-12-09,Miercoles,,,0,2,"Automóvil,Peatón",Italia Y Urquiza,2,1,0,0,1,0,0,"-32.94123, -60.64699",Calle,,ROSARIO,Rosario,S/D,S/D,II,S/D,Urbana,S/D,S/D,Intersección,S/D,S/D,S/D,S/D,S/D,Peatón,Atropello,S/D,S/D,S/D,S/D
2020,5385,2020-08-20,Jueves,9:55:00,,0,2,"Moto/Ciclomotor,Taxi/Remis",Av Pte Peron Y Junin,2,1,0,0,1,0,0,"-31.635810460536,-60.718145613952",Avenida,,SANTA FE,La Capital,Hormigón,No existe,I,Dentro,Urbana,Ninguna,No existe,Intersección,Bueno,Buena,Diurna,Buen Tiempo,Lateral,S/D,Colisión,Ninguna,Faltante,Ninguna,Sin restricción
2020,5386,2020-12-04,Viernes,,,0,2,"Automóvil,Moto/Ciclomotor",Avenida Sargento Cabral Y Sarmiento,2,0,1,0,1,0,0,"-31.64143, -60.69444",Avenida,,CERES,San CRISTÓBAL,Asfalto,No existe,XIII,Dentro,Urbana,Ninguna,No existe,Intersección,Bueno,Buena,Amanecer,Buen Tiempo,Lateral,S/D,Colisión,Ninguna,Faltante,Ninguna,Sin restricción
2020,5388,2020-08-12,Miercoles,12:30:00,,0,2,"Moto/Ciclomotor,Automóvil",Gdor Freyre Y Luciano Torrent,2,1,0,0,1,0,0,"-31.622070538684,-60.711769118508",Avenida,,SANTA FE,La Capital,Asfalto,No existe,I,Dentro,Urbana,Ninguna,No existe,Intersección,Bueno,Buena,Diurna,Buen Tiempo,Lateral,S/D,Colisión,Ninguna,Faltante,Ninguna,Sin restricción
2020,5389,2020-10-11,Domingo,6:00:00,,0,2,"Moto/Ciclomotor,Automóvil",Belgrano Y Colon,4,2,0,0,2,0,0,"-29.45695, -60.21132",Calle,,ROSARIO,Rosario,S/D,S/D,II,S/D,Urbana,S/D,S/D,Intersección,S/D,S/D,Diurna,S/D,S/D,S/D,Colisión,S/D,S/D,S/D,S/D
2020,5390,2020-08-19,Miercoles,16:30:00,,0,2,"Automóvil,Moto/Ciclomotor",Catamarca Y Francia,2,1,0,0,1,0,0,"-31.643040885646,-60.713736748421",Calle,,SANTA FE,La Capital,Hormigón,No existe,I,Dentro,Urbana,Ninguna,No existe,Intersección,Bueno,Buena,Diurna,Buen Tiempo,Lateral,S/D,Colisión,Agua,Faltante,Ninguna,Sin restricción
2020,5392,2020-07-02,Jueves,8:45:00,Ruta Nacional 11,584.5,2,"Automóvil,Automóvil",,4,2,0,0,0,2,0,"-30.6631, -60.49835",Ruta,11,RAMAY�N,San Justo,Asfalto,Natural,XVI,Dentro,Rural,Ninguna,No existe,Recta,Bueno,S/D,Diurna,S/D,Lateral,S/D,Colisión,Ninguna,Faltante,Ninguna,Sin restricción
2020,5393,2020-08-15,Sabado,6:30:00,,0,2,"Moto/Ciclomotor,Moto/Ciclomotor",Catamarca Y Dr Zavalla,2,1,0,0,1,0,0,"-31.642028434738,-60.718984028096",Calle,,SANTA FE,La Capital,Hormigón,No existe,I,Dentro,Urbana,Ninguna,No existe,Intersección,Bueno,Reducida,Amanecer,Buen Tiempo,Lateral,S/D,Colisión,Ninguna,Faltante,Ninguna,Sin restricción
2020,5394,2020-10-18,Domingo,,,0,2,"Moto/Ciclomotor,Automóvil",America Y Rosario,3,1,2,0,0,0,0,"-31.77448, -60.83838",Calle,,SAUCE VIEJO,La Capital,S/D,S/D,I,S/D,Urbana,S/D,S/D,Intersección,S/D,S/D,S/D,S/D,Múltiple,S/D,Colisión,S/D,S/D,S/D,S/D
2020,5395,2020-12-05,Sabado,21:20:00,,0,1,Moto/Ciclomotor,Avenida Mitre Y Avenida Sargento Cabral,1,1,0,0,0,0,0,"-29.88941, -61.94884",S/D,,CERES,San CRISTÓBAL,S/D,No existe,XIII,S/D,Urbana,Ninguna,No existe,Rotonda,Bueno,Buena,Nocturna,Buen Tiempo,Otro,S/D,Despiste,Ninguna,Faltante,Vegetación,Sin restricción
2020,5397,2020-08-13,Jueves,15:40:00,,0,2,"Automóvil,Moto/Ciclomotor",Av Pte Peron Y Fray C Rodriguez,2,1,0,0,1,0,0,"-31.61792278289797,-60.718286633491",Avenida,,SANTA FE,La Capital,Asfalto,No existe,I,Dentro,Urbana,Semáforo,Funciona,Intersección,Bueno,Buena,Diurna,Buen Tiempo,Lateral,S/D,Colisión,Ninguna,"Horizontal,Vertical",Ninguna,Sin restricción
2020,5398,2020-12-07,Lunes,15:20:00,,0,2,"Moto/Ciclomotor,Moto/Ciclomotor",Primera Junta Y Vicente Casares,2,2,0,0,0,0,0,"-30.00688, -61.84391",Calle,,HERSILIA,San CRISTÓBAL,Tierra,S/D,XIII,Dentro,Urbana,Ninguna,No existe,Intersección,Bueno,Buena,Diurna,Buen Tiempo,S/D,S/D,Colisión,Ninguna,Faltante,Ninguna,Sin restricción
2020,5400,2020-07-14,Martes,21:00:00,,0,2,"Bicicleta,Moto/Ciclomotor",Av Blas Parera Y Alberti,2,0,0,0,1,1,0,"-31.5949, -60.72323",Avenida,,SANTA FE,La Capital,Asfalto,No existe,I,Dentro,Urbana,Ninguna,No existe,Intersección,Bueno,S/D,Nocturna,S/D,S/D,Ciclista,Atropello,Ninguna,Faltante,Cordón divisorio,Sin restricción
2020,5401,2020-08-11,Martes,15:00:00,,0,2,"Automóvil,Moto/Ciclomotor",Av Freyre Y Gdor Crespo,2,1,0,0,1,0,0,"-31.638777045141,-60.716624114462",Avenida,,SANTA FE,La Capital,Hormigón,No existe,I,Dentro,Urbana,Ninguna,No existe,Intersección,Con baches,Buena,Diurna,Buen Tiempo,Lateral,S/D,Colisión,Ninguna,Faltante,Cordón divisorio,Sin restricción
2020,5402,2020-12-08,Martes,,,0,2,"Moto/Ciclomotor,Pickup/Utilitario",Guemes Y Gral Lopez,2,1,0,0,1,0,0,"-31.96897, -60.92276",Calle,,CORONDA,San JERÓNIMO,Asfalto,S/D,XV,S/D,Urbana,S/D,S/D,Intersección,S/D,S/D,S/D,S/D,S/D,S/D,Colisión,S/D,S/D,S/D,S/D
2020,5403,2020-10-18,Domingo,,Ruta Nacional 168,7,1,Moto/Ciclomotor,,1,0,1,0,0,0,0,"-31.6553, -60.61097",Ruta,168,COLASTINE,La Capital,S/D,S/D,I,S/D,Rural,S/D,S/D,Recta,S/D,S/D,S/D,S/D,S/D,S/D,Cañda ocupante,S/D,S/D,S/D,S/D
2020,5404,2020-12-09,Miercoles,,,0,2,"Moto/Ciclomotor,Moto/Ciclomotor",Eva Peron Y O'Higgins,3,3,0,0,0,0,0,"-31.89304, -61.87184",Calle,,SAN JORGE,San MARTÍN,Asfalto,S/D,XVIII,S/D,Urbana,S/D,S/D,Intersección,S/D,S/D,S/D,S/D,S/D,S/D,Colisión,S/D,S/D,S/D,S/D
2020,5405,2020-08-18,Martes,7:10:00,,0,2,"Moto/Ciclomotor,Automóvil",Av Lopez y Planes Y Cordoba,2,1,0,0,1,0,0,"-31.625167429447178,-60.71379125118",Avenida,,SANTA FE,La Capital,Asfalto,No existe,I,Dentro,Urbana,Ninguna,Funciona,Intersección,Bueno,Buena,Diurna,Buen Tiempo,Lateral,S/D,Colisión,Ninguna,"Horizontal,Vertical",Ninguna,Sin restricción
2020,5406,2020-10-18,Domingo,,,0,2,"Peatón,Automóvil",J Castelli Y Av Pe�aloza,2,1,0,0,0,0,1,"-31.60248, -60.71279",Calle,,SANTA FE,La Capital,S/D,S/D,I,S/D,Urbana,S/D,S/D,Intersección,S/D,S/D,S/D,S/D,S/D,Peatón,Atropello,S/D,S/D,S/D,S/D
2020,5407,2020-12-10,Jueves,,,0,2,"Automóvil,Moto/Ciclomotor",Viamonte Y Cafferata,4,2,0,0,2,0,0,"-32.95943, -60.67572",Calle,,ROSARIO,Rosario,Asfalto,S/D,II,S/D,Urbana,S/D,S/D,Intersección,S/D,S/D,S/D,S/D,S/D,S/D,Colisión,S/D,S/D,S/D,S/D
2020,5408,2020-12-07,Lunes,9:45:00,,0,2,"Moto/Ciclomotor,Automóvil",Hipolito Irigoyen Y Laprida,2,1,0,0,1,0,0,"-30.30442, -61.24239",S/D,,SAN CRISTÓBAL,San CRISTÓBAL,Ripio,Natural,XIII,S/D,S/D,Ninguna,No existe,Recta,Con baches,Buena,Diurna,Buen Tiempo,De alcance,S/D,Colisión,Ninguna,Faltante,Ninguna,Sin restricción
2020,5409,2020-08-19,Miercoles,9:30:00,,0,2,"Moto/Ciclomotor,Pickup/Utilitario",Pje Irala 4600,2,1,0,0,1,0,0,"-31.633708620774,-60.724627810291",Calle,,SANTA FE,La Capital,Asfalto,No existe,I,Dentro,Urbana,Semáforo,Funciona,Recta,Bueno,Buena,Diurna,Buen Tiempo,De alcance,S/D,Colisión,Ninguna,"Horizontal,Vertical",Ninguna,Sin restricción
2020,5410,2020-08-10,Lunes,14:00:00,,0,2,"Moto/Ciclomotor,Camión Chasis",9 de Julio Y Belgrano,2,0,1,0,1,0,0,"-31.268173358795,-60.760574246819",Calle,,SANTA FE,La Capital,Asfalto,No existe,I,Dentro,Urbana,Ninguna,No existe,Intersección,Bueno,Buena,Diurna,Buen Tiempo,Lateral,S/D,Colisión,Ninguna,Faltante,Ninguna,Sin restricción
2020,5411,2020-12-08,Martes,19:25:00,Ruta Provincial 2,0,2,"Moto/Ciclomotor,Automóvil",,4,1,0,0,3,0,0,"-30.3005, -61.224",Ruta,2,SAN CRISTÓBAL,San CRISTÓBAL,Hormigón,Natural,XIII,Dentro,Rural,S/D,No existe,Recta,Bueno,Buena,Atardecer,Buen Tiempo,S/D,S/D,Colisión,Ninguna,Vertical,S/D,S/D
2020,5412,2020-10-18,Domingo,16:00:00,Autopista Nacional Rosario -Cordoba,301,2,"Moto/Ciclomotor,Automóvil",,2,0,1,0,1,0,0,"-32.92772, -60.88923",Autopista,Rosario -Cordoba,ROSARIO,Rosario,S/D,S/D,II,S/D,Urbana,S/D,S/D,Recta,S/D,S/D,Diurna,S/D,S/D,S/D,Colisión,S/D,S/D,S/D,S/D
2020,5414,2020-08-09,Domingo,21:05:00,Ruta Provincial 4,0,2,"Automóvil,Camión c / Acoplado",,3,2,0,0,1,0,0,"-31.269124, -60.811044",Ruta,4,MANUCHO,La Capital,Asfalto,Natural,I,Dentro,Rural,Marca Vial,No existe,Recta,Bueno,Buena,Diurna,Buen Tiempo,Lateral,S/D,Colisión,Ninguna,Horizontal,Línea divisoria pintada,Sin restricción
2020,5415,2020-12-07,Lunes,11:20:00,,0,1,Moto/Ciclomotor,Caseros 200,2,2,0,0,0,0,0,"-30.359, -60.40014",Calle,,GOBERNADOR CRESPO,San Justo,Hormigón,No existe,XVI,Dentro,Urbana,Ninguna,No existe,Recta,Bueno,Buena,Diurna,Buen Tiempo,S/D,S/D,Vuelco,Ninguna,Vertical,Ninguna,Sin restricción
2020,5416,2020-08-20,Jueves,11:15:00,,0,2,"Moto/Ciclomotor,Pickup/Utilitario",Bolivia Y Juan Diaz de Solis,2,1,0,0,1,0,0,"-31.622928, -60.719791",Calle,,SANTA FE,La Capital,Asfalto,No existe,I,Dentro,Urbana,Semáforo,Funciona,Intersección,Bueno,Buena,Diurna,Buen Tiempo,Lateral,S/D,Colisión,Ninguna,Vertical,Ninguna,Sin restricción
2020,5417,2020-10-18,Domingo,,,0,2,"Moto/Ciclomotor,Automóvil",,2,0,1,0,1,0,0,"-34.00423, -61.60573",S/D,,VILLA CAÑAS,General LÓPEZ,S/D,S/D,VIII,S/D,S/D,S/D,S/D,S/D,S/D,S/D,S/D,S/D,S/D,S/D,Colisión,S/D,S/D,S/D,S/D
2020,5418,2020-08-28,Viernes,16:35:00,Ruta Provincial 4,0,1,Moto/Ciclomotor,,4,4,0,0,0,0,0,"-31.27541542053225,-60.773524045944",Ruta,4,NELSON,La Capital,Asfalto,Natural,I,Dentro,Rural,Marca Vial,No existe,Recta,Bueno,Buena,Diurna,Buen Tiempo,S/D,S/D,Despiste,Ninguna,Horizontal,Línea divisoria pintada,Sin restricción
2020,5419,2020-07-26,Domingo,0:05:00,,0,2,"Automóvil,Peatón",Gral San Martin Y Av Eduardo Minetti,3,1,0,0,1,1,0,"-28.62208, -61.6235",Calle,,VILLA MINETTI,9 de Julio,S/D,S/D,XII,Dentro,Urbana,S/D,S/D,Recta,S/D,S/D,Nocturna,S/D,S/D,Peatón,Atropello,S/D,S/D,S/D,S/D
2020,5420,2020-08-25,Martes,14:20:00,,0,2,"Moto/Ciclomotor,Automóvil",Av Pte Peron Y Centenera,2,1,0,0,1,0,0,"-31.62941336631777,-60.718152523040",Avenida,,SANTA FE,La Capital,Asfalto,No existe,I,Dentro,Urbana,Ninguna,No existe,Intersección,Bueno,Buena,Diurna,Buen Tiempo,Lateral,S/D,Colisión,Ninguna,Faltante,Cordón divisorio,Sin restricción
2020,5421,2020-12-06,Domingo,20:30:00,Ruta Provincial 37,0,2,"Automóvil,Moto/Ciclomotor",,4,2,0,0,2,0,0,"-31.42936, -60.34772",Ruta,37,SANTA ROSA DE CALCHINES,Garay,Asfalto,Natural,VII,Dentro,Urbana,Ninguna,No existe,Intersección,Bueno,Buena,Nocturna,Buen Tiempo,Lateral,S/D,Colisión,Ninguna,Faltante,Ninguna,Sin restricción
2020,5422,2020-10-18,Domingo,2:00:00,,0,1,Moto/Ciclomotor,San Lorenzo Y Cordoba,1,0,0,0,0,1,0,"-32.20584, -61.70469",Calle,,EL TRÉBOL,San MARTÍN,S/D,S/D,XVIII,S/D,Urbana,S/D,S/D,Intersección,S/D,S/D,Nocturna,S/D,S/D,S/D,Cañda ocupante,S/D,S/D,S/D,S/D
2020,5423,2020-08-24,Lunes,20:25:00,,0,2,"Moto/Ciclomotor,Automóvil",Martin Zapata,2,1,0,0,1,0,0,"-31.619844, -60.699753",Calle,,SANTA FE,La Capital,Asfalto,No existe,I,Dentro,Urbana,S/D,S/D,Intersección,Bueno,Buena,Nocturna,Buen Tiempo,Lateral,S/D,Colisión,Ninguna,S/D,Ninguna,Sin restricción
2020,5424,2020-10-19,Lunes,,,0,2,"Moto/Ciclomotor,Automóvil",Av Lopez y Planes Y Pje Irala,2,1,0,0,0,0,1,"-31.62993, -60.71399",Avenida,,SANTA FE,La Capital,S/D,S/D,I,S/D,Urbana,S/D,S/D,Intersección,S/D,S/D,S/D,S/D,S/D,S/D,Colisión,S/D,S/D,S/D,S/D
2020,5425,2020-12-02,Miercoles,,Autovía Nacional 19,0,1,Pickup/Utilitario,,2,2,0,0,0,0,0,"-31.64913, -60.90437",Autovía,19,COLONIA SAN JOSÉ,Las Colonias,Asfalto,Pavimento,XI,S/D,Rural,Ninguna,No existe,Recta,Resbaladiza,Reducida,Diurna,Lluvia,Otro,S/D,Despiste,Agua,Horizontal,Barrera de hormigón,Sin restricción
2020,5426,2020-08-03,Lunes,10:25:00,Ruta Nacional 11,474,2,"Moto/Ciclomotor,Moto/Ciclomotor",,2,1,0,0,1,0,0,"-31.51543, -60.72559",Ruta,11,SANTA FE,La Capital,Asfalto,No existe,I,Dentro,Rural,Ninguna,No existe,Recta,Otro,Buena,Diurna,Otro,Otro,S/D,Colisión,Otro,Faltante,Ninguna,Sin restricción
2020,5427,2020-10-19,Lunes,,,0,2,"Moto/Ciclomotor,Automóvil",,2,0,1,0,1,0,0,"-34.26324, -62.71283",S/D,,RUFINO,General LÓPEZ,S/D,S/D,VIII,S/D,S/D,S/D,S/D,S/D,S/D,S/D,S/D,S/D,S/D,S/D,Colisión,S/D,S/D,S/D,S/D
2020,5428,2020-08-19,Miercoles,19:00:00,,0,2,"Moto/Ciclomotor,Automóvil",Artigas Y La Paz,4,2,0,0,2,0,0,"-31.621064959564,-60.715002296222",Calle,,SANTA FE,La Capital,Asfalto,S/D,I,Dentro,Urbana,Ninguna,S/D,Intersección,Bueno,Buena,Atardecer,Buen Tiempo,Lateral,S/D,Colisión,Ninguna,Faltante,Ninguna,Sin restricción
2020,5429,2020-08-07,Viernes,16:10:00,Ruta Nacional 11,0,2,"Automóvil,Moto/Ciclomotor",Pte Roca Y Ruta Nacional 11,3,2,0,0,1,0,0,"-31.554383933544162,-60.72765558958",Ruta,11,RECREO,La Capital,Asfalto,Pavimento,I,Dentro,Urbana,Ninguna,No existe,Recta,Otro,Buena,Diurna,Otro,Otro,S/D,Colisión,Ninguna,Faltante,Ninguna,Sin restricción
2020,5430,2020-12-04,Viernes,12:00:00,Ruta Provincial 4,27,1,Pickup/Utilitario,,1,1,0,0,0,0,0,"-31.20649, -60.92288",Ruta,4,CULULÚ,Las Colonias,Asfalto,Natural,XI,Fuera,Rural,Ninguna,No existe,Curva,Bueno,Buena,Diurna,Buen Tiempo,S/D,S/D,Vuelco,Ninguna,S/D,S/D,S/D
2020,5431,2020-12-11,Viernes,,,0,2,"Moto/Ciclomotor,Moto/Ciclomotor",Cerrito Y Colombia,3,2,1,0,0,0,0,"-32.95344, -60.71558",Calle,,ROSARIO,Rosario,Asfalto,S/D,II,S/D,Urbana,S/D,S/D,Intersección,S/D,S/D,S/D,S/D,S/D,S/D,Colisión,S/D,S/D,S/D,S/D
2020,5432,2020-08-19,Miercoles,20:00:00,,0,2,"Moto/Ciclomotor,Automóvil",Artigas Y La Paz,2,1,0,0,1,0,0,"-31.621064959564,-60.715002296222",Calle,,SANTA FE,La Capital,Asfalto,No existe,I,Dentro,Urbana,Ninguna,No existe,Intersección,Bueno,Buena,"Nocturna,Con luz artificial",Buen Tiempo,Lateral,S/D,Colisión,Ninguna,Faltante,Ninguna,Sin restricción
2020,5433,2020-10-19,Lunes,,,0,1,Moto/Ciclomotor,,1,1,0,0,0,0,0,"-31.44898, -60.93036",S/D,,ESPERANZA,Las Colonias,S/D,S/D,XI,S/D,S/D,S/D,S/D,S/D,S/D,S/D,S/D,S/D,S/D,S/D,Cañda ocupante,S/D,S/D,S/D,S/D
2020,5434,2020-12-07,Lunes,19:30:00,,0,2,"Automóvil,Moto/Ciclomotor",Domingo Faustino Sarmiento Y Felicia,2,1,0,0,1,0,0,"-31.41198, -60.91989",Calle,,ESPERANZA,Las Colonias,Tierra,S/D,XI,Dentro,Urbana,Ninguna,No existe,Recta,Bueno,Buena,Atardecer,Buen Tiempo,Lateral,S/D,Colisión,Ninguna,Faltante,Ninguna,Sin restricción
2020,5435,2020-12-07,Lunes,7:25:00,,0,2,"Moto/Ciclomotor,Automóvil",San Martin Y E Wuthrich,2,1,0,0,1,0,0,"-31.72472, -61.09241",Calle,,SAN CARLOS CENTRO,Las Colonias,Asfalto,No existe,XI,Dentro,Urbana,Ninguna,No existe,Intersección,Bueno,Buena,Diurna,Buen Tiempo,De alcance,S/D,Colisión,Ninguna,Vertical,Ninguna,Sin restricción
2020,5436,2020-12-11,Viernes,,,0,2,"Moto/Ciclomotor,Pickup/Utilitario",Parana 1500,3,2,0,0,1,0,0,"-32.86114, -61.15025",Calle,,CARCARAÑÁ,San Lorenzo,Asfalto,S/D,XVII,S/D,Urbana,S/D,S/D,Recta,S/D,S/D,S/D,S/D,S/D,S/D,Colisión,S/D,S/D,S/D,S/D
2020,5437,2020-10-23,Viernes,15:00:00,,0,2,"Moto/Ciclomotor,Automóvil",,2,1,0,0,1,0,0,"-32.95883, -60.693",Calle,,ROSARIO,Rosario,S/D,S/D,II,S/D,Rural,S/D,S/D,Recta,S/D,S/D,Diurna,S/D,S/D,S/D,Colisión,S/D,S/D,S/D,S/D
2020,5438,2020-08-30,Domingo,19:30:00,,0,2,"Moto/Ciclomotor,Moto/Ciclomotor",Av Pe�aloza Y Diagonal Goyena,2,1,0,0,1,0,0,"-31.615916490554774,-60.71319580078",Avenida,,SANTA FE,La Capital,Asfalto,No existe,I,Dentro,Urbana,Ninguna,Funciona,Intersección,Bueno,Buena,Atardecer,Buen Tiempo,Lateral,S/D,Colisión,Ninguna,"Horizontal,Vertical",Cordón divisorio,Sin restricción
2020,5439,2020-12-01,Martes,18:30:00,Ruta Provincial 70,24,1,Moto/Ciclomotor,,2,2,0,0,0,0,0,"-31.42656, -60.99222",Ruta,70,ESPERANZA,Las Colonias,Asfalto,Natural,XI,S/D,S/D,S/D,No existe,Recta,Bueno,S/D,S/D,S/D,S/D,S/D,Vuelco,Ninguna,Faltante,S/D,S/D
2020,5440,2020-08-10,Lunes,,Ruta Nacional 11,473,2,"Moto/Ciclomotor,Automóvil",,2,2,0,0,0,0,0,"-31.53322, -60.72189",Ruta,11,SANTA FE,La Capital,Asfalto,No existe,I,Dentro,Urbana,Ninguna,No existe,Curva,Con baches,Buena,Diurna,Otro,Otro,S/D,Colisión,Otro,Faltante,Ninguna,Sin restricción
2020,5442,2020-12-04,Viernes,16:55:00,,0,2,"Automóvil,Moto/Ciclomotor",Aaron Castellanos Y Italia,2,0,1,0,1,0,0,"-31.44732, -60.9415",Calle,,ESPERANZA,Las Colonias,Asfalto,No existe,XI,Dentro,Urbana,Ninguna,No existe,Intersección,Bueno,Buena,Diurna,Buen Tiempo,S/D,S/D,Colisión,Ninguna,Faltante,Ninguna,Sin restricción
2020,5443,2020-12-11,Viernes,,,0,2,"Moto/Ciclomotor,Automóvil",Bruselas Y Manuel Belgrano,2,0,1,0,1,0,0,"-32.19582, -61.70391",Calle,,EL TRÉBOL,San MARTÍN,Asfalto,S/D,XVIII,S/D,Urbana,S/D,S/D,Intersección,S/D,S/D,S/D,S/D,S/D,S/D,Colisión,S/D,S/D,S/D,S/D
2020,5444,2020-10-20,Martes,0:30:00,,0,1,Moto/Ciclomotor,Av Colon Y Juan de Garay,1,1,0,0,0,0,0,"-32.43909, -60.81681",Calle,,GABOTO,San JERÓNIMO,S/D,S/D,XV,S/D,Urbana,S/D,S/D,Intersección,S/D,S/D,Nocturna,S/D,S/D,S/D,Cañda ocupante,S/D,S/D,S/D,S/D
2020,5445,2020-08-25,Martes,20:00:00,,0,2,"Moto/Ciclomotor,Automóvil",Av Lopez y Planes Y Martin Zapata,2,1,0,0,1,0,0,"-31.616975, -60.713190",Avenida,,SANTA FE,La Capital,Asfalto,No existe,I,Dentro,Urbana,Ninguna,No existe,Intersección,Bueno,Buena,"Nocturna,Con luz artificial",Buen Tiempo,Lateral,S/D,Colisión,Ninguna,Faltante,Línea divisoria pintada,Sin restricción
2020,5446,2020-12-05,Sabado,17:45:00,,0,2,"Bicicleta,Pickup/Utilitario",General Manuel Belgrano Y Cullen,2,0,1,0,1,0,0,"-31.45258, -60.93036",Calle,,ESPERANZA,Las Colonias,Asfalto,No existe,XI,Dentro,Urbana,Ninguna,No existe,Intersección,Bueno,Buena,Diurna,Buen Tiempo,S/D,Ciclista,Atropello,Ninguna,Faltante,Ninguna,Sin restricción
2020,5447,2020-12-11,Viernes,,,0,1,Moto/Ciclomotor,Buenos Aires Y San Martin,1,1,0,0,0,0,0,"-29.46354, -60.21134",Calle,,VERA,Vera,Asfalto,S/D,XIX,S/D,Urbana,S/D,S/D,Intersección,S/D,S/D,S/D,S/D,S/D,S/D,Cañda ocupante,S/D,S/D,S/D,S/D
2020,5448,2020-08-12,Miercoles,12:30:00,,0,1,Moto/Ciclomotor,San Juan 500,2,2,0,0,0,0,0,"-31.541035192469,-60.732450354881",Calle,,SANTA FE,La Capital,Ripio,No existe,I,Dentro,Urbana,Ninguna,No existe,Recta,Otro,Buena,Diurna,Otro,S/D,S/D,Cañda ocupante,Otro,Faltante,Ninguna,Sin restricción
2020,5449,2020-12-10,Jueves,,,0,2,"Moto/Ciclomotor,Automóvil",RENE FAVALORO Y BUSCHIAZZO,3,1,0,0,2,0,0,"-32.370609317319, -61.361968916589",Calle,,SAN GENARO,San JERÓNIMO,Asfalto,S/D,XV,S/D,Urbana,S/D,S/D,Intersección,S/D,S/D,S/D,S/D,S/D,S/D,Colisión,S/D,S/D,S/D,S/D
2020,5450,2020-08-14,Viernes,14:00:00,Ruta Secundaria 31-s,0,2,"Automóvil,Bicicleta",Lavalle Y Santa Fe,2,1,0,0,1,0,0,"-32.478718932776,-61.572663127445",Ruta,31-s,LAS ROSAS,Belgrano,Asfalto,No existe,III,Dentro,Urbana,Ninguna,No existe,Intersección,Bueno,Buena,Diurna,Buen Tiempo,S/D,Ciclista,Atropello,Ninguna,Faltante,Ninguna,Sin restricción
2020,5451,2020-10-20,Martes,18:20:00,,0,1,Moto/Ciclomotor,Los Alamos Y Los Paraisos,1,1,0,0,0,0,0,"-31.93707078695299,-60.911598801612",Calle,,CORONDA,San JERÓNIMO,S/D,S/D,XV,S/D,Urbana,S/D,S/D,Intersección,S/D,S/D,Atardecer,S/D,S/D,S/D,S/D,S/D,S/D,S/D,S/D
2020,5452,2020-12-05,Sabado,19:00:00,,0,2,"Moto/Ciclomotor,Pickup/Utilitario",Chacabuco Y Rafaela,2,0,1,0,1,0,0,"-31.45093, -60.91704",S/D,,ESPERANZA,Las Colonias,Asfalto,No existe,XI,S/D,S/D,Ninguna,No existe,Intersección,Bueno,Buena,Nocturna,Buen Tiempo,S/D,S/D,Colisión,Ninguna,Faltante,Ninguna,Sin restricción
2020,5453,2020-12-11,Viernes,,,0,2,"Bicicleta,Moto/Ciclomotor",Rivadavia Y L de la Torre,2,2,0,0,0,0,0,"-29.46472, -60.21069",Calle,,VERA,Vera,Asfalto,S/D,XIX,S/D,Urbana,S/D,S/D,Intersección,S/D,S/D,S/D,S/D,S/D,Ciclista,Atropello,S/D,S/D,S/D,S/D
2020,5454,2020-08-29,Sabado,6:45:00,Ruta Nacional 11,477,1,Moto/Ciclomotor,,1,1,0,0,0,0,0,"-31.50943279266354,-60.726810693740",Ruta,11,RECREO,La Capital,Asfalto,No existe,I,Dentro,Urbana,Ninguna,No existe,Recta,Otro,Reducida,Amanecer,Otro,S/D,S/D,Despiste,S/D,S/D,Ninguna,Sin restricción