anio_acci,nro_acci,fecha,desc_dia,hora_aprox,desc_ruta,km,cant_participantes,desc_participante,calle_avenida_km,total,heridos_leves,heridos_graves,heridos_gravisimos,ilesos,fallecidos,sin_datos,posicion_XY,desc_tipo_via,desc_ruta_ori,desc_loc,desc_dpto,desc_tipo_calzada,desc_tipo_banquina,desc_unidad_regional,desc_lugar_calzada,desc_zona,desc_prioridad,desc_estado_semaforo,desc_lugar_via,desc_estado_via,desc_estado_visibilidad,desc_luminosidad,desc_estado_clima,desc_tipo_colision,desc_tipo_atropello,desc_tipo_hecho,desc_pres_calzada,desc_senializacion,desc_separacion_via,desc_restriccion
2020,5455,2020-08-13,Jueves,14:40:00,Ruta Nacional A007,0,2,"Automóvil,Camión",Av Circunvalaci�n,2,1,0,0,1,0,0,"-31.624071, -60.729135",Ruta,A007,SANTA FE,La Capital,Asfalto,No existe,I,Dentro,Urbana,Señal Pare,No existe,Recta,Bueno,Buena,Diurna,Buen Tiempo,De alcance,S/D,Colisión,Ninguna,Vertical,Ninguna,Sin restricción
2020,5456,2020-12-05,Sabado,20:20:00,,0,2,"Automóvil,Bicicleta",Las Heras 2000,2,1,0,0,1,0,0,"-31.45906, -60.93742",S/D,,ESPERANZA,Las Colonias,Ripio,No existe,XI,S/D,S/D,Ninguna,No existe,Recta,Bueno,Buena,"Nocturna,Con luz artificial",Buen Tiempo,S/D,Ciclista,Atropello,Ninguna,Faltante,Ninguna,Sin restricción
2020,5457,2020-10-20,Martes,16:40:00,,0,2,"Moto/Ciclomotor,Automóvil",Mitre B Y 25 de Mayo,5,1,0,0,4,0,0,"-29.45986, -60.21439",Calle,,VERA,Vera,S/D,S/D,XIX,S/D,Urbana,S/D,S/D,Intersección,S/D,S/D,Diurna,S/D,S/D,S/D,Colisión,S/D,S/D,S/D,S/D
2020,5458,2020-12-13,Domingo,,,0,2,"Moto/Ciclomotor,Taxi/Remis",Av Pe�aloza Y Espora,2,1,0,0,1,0,0,"-31.59966, -60.71243",Calle,,SANTA FE,La Capital,Asfalto,S/D,I,S/D,Urbana,S/D,S/D,Intersección,S/D,S/D,S/D,S/D,S/D,S/D,Colisión,S/D,S/D,S/D,S/D
2020,5459,2020-08-28,Viernes,18:45:00,,0,2,"Pickup/Utilitario,Moto/Ciclomotor",Maipu Y Mendoza,3,1,0,0,2,0,0,"-32.479705539047,-61.579913327547",Calle,,LAS ROSAS,Belgrano,Asfalto,No existe,III,Dentro,Urbana,Ninguna,No existe,Intersección,Bueno,Buena,Diurna,Buen Tiempo,S/D,S/D,Colisión,Ninguna,Faltante,Ninguna,Sin restricción
2020,5460,2020-12-13,Domingo,,,0,2,"Bicicleta,Automóvil",Martin Fierro Y Bv. Rondeau,2,1,0,0,1,0,0,"-32.87804, -60.69745",Calle,,ROSARIO,Rosario,Asfalto,S/D,II,S/D,Urbana,S/D,S/D,Intersección,S/D,S/D,S/D,S/D,S/D,Ciclista,Atropello,S/D,S/D,S/D,S/D
2020,5461,2020-08-09,Domingo,18:40:00,,0,2,"Vehículo Oficial,Moto/Ciclomotor",Sabroso Hilario Y Tucuman,4,3,1,0,0,0,0,"-31.657174782364,-60.7700038435",Calle,,SANTO TOMÉ,La Capital,Tierra,No existe,I,Dentro,Urbana,Ninguna,No existe,Intersección,Ahuellamiento,Buena,Diurna,Buen Tiempo,Lateral,S/D,Colisión,Ninguna,Faltante,Ninguna,Sin restricción
2020,5462,2020-08-17,Lunes,16:00:00,,0,1,Moto/Ciclomotor,Calle 16 Y Calle 5,1,1,0,0,0,0,0,"-32.687794256361,-61.517376370236",Calle,,LAS PAREJAS,Belgrano,Asfalto,No existe,III,Dentro,Urbana,Ninguna,No existe,Intersección,Bueno,Buena,Diurna,Buen Tiempo,Atropello animal,S/D,Colisión,Ninguna,Faltante,Ninguna,Sin restricción
2020,5463,2020-08-01,Sabado,21:40:00,,0,2,"Automóvil,Moto/Ciclomotor",Av A del Valle Y Martin Zapata,2,1,0,0,1,0,0,"-31.620067, -60.698621",Avenida,,SANTA FE,La Capital,Asfalto,No existe,I,Dentro,Urbana,Ninguna,No existe,Intersección,Bueno,Buena,Nocturna,Buen Tiempo,Lateral,S/D,Colisión,Ninguna,Faltante,Ninguna,Sin restricción
2020,5464,2020-10-20,Martes,19:40:00,,0,2,"Moto/Ciclomotor,Pickup/Utilitario",Falucho Y Moreno,2,1,0,0,1,0,0,"-32.02638, -61.21764",Calle,,GÁLVEZ,San JERÓNIMO,S/D,S/D,XV,S/D,Urbana,S/D,S/D,Intersección,S/D,S/D,Atardecer,S/D,S/D,S/D,Colisión,S/D,S/D,S/D,S/D
2020,5465,2020-08-22,Sabado,20:50:00,,0,2,"Moto/Ciclomotor,Moto/Ciclomotor",Calle 12 Y Calle 25,5,2,3,0,0,0,0,"-32.67860881961,-61.525408258035",Calle,,LAS PAREJAS,Belgrano,Asfalto,No existe,III,Dentro,Urbana,Ninguna,No existe,Recta,Bueno,Buena,"Nocturna,Con luz artificial",Buen Tiempo,Frontal,S/D,Colisión,Ninguna,Faltante,Ninguna,Sin restricción
2020,5466,2020-08-13,Jueves,12:00:00,,0,2,"Pickup/Utilitario,Moto/Ciclomotor",13 de diciembre Y Santa Fe,2,1,0,0,1,0,0,"-31.655137825608,-60.780203280985",Calle,,SANTO TOMÉ,La Capital,Ripio,No existe,I,Dentro,Urbana,Ninguna,No existe,Intersección,Bueno,Buena,Diurna,Buen Tiempo,S/D,S/D,Colisión,Ninguna,Faltante,Ninguna,Sin restricción
2020,5467,2020-08-07,Viernes,5:50:00,Ruta Nacional 11,0,2,"Bicicleta,Camión c / Acoplado",Roverano Y Ruta 11 Avenida Richieri,2,1,0,0,1,0,0,"-31.690252,-60.79439",Ruta,11,SANTO TOMÉ,La Capital,Asfalto,Natural,I,Dentro,Urbana,Marca Vial,No existe,Recta,Bueno,Buena,"Nocturna,Con luz artificial",Buen Tiempo,S/D,Ciclista,Atropello,Ninguna,Horizontal,Línea divisoria pintada,Sin restricción
2020,5468,2020-10-20,Martes,11:00:00,,0,2,"Moto/Ciclomotor,Otros",,2,0,1,0,1,0,0,"-32.02927, -61.22441",S/D,,GÁLVEZ,San JERÓNIMO,S/D,S/D,XV,S/D,S/D,S/D,S/D,S/D,S/D,S/D,Diurna,S/D,S/D,S/D,Colisión,S/D,S/D,S/D,S/D
2020,5469,2020-08-24,Lunes,18:00:00,,0,2,"Bicicleta,Moto/Ciclomotor",Calle 28 Y Cortada 11 bis,2,1,0,0,1,0,0,"-32.68169388117,-61.511495000811",Calle,,LAS PAREJAS,Belgrano,Asfalto,No existe,III,Dentro,Urbana,Ninguna,No existe,Intersección,Bueno,Buena,Diurna,Buen Tiempo,S/D,Ciclista,Atropello,Ninguna,Faltante,Ninguna,Sin restricción
2020,5470,2020-08-28,Viernes,23:20:00,,0,2,"Moto/Ciclomotor,Moto/Ciclomotor",Avenida 17 Y Calle 22,2,1,0,0,1,0,0,"-32.68040441241,-61.516739664182",Avenida,,LAS PAREJAS,Belgrano,Asfalto,No existe,III,Dentro,Urbana,Ninguna,No existe,Intersección,Bueno,Buena,Diurna,Buen Tiempo,Lateral,S/D,Colisión,Ninguna,Faltante,Ninguna,Sin restricción
2020,5471,2020-08-05,Miercoles,3:00:00,,0,2,"Moto/Ciclomotor,Automóvil",Av Facundo Zuviria Y Pedro Ferre,2,1,0,0,1,0,0,"-31.625384504203,-60.705322920118",Avenida,,SANTA FE,La Capital,Asfalto,No existe,I,Dentro,Urbana,Ninguna,No existe,Intersección,Bueno,Buena,Nocturna,Buen Tiempo,Lateral,S/D,Colisión,Ninguna,Faltante,Ninguna,Sin restricción
2020,5472,2020-08-07,Viernes,15:40:00,,0,2,"Moto/Ciclomotor,Automóvil",Av A del Valle Y Pedro Ferre,2,1,0,0,1,0,0,"-31.626690, -60.700147",Avenida,,SANTA FE,La Capital,Asfalto,No existe,I,Dentro,Urbana,Ninguna,Funciona,Intersección,Bueno,Buena,Diurna,Buen Tiempo,Lateral,S/D,Colisión,Ninguna,"Horizontal,Vertical",Ninguna,Sin restricción
2020,5473,2020-12-13,Domingo,,,0,2,"Automóvil,Moto/Ciclomotor",Bv. Segui Y Campbell,2,1,0,0,1,0,0,"-32.97086, -60.70677",Calle,,ROSARIO,Rosario,Asfalto,S/D,II,S/D,Urbana,S/D,S/D,Intersección,S/D,S/D,S/D,S/D,S/D,S/D,Colisión,S/D,S/D,S/D,S/D
2020,5474,2020-12-05,Sabado,21:00:00,Ruta Provincial 70,0,2,"Automóvil,Moto/Ciclomotor",RUTA 6,3,2,0,0,1,0,0,"-31.44604, -60.91558",Ruta,70,ESPERANZA,Las Colonias,Asfalto,Ripio,XI,Dentro,Urbana,Ninguna,S/D,Intersección,Bueno,Buena,"Nocturna,Con luz artificial",Buen Tiempo,S/D,S/D,Colisión,Ninguna,Faltante,Ninguna,Sin restricción
2020,5475,2020-12-13,Domingo,,,0,2,"Moto/Ciclomotor,Moto/Ciclomotor",,2,1,0,0,0,0,1,"-33.04653, -61.16583",S/D,,CASILDA,Caseros,S/D,S/D,IV,S/D,S/D,S/D,S/D,S/D,S/D,S/D,S/D,S/D,S/D,S/D,Colisión,S/D,S/D,S/D,S/D
2020,5476,2020-12-08,Martes,9:00:00,,0,2,"Moto/Ciclomotor,Automóvil",Aaron Castellanos Y Rodriguez Pe�a,2,0,1,0,1,0,0,"-31.45046, -60.92767",Calle,,ESPERANZA,Las Colonias,Asfalto,No existe,XI,Dentro,Urbana,Ninguna,No existe,Intersección,Bueno,Buena,Diurna,Buen Tiempo,De alcance,S/D,Colisión,Ninguna,Faltante,Ninguna,Sin restricción
2020,5477,2020-12-13,Domingo,,,0,2,"Moto/Ciclomotor,Automóvil",,2,1,0,0,1,0,0,"-31.72669, -61.09004",S/D,,SAN CARLOS CENTRO,Las Colonias,S/D,S/D,XI,S/D,S/D,S/D,S/D,S/D,S/D,S/D,S/D,S/D,S/D,S/D,Colisión,S/D,S/D,S/D,S/D
2020,5478,2020-12-11,Viernes,,,0,2,"Moto/Ciclomotor,Bicicleta",Capitan Bermudez Y Bme Mitre,2,1,0,0,1,0,0,"-32.02373, -61.22337",Calle,,GÁLVEZ,San JERÓNIMO,Asfalto,S/D,XV,S/D,Urbana,S/D,S/D,Intersección,S/D,S/D,S/D,S/D,S/D,Ciclista,Atropello,S/D,S/D,S/D,S/D
2020,5479,2020-12-05,Sabado,17:30:00,,0,2,"Pickup/Utilitario,Moto/Ciclomotor",,3,0,1,0,2,0,0,"-32.42421, -61.88915",Calle,,BOUQUET,Belgrano,Tierra,Natural,III,Dentro,Rural,Ninguna,No existe,Intersección,Bueno,Buena,"Diurna,Con luz artificial",Buen Tiempo,Lateral,S/D,Colisión,Ninguna,Faltante,Ninguna,Sin restricción
2020,5480,2020-12-11,Viernes,,,0,1,Moto/Ciclomotor,1ro de Mayo Y pbro d Balbiano,1,1,0,0,0,0,0,"-32.03542, -61.22423",Calle,,GÁLVEZ,San JERÓNIMO,Asfalto,S/D,XV,S/D,Urbana,S/D,S/D,Intersección,S/D,S/D,S/D,S/D,S/D,S/D,Cañda ocupante,S/D,S/D,S/D,S/D
2020,5481,2020-08-02,Domingo,16:50:00,,0,2,"Automóvil,Moto/Ciclomotor",4 de enero Y  Frenguelli,3,1,0,0,2,0,0,"-31.690061222367,-60.785336400588",Calle,,SANTO TOMÉ,La Capital,Asfalto,Natural,I,Dentro,Urbana,Ninguna,No existe,Intersección,Bueno,Buena,Diurna,Buen Tiempo,Lateral,S/D,Colisión,Ninguna,Faltante,Ninguna,Sin restricción
2020,5482,2020-12-05,Sabado,6:00:00,Ruta Provincial 65,102,1,Pickup/Utilitario,,1,1,0,0,0,0,0,"-32.42729, -61.89977",Ruta,65,BOUQUET,Belgrano,Asfalto,No existe,III,Dentro,Rural,Ninguna,No existe,Curva,Bueno,Buena,Amanecer,Buen Tiempo,S/D,S/D,Vuelco,Ninguna,Faltante,Línea divisoria pintada,Sin restricción
2020,5483,2020-10-20,Martes,12:05:00,,0,2,"Moto/Ciclomotor,Moto/Ciclomotor",La Rioja Y Belgrano,2,2,0,0,0,0,0,"-29.47188, -60.21421",Calle,,VERA,Vera,S/D,S/D,XIX,S/D,Urbana,S/D,S/D,Intersección,S/D,S/D,Diurna,S/D,S/D,S/D,Colisión,S/D,S/D,S/D,S/D
2020,5484,2020-12-11,Viernes,,Ruta Provincial 10,0,2,"Moto/Ciclomotor,Moto/Ciclomotor",4 de Enero Y Bvard 20 de Junio,3,2,0,0,1,0,0,"-32.02266, -61.21506",Ruta,10,GÁLVEZ,San JERÓNIMO,Asfalto,S/D,XV,S/D,Urbana,S/D,S/D,Intersección,S/D,S/D,S/D,S/D,S/D,S/D,Colisión,S/D,S/D,S/D,S/D
2020,5485,2020-08-19,Miercoles,13:10:00,,0,2,"Moto/Ciclomotor,Automóvil",J Macia Y Santiago Del Estero,2,1,0,0,1,0,0,"-31.676637030918,-60.758590719306",Calle,,SANTO TOMÉ,La Capital,"Asfalto,Ripio",No existe,I,Dentro,Urbana,Ninguna,No existe,Intersección,Bueno,Buena,Diurna,Buen Tiempo,Lateral,S/D,Colisión,Ninguna,Faltante,Ninguna,Sin restricción
2020,5486,2020-12-07,Lunes,4:35:00,,0,1,Automóvil,,1,0,1,0,0,0,0,"-32.7837, -61.6035",S/D,,ARMSTRONG,Belgrano,Tierra,Natural,III,S/D,Rural,Ninguna,No existe,Recta,Bueno,Reducida,Nocturna,Buen Tiempo,S/D,S/D,Vuelco,Ninguna,Faltante,Ninguna,Sin restricción
2020,5487,2020-12-12,Sabado,,Autopista Provincial Brigadier E.LÓPEZ,60,1,Camión Chasis,,2,1,1,0,0,0,0,"-32.40227, -60.93785",Autopista,Brigadier E.LÓPEZ,MONJE,San JERÓNIMO,Asfalto,S/D,XV,S/D,Urbana,S/D,S/D,Recta,S/D,S/D,S/D,S/D,S/D,S/D,Despiste,S/D,S/D,S/D,S/D
2020,5488,2020-10-23,Viernes,,,0,2,"Moto/Ciclomotor,Moto/Ciclomotor",,2,1,0,0,0,0,1,"-32.95883, -60.693",S/D,,ROSARIO,Rosario,S/D,S/D,II,S/D,S/D,S/D,S/D,S/D,S/D,S/D,S/D,S/D,S/D,S/D,Colisión,S/D,S/D,S/D,S/D
2020,5489,2020-08-16,Domingo,18:50:00,,0,2,"Moto/Ciclomotor,Automóvil",Buenos Aires Y Rca Oriental del Uruguay,2,1,0,0,1,0,0,"-31.681510603594,-60.773742852177",Calle,,SANTO TOMÉ,La Capital,Hormigón,No existe,I,Dentro,Urbana,Ninguna,No existe,Intersección,Con baches,Buena,Atardecer,Buen Tiempo,Lateral,S/D,Colisión,Ninguna,Faltante,Ninguna,Sin restricción
2020,5490,2020-12-06,Domingo,3:35:00,Ruta Nacional 8,0,2,"Pickup/Utilitario,Moto/Ciclomotor",Roca,2,0,1,0,1,0,0,"-33.75697, -61.97244",Ruta,8,VENADO TUERTO,General LÓPEZ,Asfalto,No existe,VIII,S/D,Urbana,Semáforo,Funciona,Intersección,Bueno,Buena,Nocturna,Buen Tiempo,Lateral,S/D,Colisión,Ninguna,Faltante,Cordón divisorio,Sin restricción
2020,5491,2020-12-12,Sabado,,,0,1,Moto/Ciclomotor,Gral Guemes Y Santa Fe,2,1,0,0,0,0,1,"-31.89963, -61.85314",Calle,,SAN JORGE,San MARTÍN,Asfalto,S/D,XVIII,S/D,Urbana,S/D,S/D,Intersección,S/D,S/D,S/D,S/D,S/D,S/D,Cañda ocupante,S/D,S/D,S/D,S/D
2020,5492,2020-08-28,Viernes,20:10:00,,0,2,"Moto/Ciclomotor,Automóvil",Juan Bautista Alberdi 2100,3,2,0,0,1,0,0,"-31.681617971932,-60.766414225798",Calle,,SANTO TOMÉ,La Capital,Asfalto,No existe,I,Dentro,Urbana,Semáforo,Funciona,Recta,Bueno,Buena,Nocturna,Buen Tiempo,Lateral,S/D,Colisión,Ninguna,Vertical,Ninguna,Sin restricción
2020,5493,2020-10-21,Miercoles,,,0,2,"Moto/Ciclomotor,Moto/Ciclomotor",Matheu Y Las Heras,3,2,0,0,1,0,0,"-31.59495, -60.68532",Calle,,SANTA FE,La Capital,S/D,S/D,I,S/D,Urbana,S/D,S/D,Intersección,S/D,S/D,S/D,S/D,S/D,S/D,Colisión,S/D,S/D,S/D,S/D
2020,5494,2020-12-12,Sabado,,,0,2,"Automóvil,Moto/Ciclomotor",Colon Y 25 de Mayo,2,1,0,0,1,0,0,"-31.76619,-61.83084",Calle,,SASTRE,San MARTÍN,Asfalto,S/D,XVIII,S/D,Urbana,S/D,S/D,Intersección,S/D,S/D,S/D,S/D,S/D,S/D,Colisión,S/D,S/D,S/D,S/D
2020,5495,2020-12-07,Lunes,21:20:00,,0,2,"Automóvil,Moto/Ciclomotor",Roque Saenz Pe�a,3,2,0,0,1,0,0,"-33.73674, -61.96335",Calle,,VENADO TUERTO,General LÓPEZ,Asfalto,S/D,VIII,Dentro,Urbana,S/D,No existe,Intersección,Bueno,Buena,"Nocturna,Con luz artificial",Buen Tiempo,S/D,S/D,Colisión,Ninguna,S/D,Ninguna,S/D
2020,5496,2020-12-11,Viernes,,,0,2,"Automóvil,Moto/Ciclomotor",,3,2,0,0,1,0,0,"-28.30858, -59.98141",S/D,,CAÑADA OMBÚ,Vera,S/D,S/D,XIX,S/D,S/D,S/D,S/D,S/D,S/D,S/D,S/D,S/D,S/D,S/D,Colisión,S/D,S/D,S/D,S/D
2020,5497,2020-08-19,Miercoles,11:55:00,Ruta Nacional 178,185,2,"Pickup/Utilitario,Automóvil",,3,1,0,0,2,0,0,"-32.62571101000431, -61.54621460019",Ruta,178,LAS PAREJAS,Belgrano,Asfalto,Natural,III,Dentro,Urbana,Ninguna,No existe,Recta,Bueno,Buena,Diurna,Buen Tiempo,Frontal,S/D,Colisión,Ninguna,Horizontal,Línea divisoria pintada,Sin restricción
2020,5498,2020-10-28,Miercoles,14:30:00,,0,2,"Automóvil,Bicicleta",Amado Cittadini Y Carlos Benelli,2,1,0,0,1,0,0,"    -32.76103, -60.74421",Calle,,SAN LORENZO,San Lorenzo,Asfalto,S/D,XVII,Dentro,Urbana,S/D,S/D,Intersección,S/D,S/D,S/D,S/D,S/D,S/D,Colisión,S/D,S/D,S/D,S/D
2020,5499,2020-10-21,Miercoles,17:23:00,,0,2,"Moto/Ciclomotor,Automóvil",Bv Belgrano Y Sarmiento,2,1,0,0,1,0,0,"-29.88848, -60.28402",Calle,,CALCHAQUÍ,Vera,S/D,S/D,XIX,S/D,Urbana,S/D,S/D,Intersección,S/D,S/D,Diurna,S/D,S/D,S/D,Colisión,S/D,S/D,S/D,S/D
2020,5500,2020-08-05,Miercoles,10:15:00,,0,2,"Automóvil,Moto/Ciclomotor",Belgrano 200,2,1,0,0,1,0,0,"-32.784813106403,-61.600344963029",Calle,,ARMSTRONG,Belgrano,Asfalto,No existe,III,Dentro,Urbana,Paso Peatonal,No existe,Recta,Bueno,Buena,Diurna,Buen Tiempo,De alcance,S/D,Colisión,Ninguna,Horizontal,Ninguna,Sin restricción
2020,5501,2020-10-21,Miercoles,18:45:00,,0,2,"Moto/Ciclomotor,Automóvil",Roque Saenz Pe�a Y 9 de Julio,2,0,1,0,1,0,0,"-29.88293, -60.28153",Calle,,CALCHAQUÍ,Vera,S/D,S/D,XIX,S/D,Urbana,S/D,S/D,Intersección,S/D,S/D,Atardecer,S/D,S/D,S/D,Colisión,S/D,S/D,S/D,S/D
2020,5502,2020-12-04,Viernes,,Ruta Nacional 9,0,4,"Automóvil,Automóvil,Automóvil,Pickup/Utilitario",Mitre,6,3,0,0,3,0,0,"-32.92287, -60.80066",Ruta,9,FUNES,Rosario,Asfalto,Natural,II,Dentro,Urbana,S/D,Funciona,Intersección,Bueno,Buena,Diurna,S/D,S/D,S/D,S/D,Ninguna,S/D,S/D,S/D
2020,5503,2020-12-11,Viernes,,,0,2,"Moto/Ciclomotor,Pickup/Utilitario",Corrientes Y R S Pe�a,2,1,0,0,1,0,0,"-29.46474, -60.21787",Calle,,VERA,Vera,Asfalto,S/D,XIX,S/D,Urbana,S/D,S/D,Intersección,S/D,S/D,S/D,S/D,S/D,S/D,Colisión,S/D,S/D,S/D,S/D
2020,5504,2020-08-26,Miercoles,6:45:00,,0,2,"Moto/Ciclomotor,Moto/Ciclomotor",Balcarce Y Candioti,2,1,0,0,1,0,0,"-31.678555833476,-60.756665905564",Calle,,SANTA FE,La Capital,Asfalto,No existe,I,Dentro,Urbana,Ninguna,No existe,Intersección,Bueno,Buena,Amanecer,Buen Tiempo,Lateral,S/D,Colisión,Ninguna,Faltante,Ninguna,Sin restricción
2020,5505,2020-08-07,Viernes,18:00:00,,0,2,"Automóvil,Moto/Ciclomotor",Luciano Torrent Y 1ro de Mayo,3,2,0,0,1,0,0,"-31.623764944913,-60.703824617742",Calle,,SANTA FE,La Capital,Asfalto,No existe,I,Dentro,Urbana,Ninguna,No existe,Intersección,Bueno,Buena,Diurna,Buen Tiempo,Lateral,S/D,Colisión,Ninguna,Faltante,Ninguna,Sin restricción
2020,5506,2020-08-11,Martes,5:50:00,Ruta Nacional 9,394,1,Automóvil,,1,1,0,0,0,0,0,"-32.77790442109108,-61.582098752260",Ruta,9,ARMSTRONG,Belgrano,Asfalto,Ripio,III,Dentro,Urbana,Ninguna,No existe,Recta,Bueno,Buena,Nocturna,Buen Tiempo,S/D,S/D,Vuelco,Ninguna,Horizontal,Línea divisoria pintada,Sin restricción
2020,5507,2020-12-14,Lunes,,,0,2,"Moto/Ciclomotor,Automóvil",Av 27 de Febrero Y Tucuman,2,0,0,0,1,1,0,"-31.64752, -60.70431",Calle,,SANTA FE,La Capital,Asfalto,S/D,I,S/D,Urbana,S/D,S/D,Intersección,S/D,S/D,S/D,S/D,S/D,S/D,Colisión,S/D,S/D,S/D,S/D
2020,5508,2020-10-23,Viernes,,,0,2,"Peatón,Moto/Ciclomotor",Los Alisos Y Quiloazas,2,1,0,0,1,0,0,"-31.63579, -60.60236",Calle,,COLASTINE,La Capital,S/D,S/D,I,S/D,Urbana,S/D,S/D,Intersección,S/D,S/D,S/D,S/D,S/D,Peatón,Atropello,S/D,S/D,S/D,S/D
2020,5509,2020-12-06,Domingo,12:30:00,Ruta Provincial 21,0,2,"Automóvil,Automóvil",CRESTA,4,2,0,0,2,0,0,"-33.19628, -60.4614",Ruta,21,FIGHIERA,Rosario,Asfalto,Pavimento,II,S/D,Urbana,Semáforo,Funciona,Intersección,Bueno,Buena,Diurna,Buen Tiempo,Lateral,S/D,Colisión,Ninguna,S/D,Línea divisoria pintada,Sin restricción
2020,5510,2020-08-26,Miercoles,13:25:00,,0,1,Moto/Ciclomotor,Belgrano Y Bv 14 de Diciembre,1,1,0,0,0,0,0,"-32.782336756707,-61.599761645748",Avenida,,ARMSTRONG,Belgrano,Asfalto,No existe,III,Dentro,Urbana,Ninguna,No existe,Intersección,Bueno,Buena,Diurna,Buen Tiempo,S/D,S/D,Cañda ocupante,Ninguna,Faltante,Ninguna,Sin restricción
2020,5511,2020-08-28,Viernes,10:05:00,,0,2,"Moto/Ciclomotor,Automóvil",Moreno 3447,2,1,0,0,1,0,0,"-31.678765702892,-60.76931718508",Calle,,SANTA FE,La Capital,Asfalto,No existe,I,Dentro,Urbana,Ninguna,No existe,Recta,Bueno,Buena,Diurna,Buen Tiempo,Lateral,S/D,Colisión,Ninguna,Faltante,Ninguna,Sin restricción
2020,5512,2020-10-23,Viernes,17:20:00,,0,2,"Moto/Ciclomotor,Pickup/Utilitario",1ro de Mayo Y Mendoza,2,1,0,0,1,0,0,"-32.03843, -61.22443",Calle,,GÁLVEZ,San JERÓNIMO,S/D,S/D,XV,S/D,Urbana,S/D,S/D,Intersección,S/D,S/D,Diurna,S/D,S/D,S/D,Colisión,S/D,S/D,S/D,S/D
2020,5513,2020-12-14,Lunes,,,0,1,Vehículo Oficial,Bv. Segui Y Av. Ovidio Lagos,1,1,0,0,0,0,0,"-32.97505, -60.66933",Avenida,,ROSARIO,Rosario,Asfalto,S/D,II,S/D,Urbana,S/D,S/D,Intersección,S/D,S/D,S/D,S/D,S/D,S/D,Cañda ocupante,S/D,S/D,S/D,S/D
2020,5514,2020-10-29,Jueves,12:50:00,,0,2,"Moto/Ciclomotor,Bicicleta",La Rioja Y 9 de Julio,2,1,0,0,1,0,0,"    -32.73651, -60.74563",Calle,,SAN LORENZO,San Lorenzo,Asfalto,S/D,XVII,Dentro,Urbana,Ninguna,S/D,Intersección,S/D,S/D,Diurna,S/D,S/D,S/D,Colisión,S/D,S/D,S/D,S/D
2020,5515,2020-12-05,Sabado,17:55:00,,0,2,"Automóvil,Moto/Ciclomotor",D F Sarmiento Y 25 de Mayo,2,1,0,0,1,0,0,"-32.99755, -60.77633",Calle,,PEREZ,Rosario,Asfalto,No existe,II,Dentro,Urbana,S/D,No existe,Intersección,Bueno,Buena,Diurna,Buen Tiempo,S/D,S/D,Colisión,Ninguna,S/D,Ninguna,Sin restricción
2020,5516,2020-12-14,Lunes,,,0,2,"Pickup/Utilitario,Moto/Ciclomotor",,3,2,0,0,1,0,0,"-34.18568, -61.52726",S/D,,TEODELINA,General LÓPEZ,S/D,S/D,VIII,S/D,S/D,S/D,S/D,S/D,S/D,S/D,S/D,S/D,S/D,S/D,Colisión,S/D,S/D,S/D,S/D
2020,5517,2020-08-27,Jueves,14:50:00,,0,2,"Moto/Ciclomotor,Bicicleta",Juarez Celman 1141,2,0,1,0,1,0,0,"-32.747662111514,-61.814946677056",Calle,,TORTUGAS,Belgrano,Asfalto,No existe,III,Dentro,Urbana,Ninguna,No existe,Recta,Bueno,Buena,Diurna,Buen Tiempo,S/D,Ciclista,Atropello,Ninguna,Faltante,Ninguna,Sin restricción
2020,5518,2020-08-06,Jueves,16:15:00,,0,2,"Automóvil,Moto/Ciclomotor",Balcarce Y Mariano Moreno,3,2,0,0,1,0,0,"-31.676791847714,-60.768884414298",Calle,,SANTO TOMÉ,La Capital,Asfalto,No existe,I,Dentro,Urbana,Ninguna,No existe,Intersección,Bueno,Buena,Diurna,Buen Tiempo,De alcance,S/D,Colisión,Ninguna,Faltante,Ninguna,Sin restricción
2020,5519,2020-10-21,Miercoles,10:00:00,,0,2,"Moto/Ciclomotor,Pickup/Utilitario",Av Gral Belgrano Y J B Alberdi,3,2,0,0,1,0,0,"-30.9416, -61.55836",Calle,,ROSARIO,Rosario,S/D,S/D,II,S/D,Urbana,S/D,S/D,Intersección,S/D,S/D,Diurna,S/D,S/D,S/D,Colisión,S/D,S/D,S/D,S/D
2020,5520,2020-10-31,Sabado,20:00:00,,0,2,"Moto/Ciclomotor,Automóvil",,2,1,0,0,1,0,0,"    -32.74779, -60.73303",Calle,,SAN LORENZO,San Lorenzo,S/D,S/D,XVII,Dentro,Urbana,S/D,S/D,Intersección,S/D,S/D,Diurna,S/D,S/D,S/D,S/D,S/D,S/D,Ninguna,S/D
2020,5521,2020-12-14,Lunes,,Ruta Nacional 11,0,2,"Pickup/Utilitario,Moto/Ciclomotor",Av San Martin Y Rivadavia,3,2,0,0,1,0,0,"-32.7506, -60.73415",Ruta,11,SAN LORENZO,San Lorenzo,Asfalto,S/D,XVII,S/D,Urbana,S/D,S/D,Intersección,S/D,S/D,S/D,S/D,S/D,S/D,Colisión,S/D,S/D,S/D,S/D
2020,5522,2020-12-06,Domingo,14:00:00,,0,2,"Moto/Ciclomotor,Automóvil",Av 9 de Julio Y Juan XXIII,2,1,0,0,1,0,0,"-33.00234, -60.76668",Calle,,PEREZ,Rosario,Asfalto,Pavimento,II,Dentro,Urbana,Ninguna,No existe,Intersección,Bueno,Buena,Diurna,Buen Tiempo,Lateral,S/D,Colisión,Ninguna,S/D,Ninguna,Sin restricción
2020,5523,2020-08-01,Sabado,16:30:00,,0,2,"Moto/Ciclomotor,Moto/Ciclomotor",Gutierrez 10,2,1,1,0,0,0,0,"-33.75217795372011,-61.950756311416",Calle,,VENADO TUERTO,General LÓPEZ,Asfalto,No existe,VIII,Dentro,Urbana,Ninguna,No existe,Recta,Bueno,Buena,Diurna,Buen Tiempo,Lateral,S/D,Colisión,Ninguna,Faltante,Ninguna,Sin restricción
2020,5524,2020-12-14,Lunes,,,0,1,Moto/Ciclomotor,Bv B Mitre Y M Diaz Velez,1,1,0,0,0,0,0,"-32.72137, -60.73968",Calle,,SAN LORENZO,San Lorenzo,Asfalto,S/D,XVII,S/D,Urbana,S/D,S/D,Intersección,S/D,S/D,S/D,S/D,Atropello animal,S/D,Colisión,S/D,S/D,S/D,S/D