anio_acci,nro_acci,fecha,desc_dia,hora_aprox,desc_ruta,km,cant_participantes,desc_participante,calle_avenida_km,total,heridos_leves,heridos_graves,heridos_gravisimos,ilesos,fallecidos,sin_datos,posicion_XY,desc_tipo_via,desc_ruta_ori,desc_loc,desc_dpto,desc_tipo_calzada,desc_tipo_banquina,desc_unidad_regional,desc_lugar_calzada,desc_zona,desc_prioridad,desc_estado_semaforo,desc_lugar_via,desc_estado_via,desc_estado_visibilidad,desc_luminosidad,desc_estado_clima,desc_tipo_colision,desc_tipo_atropello,desc_tipo_hecho,desc_pres_calzada,desc_senializacion,desc_separacion_via,desc_restriccion
2020,5525,2020-08-09,Domingo,14:55:00,,0,2,"Automóvil,Moto/Ciclomotor",Simon De Iriondo Y Uruguay,3,2,0,0,1,0,0,"-31.683788769654,-60.762334816826",Calle,,SANTA FE,La Capital,Asfalto,No existe,I,Dentro,Urbana,Ninguna,No existe,Intersección,Bueno,Buena,Diurna,Buen Tiempo,S/D,S/D,Colisión,Ninguna,Faltante,Ninguna,Sin restricción
2020,5526,2020-12-06,Domingo,3:00:00,,0,2,"Moto/Ciclomotor,Automóvil",Soldado Aguirre Y 9 de Julio,3,0,2,0,1,0,0,"-33.02971, -60.64799",S/D,,VILLA GOBERNADOR GÁLVEZ,Rosario,"Asfalto,Tierra",No existe,II,S/D,S/D,Ninguna,No existe,Recta,Deteriorada,Buena,Con luz artificial,Buen Tiempo,Lateral,S/D,Colisión,Material Suelto,Faltante,Cordón divisorio,Sin restricción
2020,5527,2020-08-09,Domingo,16:55:00,,0,2,"Automóvil,Moto/Ciclomotor",San Jeronimo Y Padilla,4,1,0,0,3,0,0,"-31.621550390414,-60.70064087073",Calle,,SANTA FE,La Capital,Asfalto,No existe,I,Dentro,Urbana,Ninguna,No existe,Intersección,Bueno,Buena,Diurna,Buen Tiempo,Lateral,S/D,Colisión,Ninguna,Faltante,Ninguna,Sin restricción
2020,5528,2020-12-12,Sabado,,,0,2,"Automóvil,Peatón",Bv Belgrano Y Pueyrredon,2,1,0,0,1,0,0,"-29.88822, -60.28629",Calle,,CALCHAQUÍ,Vera,Asfalto,S/D,XIX,S/D,Urbana,S/D,S/D,Intersección,S/D,S/D,S/D,S/D,S/D,Peatón,Atropello,S/D,S/D,S/D,S/D
2020,5529,2020-10-16,Viernes,16:10:00,Ruta Nacional 8,333,3,"Automóvil,Automóvil,Camión c / Acoplado",,4,1,0,0,3,0,0,"-33.7554, -61.97368",Ruta,8,VENADO TUERTO,General LÓPEZ,S/D,S/D,VIII,S/D,Urbana,S/D,S/D,Cruce,S/D,S/D,Diurna,S/D,Múltiple,S/D,Colisión,S/D,S/D,S/D,Sin restricción
2020,5530,2020-08-25,Martes,19:50:00,Ruta Nacional 7,430,2,"Camión c / Semirremolque,Camión c / Semirremolque",,2,1,0,0,1,0,0,"-34.282724261283896,-62.70246148109",Ruta,7,RUFINO,General LÓPEZ,Asfalto,Natural,VIII,Dentro,Urbana,Otra Señal,No existe,Recta,Deteriorada,Buena,Nocturna,Buen Tiempo,S/D,S/D,Colisión,Ninguna,"Horizontal,Vertical",Línea divisoria pintada,Sin restricción
2020,5531,2020-12-02,Miercoles,15:10:00,,0,2,"Moto/Ciclomotor,Automóvil",BRASIL 2220,2,1,0,0,1,0,0,"-33.07238, -60.58956",Calle,,PUEBLO ESTHER,Rosario,Asfalto,S/D,II,S/D,Urbana,S/D,S/D,S/D,Resbaladiza,S/D,Diurna,S/D,S/D,S/D,S/D,Agua,S/D,S/D,S/D
2020,5532,2020-10-29,Jueves,17:40:00,Ruta Nacional A012,0,2,"Bicicleta,Moto/Ciclomotor",Ayohuma Y Gdor Saavedra - Ruta 12,2,1,0,0,1,0,0,"    -32.7667, -60.74182",Ruta,A012,SAN LORENZO,San Lorenzo,S/D,S/D,XVII,Dentro,Urbana,S/D,S/D,Intersección,S/D,S/D,Diurna,Buen Tiempo,S/D,S/D,Colisión,S/D,S/D,S/D,S/D
2020,5533,2020-12-14,Lunes,,,0,2,"Moto/Ciclomotor,Moto/Ciclomotor",Mitre Y Cordoba,4,2,0,0,2,0,0,"-29.05339, -60.41694",Calle,,FORTÍN OLMOS,Vera,Asfalto,S/D,XIX,S/D,Urbana,S/D,S/D,Intersección,S/D,S/D,S/D,S/D,S/D,S/D,Colisión,S/D,S/D,S/D,S/D
2020,5534,2020-10-16,Viernes,,,0,2,"Moto/Ciclomotor,Automóvil",Av Gral Bartolome Mitre Y Av Italia,2,1,0,0,1,0,0,"-31.25144, -61.47516",Avenida,,RAFAELA,Castellanos,S/D,S/D,V,S/D,Urbana,S/D,S/D,Intersección,S/D,S/D,S/D,S/D,S/D,S/D,Colisión,S/D,S/D,S/D,S/D
2020,5535,2020-08-21,Viernes,11:20:00,,0,2,"Automóvil,Moto/Ciclomotor",Belgrano Y Lisandro de la Torre,2,1,0,0,1,0,0,"-31.68016778281,-60.763866020432",Calle,,SANTA FE,La Capital,Asfalto,No existe,I,Dentro,Urbana,Ninguna,No existe,Intersección,Bueno,Buena,Diurna,Buen Tiempo,Lateral,S/D,Colisión,Ninguna,Faltante,Ninguna,Sin restricción
2020,5536,2020-08-09,Domingo,21:50:00,,0,2,"Automóvil,Moto/Ciclomotor",Espora Y 1ro de Mayo,2,1,0,0,1,0,0,"-31.602835208343,-60.697692523253",Calle,,SANTA FE,La Capital,Asfalto,No existe,I,Dentro,Urbana,Ninguna,No existe,Intersección,Bueno,Buena,"Nocturna,Con luz artificial",Buen Tiempo,Lateral,S/D,Colisión,Ninguna,Faltante,Ninguna,Sin restricción
2020,5537,2020-12-07,Lunes,21:30:00,,0,2,"Bicicleta,Automóvil",España  Y TUCUMAN,2,1,0,0,1,0,0,"-33.0707, -60.57927",S/D,,PUEBLO ESTHER,Rosario,Asfalto,S/D,II,S/D,Urbana,S/D,S/D,Recta,S/D,S/D,S/D,S/D,S/D,Ciclista,Atropello,S/D,S/D,S/D,S/D
2020,5538,2020-12-13,Domingo,,,0,1,Moto/Ciclomotor,,1,1,0,0,0,0,0,"-31.59956,-60.87173",S/D,,COLONIA SAN JOSÉ,Las Colonias,Asfalto,S/D,XI,S/D,S/D,S/D,S/D,Intersección,S/D,S/D,S/D,S/D,S/D,S/D,Cañda ocupante,S/D,S/D,S/D,S/D
2020,5539,2020-10-16,Viernes,,Ruta Provincial 70,101,2,"Moto/Ciclomotor,Pickup/Utilitario",,2,1,0,0,1,0,0,"-31.22032, -61.71587",Ruta,70,PUEBLO SAN ANTONIO,Castellanos,S/D,S/D,V,S/D,Rural,S/D,S/D,Recta,S/D,S/D,S/D,S/D,S/D,S/D,Colisión,S/D,S/D,S/D,S/D
2020,5540,2020-12-03,Jueves,17:45:00,,0,2,"Moto/Ciclomotor,Automóvil",Av Gral San Martin Y Saenz Pe�a,2,1,0,0,1,0,0,"-33.01836, -60.63233",Calle,,VILLA GOBERNADOR GÁLVEZ,Rosario,Asfalto,Ripio,II,Dentro,Urbana,Ninguna,No existe,Intersección,Bueno,Buena,Diurna,Buen Tiempo,Lateral,S/D,Colisión,Ninguna,Faltante,Ninguna,Sin restricción
2020,5541,2020-12-13,Domingo,21:15:00,,0,2,"Moto/Ciclomotor,Pickup/Utilitario",Alberdi Y Galvez,3,0,1,0,2,0,0,"-31.58792, -60.93707",Calle,,FRANCK,Las Colonias,Asfalto,No existe,XI,Dentro,Urbana,Ninguna,No existe,Intersección,Bueno,Buena,"Nocturna,Con luz artificial",Buen Tiempo,Lateral,S/D,Colisión,Ninguna,Vertical,"Cordón divisorio,S/D",Sin restricción
2020,5542,2020-10-16,Viernes,22:30:00,,0,2,"Moto/Ciclomotor,Ambulancia",Av Facundo Zuviria Y Agustin Delgado,3,1,1,0,1,0,0,"-31.61955, -60.70548",Avenida,,SANTA FE,La Capital,S/D,S/D,I,S/D,Urbana,S/D,S/D,Intersección,S/D,S/D,Nocturna,S/D,S/D,S/D,Colisión,S/D,S/D,S/D,S/D
2020,5543,2020-12-03,Jueves,12:05:00,,0,2,"Automóvil,Automóvil",Av Gral San Martin 2300,2,1,0,0,1,0,0,"-33.02692, -60.62298",Calle,,VILLA GOBERNADOR GÁLVEZ,Rosario,Asfalto,No existe,I,Dentro,Urbana,Ninguna,No existe,Recta,Bueno,Buena,Diurna,Buen Tiempo,Lateral,S/D,Colisión,Ninguna,Faltante,Ninguna,Sin restricción
2020,5544,2020-08-10,Lunes,20:00:00,,0,2,"Automóvil,Moto/Ciclomotor",Av Facundo Zuviria Y Vieytes,2,1,0,0,1,0,0,"-31.600982054899,-60.701782884905",Avenida,,SANTA FE,La Capital,Asfalto,No existe,I,Dentro,Urbana,Ninguna,No existe,Intersección,Bueno,Buena,"Nocturna,Con luz artificial",Buen Tiempo,Lateral,S/D,Colisión,Ninguna,Faltante,Ninguna,Sin restricción
2020,5545,2020-12-14,Lunes,,Ruta Provincial 13,23,1,Moto/Ciclomotor,Ruta Prov. n� 13,2,2,0,0,0,0,0,"-32.26321, -61.66038",Ruta,13,EL TRÉBOL,San MARTÍN,Asfalto,S/D,XVIII,S/D,Urbana,S/D,S/D,Recta,S/D,S/D,S/D,S/D,S/D,S/D,Cañda ocupante,S/D,S/D,S/D,S/D
2020,5546,2020-08-15,Sabado,12:55:00,,0,2,"Automóvil,Moto/Ciclomotor",Antonio Martin Y Jose A Pero,2,0,1,0,1,0,0,"-34.26768326495,-62.723534458098",Calle,,RUFINO,General LÓPEZ,Tierra,No existe,VIII,Dentro,Urbana,Ninguna,No existe,Intersección,Bueno,Buena,Diurna,Buen Tiempo,Frontal,S/D,Colisión,Ninguna,Faltante,Ninguna,Sin restricción
2020,5547,2020-10-16,Viernes,,Ruta Secundaria 33-s,2,1,Pickup/Utilitario,,1,0,1,0,0,0,0,"-32.723937034606934,-61.30963325500",Ruta,33-s,BUSTINZA,Iriondo,S/D,S/D,X,S/D,Rural,S/D,S/D,Recta,S/D,S/D,Nocturna,S/D,S/D,S/D,Despiste,S/D,S/D,S/D,S/D
2020,5548,2020-08-21,Viernes,13:55:00,,0,2,"Automóvil,Moto/Ciclomotor",J Macia Y Lisandro de La Torre,3,2,0,0,1,0,0,"-31.680856254435,-60.759574166625",Calle,,SANTO TOMÉ,La Capital,Asfalto,No existe,I,Dentro,Urbana,Ninguna,No existe,Intersección,Bueno,Buena,Diurna,Buen Tiempo,Lateral,S/D,Colisión,Ninguna,Vertical,Ninguna,Sin restricción
2020,5549,2020-08-28,Viernes,13:00:00,,0,2,"Automóvil,Moto/Ciclomotor",Av Urquiza Y Vieytes,2,1,0,0,1,0,0,"-31.601315090168,-60.700257505938",Avenida,,SANTA FE,La Capital,Asfalto,No existe,I,Dentro,Urbana,Ninguna,No existe,Intersección,Bueno,Buena,Diurna,Buen Tiempo,Lateral,S/D,Colisión,Ninguna,Faltante,Ninguna,Sin restricción
2020,5550,2020-12-16,Miercoles,,,0,2,"Taxi/Remis,Moto/Ciclomotor",Las Nueces Y Av Fuerza Aerea,2,1,0,0,1,0,0,"-32.92958, -60.82185",Avenida,,FUNES,Rosario,Asfalto,S/D,II,S/D,Urbana,S/D,S/D,Intersección,S/D,S/D,S/D,S/D,S/D,S/D,Colisión,S/D,S/D,S/D,S/D
2020,5551,2020-08-01,Sabado,17:15:00,,0,2,"Automóvil,Moto/Ciclomotor",Italia Y Juan XXIII,2,1,0,0,1,0,0,"-32.200762626654,-61.704717983936",Calle,,EL TRÉBOL,San MARTÍN,Hormigón,No existe,XVIII,Dentro,Urbana,Ninguna,No existe,Intersección,Bueno,Buena,Diurna,Buen Tiempo,Lateral,S/D,Colisión,Ninguna,Horizontal,Ninguna,Sin restricción
2020,5552,2020-12-16,Miercoles,,,0,2,"Bicicleta,Automóvil",3 De Febrero 1900,2,1,0,0,1,0,0,"-32.9508, -60.65079",Calle,,ROSARIO,Rosario,Asfalto,S/D,II,S/D,Urbana,S/D,S/D,Recta,S/D,S/D,S/D,S/D,S/D,Ciclista,Atropello,S/D,S/D,S/D,S/D
2020,5553,2020-10-17,Sabado,21:40:00,,0,2,"Moto/Ciclomotor,Automóvil",Guillermo Brown Y Gral Jose de San Martin,2,0,1,0,1,0,0,"-33.73999, -61.97006",Calle,,VENADO TUERTO,General LÓPEZ,S/D,S/D,VIII,S/D,Urbana,S/D,S/D,Intersección,S/D,S/D,Nocturna,S/D,S/D,S/D,Colisión,S/D,S/D,S/D,S/D
2020,5554,2020-08-30,Domingo,20:50:00,,0,2,"Moto/Ciclomotor,Automóvil",Pedro Diaz Colodrero Y 9 de Julio,2,1,0,0,1,0,0,"-31.624978, -60.702955",Calle,,SANTA FE,La Capital,Asfalto,No existe,I,Dentro,Urbana,Ninguna,No existe,Intersección,Bueno,Buena,"Nocturna,Con luz artificial",Buen Tiempo,Lateral,S/D,Colisión,Ninguna,Faltante,Ninguna,Sin restricción
2020,5555,2020-08-09,Domingo,17:10:00,,0,2,"Moto/Ciclomotor,Moto/Ciclomotor",Bv. Victoria Y San Martin,3,2,0,0,0,0,1,"-32.195079862049,-61.705576896501",Avenida,,EL TRÉBOL,San MARTÍN,Asfalto,No existe,XVIII,Dentro,Urbana,Ninguna,No existe,Intersección,Bueno,Buena,Diurna,Buen Tiempo,Lateral,S/D,Colisión,Ninguna,Faltante,Cordón divisorio,Sin restricción
2020,5556,2020-10-17,Sabado,18:25:00,,0,2,"Moto/Ciclomotor,Automóvil",Italia Y Bartolome Mitre,3,0,1,0,2,0,0,"-33.74602, -61.95822",Calle,,VENADO TUERTO,General LÓPEZ,S/D,S/D,VIII,S/D,Urbana,S/D,S/D,Intersección,S/D,S/D,Atardecer,S/D,S/D,S/D,Colisión,S/D,S/D,S/D,S/D
2020,5557,2020-12-04,Viernes,11:51:00,,0,3,"Moto/Ciclomotor,Pickup/Utilitario,Automóvil",San Luis Y Espora,3,1,0,0,2,0,0,"-33.02349, -60.60425",Calle,,VILLA GOBERNADOR GÁLVEZ,Rosario,Asfalto,No existe,II,Dentro,Urbana,Ninguna,No existe,Intersección,Otro,Buena,Diurna,Buen Tiempo,Múltiple,S/D,Colisión,Ninguna,Faltante,Ninguna,Sin restricción
2020,5558,2020-12-09,Miercoles,,,0,3,"Automóvil,Pickup/Utilitario,Automóvil",Cornelio Saavedra Y Maipu,4,1,0,0,3,0,0,"-33.74497, -61.96315",Calle,,VENADO TUERTO,General LÓPEZ,Asfalto,S/D,VIII,S/D,Urbana,S/D,S/D,Intersección,S/D,S/D,S/D,S/D,Múltiple,S/D,Colisión,S/D,S/D,S/D,S/D
2020,5559,2020-08-21,Viernes,20:15:00,,0,2,"Automóvil,Moto/Ciclomotor",Hernandarias Y Mariano Moreno,2,1,0,0,1,0,0,"-31.673005048669,-60.767988512905",Calle,,SANTO TOMÉ,La Capital,Asfalto,No existe,I,Dentro,Urbana,Ninguna,No existe,Recta,Bueno,Buena,Nocturna,Buen Tiempo,Lateral,S/D,Colisión,Ninguna,Faltante,Ninguna,Sin restricción
2020,5560,2020-12-09,Miercoles,,,0,1,Automóvil,Rivadavia Bernardino 300,1,1,0,0,0,0,0,"-32.82516, -60.71924",Calle,,CAPITÁN BERMÚDEZ,San Lorenzo,Asfalto,S/D,XVII,S/D,Urbana,S/D,S/D,Recta,S/D,S/D,S/D,S/D,Atropello animal,S/D,Colisión,S/D,S/D,S/D,S/D
2020,5561,2020-08-04,Martes,16:15:00,,0,2,"Moto/Ciclomotor,Automóvil",Dr Zavalla Y Gorriti,2,1,0,0,1,0,0,"-31.588171534274,-60.703383077146",Avenida,,SANTA FE,La Capital,Asfalto,No existe,I,Dentro,Urbana,Ninguna,No existe,Recta,Bueno,Buena,Diurna,Buen Tiempo,Lateral,S/D,Colisión,Ninguna,Vertical,Cordón divisorio,Sin restricción
2020,5562,2020-08-12,Miercoles,12:30:00,,0,2,"Moto/Ciclomotor,Automóvil",Bv. Am�rica Y Rosario,2,0,1,0,1,0,0,"-32.198890455756,-61.700128776467",Avenida,,EL TRÉBOL,San MARTÍN,Hormigón,No existe,XVIII,Dentro,Urbana,Paso Peatonal,No existe,Intersección,Bueno,Buena,Diurna,Buen Tiempo,Lateral,S/D,Colisión,Ninguna,Horizontal,"Cordón divisorio,Vegetación,Línea divisoria pintada",Sin restricción
2020,5563,2020-12-10,Jueves,,,0,1,Moto/Ciclomotor,Ayacucho Y Dante Alighieri,2,2,0,0,0,0,0,"-33.75751, -61.96664",Calle,,VENADO TUERTO,General LÓPEZ,Asfalto,S/D,VIII,S/D,Urbana,S/D,S/D,Intersección,S/D,S/D,S/D,S/D,Atropello animal,S/D,Colisión,S/D,S/D,S/D,S/D
2020,5564,2020-08-21,Viernes,20:45:00,,0,2,"Automóvil,Moto/Ciclomotor",Balcarce Y Mariano Candioti,2,1,0,0,1,0,0,"-31.678555833476,-60.756665905564",Calle,,SANTO TOMÉ,La Capital,Asfalto,No existe,I,Dentro,Urbana,Ninguna,No existe,Intersección,Bueno,Buena,Nocturna,Buen Tiempo,Lateral,S/D,Colisión,Ninguna,Faltante,Ninguna,Sin restricción
2020,5565,2020-07-27,Lunes,3:10:00,,0,1,Automóvil,,1,0,0,0,0,1,0,"-32.23693, -60.93293",Camino Rural,,BARRANCAS,San JERÓNIMO,S/D,S/D,XV,Dentro,Rural,S/D,S/D,Recta,S/D,S/D,Nocturna,S/D,S/D,S/D,Vuelco,S/D,S/D,S/D,S/D
2020,5566,2020-08-18,Martes,19:00:00,,0,2,"Moto/Ciclomotor,Automóvil",Av A del Valle Y Gorriti,3,2,0,0,1,0,0,"-31.590685250378,-60.692270799516",Avenida,,SANTA FE,La Capital,Asfalto,No existe,I,Dentro,Urbana,Semáforo,Funciona,Intersección,Bueno,Buena,Atardecer,Buen Tiempo,Lateral,S/D,Colisión,Ninguna,"Horizontal,Vertical",Cordón divisorio,Accidente Previo
2020,5567,2020-12-10,Jueves,,,0,2,"Moto/Ciclomotor,Automóvil",Pueyrredon Y Almirante Brown,2,1,0,0,1,0,0,"-31.25052, -61.48777",Calle,,RAFAELA,Castellanos,Asfalto,S/D,V,S/D,Urbana,S/D,S/D,Intersección,S/D,S/D,S/D,S/D,S/D,S/D,Colisión,S/D,S/D,S/D,S/D
2020,5569,2020-12-10,Jueves,19:50:00,,0,2,"Moto/Ciclomotor,Moto/Ciclomotor",Urquiza Y J V Gimenez,2,2,0,0,0,0,0,"-29.44597, -60.21675",Calle,,VERA,Vera,Asfalto,S/D,XIX,S/D,Urbana,S/D,S/D,Intersección,S/D,S/D,S/D,S/D,S/D,S/D,Colisión,S/D,S/D,S/D,S/D
2020,5570,2020-10-17,Sabado,,Ruta Nacional 34,235,2,"Camión,Pickup/Utilitario",,2,0,1,0,1,0,0,"-31.12632, -61.47435",Ruta,34,LEHMANN,Castellanos,S/D,S/D,V,S/D,Urbana,S/D,S/D,Recta,S/D,S/D,Atardecer,S/D,De alcance,S/D,Colisión,S/D,S/D,S/D,S/D
2020,5571,2020-12-11,Viernes,22:30:00,,0,2,"Automóvil,Moto/Ciclomotor",Belgrano Manuel Y Corrientes,2,1,0,0,1,0,0,"-31.74337, -61.09556",Calle,,SAN CARLOS CENTRO,Las Colonias,Asfalto,S/D,XI,S/D,Urbana,S/D,S/D,Intersección,S/D,S/D,S/D,S/D,S/D,S/D,Colisión,S/D,S/D,S/D,S/D
2020,5572,2020-08-12,Miercoles,19:25:00,,0,2,"Automóvil,Moto/Ciclomotor",Av Blas Parera Y French,2,1,0,0,1,0,0,"-31.585765275004,-60.725662994922",Avenida,,SANTA FE,La Capital,Asfalto,No existe,I,Dentro,Urbana,Semáforo,Funciona,Recta,Bueno,Buena,Nocturna,Buen Tiempo,S/D,S/D,Colisión,Ninguna,"Horizontal,Vertical",Ninguna,Sin restricción
2020,5573,2020-12-11,Viernes,,Autopista Provincial Brigadier E.LÓPEZ,0,2,"Moto/Ciclomotor,Automóvil",,3,2,0,0,1,0,0,"-32.78295, -60.74547",Autopista,Brigadier E.LÓPEZ,FRAY LUIS BELTRÁN,San Lorenzo,Asfalto,S/D,XVII,S/D,Urbana,S/D,S/D,Recta,S/D,S/D,S/D,S/D,S/D,S/D,Colisión,S/D,S/D,S/D,S/D
2020,5574,2020-12-05,Sabado,21:00:00,,0,2,"Automóvil,Moto/Ciclomotor",Av Filipini Y Soldado Aguirre,2,1,0,0,1,0,0,"-33.02932, -60.63714",S/D,,VILLA GOBERNADOR GÁLVEZ,Rosario,Asfalto,No existe,II,S/D,S/D,Ninguna,No funciona,Rotonda,Con baches,S/D,Con luz artificial,Otro,S/D,S/D,S/D,Ninguna,S/D,Ninguna,Sin restricción
2020,5575,2020-10-17,Sabado,17:00:00,,0,2,"Bicicleta,Camión",Av Brasil Y Victor Manuel,2,1,0,0,1,0,0,"-31.24457, -61.48238",Avenida,,RAFAELA,Castellanos,S/D,S/D,V,S/D,Urbana,S/D,S/D,Intersección,S/D,S/D,Atardecer,S/D,S/D,Ciclista,Atropello,S/D,S/D,S/D,S/D
2020,5576,2020-12-11,Viernes,,,0,2,"Automóvil,Moto/Ciclomotor",Italia Y J B Mitri,2,0,1,0,1,0,0,"-30.93908, -61.56138",Calle,,SUNCHALES,Castellanos,Asfalto,S/D,V,S/D,Urbana,S/D,S/D,Intersección,S/D,S/D,S/D,S/D,S/D,S/D,Colisión,S/D,S/D,S/D,S/D
2020,5577,2020-08-10,Lunes,12:00:00,,0,2,"Moto/Ciclomotor,Moto/Ciclomotor",,2,0,1,0,1,0,0,"-32.1466982430459,-61.6294276779814",Camino Rural,,CASAS,San MARTÍN,Tierra,No existe,XVIII,Dentro,Rural,Ninguna,No existe,Cruce,Deteriorada,Buena,Diurna,Buen Tiempo,Lateral,S/D,Colisión,Ninguna,Faltante,Ninguna,Sin restricción
2020,5578,2020-08-21,Viernes,10:00:00,,0,2,"Moto/Ciclomotor,Automóvil",Av Facundo Zuviria Y Larrea,2,1,0,0,1,0,0,"-31.593648918391,-60.699520564298",Avenida,,SANTA FE,La Capital,Asfalto,No existe,I,Dentro,Urbana,Ninguna,No existe,Recta,Bueno,Buena,Diurna,Buen Tiempo,Lateral,S/D,Colisión,Ninguna,Faltante,Cordón divisorio,Sin restricción
2020,5579,2020-08-22,Sabado,12:30:00,,0,2,"Bicicleta,Automóvil",Estanislao Zeballos 4370,2,1,0,0,1,0,0,"-31.600486181207,-60.717451695857",Calle,,SANTA FE,La Capital,Asfalto,No existe,I,Dentro,Rural,Ninguna,No existe,Recta,Bueno,Buena,Diurna,Buen Tiempo,S/D,Ciclista,Atropello,Ninguna,Faltante,Ninguna,Sin restricción
2020,5580,2020-12-05,Sabado,13:10:00,,0,2,"Moto/Ciclomotor,Moto/Ciclomotor",Donado Y Pje. publico,2,1,0,0,1,0,0,"-32.93661, -60.72719",Calle,,ROSARIO,Rosario,Asfalto,No existe,II,Dentro,Urbana,S/D,No existe,Intersección,Deteriorada,Buena,Diurna,Buen Tiempo,S/D,S/D,Colisión,S/D,Faltante,S/D,Sin restricción
2020,5581,2020-12-11,Viernes,,,0,2,"Moto/Ciclomotor,Automóvil",Leandro N Alem Y Brasil,3,2,0,0,1,0,0,"-30.94562, -61.5505",Calle,,SUNCHALES,Castellanos,Asfalto,S/D,V,S/D,Urbana,S/D,S/D,Intersección,S/D,S/D,S/D,S/D,S/D,S/D,Colisión,S/D,S/D,S/D,S/D
2020,5582,2020-08-26,Miercoles,19:15:00,,0,1,Moto/Ciclomotor,Av Facundo Zuviria Y Padre Genesio,1,1,0,0,0,0,0,"-31.598199888785,-60.700955962383",Avenida,,SANTA FE,La Capital,Asfalto,No existe,I,Dentro,Urbana,Ninguna,No existe,Recta,Bueno,Buena,Diurna,Buen Tiempo,Contra objeto fijo,S/D,Colisión,Ninguna,Faltante,Cordón divisorio,Reparación de Va
2020,5583,2020-08-12,Miercoles,18:00:00,,0,2,"Pickup/Utilitario,Moto/Ciclomotor",Carlos Bosch Y Simon de Iriondo,2,1,0,0,1,0,0,"-31.431242721407,-60.924930069651",Calle,,ESPERANZA,Las Colonias,Asfalto,Pavimento,XI,Dentro,Urbana,Ninguna,No existe,Intersección,Bueno,Buena,Diurna,Buen Tiempo,S/D,S/D,Colisión,Ninguna,Faltante,Ninguna,Sin restricción
2020,5584,2020-12-06,Domingo,15:30:00,,0,2,"Automóvil,Moto/Ciclomotor",Necochea Y San Lorenzo,3,2,0,0,1,0,0,"-33.13367, -60.79824",Calle,,ÁLVAREZ,Rosario,Ripio,Pavimento,II,Dentro,Urbana,Ninguna,No existe,Intersección,Bueno,Buena,Diurna,Buen Tiempo,Lateral,S/D,Colisión,Ninguna,Faltante,Ninguna,Sin restricción
2020,5585,2020-08-13,Jueves,18:30:00,,0,2,"Moto/Ciclomotor,Automóvil",Av Blas Parera Y Espora,3,2,0,0,1,0,0,"-31.597484927216,-60.722450615619",Avenida,,SANTA FE,La Capital,Asfalto,No existe,I,Dentro,Urbana,Paso Peatonal,No existe,Intersección,Bueno,Buena,Diurna,Buen Tiempo,S/D,S/D,Colisión,Ninguna,Horizontal,Cordón divisorio,Sin restricción
2020,5586,2020-12-12,Sabado,19:30:00,,0,1,Moto/Ciclomotor,Marconico Y Cornelio Saavedra,1,1,0,0,0,0,0,"-33.7432, -61.96456",Calle,,VENADO TUERTO,General LÓPEZ,Asfalto,S/D,VIII,S/D,Urbana,S/D,S/D,Intersección,S/D,S/D,S/D,S/D,S/D,S/D,Cañda ocupante,S/D,S/D,S/D,Sin restricción
2020,5587,2020-10-17,Sabado,,,0,1,Moto/Ciclomotor,Lavalle Y San Martin,1,1,0,0,0,0,0,"-32.81983, -61.39812",Calle,,CAÑADA DE GÓMEZ,Iriondo,S/D,S/D,X,S/D,Urbana,S/D,S/D,Intersección,Resbaladiza,S/D,S/D,Lluvia,S/D,S/D,Cañda ocupante,Agua,S/D,S/D,S/D
2020,5588,2020-12-12,Sabado,,,0,3,"Pickup/Utilitario,Bicicleta,Otros",Balcarce Y Marconico,3,2,0,0,1,0,0,"-33.74117, -61.96071",Calle,,VENADO TUERTO,General LÓPEZ,Asfalto,S/D,VIII,S/D,Urbana,S/D,S/D,Intersección,S/D,S/D,S/D,S/D,S/D,S/D,Atropello,S/D,S/D,S/D,S/D
2020,5589,2020-12-08,Martes,11:40:00,,0,2,"Automóvil,Automóvil",J.J.Paso,2,1,0,0,1,0,0,"-32.92023, -60.71282",S/D,,ROSARIO,Rosario,Asfalto,No existe,II,S/D,S/D,Semáforo,Funciona,S/D,Otro,Buena,Nocturna,Buen Tiempo,Múltiple,S/D,Colisión,Ninguna,"Horizontal,Vertical",Ninguna,Sin restricción
2020,5590,2020-08-29,Sabado,20:00:00,,0,2,"Moto/Ciclomotor,Automóvil",Saavedra Y Reg 12 de Infanteria,3,2,0,0,1,0,0,"-31.596194207668304,-60.70149600505",Calle,,SANTA FE,La Capital,"Asfalto,Tierra",No existe,I,Dentro,Urbana,Ninguna,No existe,Intersección,Bueno,Buena,Nocturna,Buen Tiempo,Lateral,S/D,Colisión,Ninguna,Faltante,Ninguna,Sin restricción
2020,5591,2020-08-03,Lunes,18:30:00,,0,2,"Automóvil,Moto/Ciclomotor",JUAN JACOB Y AV CORDOBA,2,1,1,0,0,0,0,"-31.443343162536642,-60.95389187335",Camino Rural,,ESPERANZA,Las Colonias,Tierra,No existe,XI,Dentro,Rural,Ninguna,No existe,Intersección,Bueno,Buena,Atardecer,Buen Tiempo,Lateral,S/D,Colisión,Ninguna,Faltante,Ninguna,Sin restricción
2020,5592,2020-12-06,Domingo,15:00:00,,0,2,"Automóvil,Moto/Ciclomotor",Navarro Y Rodo,3,0,1,0,2,0,0,"-32.93189, -60.7261",Calle,,ROSARIO,Rosario,Asfalto,No existe,II,Dentro,Urbana,S/D,S/D,Intersección,Bueno,Buena,Diurna,Buen Tiempo,Lateral,S/D,Colisión,Ninguna,Faltante,Ninguna,Sin restricción