anio_acci,nro_acci,fecha,desc_dia,hora_aprox,desc_ruta,km,cant_participantes,desc_participante,calle_avenida_km,total,heridos_leves,heridos_graves,heridos_gravisimos,ilesos,fallecidos,sin_datos,posicion_XY,desc_tipo_via,desc_ruta_ori,desc_loc,desc_dpto,desc_tipo_calzada,desc_tipo_banquina,desc_unidad_regional,desc_lugar_calzada,desc_zona,desc_prioridad,desc_estado_semaforo,desc_lugar_via,desc_estado_via,desc_estado_visibilidad,desc_luminosidad,desc_estado_clima,desc_tipo_colision,desc_tipo_atropello,desc_tipo_hecho,desc_pres_calzada,desc_senializacion,desc_separacion_via,desc_restriccion
2020,5665,2020-12-05,Sabado,20:20:00,,0,2,"Pickup/Utilitario,Moto/Ciclomotor",Av. Ovidio Lagos 3950,2,0,1,0,1,0,0,"-32.97901, -60.67064",Avenida,,ROSARIO,Rosario,Asfalto,No existe,II,Dentro,Urbana,Ninguna,S/D,Recta,Bueno,Buena,Atardecer,Buen Tiempo,Lateral,S/D,Colisión,Ninguna,Faltante,Cordón divisorio,Sin restricción
2020,5666,2020-10-25,Domingo,,,0,2,"Bicicleta,Automóvil",Remedios de Escalada de San M Y General Jose de San Martin,2,1,0,0,1,0,0,"    -33.04392, -61.17223",Calle,,CASILDA,Caseros,S/D,S/D,IV,Dentro,Urbana,S/D,S/D,Intersección,S/D,S/D,Diurna,S/D,S/D,Ciclista,Atropello,S/D,S/D,S/D,S/D
2020,5667,2020-10-22,Jueves,,,0,1,Automóvil,San Juan Y Carriego,1,0,1,0,0,0,0,"-32.9411, -60.6896",Calle,,ROSARIO,Rosario,S/D,S/D,II,S/D,Urbana,S/D,S/D,Intersección,S/D,S/D,S/D,S/D,S/D,S/D,Despiste,S/D,S/D,S/D,S/D
2020,5668,2020-10-22,Jueves,1:20:00,,0,2,"Vehículo Oficial,Automóvil",Av. Corrientes Y San Juan,2,0,2,0,0,0,0,"-32.94941, -60.64329",Calle,,ROSARIO,Rosario,S/D,S/D,II,S/D,Urbana,S/D,S/D,Intersección,S/D,S/D,Nocturna,S/D,S/D,S/D,Colisión,S/D,S/D,S/D,S/D
2020,5669,2020-10-26,Lunes,,,0,2,"Automóvil,Automóvil",Antartida Argentina,3,1,0,0,2,0,0,"    -32.04908, -61.60258",Camino Rural,,CAÑADA ROSQUÍN,San MARTÍN,Asfalto,Natural,XVIII,Dentro,Rural,Ninguna,S/D,Intersección,Bueno,S/D,S/D,S/D,Frontal,S/D,Colisión,S/D,S/D,S/D,S/D
2020,5670,2020-08-14,Viernes,23:10:00,,0,2,"Automóvil,Moto/Ciclomotor",Alvear Y Derqui,2,1,0,0,1,0,0,"-31.617820159812,-60.690911824008",Calle,,SANTA FE,La Capital,Asfalto,No existe,I,Dentro,Urbana,Ninguna,No existe,Intersección,Bueno,Reducida,Nocturna,Buen Tiempo,Lateral,S/D,Colisión,Ninguna,Faltante,Ninguna,Sin restricción
2020,5671,2020-12-01,Martes,11:10:00,,0,2,"Moto/Ciclomotor,Automóvil",Saavedra Y Crespo,2,1,0,0,1,0,0,"-32.97257, -60.67622",Calle,,ROSARIO,Rosario,Asfalto,No existe,II,Dentro,Urbana,Ninguna,No existe,Intersección,Bueno,Buena,Diurna,Buen Tiempo,Lateral,S/D,Colisión,Ninguna,Faltante,Ninguna,Sin restricción
2020,5672,2020-08-22,Sabado,19:45:00,,0,1,Automóvil,,5,4,0,0,1,0,0,"-31.772718429565433,-61.30002021789",Camino Rural,,SANTA CLARA DE BUENA VISTA,Las Colonias,Tierra,No existe,XI,Dentro,Rural,Ninguna,No existe,Recta,Bueno,Buena,Nocturna,Buen Tiempo,Atropello animal,S/D,Colisión,Ninguna,Faltante,Ninguna,Sin restricción
2020,5673,2020-10-23,Viernes,8:07:00,,0,2,"Bicicleta,Pickup/Utilitario",Juan Jose Castelli Y Marconico,2,1,0,0,1,0,0,"-33.74377, -61.9656",Calle,,VENADO TUERTO,General LÓPEZ,S/D,S/D,VIII,S/D,Urbana,S/D,S/D,Intersección,S/D,S/D,Diurna,S/D,S/D,Ciclista,Atropello,S/D,S/D,S/D,S/D
2020,5674,2020-12-03,Jueves,12:50:00,,0,2,"Pickup/Utilitario,Moto/Ciclomotor",Av. Battle y Ordo�ez Y Av. Ovidio Lagos,3,1,0,0,2,0,0,"-33.00977, -60.6774",Avenida,,ROSARIO,Rosario,Asfalto,No existe,II,Dentro,Urbana,Ninguna,No existe,Recta,Bueno,Buena,Diurna,Buen Tiempo,Lateral,S/D,Colisión,Ninguna,Faltante,Ninguna,Sin restricción
2020,5675,2020-08-21,Viernes,14:30:00,,0,1,Moto/Ciclomotor,Av Carlos s Begnis Y Dr De la Colina,1,1,0,0,0,0,0,"-30.574149048295,-59.936471890153",Avenida,,SAN JAVIER,San Javier,Tierra,No existe,XIV,Dentro,Urbana,Ninguna,No existe,Recta,Resbaladiza,Buena,Diurna,Buen Tiempo,S/D,S/D,Cañda ocupante,Material Suelto,Faltante,Ninguna,Sin restricción
2020,5676,2020-08-09,Domingo,1:15:00,,0,1,Moto/Ciclomotor,,1,0,0,0,0,1,0,"-28.37073,-59.26387",S/D,,SAN ANTONIO DE OBLIGADO,General Obligado,S/D,S/D,IX,S/D,Rural,S/D,S/D,S/D,S/D,S/D,Nocturna,S/D,Contra objeto fijo,S/D,Colisión,S/D,S/D,S/D,S/D
2020,5677,2020-12-03,Jueves,17:00:00,,0,2,"Automóvil,Moto/Ciclomotor",Av. Francia Y Pte.Quintana,2,1,0,0,1,0,0,"-32.97767, -60.67461",Avenida,,ROSARIO,Rosario,Asfalto,No existe,II,Dentro,Urbana,Ninguna,No existe,Recta,Bueno,Buena,Diurna,Buen Tiempo,Lateral,S/D,Colisión,Ninguna,Horizontal,Cordón divisorio,Sin restricción
2020,5678,2020-10-23,Viernes,12:36:00,,0,2,"Moto/Ciclomotor,Automóvil",Italia Y Alvear,2,1,0,0,1,0,0,"-33.74511, -61.95893",Calle,,VENADO TUERTO,General LÓPEZ,S/D,S/D,VIII,S/D,Urbana,S/D,S/D,Intersección,S/D,S/D,Diurna,S/D,S/D,S/D,Colisión,S/D,S/D,S/D,S/D
2020,5679,2020-08-14,Viernes,9:20:00,,0,2,"Automóvil,Moto/Ciclomotor",Hernandarias Y Las Heras,2,1,0,0,1,0,0,"-31.608517258946,-60.689309845593",Calle,,SANTA FE,La Capital,Asfalto,No existe,I,Dentro,Urbana,Ninguna,No existe,Intersección,Bueno,Buena,Diurna,Buen Tiempo,Lateral,S/D,Colisión,Ninguna,Faltante,Ninguna,Sin restricción
2020,5680,2020-08-26,Miercoles,17:50:00,,0,1,Automóvil,San Martin Y Santiago Cabral,1,1,0,0,0,0,0,"-30.577130526847,-59.928364497947",Calle,,SAN JAVIER,San Javier,Asfalto,Natural,XIV,Dentro,Urbana,Ninguna,No existe,Recta,Bueno,Buena,Diurna,Buen Tiempo,Contra objeto fijo,S/D,Colisión,Ninguna,S/D,Ninguna,Sin restricción
2020,5681,2020-10-27,Martes,,,0,1,Moto/Ciclomotor,Iturraspe 2900,1,1,0,0,0,0,0,"    -31.62831, -60.70522",Calle,,SANTA FE,La Capital,Asfalto,Ripio,I,Dentro,Urbana,S/D,S/D,Intersección,S/D,S/D,S/D,S/D,Contra objeto fijo,S/D,Colisión,S/D,S/D,S/D,S/D
2020,5682,2020-10-23,Viernes,16:10:00,,0,2,"Moto/Ciclomotor,Pickup/Utilitario",Pavon Y Garibaldi,2,1,0,0,1,0,0,"-33.75055, -61.95382",Calle,,VENADO TUERTO,General LÓPEZ,S/D,S/D,VIII,S/D,Urbana,S/D,S/D,Intersección,S/D,S/D,Diurna,S/D,S/D,S/D,Colisión,S/D,S/D,S/D,S/D
2020,5683,2020-12-05,Sabado,18:30:00,,0,2,"Moto/Ciclomotor,Moto/Ciclomotor",Castellanos Y Bv. Segui,3,1,0,0,2,0,0,"-32.97253, -60.6833",Calle,,ROSARIO,Rosario,Asfalto,No existe,II,Dentro,Urbana,Ninguna,No existe,Intersección,Bueno,Buena,Atardecer,Buen Tiempo,Lateral,S/D,Colisión,Ninguna,Faltante,Ninguna,Sin restricción
2020,5684,2020-08-14,Viernes,1:50:00,Ruta Secundaria 80-s,0,1,Automóvil,,1,1,0,0,0,0,0,"-31.141212, -60.959815",Ruta,80-s,PROGRESO,Las Colonias,Asfalto,Natural,XI,Dentro,Rural,Marca Vial,No existe,Puente,Bueno,Buena,Nocturna,Buen Tiempo,S/D,S/D,Vuelco,Ninguna,Horizontal,Línea divisoria pintada,Sin restricción
2020,5685,2020-08-21,Viernes,9:00:00,,0,2,"Automóvil,Bicicleta",Alvear Y J M Zuviria,2,1,0,0,1,0,0,"-31.618720543028,-60.691181952437",Calle,,SANTA FE,La Capital,Asfalto,No existe,I,Dentro,Urbana,Ninguna,No existe,Intersección,Bueno,Buena,Diurna,Buen Tiempo,S/D,Ciclista,"Colisión,Atropello",Ninguna,Faltante,Ninguna,Sin restricción
2020,5686,2020-10-23,Viernes,17:50:00,,0,1,Moto/Ciclomotor,Santa Fe Y Chacabuco,1,1,0,0,0,0,0,"-33.74326, -61.95781",Calle,,VENADO TUERTO,General LÓPEZ,S/D,S/D,VIII,S/D,Urbana,S/D,S/D,Intersección,S/D,S/D,Diurna,S/D,Atropello animal,S/D,Colisión,S/D,S/D,S/D,S/D
2020,5687,2020-12-05,Sabado,23:35:00,,0,2,"Automóvil,Moto/Ciclomotor",Pueyrredon Y Av. Ntra.Sra.del Rosario,2,1,0,0,1,0,0,"-33.00072, -60.66921",Calle,,ROSARIO,Rosario,Asfalto,No existe,II,Dentro,Urbana,Ninguna,No existe,Recta,Bueno,Buena,Nocturna,Buen Tiempo,Lateral,S/D,Colisión,Ninguna,Faltante,Ninguna,Sin restricción
2020,5688,2020-08-29,Sabado,1:40:00,,0,1,Moto/Ciclomotor,CAMINO RURAL,1,1,0,0,0,0,0,"-31.126735210418666,-60.98716735839",Camino Rural,,PROGRESO,Las Colonias,Tierra,No existe,XI,Dentro,Rural,Ninguna,No existe,Recta,Bueno,Buena,Nocturna,Buen Tiempo,S/D,S/D,Cañda ocupante,Ninguna,Faltante,Ninguna,Sin restricción
2020,5689,2020-08-29,Sabado,23:40:00,,0,1,Moto/Ciclomotor,,2,2,0,0,0,0,0,"-30.57836830615999,-59.931101202964",Calle,,SAN JAVIER,San Javier,Tierra,No existe,XIV,Dentro,Urbana,Ninguna,No existe,Recta,Con baches,Buena,"Nocturna,Con luz artificial",Buen Tiempo,Otro,S/D,Cañda ocupante,Material Suelto,Faltante,Ninguna,Sin restricción
2020,5690,2020-10-23,Viernes,,,0,2,"Moto/Ciclomotor,Automóvil",Av Aristobulo del Valle Y Suiza,2,1,0,0,1,0,0,"-31.26179, -61.46748",Avenida,,RAFAELA,Castellanos,S/D,S/D,V,S/D,Urbana,S/D,S/D,Intersección,S/D,S/D,S/D,S/D,S/D,S/D,Colisión,S/D,S/D,S/D,S/D
2020,5691,2020-12-07,Lunes,19:10:00,,0,2,"Moto/Ciclomotor,Automóvil",Av. Corrientes Y Pte.Quintana,3,0,1,0,2,0,0,"-32.98178, -60.6514",Calle,,ROSARIO,Rosario,Asfalto,Pavimento,II,Dentro,Urbana,Ninguna,No existe,Intersección,Bueno,Buena,Atardecer,Buen Tiempo,Lateral,S/D,Colisión,Ninguna,Faltante,Ninguna,Sin restricción
2020,5692,2020-08-14,Viernes,13:50:00,Ruta Provincial 6,0,2,"Camión Chasis,Camión c / Acoplado",San Martin Y Rivadavia,2,1,0,0,1,0,0,"-31.763382695203,-61.101985587513",Ruta,6,SAN CARLOS SUR,Las Colonias,Asfalto,No existe,XI,Dentro,Urbana,Ninguna,No existe,Intersección,Bueno,Buena,Diurna,Buen Tiempo,Lateral,S/D,Colisión,Ninguna,Horizontal,Línea divisoria pintada,Sin restricción
2020,5693,2020-10-23,Viernes,,Autopista Nacional A008,22,2,"Moto/Ciclomotor,Pickup/Utilitario",Av. Circunvalacion Y Ayacucho,2,0,1,0,1,0,0,"-33.01574, -60.63486",Autopista,A008,ROSARIO,Rosario,S/D,S/D,II,S/D,Urbana,S/D,S/D,Intersección,S/D,S/D,S/D,S/D,S/D,S/D,Colisión,S/D,S/D,S/D,S/D
2020,5694,2020-12-08,Martes,10:00:00,,0,2,"Automóvil,Automóvil",Bv. Segui Y Sarmiento,4,2,0,0,2,0,0,"-32.97921, -60.64639",Calle,,ROSARIO,Rosario,Asfalto,No existe,II,Dentro,Urbana,Ninguna,No existe,Intersección,Bueno,Buena,Diurna,Buen Tiempo,Lateral,S/D,Colisión,Ninguna,Faltante,Ninguna,Sin restricción
2020,5695,2020-08-28,Viernes,11:30:00,,0,1,Moto/Ciclomotor,Av Gral Paz Y Quintana,1,1,0,0,0,0,0,"-31.624942123889923,-60.68923294544",Avenida,,SANTA FE,La Capital,Asfalto,No existe,I,Dentro,Urbana,Paso Peatonal,No existe,Recta,Bueno,Buena,Diurna,Buen Tiempo,Contra objeto fijo,S/D,"Cañda ocupante,Colisión",Ninguna,Horizontal,Ninguna,Sin restricción
2020,5696,2020-08-23,Domingo,11:55:00,,0,2,"Moto/Ciclomotor,Automóvil",Guemes Y Libertad,4,1,0,0,3,0,0,"-31.753510838795,-61.102723471077",Calle,,SAN CARLOS SUR,Las Colonias,Ripio,No existe,XI,Dentro,Urbana,Ninguna,No existe,Intersección,Bueno,Buena,Diurna,Buen Tiempo,Lateral,S/D,Colisión,Ninguna,Faltante,Ninguna,Sin restricción
2020,5697,2020-12-08,Martes,10:00:00,,0,2,"Automóvil,Automóvil",Av. Uriburu Y España,2,1,0,0,1,0,0,"-32.99117, -60.65808",Calle,,ROSARIO,Rosario,Asfalto,No existe,II,Dentro,Urbana,Ninguna,S/D,Intersección,Bueno,Buena,Diurna,Buen Tiempo,De alcance,S/D,Colisión,Ninguna,Faltante,Ninguna,Sin restricción
2020,5698,2020-10-27,Martes,,,0,2,"Moto/Ciclomotor,Pickup/Utilitario",French Y Las Heras,2,1,0,0,1,0,0,"    -31.59406, -60.68504",Calle,,SANTA FE,La Capital,S/D,S/D,I,Dentro,Urbana,S/D,S/D,Intersección,S/D,S/D,S/D,S/D,Lateral,S/D,Colisión,S/D,S/D,S/D,S/D
2020,5699,2020-08-31,Lunes,10:50:00,,0,1,Moto/Ciclomotor,Hernandarias 1100,2,2,0,0,0,0,0,"-31.610778901628,-60.678735657246",Calle,,SANTA FE,La Capital,Asfalto,No existe,I,Dentro,Urbana,Ninguna,No existe,Paso a Nivel FFCC,Bueno,Buena,Diurna,Buen Tiempo,Atropello animal,S/D,Colisión,Ninguna,"Horizontal,Vertical",Ninguna,Sin restricción
2020,5700,2020-12-07,Lunes,17:25:00,,0,2,"Moto/Ciclomotor,Automóvil",Anchorena Y Cepeda,2,1,0,0,1,0,0,"-32.99708, -60.62504",Calle,,ROSARIO,Rosario,Asfalto,No existe,II,Dentro,Urbana,Ninguna,No existe,Intersección,Bueno,Buena,Diurna,Buen Tiempo,Lateral,S/D,Colisión,Ninguna,Faltante,Ninguna,Sin restricción
2020,5701,2020-08-26,Miercoles,19:40:00,Ruta Provincial 4,45,1,Automóvil,,4,1,0,0,3,0,0,"-31.06395703418831, -60.89528320726",Ruta,4,SANTO DOMINGO,Las Colonias,Asfalto,Natural,XI,Dentro,Rural,Ninguna,No existe,Curva,Bueno,Buena,Diurna,Buen Tiempo,S/D,S/D,Vuelco,Ninguna,Horizontal,Línea divisoria pintada,Sin restricción
2020,5702,2020-08-23,Domingo,21:30:00,Ruta Provincial 1,0,2,"Moto/Ciclomotor,Otros",,3,1,1,0,1,0,0,"-31.102061569690708,-60.09467303752",Ruta,1,HELVECIA,Garay,Asfalto,No existe,VII,Dentro,Urbana,S/D,No existe,Recta,Otro,S/D,Nocturna,S/D,S/D,S/D,Colisión,Ninguna,S/D,Ninguna,Sin restricción
2020,5703,2020-12-05,Sabado,7:45:00,,0,2,"Moto/Ciclomotor,Automóvil",Dorrego Y Estado de Israel,2,1,0,0,1,0,0,"-32.99225, -60.6609",Calle,,ROSARIO,Rosario,Asfalto,No existe,II,Dentro,Urbana,Ninguna,No existe,Intersección,Bueno,Buena,Diurna,Buen Tiempo,Lateral,S/D,Colisión,Ninguna,Faltante,Ninguna,Sin restricción
2020,5704,2020-08-27,Jueves,9:10:00,,0,2,"Automóvil,Peatón",9 de Julio Y San Martin,2,1,0,0,1,0,0,"-31.058926285923,-61.16894321989",Calle,,SARMIENTO,Las Colonias,Asfalto,No existe,XI,Dentro,Rural,Ninguna,No existe,Intersección,Bueno,Buena,Diurna,Buen Tiempo,S/D,Peatón,Atropello,Ninguna,Faltante,Ninguna,Sin restricción
2020,5705,2020-10-27,Martes,,,0,1,Automóvil,Arzeno Y French,2,2,0,0,0,0,0,"    -31.58504, -60.72978",Calle,,SANTA FE,La Capital,Asfalto,S/D,I,Dentro,Urbana,Ninguna,No existe,Intersección,S/D,S/D,S/D,S/D,Contra objeto fijo,S/D,Colisión,S/D,S/D,Ninguna,S/D
2020,5706,2020-08-28,Viernes,14:00:00,,0,2,"Automóvil,Moto/Ciclomotor",Av A del Valle Y J Castelli,2,1,0,0,1,0,0,"-31.606702, -60.693130",Calle,,SANTA FE,La Capital,Asfalto,No existe,I,Dentro,Urbana,Semáforo,Funciona,Intersección,Bueno,Buena,Diurna,Buen Tiempo,Lateral,S/D,Colisión,Ninguna,"Horizontal,Vertical",Cordón divisorio,Sin restricción
2020,5707,2020-12-03,Jueves,,,0,2,"Peatón,Otros",España 4200,2,1,0,0,1,0,0,"-32.98448, -60.65648",Calle,,ROSARIO,Rosario,Asfalto,No existe,II,Dentro,Urbana,Ninguna,No existe,Intersección,Bueno,Buena,Diurna,Buen Tiempo,S/D,Peatón,Atropello,S/D,Faltante,Ninguna,Sin restricción
2020,5708,2020-08-28,Viernes,21:15:00,Ruta Provincial 10,0,2,"Moto/Ciclomotor,Pickup/Utilitario",,4,0,1,0,3,0,0,"-31.34781360626223,-61.235706210136",Ruta,10,NUEVO TORINO,Las Colonias,Asfalto,Natural,XI,Dentro,Urbana,Ninguna,No existe,Intersección,Bueno,Buena,Diurna,Buen Tiempo,Lateral,S/D,Colisión,Ninguna,Horizontal,Línea divisoria pintada,Sin restricción
2020,5709,2020-08-26,Miercoles,11:30:00,,0,2,"Automóvil,Moto/Ciclomotor",Pbro Marozi Y San Martin,2,1,0,0,1,0,0,"-31.420506834983847,-60.33441424369",Calle,,SANTA ROSA DE CALCHINES,Garay,Asfalto,No existe,VII,Dentro,Urbana,Ninguna,No existe,Intersección,Bueno,Buena,Diurna,Buen Tiempo,S/D,S/D,Colisión,Ninguna,Faltante,Ninguna,Sin restricción
2020,5710,2020-08-22,Sabado,19:00:00,,0,2,"Automóvil,Moto/Ciclomotor",Belgrano Y Derqui,3,2,0,0,1,0,0,"-31.617357778328,-60.693026726089",Calle,,SANTA FE,La Capital,Asfalto,No existe,I,Dentro,Urbana,Ninguna,No existe,Intersección,Bueno,Buena,Atardecer,Buen Tiempo,Lateral,S/D,Colisión,Ninguna,Faltante,Ninguna,Sin restricción
2020,5711,2020-10-27,Martes,17:40:00,,0,2,"Moto/Ciclomotor,Automóvil",General Juan Lavalle 2500,2,1,0,0,1,0,0,"    -33.03615, -61.16042",Calle,,CASILDA,Caseros,Asfalto,S/D,IV,Dentro,Urbana,S/D,S/D,Intersección,S/D,S/D,Diurna,S/D,S/D,S/D,Colisión,S/D,S/D,S/D,S/D
2020,5712,2020-08-30,Domingo,21:50:00,Ruta Provincial 1,0,1,Moto/Ciclomotor,Felipe II Y Ruta Prov 1,1,1,0,0,0,0,0,"-31.198808848857883,-60.15968173742",Ruta,1,CAYASTA,Garay,Asfalto,Pavimento,VII,Dentro,Urbana,Semáforo,Funciona,Recta,Bueno,Buena,Nocturna,Buen Tiempo,Atropello animal,S/D,Colisión,Ninguna,"Horizontal,Vertical",Línea divisoria pintada,Sin restricción
2020,5713,2020-10-27,Martes,,,0,1,Moto/Ciclomotor,,3,3,0,0,0,0,0,"    -31.44865, -60.93057",S/D,,ESPERANZA,Las Colonias,S/D,S/D,XI,S/D,S/D,S/D,S/D,Recta,S/D,S/D,S/D,S/D,Contra objeto fijo,S/D,Colisión,S/D,S/D,S/D,S/D
2020,5714,2020-08-20,Jueves,,Ruta Provincial 6,0,2,"Automóvil,Moto/Ciclomotor",Lito Gonella Y Peru,2,0,1,0,1,0,0,"-31.450670957565308,-60.91156929731",Ruta,6,ESPERANZA,Las Colonias,Asfalto,No existe,XI,Dentro,Urbana,Señal Pare,No existe,Intersección,Bueno,Buena,Atardecer,Buen Tiempo,S/D,S/D,Colisión,Ninguna,"Horizontal,Vertical",Línea divisoria pintada,Sin restricción
2020,5715,2020-08-03,Lunes,21:50:00,Autovía Nacional 168,473,2,"Moto/Ciclomotor,Otros",,3,1,0,0,0,0,2,"-31.640802, -60.666331",Autovía,168,SANTA FE,La Capital,Asfalto,Natural,I,Fuera,Urbana,Marca Vial,No existe,Recta,Bueno,Buena,Nocturna,Buen Tiempo,Lateral,S/D,Colisión,Ninguna,Horizontal,Guardarrail,Sin restricción
2020,5716,2020-08-29,Sabado,10:20:00,Ruta Provincial 1,24.5,2,"Camión Chasis,Moto/Ciclomotor",,3,1,0,0,2,0,0,"-31.49727, -60.44434",Ruta,1,LOS ZAPALLOS,Garay,Asfalto,Natural,VII,Dentro,Urbana,Marca Vial,No existe,Puente,Bueno,Buena,Diurna,Buen Tiempo,Otro,S/D,Colisión,Ninguna,Horizontal,Línea divisoria pintada,Sin restricción
2020,5717,2020-10-27,Martes,,,0,2,"Moto/Ciclomotor,Automóvil",,2,0,1,0,1,0,0,"    -31.44865, -60.93057",S/D,,ESPERANZA,Las Colonias,S/D,S/D,XI,S/D,Urbana,S/D,S/D,Intersección,S/D,S/D,S/D,S/D,Lateral,S/D,Colisión,S/D,S/D,S/D,S/D
2020,5718,2020-08-21,Viernes,20:40:00,,0,1,Moto/Ciclomotor,CAMINO RURAL,1,1,0,0,0,0,0,"-31.460037231445312,-60.96467971801",Camino Rural,,ESPERANZA,Las Colonias,Tierra,No existe,XI,Dentro,Rural,Ninguna,No existe,Recta,Bueno,Reducida,Nocturna,Buen Tiempo,Atropello animal,S/D,Colisión,Ninguna,Faltante,Ninguna,Sin restricción
2020,5720,2020-08-09,Domingo,,Autovía Nacional 168,472,2,"Automóvil,Otros",,3,1,0,0,1,0,1,"-31.641739, -60.672104",Autovía,168,SANTA FE,La Capital,Asfalto,No existe,I,Dentro,Urbana,Ninguna,No existe,Puente,Bueno,Buena,Diurna,Buen Tiempo,De alcance,S/D,Colisión,Ninguna,"Horizontal,Vertical",Guardarrail,Sin restricción
2020,5721,2020-10-27,Martes,12:10:00,,0,2,"Tren,Peatón",,2,1,0,0,1,0,0,"    -31.97343, -60.92061",Calle,,CORONDA,San JERÓNIMO,S/D,S/D,XV,Dentro,Urbana,S/D,S/D,Paso a Nivel FFCC,S/D,S/D,S/D,S/D,S/D,Peatón,Atropello,S/D,S/D,S/D,S/D
2020,5722,2020-12-01,Martes,14:40:00,,0,2,"Automóvil,Bicicleta",Republica de Irak Y Cruz Chica,2,1,0,0,1,0,0,"-32.88691, -60.70569",Calle,,ROSARIO,Rosario,Asfalto,Pavimento,II,S/D,Urbana,Ninguna,S/D,Recta,Bueno,Buena,Diurna,Buen Tiempo,S/D,Ciclista,Atropello,Ninguna,Vertical,Ninguna,Sin restricción
2020,5723,2020-08-01,Sabado,18:45:00,,0,2,"Moto/Ciclomotor,Peatón",Entre Rios 850,2,0,1,0,1,0,0,"-31.305643191909,-60.65482654795",Calle,,LAGUNA PAIVA,La Capital,Asfalto,No existe,I,Dentro,Urbana,Ninguna,No existe,Recta,Bueno,Buena,"Atardecer,Con luz artificial",Buen Tiempo,S/D,Peatón,Atropello,Ninguna,Faltante,Ninguna,Sin restricción
2020,5724,2020-08-01,Sabado,18:35:00,,0,2,"Automóvil,Moto/Ciclomotor",LOS ZORZALES Y LOS TALAS,2,1,0,0,1,0,0,"-31.629247069358847,-60.60643851757",Calle,,COLASTINE,La Capital,Arena,No existe,I,Dentro,Urbana,Ninguna,No existe,Intersección,Con baches,Buena,Atardecer,Buen Tiempo,Lateral,S/D,Colisión,Ninguna,Faltante,Ninguna,Sin restricción
2020,5725,2020-08-10,Lunes,22:00:00,Ruta Nacional 11,328,2,"Automóvil,Transporte de Pasajeros Urbano (> 8 asientos)",Av San Martin Y Guido Spano,6,1,0,0,4,1,0,"-32.78189,-60.72668",Ruta,11,FRAY LUIS BELTRÁN,San Lorenzo,Asfalto,No existe,XVII,S/D,Urbana,Ninguna,Funciona,Intersección,Bueno,S/D,Nocturna,S/D,De alcance,S/D,Colisión,Ninguna,Faltante,"Ninguna,S/D",Sin restricción
2020,5726,2020-08-25,Martes,17:50:00,,0,2,"Pickup/Utilitario,Camión",1° de Mayo Y Boassi,2,0,1,0,1,0,0,"-31.309105172104,-60.659482959531",Calle,,LAGUNA PAIVA,La Capital,Asfalto,No existe,I,Dentro,Urbana,Ninguna,No existe,Intersección,Bueno,Buena,Atardecer,Buen Tiempo,Lateral,S/D,Colisión,Ninguna,Faltante,Ninguna,Sin restricción
2020,5727,2020-12-02,Miercoles,16:00:00,,0,2,"Moto/Ciclomotor,Automóvil",Buenos Aires Y Amenabar,3,2,0,0,1,0,0,"-32.97325, -60.63912",Calle,,ROSARIO,Rosario,Asfalto,No existe,II,S/D,Urbana,Ninguna,No existe,Recta,Bueno,Reducida,Diurna,Lluvia,De alcance,S/D,Colisión,Agua,S/D,Ninguna,Sin restricción
2020,5728,2020-08-20,Jueves,14:10:00,Ruta Provincial 2,29,1,Automóvil,,1,1,0,0,0,0,0,"-31.32113, -60.66595",Ruta,2,ARROYO AGUIAR,La Capital,Asfalto,Natural,I,Fuera,Rural,Marca Vial,No existe,Recta,Bueno,Buena,Diurna,Buen Tiempo,S/D,S/D,Vuelco,Ninguna,Horizontal,Línea divisoria pintada,Sin restricción
2020,5729,2020-08-18,Martes,12:50:00,Ruta Provincial 5,30,2,"Automóvil,Moto/Ciclomotor",,2,1,0,0,1,0,0,"-31.53960227966309,-60.688524842262",Ruta,5,MONTE VERA,La Capital,Asfalto,Ripio,I,Dentro,Rural,Señal Pare,No existe,Intersección,Bueno,Buena,Diurna,Buen Tiempo,S/D,S/D,Colisión,Ninguna,Vertical,Guardarrail,Sin restricción
2020,5730,2020-08-27,Jueves,19:20:00,Autovía Nacional 168,0,1,Camión c / Acoplado,,1,1,0,0,0,0,0,"-31.649917, -60.617090",Autovía,168,COLASTINE,La Capital,Asfalto,Natural,I,Fuera,Rural,Ninguna,No existe,Recta,Bueno,Buena,Nocturna,Buen Tiempo,S/D,S/D,Despiste,Ninguna,Faltante,Guardarrail,Sin restricción