anio_acci,nro_acci,fecha,desc_dia,hora_aprox,desc_ruta,km,cant_participantes,desc_participante,calle_avenida_km,total,heridos_leves,heridos_graves,heridos_gravisimos,ilesos,fallecidos,sin_datos,posicion_XY,desc_tipo_via,desc_ruta_ori,desc_loc,desc_dpto,desc_tipo_calzada,desc_tipo_banquina,desc_unidad_regional,desc_lugar_calzada,desc_zona,desc_prioridad,desc_estado_semaforo,desc_lugar_via,desc_estado_via,desc_estado_visibilidad,desc_luminosidad,desc_estado_clima,desc_tipo_colision,desc_tipo_atropello,desc_tipo_hecho,desc_pres_calzada,desc_senializacion,desc_separacion_via,desc_restriccion
2020,5731,2020-08-03,Lunes,4:30:00,Ruta Provincial 2,17,2,"Automóvil,Moto/Ciclomotor",,3,2,0,0,1,0,0,"-31.428663313339428, -60.6733544158",Ruta,2,ARROYO AGUIAR,La Capital,Asfalto,Natural,I,Dentro,Urbana,Ninguna,No existe,Recta,Bueno,Buena,Nocturna,Buen Tiempo,S/D,S/D,Colisión,Ninguna,Faltante,Ninguna,Sin restricción
2020,5732,2020-08-25,Martes,19:30:00,Ruta Provincial 4,0,2,"Tractor,Pickup/Utilitario",,2,1,0,0,1,0,0,"-31.295102834701503,-60.69378733634",Ruta,4,LAGUNA PAIVA,La Capital,Asfalto,S/D,I,Dentro,Rural,Marca Vial,No existe,Recta,Bueno,Buena,"Atardecer,Con luz artificial",Buen Tiempo,S/D,S/D,Colisión,Ninguna,Horizontal,Línea divisoria pintada,Sin restricción
2020,5733,2020-08-09,Domingo,13:30:00,Ruta Provincial 1,2.5,2,"Moto/Ciclomotor,Otros",,3,1,0,0,2,0,0,"   -31.62899, -60.60962",Ruta,1,COLASTINE,La Capital,Asfalto,Pavimento,I,Dentro,Urbana,Semáforo,Funciona,Recta,Bueno,Buena,Diurna,Buen Tiempo,De alcance,S/D,Colisión,Ninguna,"Horizontal,Vertical","Guardarrail,Línea divisoria pintada",Sin restricción
2020,5734,2020-12-08,Martes,12:00:00,,0,2,"Automóvil,Moto/Ciclomotor",Cullen Y Ugarte,4,0,1,0,3,0,0,"-32.87807, -60.73073",S/D,,ROSARIO,Rosario,Asfalto,Pavimento,II,S/D,Urbana,S/D,No existe,Intersección,Bueno,Buena,Diurna,S/D,S/D,S/D,Colisión,S/D,S/D,Ninguna,S/D
2020,5735,2020-08-21,Viernes,19:05:00,Ruta Provincial 2,0,2,"Moto/Ciclomotor,Pickup/Utilitario",Av Pte Peron Y Moreno,2,0,1,0,1,0,0,"-31.305496289038,-60.657982000082",Ruta,2,LAGUNA PAIVA,La Capital,Asfalto,Natural,I,Dentro,Urbana,Ninguna,No existe,Intersección,Bueno,Buena,"Atardecer,Con luz artificial",Buen Tiempo,S/D,S/D,Colisión,Ninguna,Faltante,Ninguna,Sin restricción
2020,5736,2020-10-27,Martes,18:00:00,Ruta Nacional 11,0,2,"Moto/Ciclomotor,Moto/Ciclomotor",Av San Lorenzo Y Santa fe,2,1,1,0,0,0,0,"    -32.82307, -60.71422",Ruta,11,CAPITÁN BERMÚDEZ,San Lorenzo,Asfalto,S/D,XVII,Dentro,Urbana,Ninguna,S/D,Intersección,S/D,S/D,Atardecer,S/D,Lateral,S/D,Colisión,S/D,S/D,S/D,S/D
2020,5737,2020-08-01,Sabado,14:55:00,Ruta Provincial 1,0,2,"Automóvil,Moto/Ciclomotor",,2,1,0,0,1,0,0,"-31.635752, -60.621914",Ruta,1,COLASTINE,La Capital,Asfalto,Natural,I,Dentro,Urbana,Ninguna,Funciona,Recta,Bueno,Buena,Diurna,Buen Tiempo,"Contra objeto fijo,De alcance",S/D,Colisión,Ninguna,Vertical,Ninguna,Sin restricción
2020,5738,2020-12-01,Martes,21:50:00,,0,2,"Moto/Ciclomotor,Bicicleta",Salvat Y Villa del Parque,4,4,0,0,0,0,0,"-32.88367, -60.72827",Calle,,ROSARIO,Rosario,S/D,S/D,II,Fuera,Urbana,S/D,No existe,Intersección,Bueno,S/D,Nocturna,S/D,S/D,Ciclista,Atropello,S/D,S/D,S/D,S/D
2020,5739,2020-12-03,Jueves,,,0,2,"Moto/Ciclomotor,Automóvil",Polledo Y Salvat,2,0,1,0,1,0,0,"-32.88322, -60.72075",S/D,,ROSARIO,Rosario,Asfalto,S/D,II,S/D,S/D,S/D,No existe,Intersección,Bueno,Buena,Diurna,S/D,S/D,S/D,S/D,S/D,S/D,S/D,S/D
2020,5740,2020-10-27,Martes,,,0,2,"Moto/Ciclomotor,Automóvil",Av A del Valle Y Alberti,4,2,0,0,2,0,0,"    -31.60218, -60.69184",Avenida,,SANTA FE,La Capital,Asfalto,S/D,I,Dentro,Urbana,S/D,S/D,Intersección,S/D,S/D,S/D,S/D,S/D,S/D,Colisión,S/D,S/D,S/D,S/D
2020,5741,2020-12-01,Martes,17:00:00,,0,2,"Bicicleta,Automóvil",Lavalle Y Mendoza,2,1,0,0,1,0,0,"-32.94449, -60.67908",S/D,,ROSARIO,Rosario,Asfalto,No existe,II,S/D,S/D,Semáforo,Funciona,Intersección,Bueno,Buena,Diurna,Buen Tiempo,De alcance,Ciclista,Atropello,Ninguna,Faltante,Ninguna,Sin restricción
2020,5743,2020-12-04,Viernes,10:30:00,,0,2,"Bicicleta,Automóvil",Rodriguez Y Montevideo,2,1,0,0,1,0,0,"-32.95248, -60.66117",S/D,,ROSARIO,Rosario,Asfalto,No existe,II,S/D,Urbana,Ninguna,No existe,Intersección,Bueno,Buena,Diurna,Buen Tiempo,De alcance,Ciclista,Atropello,Ninguna,Faltante,Ninguna,Sin restricción
2020,5744,2020-08-20,Jueves,16:30:00,Ruta Nacional 33,685,1,Pickup/Utilitario,Ruta Prov 93,1,0,0,0,0,1,0,"-33.45644,-61.50331",Ruta,33,FIRMAT,General LÓPEZ,Asfalto,Natural,VIII,S/D,Rural,Ninguna,No existe,Cruce,Bueno,S/D,Diurna,S/D,S/D,S/D,Vuelco,Ninguna,Faltante,"Ninguna,S/D",Sin restricción
2020,5745,2020-08-22,Sabado,11:00:00,,0,2,"Automóvil,Peatón",Urquiza 0,2,0,0,0,1,1,0,"    -29.58096, -60.38043",Calle,,LA GALLARETA,Vera,S/D,S/D,XIX,S/D,Urbana,S/D,S/D,Intersección,S/D,S/D,Diurna,S/D,S/D,Peatón,Atropello,S/D,S/D,S/D,S/D
2020,5747,2020-12-03,Jueves,12:20:00,,0,2,"Moto/Ciclomotor,Taxi/Remis",Cerrito Y Buenos Aires,2,1,0,0,1,0,0,"-32.96287, -60.63662",Calle,,ROSARIO,Rosario,Asfalto,No existe,II,Dentro,Urbana,Semáforo,Funciona,Recta,Bueno,Buena,Diurna,Buen Tiempo,Lateral,S/D,Colisión,Ninguna,Vertical,Ninguna,Sin restricción
2020,5748,2020-12-04,Viernes,12:00:00,,0,2,"Moto/Ciclomotor,Automóvil",Italia Y Rueda,2,1,0,0,1,0,0,"-32.96937, -60.65393",Calle,,ROSARIO,Rosario,Asfalto,No existe,II,Dentro,Urbana,Ninguna,No existe,Intersección,Bueno,Buena,Diurna,Buen Tiempo,Lateral,S/D,Colisión,Ninguna,Faltante,Ninguna,Sin restricción
2020,5749,2020-12-06,Domingo,13:10:00,,0,2,"Automóvil,Pickup/Utilitario",Av. Corrientes Y Av. Pellegrini,2,1,0,0,1,0,0,"-32.95684, -60.64505",Avenida,,ROSARIO,Rosario,Asfalto,No existe,II,Dentro,Urbana,Semáforo,Funciona,Recta,Bueno,Buena,Diurna,Buen Tiempo,De alcance,S/D,Colisión,Ninguna,Vertical,Ninguna,Sin restricción
2020,5750,2020-12-04,Viernes,15:00:00,,0,2,"Moto/Ciclomotor,Automóvil",Colon Y E.Zeballos,2,2,0,0,0,0,0,"-32.95739, -60.62775",Calle,,ROSARIO,Rosario,Asfalto,S/D,II,S/D,Urbana,Señal Pare,S/D,Recta,Bueno,S/D,Diurna,S/D,S/D,S/D,Colisión,S/D,S/D,S/D,S/D
2020,5751,2020-08-31,Lunes,18:40:00,,0,1,Moto/Ciclomotor,Catamarca Y Santiago Massa,1,1,0,0,0,0,0,"-32.298030669373,-61.414492062305",Calle,,CENTENO,San JERÓNIMO,S/D,No existe,XV,Dentro,Urbana,S/D,S/D,Intersección,S/D,S/D,Diurna,S/D,Atropello animal,S/D,Colisión,S/D,S/D,Ninguna,S/D
2020,5752,2020-08-29,Sabado,16:20:00,,0,2,"Moto/Ciclomotor,Moto/Ciclomotor",Buenos Aires Y Laprida,2,2,0,0,0,0,0,"-32.053609516143,-61.59553609062",Calle,,CAÑADA ROSQUÍN,San MARTÍN,Asfalto,No existe,XVIII,Dentro,Urbana,Ninguna,No existe,Intersección,S/D,S/D,Diurna,S/D,S/D,S/D,Colisión,S/D,Faltante,Ninguna,S/D
2020,5753,2020-12-07,Lunes,20:45:00,,0,2,"Peatón,Automóvil",Italia Y Urquiza,2,1,0,0,1,0,0,"-32.94124, -60.64696",S/D,,ROSARIO,Rosario,Asfalto,S/D,II,S/D,S/D,S/D,S/D,Recta,S/D,S/D,Nocturna,S/D,S/D,Peatón,Atropello,S/D,S/D,S/D,S/D
2020,5754,2020-08-01,Sabado,18:55:00,,0,2,"Automóvil,Moto/Ciclomotor",Patricios Y San Martin,2,1,0,0,1,0,0,"-33.010984101839,-60.651155927428",Calle,,ROSARIO,Rosario,Asfalto,No existe,II,Dentro,Urbana,Semáforo,Funciona,Intersección,Bueno,Buena,Atardecer,Buen Tiempo,S/D,S/D,Colisión,Ninguna,"Horizontal,Vertical",Línea divisoria pintada,Sin restricción
2020,5755,2020-12-07,Lunes,18:00:00,,0,2,"Automóvil,Automóvil",Nansen Y Bv. Rondeau,2,1,0,0,1,0,0,"-32.90939, -60.68766",S/D,,ROSARIO,Rosario,Asfalto,S/D,II,S/D,Urbana,Ninguna,S/D,Recta,Bueno,S/D,S/D,Otro,De alcance,S/D,S/D,Ninguna,Horizontal,Ninguna,Sin restricción
2020,5756,2020-08-31,Lunes,13:20:00,,0,2,"Automóvil,Peatón",3 De Febrero Y Mitre,2,1,0,0,1,0,0,"-32.952517831526,-60.641136876805",Calle,,ROSARIO,Rosario,Asfalto,No existe,II,Dentro,Urbana,Semáforo,Funciona,Intersección,S/D,S/D,Diurna,S/D,S/D,Peatón,Atropello,S/D,"Horizontal,Vertical",Ninguna,S/D
2020,5757,2020-12-05,Sabado,11:50:00,,0,2,"Vehículo Oficial,Automóvil",Bv. Oroño Y San Lorenzo,2,1,0,0,1,0,0,"-32.94136, -60.65283",Calle,,ROSARIO,Rosario,Asfalto,S/D,II,S/D,Urbana,S/D,S/D,Recta,Bueno,S/D,Diurna,S/D,S/D,S/D,Colisión,S/D,S/D,S/D,S/D
2020,5758,2020-08-01,Sabado,20:00:00,,0,2,"Automóvil,Moto/Ciclomotor",Bv. Oroño Y H. Brandoni,3,2,0,0,1,0,0,"-33.00645012515,-60.664657382132",Avenida,,ROSARIO,Rosario,Asfalto,No existe,II,Dentro,Urbana,Semáforo,Funciona,Intersección,Bueno,Buena,Diurna,Buen Tiempo,S/D,S/D,Colisión,Ninguna,"Horizontal,Vertical","Cordón divisorio,Vegetación,Línea divisoria pintada",Sin restricción
2020,5759,2020-08-09,Domingo,15:50:00,,0,2,"Camión,Automóvil",Santa Fe Bis 229,2,1,0,0,0,0,1,"-32.037908122953,-61.208077614862",Calle,,GÁLVEZ,San JERÓNIMO,Asfalto,No existe,XV,Dentro,Urbana,Ninguna,No existe,Recta,Bueno,Buena,Diurna,Buen Tiempo,S/D,S/D,Aplastamiento,"Ninguna,S/D",Faltante,Ninguna,Sin restricción
2020,5760,2020-10-29,Jueves,,,0,1,Automóvil,Av Circunvalaci�n,3,1,0,0,2,0,0,"    -31.66454, -60.73329",Avenida,,SANTA FE,La Capital,S/D,Ripio,I,Dentro,Urbana,Ninguna,No existe,Curva,S/D,S/D,S/D,S/D,S/D,S/D,Vuelco,S/D,S/D,Cordón divisorio,S/D
2020,5761,2020-12-01,Martes,8:20:00,,0,2,"Moto/Ciclomotor,Taxi/Remis",Pte.Roca Y San Lorenzo,2,1,0,0,1,0,0,"-32.9429, -60.64453",Calle,,ROSARIO,Rosario,Asfalto,S/D,II,S/D,Urbana,S/D,S/D,Recta,Bueno,S/D,Diurna,S/D,S/D,S/D,Colisión,S/D,S/D,S/D,S/D
2020,5762,2020-08-18,Martes,,,0,1,Automóvil,,1,1,0,0,0,0,0,"-31.508874893188477,-60.71405410766",Camino Rural,,RECREO,La Capital,Tierra,No existe,I,Fuera,Rural,S/D,No existe,Recta,S/D,S/D,S/D,S/D,S/D,S/D,Despiste,S/D,S/D,Ninguna,S/D
2020,5763,2020-08-31,Lunes,,,0,2,"Moto/Ciclomotor,Automóvil",Av. Uriburu Y Callao,3,1,0,0,2,0,0,"-32.991395473099,-60.672443307726",Avenida,,ROSARIO,Rosario,Asfalto,No existe,II,Dentro,Urbana,Ninguna,No existe,Intersección,S/D,S/D,S/D,S/D,S/D,S/D,Colisión,S/D,Faltante,Cordón divisorio,S/D
2020,5764,2020-12-01,Martes,15:10:00,,0,2,"Automóvil,Moto/Ciclomotor",Castellanos Y 9 De Julio,2,1,0,0,1,0,0,"-32.9473, -60.67694",Calle,,ROSARIO,Rosario,Asfalto,S/D,II,S/D,Urbana,S/D,S/D,Recta,Bueno,S/D,Diurna,S/D,S/D,S/D,Colisión,S/D,S/D,S/D,S/D
2020,5765,2020-08-01,Sabado,,,0,2,"Moto/Ciclomotor,Moto/Ciclomotor",,3,2,0,0,0,0,1,"-33.74080270377522,-61.974644338677",Calle,,VENADO TUERTO,General LÓPEZ,S/D,S/D,VIII,Dentro,Urbana,S/D,S/D,S/D,S/D,S/D,S/D,S/D,S/D,S/D,Colisión,S/D,S/D,S/D,S/D
2020,5766,2020-08-10,Lunes,,,0,2,"Moto/Ciclomotor,Automóvil",,4,2,0,0,2,0,0,"-31.467095473535,-60.937958470213",S/D,,ESPERANZA,Las Colonias,S/D,S/D,XI,S/D,S/D,S/D,S/D,S/D,S/D,S/D,S/D,S/D,S/D,S/D,Colisión,S/D,S/D,S/D,S/D
2020,5767,2020-10-29,Jueves,,,0,2,"Moto/Ciclomotor,Pickup/Utilitario",,2,1,0,0,1,0,0,"    -31.60561, -60.6926",Calle,,SANTA FE,La Capital,Asfalto,S/D,I,Dentro,Urbana,S/D,S/D,Intersección,S/D,S/D,Diurna,S/D,S/D,S/D,Colisión,S/D,S/D,S/D,S/D
2020,5768,2020-08-30,Domingo,,Ruta Nacional 33,0,2,"Moto/Ciclomotor,Camión",Mariano Moreno Y  Ruta Nac 33,2,1,0,0,1,0,0,"-33.05667579174043,-61.163790822029",Ruta,33,CASILDA,Caseros,Asfalto,Pavimento,IV,Dentro,Urbana,Marca Vial,No existe,Intersección,S/D,S/D,S/D,S/D,S/D,S/D,Colisión,S/D,Horizontal,Línea divisoria pintada,S/D
2020,5769,2020-12-08,Martes,7:30:00,,0,2,"Moto/Ciclomotor,Pickup/Utilitario",Bv. 27 De Febrero Y Entre Rios,2,0,1,0,1,0,0,"-32.9671, -60.64628",Calle,,ROSARIO,Rosario,Asfalto,S/D,II,S/D,Urbana,S/D,S/D,Recta,S/D,S/D,Diurna,S/D,S/D,S/D,Colisión,S/D,S/D,S/D,S/D
2020,5770,2020-07-31,Viernes,15:30:00,,0,2,"Automóvil,Bicicleta",Lopez y Planes Y Rivadavia,2,1,0,0,1,0,0,"-31.967886599469,-60.917581422308",Calle,,CORONDA,San JERÓNIMO,Asfalto,No existe,XV,Dentro,Urbana,Ninguna,No existe,Intersección,Bueno,Buena,Diurna,Buen Tiempo,S/D,Ciclista,Atropello,Ninguna,Faltante,Ninguna,Sin restricción
2020,5771,2020-08-23,Domingo,7:25:00,,0,1,Moto/Ciclomotor,Av J J Paso Y 1ro de Mayo,2,0,1,0,0,1,0,"-31.66291,-60.7155",Avenida,,SANTA FE,La Capital,Asfalto,No existe,I,S/D,Urbana,Ninguna,No existe,Intersección,Bueno,S/D,Diurna,S/D,S/D,S/D,Cañda ocupante,Ninguna,Horizontal,"Ninguna,S/D",Sin restricción
2020,5772,2020-10-29,Jueves,10:30:00,,0,2,"Automóvil,Moto/Ciclomotor",,2,1,0,0,1,0,0,"    -32.37111, -61.35933",Calle,,SAN GENARO,San JERÓNIMO,S/D,S/D,XV,Dentro,Urbana,S/D,S/D,Intersección,S/D,S/D,Diurna,S/D,Lateral,S/D,Colisión,S/D,S/D,Ninguna,S/D
2020,5773,2020-08-10,Lunes,22:00:00,Ruta Provincial 10,0,2,"Automóvil,Automóvil",Bvard 20 de Junio Y Rivadavia,4,1,0,0,3,0,0,"-32.027953951622,-61.215565086759",Ruta,10,GÁLVEZ,San JERÓNIMO,Asfalto,No existe,XV,Dentro,Urbana,Ninguna,No existe,Intersección,Bueno,S/D,Nocturna,S/D,Lateral,S/D,Colisión,Ninguna,Faltante,Cordón divisorio,Sin restricción
2020,5774,2020-08-29,Sabado,,Ruta Provincial 26,0,3,"Automóvil,Pickup/Utilitario,Moto/Ciclomotor",Boulevard Lisandro de la Torre Y General Juan Lavalle,4,2,0,0,2,0,0,"-33.0409124493599,-61.1573803424835",Ruta,26,CASILDA,Caseros,Asfalto,No existe,IV,Dentro,Urbana,Ninguna,No existe,Recta,S/D,S/D,S/D,S/D,Múltiple,S/D,Colisión,S/D,Faltante,Cordón divisorio,S/D
2020,5775,2020-10-29,Jueves,,,0,2,"Bicicleta,Automóvil",Av 7 Jefes Y Chacabuco,2,1,0,0,1,0,0,"    -31.63713, -60.68205",Avenida,,SANTA FE,La Capital,Asfalto,No existe,I,Dentro,Urbana,S/D,No existe,Intersección,S/D,S/D,Diurna,S/D,S/D,Ciclista,Atropello,S/D,S/D,S/D,Sin restricción
2020,5776,2020-08-02,Domingo,,,0,1,Automóvil,Av Blas Parera 5440,1,0,1,0,0,0,0,"-31.6131034152,-60.718251572522",Avenida,,SANTA FE,La Capital,Asfalto,No existe,I,Dentro,Urbana,Paso Peatonal,No existe,Recta,Bueno,Buena,S/D,Buen Tiempo,Contra objeto fijo,S/D,Colisión,Ninguna,Faltante,"Cordón divisorio,Vegetación,Línea divisoria pintada",Sin restricción
2020,5777,2020-12-19,Sabado,15:20:00,,0,2,"Automóvil,Moto/Ciclomotor",Entre Rios Y San Martin,2,1,0,0,1,0,0,"-33.06081, -60.62135",Calle,,ROSARIO,Rosario,Asfalto,Pavimento,II,Dentro,Urbana,S/D,No existe,Intersección,Bueno,Buena,Diurna,S/D,S/D,S/D,Colisión,Ninguna,Faltante,Ninguna,Sin restricción
2020,5778,2020-10-31,Sabado,15:40:00,,0,1,Otros,Junin Y Matienzo,2,1,0,0,1,0,0,"    -32.92715, -60.69521",Calle,,ROSARIO,Rosario,Asfalto,S/D,II,Dentro,Urbana,S/D,S/D,Intersección,S/D,S/D,Diurna,S/D,S/D,S/D,Colisión,S/D,S/D,S/D,S/D
2020,5779,2020-12-02,Miercoles,13:08:00,,0,2,"Automóvil,Moto/Ciclomotor",La Rioja Y San Jeronimo,2,1,0,0,1,0,0,"-31.64539, -60.70771",Calle,,SANTA FE,La Capital,Asfalto,Pavimento,I,Dentro,Urbana,Ninguna,No existe,Intersección,Bueno,Buena,Diurna,Buen Tiempo,Lateral,S/D,Colisión,Ninguna,Faltante,Ninguna,Sin restricción
2020,5780,2020-08-02,Domingo,,,0,2,"Automóvil,Moto/Ciclomotor",,2,1,0,0,1,0,0,"-31.445403904254,-60.929741331955",S/D,,ESPERANZA,Las Colonias,S/D,S/D,XI,S/D,S/D,S/D,S/D,S/D,S/D,S/D,S/D,S/D,S/D,S/D,Colisión,S/D,S/D,S/D,S/D
2020,5781,2020-08-29,Sabado,,,0,2,"Automóvil,Moto/Ciclomotor",Chacabuco 2400,3,1,0,0,2,0,0,"-33.048502588395,-61.180486031617",Calle,,CASILDA,Caseros,Asfalto,No existe,IV,Dentro,Urbana,Ninguna,No existe,Intersección,S/D,S/D,S/D,S/D,De alcance,S/D,Colisión,S/D,Faltante,Ninguna,S/D
2020,5782,2020-12-01,Martes,16:40:00,,0,2,"Automóvil,Bicicleta",Arturo Illia Y Uruguay,2,1,0,0,1,0,0,"-31.66136, -60.71087",Calle,,SANTA FE,La Capital,Asfalto,Pavimento,I,Dentro,Urbana,Semáforo,Funciona,Intersección,Bueno,Buena,Diurna,Buen Tiempo,S/D,Ciclista,Atropello,Ninguna,Faltante,Ninguna,Sin restricción
2020,5783,2020-08-02,Domingo,9:00:00,,0,2,"Pickup/Utilitario,Moto/Ciclomotor",Juan de Garay Y Maipu,3,1,0,0,2,0,0,"-29.232019277593,-61.776486388585",Calle,,TOSTADO,9 de Julio,Asfalto,No existe,XII,Dentro,Urbana,S/D,S/D,Intersección,Bueno,Buena,Diurna,Buen Tiempo,Lateral,S/D,Colisión,Ninguna,S/D,S/D,Sin restricción
2020,5784,2020-08-18,Martes,19:30:00,,0,2,"Moto/Ciclomotor,Moto/Ciclomotor",,3,3,0,0,0,0,0,"-29.058689500029,-60.416140095541",Calle,,FORTÍN OLMOS,Vera,S/D,S/D,XIX,Dentro,Urbana,Ninguna,S/D,Intersección,S/D,S/D,Nocturna,Otro,Lateral,S/D,Colisión,S/D,S/D,Ninguna,S/D
2020,5785,2020-12-02,Miercoles,13:00:00,,0,2,"Automóvil,Moto/Ciclomotor",Rivadavia Y Hipolito Yrigoyen,2,1,0,0,1,0,0,"-31.64279, -60.70318",Calle,,SANTA FE,La Capital,Asfalto,Pavimento,I,Dentro,Urbana,Semáforo,Funciona,Intersección,Bueno,Buena,Diurna,Buen Tiempo,Lateral,S/D,Colisión,Ninguna,Faltante,Ninguna,Sin restricción
2020,5786,2020-08-11,Martes,,,0,1,Moto/Ciclomotor,Matheu 1880,2,2,0,0,0,0,0,"-31.595618546923,-60.682176485465",Calle,,SANTA FE,La Capital,Asfalto,No existe,I,Dentro,Urbana,S/D,S/D,Recta,S/D,S/D,S/D,S/D,S/D,S/D,Cañda ocupante,S/D,S/D,Ninguna,S/D
2020,5787,2020-08-29,Sabado,,,0,1,Moto/Ciclomotor,Av Pe�aloza 8000,1,1,0,0,0,0,0,"-31.589595558317,-60.711688047403",Avenida,,SANTA FE,La Capital,Asfalto,No existe,I,Dentro,Urbana,Ninguna,No existe,Intersección,S/D,S/D,S/D,S/D,Atropello animal,S/D,Colisión,S/D,Faltante,Cordón divisorio,S/D
2020,5788,2020-12-01,Martes,15:15:00,,0,2,"Automóvil,Bicicleta",4 de Enero Y La Rioja,2,1,0,0,1,0,0,"-31.64465, -60.71127",Calle,,SANTA FE,La Capital,Asfalto,Pavimento,I,Dentro,Urbana,Ninguna,No existe,Intersección,Bueno,Buena,Diurna,Buen Tiempo,S/D,Ciclista,Atropello,Ninguna,Faltante,Ninguna,Sin restricción
2020,5789,2020-08-03,Lunes,,,0,2,"Automóvil,Moto/Ciclomotor",Av Blas Parera Y Gorriti,3,1,0,0,2,0,0,"-31.583146564061,-60.726253732054",Avenida,,SANTA FE,La Capital,Asfalto,No existe,I,Dentro,Urbana,Semáforo,Funciona,Intersección,Bueno,Buena,S/D,Buen Tiempo,Lateral,S/D,Colisión,Ninguna,"Horizontal,Vertical","Cordón divisorio,Línea divisoria pintada",Sin restricción
2020,5790,2020-12-03,Jueves,6:20:00,,0,2,"Automóvil,Automóvil",Junin Y Belgrano,3,1,0,0,2,0,0,"-31.63994, -60.69962",Calle,,SANTA FE,La Capital,Asfalto,Pavimento,I,Dentro,Urbana,Ninguna,No existe,Intersección,Bueno,Buena,Diurna,Buen Tiempo,Lateral,S/D,Colisión,Ninguna,Faltante,Ninguna,Sin restricción
2020,5791,2020-08-28,Viernes,11:30:00,,0,2,"Pickup/Utilitario,Moto/Ciclomotor",Belgrano Y San Martin,3,1,0,0,2,0,0,"-29.88765706166,-60.287478715004",Calle,,VERA,Vera,Asfalto,No existe,XIX,Dentro,Urbana,Semáforo,Funciona,Intersección,S/D,S/D,Diurna,S/D,De alcance,S/D,Colisión,S/D,Vertical,Cordón divisorio,S/D
2020,5792,2020-12-05,Sabado,18:40:00,,0,2,"Moto/Ciclomotor,Pickup/Utilitario",Ituzaingo,2,1,0,0,1,0,0,"-31.63987, -60.69284",Calle,,SANTA FE,La Capital,Asfalto,No existe,I,Dentro,Urbana,S/D,No existe,Intersección,Bueno,S/D,S/D,S/D,S/D,S/D,S/D,S/D,S/D,S/D,S/D
2020,5793,2020-12-04,Viernes,10:45:00,,0,2,"Moto/Ciclomotor,Automóvil",Av Freyre Y Monse�or Zaspe,2,1,0,0,1,0,0,"-31.65405, -60.72076",Avenida,,SANTA FE,La Capital,Asfalto,S/D,I,S/D,Urbana,S/D,S/D,Intersección,Bueno,S/D,S/D,S/D,S/D,S/D,S/D,Ninguna,Vertical,S/D,S/D
2020,5794,2020-08-12,Miercoles,,,0,2,"Moto/Ciclomotor,Automóvil",Cullen Y San Martin,2,0,1,0,1,0,0,"-31.452339666777,-60.931391514747",Calle,,ESPERANZA,Las Colonias,S/D,S/D,XI,Dentro,Urbana,S/D,S/D,Intersección,S/D,S/D,S/D,S/D,Lateral,S/D,Colisión,S/D,S/D,S/D,Sin restricción
2020,5795,2020-07-31,Viernes,17:30:00,,0,2,"Moto/Ciclomotor,Automóvil",Pje Chubut 2381,2,1,0,0,1,0,0,"-31.581647, -60.685012",Calle,,SANTA FE,La Capital,Tierra,No existe,I,Dentro,Urbana,Ninguna,No existe,Intersección,Bueno,Buena,Diurna,Buen Tiempo,De alcance,S/D,Colisión,Ninguna,Faltante,Ninguna,Sin restricción
2020,5796,2020-12-01,Martes,14:30:00,,0,2,"Automóvil,Automóvil",Av Urquiza Y Juan de Garay,3,2,0,0,1,0,0,"-31.65142, -60.71472",Avenida,,SANTA FE,La Capital,Asfalto,Pavimento,I,S/D,Urbana,Ninguna,Funciona,Intersección,Bueno,Buena,Diurna,Buen Tiempo,S/D,S/D,Colisión,Ninguna,Vertical,Ninguna,Sin restricción
2020,5797,2020-12-07,Lunes,8:00:00,,0,2,"Peatón,Automóvil",Cristobal Colon Y Vera Mujica,2,1,0,0,1,0,0,"-31.66799, -60.7281",Calle,,SANTA FE,La Capital,Asfalto,Pavimento,I,S/D,Urbana,Ninguna,No existe,Intersección,Bueno,Buena,Diurna,Buen Tiempo,S/D,Peatón,Atropello,Ninguna,Faltante,Ninguna,Sin restricción
2020,5798,2020-08-12,Miercoles,,Ruta Provincial 18,0,2,"Moto/Ciclomotor,Camión",Av. Battle y Ordo�ez Y Av. Ovidio Lagos,2,0,0,0,1,1,0,"-33.00975089704,-60.677419074977",Ruta,18,ROSARIO,Rosario,Asfalto,No existe,II,Dentro,Urbana,Semáforo,Funciona,Intersección,Bueno,Buena,S/D,S/D,Lateral,S/D,Colisión,Ninguna,"Horizontal,Vertical",Cordón divisorio,Sin restricción
2020,5799,2020-08-03,Lunes,1:30:00,,0,2,"Pickup/Utilitario,Moto/Ciclomotor",Galvez Y Independencia,2,0,1,0,1,0,0,"-32.893874828066,-60.905788487159",Calle,,ROLDÁN,San Lorenzo,Asfalto,No existe,XVII,Dentro,Urbana,Ninguna,No existe,Intersección,Bueno,Buena,Diurna,Buen Tiempo,S/D,S/D,Colisión,Ninguna,Faltante,Ninguna,Sin restricción
2020,5800,2020-08-27,Jueves,14:40:00,Ruta Nacional 33,0,2,"Automóvil,Moto/Ciclomotor",Av L de la Torre-Ruta Nac 11 Y Gral Lopez,2,0,1,0,1,0,0,"-31.96829572319984,-60.925878882408",Ruta,33,CORONDA,San JERÓNIMO,Asfalto,No existe,XV,Dentro,Urbana,Ninguna,No existe,Intersección,S/D,S/D,Diurna,S/D,S/D,S/D,Colisión,S/D,Faltante,Cordón divisorio,S/D
2020,5801,2020-08-04,Martes,,,0,2,"Pickup/Utilitario,Moto/Ciclomotor",Estrada Y Reg 12 de Infanteria,2,1,0,0,1,0,0,"-31.593050241662,-60.715615315568",Calle,,SANTA FE,La Capital,Asfalto,No existe,I,Dentro,Urbana,Semáforo,Funciona,Intersección,Bueno,Buena,Diurna,Buen Tiempo,S/D,S/D,Colisión,Ninguna,Vertical,Ninguna,Sin restricción