anio_acci,nro_acci,fecha,desc_dia,hora_aprox,desc_ruta,km,cant_participantes,desc_participante,calle_avenida_km,total,heridos_leves,heridos_graves,heridos_gravisimos,ilesos,fallecidos,sin_datos,posicion_XY,desc_tipo_via,desc_ruta_ori,desc_loc,desc_dpto,desc_tipo_calzada,desc_tipo_banquina,desc_unidad_regional,desc_lugar_calzada,desc_zona,desc_prioridad,desc_estado_semaforo,desc_lugar_via,desc_estado_via,desc_estado_visibilidad,desc_luminosidad,desc_estado_clima,desc_tipo_colision,desc_tipo_atropello,desc_tipo_hecho,desc_pres_calzada,desc_senializacion,desc_separacion_via,desc_restriccion
2020,5802,2020-12-15,Martes,13:30:00,,0,2,"Moto/Ciclomotor,Vehículo Oficial",Islas Malvinas Y Zavalia,2,1,0,0,0,0,1,"-31.66811, -60.72566",S/D,,SANTA FE,La Capital,Asfalto,Pavimento,I,S/D,S/D,Ninguna,No existe,Intersección,Bueno,Buena,Diurna,Buen Tiempo,S/D,S/D,Colisión,Ninguna,Faltante,Ninguna,Sin restricción
2020,5803,2020-08-29,Sabado,,,0,2,"Automóvil,Bicicleta",,2,1,0,0,1,0,0,"-31.452527046203635,-60.93453168869",S/D,,ESPERANZA,Las Colonias,S/D,S/D,XI,Dentro,S/D,S/D,S/D,S/D,S/D,S/D,S/D,S/D,S/D,Ciclista,Atropello,S/D,S/D,S/D,S/D
2020,5804,2020-12-03,Jueves,20:10:00,,0,2,"Moto/Ciclomotor,Bicicleta",Av Lopez y Planes Y Artigas,2,2,0,0,0,0,0,"-31.62133, -60.71355",S/D,,SANTA FE,La Capital,Asfalto,No existe,I,S/D,Urbana,Semáforo,Funciona,Intersección,Bueno,Buena,Con luz artificial,Buen Tiempo,Lateral,Ciclista,Atropello,Ninguna,Vertical,Línea divisoria pintada,Sin restricción
2020,5805,2020-08-11,Martes,16:00:00,Ruta Provincial 6,0,2,"Camión,Bicicleta",Aaron Castellanos,2,1,0,0,1,0,0,"-31.454007069404,-60.912108548583",Ruta,6,ESPERANZA,Las Colonias,Asfalto,Ripio,XI,Dentro,Urbana,Ninguna,No existe,Intersección,Bueno,Buena,Diurna,Buen Tiempo,S/D,Ciclista,Atropello,Ninguna,Horizontal,"Línea divisoria pintada,S/D",Sin restricción
2020,5806,2020-08-04,Martes,12:30:00,,0,2,"Pickup/Utilitario,Moto/Ciclomotor",Av. Francia Y Catamarca,2,1,0,0,1,0,0,"-32.935721530129,-60.663939867522",Avenida,,ROSARIO,Rosario,Asfalto,No existe,II,Dentro,Urbana,Semáforo,Funciona,Intersección,Bueno,Buena,Diurna,Buen Tiempo,S/D,S/D,Colisión,Ninguna,"Horizontal,Vertical","Cordón divisorio,Vegetación",Sin restricción
2020,5807,2020-12-04,Viernes,13:40:00,,0,2,"Peatón,Automóvil",Av Freyre Y La Rioja,2,0,1,0,0,0,1,"-31.64294, -60.71787",Avenida,,SANTA FE,La Capital,Hormigón,No existe,I,Dentro,Urbana,S/D,No existe,Intersección,Bueno,Buena,Diurna,S/D,S/D,Peatón,Atropello,Ninguna,S/D,S/D,S/D
2020,5808,2020-08-13,Jueves,16:40:00,,0,2,"Moto/Ciclomotor,Moto/Ciclomotor",Dr Brarda Y Falucho,2,1,1,0,0,0,0,"-31.467095473535,-60.937958470213",Calle,,GÁLVEZ,San JERÓNIMO,Asfalto,No existe,XV,Dentro,Urbana,Ninguna,S/D,Intersección,Bueno,Buena,Diurna,Buen Tiempo,Lateral,S/D,Colisión,Ninguna,S/D,"Ninguna,S/D",Sin restricción
2020,5809,2020-12-07,Lunes,0:30:00,,0,2,"Moto/Ciclomotor,Pickup/Utilitario",Av Freyre Y Santiago del Estero,3,2,0,0,1,0,0,"-31.63534, -60.71541",Avenida,,SANTA FE,La Capital,Hormigón,No existe,I,Dentro,Urbana,Ninguna,No existe,Intersección,Bueno,Buena,Nocturna,Buen Tiempo,Lateral,S/D,Colisión,S/D,Faltante,Cordón divisorio,Sin restricción
2020,5810,2020-08-29,Sabado,,,0,1,Bicicleta,,1,1,0,0,0,0,0,"-31.45144343376156,-60.931152105331",S/D,,ESPERANZA,Las Colonias,S/D,S/D,XI,Dentro,S/D,S/D,S/D,S/D,S/D,S/D,S/D,S/D,S/D,S/D,Cañda ocupante,S/D,S/D,S/D,S/D
2020,5811,2020-08-02,Domingo,19:15:00,Ruta Provincial 65,0,2,"Moto/Ciclomotor,Camión c / Acoplado",Pellegrini Y Ruta Prov 65,2,1,0,0,1,0,0,"-32.373912404009,-61.350914904711",Ruta,65,SAN GENARO,San JERÓNIMO,Asfalto,Ripio,XV,Dentro,Urbana,Ninguna,No existe,Intersección,Bueno,Buena,Nocturna,Buen Tiempo,S/D,S/D,Colisión,Ninguna,Horizontal,Línea divisoria pintada,Sin restricción
2020,5812,2020-12-01,Martes,8:00:00,,0,2,"Bicicleta,Transporte de Pasajeros Urbano (> 8 asientos)",Av Freyre Y Bv Pellegrini,2,1,0,0,0,0,1,"-31.63319, -60.71476",Avenida,,SANTA FE,La Capital,Hormigón,No existe,I,Dentro,Urbana,Semáforo,Funciona,Recta,Bueno,Buena,Diurna,Buen Tiempo,S/D,Ciclista,Atropello,Ninguna,Faltante,Cordón divisorio,Sin restricción
2020,5813,2020-08-23,Domingo,19:55:00,,0,2,"Transporte de Pasajeros Urbano (> 8 asientos),Moto/Ciclomotor",Ricchieri Y Av. Pte.Peron,2,0,0,0,1,1,0,"-32.95556,-60.66621",Avenida,,ROSARIO,Rosario,Asfalto,No existe,II,S/D,Urbana,Ninguna,No existe,Recta,Bueno,S/D,Nocturna,S/D,Lateral,S/D,Colisión,S/D,Horizontal,"Ninguna,S/D",Sin restricción
2020,5814,2020-12-08,Martes,14:35:00,,0,2,"Automóvil,Moto/Ciclomotor",Rivadavia Y Av Galicia,2,1,0,0,1,0,0,"-31.60571, -60.69207",Avenida,,SANTA FE,La Capital,S/D,Ripio,I,Dentro,Urbana,Ninguna,No existe,Otro,Otro,Reducida,Diurna,Otro,Otro,S/D,Otro,Otro,Faltante,Ninguna,Sin restricción
2020,5815,2020-08-29,Sabado,8:30:00,,0,2,"Peatón,Automóvil",Balcarce 4100,2,1,0,0,1,0,0,"-32.982341811933,-60.661602519947",Calle,,ROSARIO,Rosario,Asfalto,No existe,II,Dentro,Urbana,Ninguna,S/D,Intersección,S/D,S/D,Diurna,S/D,S/D,Peatón,Atropello,S/D,Faltante,Ninguna,S/D
2020,5816,2020-08-03,Lunes,11:30:00,Ruta Nacional 11,0,2,"Pickup/Utilitario,Moto/Ciclomotor",Av L de la Torre-Ruta Nac 11 Y Pringles,4,1,0,0,3,0,0,"-31.97052579366,-60.926266492785",Ruta,11,CORONDA,San JERÓNIMO,Asfalto,Ripio,XV,Dentro,Urbana,Ninguna,No existe,Intersección,Bueno,Buena,Diurna,Buen Tiempo,S/D,S/D,Colisión,Ninguna,Horizontal,Línea divisoria pintada,Sin restricción
2020,5818,2020-10-24,Sabado,,Ruta Nacional 11,0,2,"Moto/Ciclomotor,Camión c / Acoplado",Calle 121 Y Ruta Nacional 11,2,1,0,0,1,0,0,"    -28.35116, -59.26386",Ruta,11,LAS TOSCAS,General Obligado,Asfalto,Natural,IX,Dentro,Urbana,S/D,S/D,Intersección,S/D,S/D,Nocturna,S/D,Lateral,S/D,Colisión,S/D,S/D,S/D,Sin restricción
2020,5819,2020-12-06,Domingo,9:00:00,,0,2,"Automóvil,Automóvil",Reg 12 de Infanteria Y Riobamba,4,1,0,0,3,0,0,"-31.60383, -60.66658",Calle,,SANTA FE,La Capital,S/D,No existe,I,Dentro,Urbana,Ninguna,No existe,Otro,Otro,S/D,S/D,Otro,Otro,S/D,Otro,Otro,Faltante,Ninguna,Sin restricción
2020,5820,2020-10-24,Sabado,,,0,2,"Automóvil,Moto/Ciclomotor",Calle 12 San Martin Y Calle 23-Gral lopez,2,1,0,0,1,0,0,"    -29.14892, -59.64299",Calle,,RECONQUISTA,General Obligado,Asfalto,S/D,IX,Dentro,Urbana,S/D,S/D,Intersección,S/D,S/D,Nocturna,S/D,Lateral,S/D,Colisión,S/D,S/D,S/D,S/D
2020,5821,2020-08-03,Lunes,10:20:00,,0,2,"Automóvil,Bicicleta",Av Republica Y B Sur Mer,2,1,0,0,1,0,0,"-32.032933553153,-61.212995078892",Avenida,,GÁLVEZ,San JERÓNIMO,Asfalto,No existe,XV,Dentro,Urbana,Ninguna,No existe,Intersección,Bueno,Buena,Diurna,Buen Tiempo,S/D,Ciclista,Atropello,Ninguna,Faltante,Ninguna,Sin restricción
2020,5822,2020-08-14,Viernes,16:45:00,,0,2,"Moto/Ciclomotor,Camión",Hipolito Irigoyen Y Santo Domingo,2,1,0,0,1,0,0,"-29.239833354949965,-61.77036702632",Calle,,TOSTADO,9 de Julio,Asfalto,No existe,XII,Dentro,Urbana,Ninguna,No existe,Recta,S/D,Buena,Diurna,Buen Tiempo,De alcance,S/D,Colisión,S/D,Faltante,Ninguna,Sin restricción
2020,5823,2020-10-24,Sabado,,,0,2,"Moto/Ciclomotor,Moto/Ciclomotor",Calle 10 Y Calle 13,3,2,0,0,1,0,0,"    -29.11848, -59.65999",Calle,,AVELLANEDA,General Obligado,Asfalto,S/D,IX,Dentro,Urbana,S/D,S/D,Intersección,S/D,S/D,Diurna,S/D,Lateral,S/D,Colisión,S/D,S/D,S/D,Sin restricción
2020,5824,2020-08-13,Jueves,4:40:00,Ruta Provincial 13,0,1,Automóvil,,1,1,0,0,0,0,0,"-31.939181, -61.860980",Ruta,13,SAN JORGE,San MARTÍN,Asfalto,Natural,XVIII,Dentro,Rural,Ninguna,No existe,Curva,Bueno,S/D,Nocturna,S/D,S/D,S/D,Vuelco,Ninguna,Faltante,Guardarrail,Sin restricción
2020,5825,2020-10-25,Domingo,0:30:00,,0,1,Automóvil,Carlos Pellegrini 1089,1,1,0,0,0,0,0,"    -33.75172, -61.9667",Calle,,VENADO TUERTO,General LÓPEZ,Asfalto,S/D,VII,Dentro,Urbana,S/D,S/D,Recta,S/D,S/D,Nocturna,S/D,Contra objeto fijo,S/D,Colisión,S/D,S/D,S/D,S/D
2020,5830,2020-08-26,Miercoles,8:00:00,,0,2,"Automóvil,Moto/Ciclomotor",Moreau de Justo Y Salta,2,1,0,0,1,0,0,"-29.893059200866,-60.29022223743",Calle,,VERA,Vera,S/D,No existe,XIX,Dentro,Urbana,S/D,S/D,Intersección,S/D,S/D,Diurna,S/D,S/D,S/D,Colisión,S/D,S/D,Ninguna,S/D
2020,5832,2020-08-20,Jueves,16:30:00,,0,2,"Bicicleta,Moto/Ciclomotor",Iturraspe 1600,2,1,0,0,1,0,0,"-31.768846918877,-61.826969908387",Calle,,SASTRE,San MARTÍN,S/D,No existe,XVIII,Dentro,Urbana,S/D,S/D,Intersección,S/D,S/D,Diurna,S/D,S/D,Ciclista,Atropello,S/D,S/D,Ninguna,S/D
2020,5833,2020-12-02,Miercoles,6:25:00,,0,2,"Moto/Ciclomotor,Automóvil",Azcuenaga Y Guemes,2,1,0,0,1,0,0,"-31.59759, -60.67715",Calle,,SANTA FE,La Capital,S/D,No existe,I,S/D,Urbana,Ninguna,No existe,Otro,Otro,Reducida,Diurna,Otro,Otro,S/D,Otro,Otro,Faltante,Ninguna,Sin restricción
2020,5834,2020-12-01,Martes,19:00:00,,0,2,"Moto/Ciclomotor,Automóvil",Av A del Valle Y Alberti,3,1,0,0,2,0,0,"-31.6022, -60.69184",Avenida,,SANTA FE,La Capital,S/D,No existe,I,Dentro,Urbana,Ninguna,No existe,Otro,Otro,S/D,Diurna,Otro,Otro,S/D,Otro,Otro,Vertical,Ninguna,Sin restricción
2020,5835,2020-08-28,Viernes,16:00:00,Autopista Nacional A008,0,1,Moto/Ciclomotor,Av. Circunvalacion Y Av. Sorrento,1,1,0,0,0,0,0,"-32.90825307369234,-60.723978281021",Autopista,A008,ROSARIO,Rosario,Asfalto,No existe,II,Dentro,Urbana,Ninguna,No existe,Recta,S/D,S/D,Diurna,S/D,S/D,S/D,Cañda ocupante,S/D,Faltante,Guardarrail,S/D
2020,5836,2020-12-01,Martes,13:40:00,,0,2,"Taxi/Remis,Automóvil",San Jeronimo Y Cordoba,3,1,0,0,2,0,0,"-31.62798, -60.70251",Calle,,SANTA FE,La Capital,Asfalto,No existe,I,S/D,Urbana,Ninguna,No existe,Intersección,Bueno,Buena,Diurna,Buen Tiempo,Lateral,S/D,Colisión,Ninguna,Vertical,Ninguna,Sin restricción
2020,5837,2020-08-04,Martes,19:20:00,Ruta Secundaria 87-s,18,1,Moto/Ciclomotor,,1,1,0,0,0,0,0,"-29.72130982381118, -60.06465658000",Ruta,87-s,MARGARITA,Vera,Ripio,No existe,XIX,Dentro,Urbana,Ninguna,No existe,Intersección,Bueno,Buena,Diurna,Buen Tiempo,S/D,S/D,Cañda ocupante,Ninguna,Faltante,Ninguna,Sin restricción
2020,5838,2020-12-02,Miercoles,15:00:00,,0,2,"Automóvil,Moto/Ciclomotor",San Jeronimo Y M De Polonia,2,1,0,0,1,0,0,"-31.61796, -60.69955",Calle,,SANTA FE,La Capital,Asfalto,No existe,I,Dentro,Urbana,Ninguna,No existe,Intersección,Bueno,Buena,Diurna,Buen Tiempo,Lateral,S/D,Colisión,Ninguna,S/D,Ninguna,Sin restricción
2020,5839,2020-08-15,Sabado,,Ruta Provincial Brigadier E.LÓPEZ,145,1,Automóvil,,1,0,0,1,0,0,0,"-31.667809, -60.799978",Ruta,Brigadier E.LÓPEZ,SANTO TOMÉ,La Capital,Asfalto,Natural,I,Dentro,Urbana,S/D,No existe,Recta,Bueno,S/D,S/D,S/D,S/D,S/D,Despiste,Ninguna,Faltante,"Vegetación,Línea divisoria pintada",S/D
2020,5840,2020-08-27,Jueves,8:30:00,Autopista Provincial Brigadier E.LÓPEZ,18,2,"Vehículo Oficial,Automóvil",,10,10,0,0,0,0,0,"-32.729563, -60.764332",Autopista,Brigadier E.LÓPEZ,SAN LORENZO,San Lorenzo,Asfalto,Natural,XVII,Dentro,Rural,Marca Vial,No existe,Recta,S/D,S/D,Diurna,S/D,S/D,S/D,"Vuelco,Despiste",S/D,Horizontal,Vegetación,S/D
2020,5841,2020-08-05,Miercoles,9:20:00,,0,2,"Automóvil,Automóvil",Agustin Delgado Y Av Facundo Zuviria,2,1,0,0,1,0,0,"-31.619530796921,-60.705457929418",Avenida,,SANTA FE,La Capital,Asfalto,No existe,I,Dentro,Urbana,Semáforo,Funciona,Intersección,Bueno,Buena,Diurna,Buen Tiempo,S/D,S/D,Colisión,Ninguna,"Horizontal,Vertical","Cordón divisorio,Línea divisoria pintada",Sin restricción
2020,5842,2020-12-04,Viernes,,,0,2,"Automóvil,Moto/Ciclomotor",Av A del Valle Y Alberti,3,1,0,0,2,0,0,"-31.60222, -60.69179",Calle,,SANTA FE,La Capital,Asfalto,No existe,I,Dentro,Urbana,Ninguna,No existe,Intersección,Bueno,S/D,S/D,Buen Tiempo,Lateral,S/D,Colisión,Ninguna,S/D,Ninguna,Sin restricción
2020,5843,2020-12-06,Domingo,22:45:00,,0,2,"Bicicleta,Automóvil",San Jeronimo Y Vieytes,2,1,0,0,1,0,0,"-31.60248, -60.69501",Calle,,SANTA FE,La Capital,Asfalto,No existe,I,S/D,Urbana,Ninguna,No existe,Intersección,Bueno,Buena,"Nocturna,Con luz artificial",Buen Tiempo,S/D,Ciclista,Atropello,Ninguna,S/D,Ninguna,Sin restricción
2020,5844,2020-08-06,Jueves,,,0,2,"Moto/Ciclomotor,Automóvil",Casta�aduy Y Vieytes,3,2,0,0,1,0,0,"-31.59611983687,-60.727007638335",Calle,,SANTA FE,La Capital,Asfalto,No existe,I,Dentro,Urbana,Ninguna,No existe,Intersección,Bueno,Buena,Diurna,Buen Tiempo,S/D,S/D,Colisión,Ninguna,Faltante,Ninguna,Sin restricción
2020,5845,2020-08-15,Sabado,,,0,1,Vehículo Oficial,Callejon Aguirre Y Europa,3,2,0,0,0,0,1,"-31.582124620079,-60.71637460713",Calle,,SANTA FE,La Capital,Asfalto,No existe,I,Dentro,Urbana,Ninguna,No existe,Recta,Bueno,S/D,S/D,S/D,S/D,S/D,Despiste,Ninguna,Faltante,Ninguna,Sin restricción
2020,5846,2020-12-08,Martes,11:30:00,,0,2,"Taxi/Remis,Moto/Ciclomotor",Quintana Y 9 de Julio,2,1,0,0,1,0,0,"-31.62225, -60.7021",Calle,,SANTA FE,La Capital,Asfalto,No existe,I,Dentro,Urbana,Ninguna,No existe,Intersección,Bueno,Buena,Diurna,Buen Tiempo,Lateral,S/D,Colisión,Ninguna,S/D,Ninguna,Sin restricción
2020,5847,2020-08-06,Jueves,,,0,2,"Peatón,Taxi/Remis",Balcarce Y San Juan,2,0,1,0,1,0,0,"-32.946564350152,-60.65259510323",Calle,,ROSARIO,Rosario,Asfalto,No existe,II,Dentro,Urbana,Paso Peatonal,No existe,Intersección,Bueno,Buena,Diurna,Buen Tiempo,S/D,Peatón,Atropello,Ninguna,Horizontal,Ninguna,Sin restricción
2020,5848,2020-08-27,Jueves,1:30:00,,0,1,Moto/Ciclomotor,Bv San Martin Y Santa Rosa,1,1,0,0,0,0,0,"-32.901503954636,-60.90062896177",Avenida,,ROLDÁN,San Lorenzo,Asfalto,No existe,XVII,Dentro,Urbana,Ninguna,No existe,Intersección,S/D,S/D,Nocturna,S/D,S/D,S/D,Cañda ocupante,S/D,Faltante,Cordón divisorio,S/D
2020,5849,2020-09-06,Domingo,17:50:00,,0,2,"Peatón,Tren",Lamadrid Y Flamarion,2,0,0,0,1,1,0,"-32.99731, -60.65823",Calle,,ROSARIO,Rosario,"Asfalto,Tierra",No existe,II,Dentro,Urbana,Ninguna,No existe,Paso a Nivel FFCC,Bueno,Buena,Diurna,Buen Tiempo,S/D,Peatón,Atropello,Ninguna,Faltante,Ninguna,Sin restricción
2020,5850,2020-08-04,Martes,21:45:00,,0,2,"Moto/Ciclomotor,Moto/Ciclomotor",Alberdi Y Mariano Moreno,4,2,0,0,1,0,1,"-31.976121497691,-60.921080511606",Calle,,CORONDA,San JERÓNIMO,Asfalto,No existe,XV,Dentro,Urbana,Ninguna,No existe,Intersección,Bueno,Buena,Nocturna,Buen Tiempo,S/D,S/D,Colisión,Ninguna,Faltante,Ninguna,Sin restricción
2020,5851,2020-09-11,Viernes,2:50:00,,0,2,"Moto/Ciclomotor,Automóvil",Av. Mongsfeld,2,0,0,0,1,1,0,"-32.93078, -60.67107",Calle,,ROSARIO,Rosario,Asfalto,No existe,II,Dentro,Urbana,Ninguna,No existe,Recta,Bueno,S/D,Nocturna,S/D,Lateral,S/D,Colisión,Ninguna,Faltante,Ninguna,Sin restricción
2020,5852,2020-08-06,Jueves,10:40:00,,0,2,"Pickup/Utilitario,Bicicleta",Roque e Coulin Y Sarmiento,2,1,0,0,1,0,0,"-32.032449665652,-61.218789530428",Calle,,GÁLVEZ,San JERÓNIMO,Asfalto,No existe,XV,Dentro,Urbana,Ninguna,No existe,Intersección,Bueno,Buena,Diurna,Buen Tiempo,S/D,Ciclista,Atropello,Ninguna,Faltante,Ninguna,Sin restricción
2020,5853,2020-08-15,Sabado,14:20:00,,0,2,"Pickup/Utilitario,Moto/Ciclomotor",Av. Arijon Y Italia,3,1,0,0,2,0,0,"-33.003272531007,-60.659112554622",Avenida,,ROSARIO,Rosario,Asfalto,No existe,II,Dentro,Urbana,Ninguna,No existe,Intersección,Bueno,Buena,Diurna,Buen Tiempo,Lateral,S/D,Colisión,Ninguna,"Horizontal,Vertical",Ninguna,Sin restricción
2020,5854,2020-08-05,Miercoles,12:40:00,,0,2,"Moto/Ciclomotor,Pickup/Utilitario",Colon Y San Martin,2,1,0,0,1,0,0,"-29.457134059159,-60.210077174341",Calle,,VERA,Vera,S/D,S/D,XIX,Dentro,Urbana,S/D,S/D,Intersección,S/D,S/D,Diurna,S/D,Lateral,S/D,Colisión,S/D,S/D,S/D,S/D
2020,5855,2020-08-26,Miercoles,8:30:00,,0,2,"Automóvil,Bicicleta",Lavalle Y Primera Junta,2,1,0,0,1,0,0,"-32.031118068935,-61.214251966941",Calle,,GÁLVEZ,San JERÓNIMO,Hormigón,No existe,XV,Dentro,Urbana,Ninguna,No existe,Intersección,Bueno,Buena,Diurna,Buen Tiempo,S/D,Ciclista,Atropello,Ninguna,Faltante,Ninguna,Sin restricción
2020,5856,2020-09-07,Lunes,11:45:00,Autopista Nacional A012,0,2,"Camión Chasis,Moto/Ciclomotor",Ruta Nacional 9,2,0,0,0,1,1,0,"-32.90798, -60.89493",Autopista,A012,ROLDÁN,San Lorenzo,Asfalto,Natural,XVII,Dentro,Rural,Señal Pare,No existe,Cruce,Ahuellamiento,Buena,Diurna,Buen Tiempo,Lateral,S/D,Colisión,Ninguna,"Horizontal,Vertical",Ninguna,Sin restricción
2020,5857,2020-12-08,Martes,12:40:00,,0,2,"Automóvil,Moto/Ciclomotor",San Jeronimo Y Pedro Centeno,2,1,0,0,1,0,0,"-31.62704, -60.70223",Calle,,SANTA FE,La Capital,Asfalto,No existe,I,S/D,Urbana,Ninguna,No existe,Intersección,Bueno,Buena,Diurna,Buen Tiempo,S/D,S/D,Colisión,Ninguna,S/D,Ninguna,Sin restricción
2020,5858,2020-08-07,Viernes,,,0,2,"Moto/Ciclomotor,Automóvil",,2,1,0,0,1,0,0,"-31.448825188884307,-60.93028956909",S/D,,ESPERANZA,Las Colonias,S/D,S/D,XI,S/D,S/D,S/D,S/D,S/D,S/D,S/D,S/D,S/D,S/D,S/D,Colisión,S/D,S/D,S/D,S/D
2020,5859,2020-08-26,Miercoles,11:35:00,,0,2,"Pickup/Utilitario,Moto/Ciclomotor",Lavalle Y Primera Junta,2,1,0,0,1,0,0,"-32.031118068935,-61.214251966941",Calle,,GÁLVEZ,San JERÓNIMO,S/D,No existe,XV,Dentro,Urbana,S/D,S/D,Intersección,S/D,S/D,Diurna,S/D,S/D,S/D,Colisión,S/D,S/D,Ninguna,S/D
2020,5861,2020-08-07,Viernes,,,0,2,"Moto/Ciclomotor,Automóvil",,2,0,1,0,1,0,0,"-31.445424662554,-60.929648775699",S/D,,ESPERANZA,Las Colonias,S/D,S/D,XI,S/D,S/D,S/D,S/D,S/D,S/D,S/D,S/D,S/D,S/D,S/D,Colisión,S/D,S/D,S/D,S/D
2020,5862,2020-12-08,Martes,21:40:00,,0,2,"Automóvil,Moto/Ciclomotor",Luciano Torrent Y Av Facundo Zuviria,3,1,0,0,2,0,0,"-31.62349, -60.70523",Calle,,SANTA FE,La Capital,Asfalto,No existe,I,Dentro,Urbana,Ninguna,No existe,Intersección,Bueno,Buena,"Nocturna,Con luz artificial",Buen Tiempo,S/D,S/D,Colisión,Ninguna,S/D,Ninguna,Sin restricción
2020,5863,2020-12-04,Viernes,11:15:00,,0,2,"Pickup/Utilitario,Moto/Ciclomotor",,3,1,1,0,1,0,0,"-29.23007, -61.77279",Calle,,TOSTADO,9 de Julio,Hormigón,No existe,XII,Dentro,Urbana,Ninguna,No existe,Intersección,Bueno,Buena,Diurna,Buen Tiempo,"Frontal,Lateral",S/D,Colisión,Ninguna,Faltante,Ninguna,Sin restricción
2020,5864,2020-08-15,Sabado,,Ruta Provincial 26,0,1,Automóvil,,1,1,0,0,0,0,0,"-32.967100063303,-60.686295773492",Ruta,26,CASILDA,Caseros,Asfalto,S/D,IV,Fuera,Rural,S/D,S/D,Recta,Bueno,S/D,S/D,S/D,S/D,S/D,Despiste,S/D,S/D,Línea divisoria pintada,Sin restricción
2020,5865,2020-12-07,Lunes,20:50:00,Ruta Nacional A012,49,1,Pickup/Utilitario,,1,1,0,0,0,0,0,"-32.90222, -60.92588",Ruta,A012,ROLDÁN,San Lorenzo,Asfalto,Natural,XVII,S/D,S/D,Ninguna,No existe,Recta,Bueno,Buena,Diurna,Buen Tiempo,S/D,S/D,Vuelco,Ninguna,Faltante,Ninguna,Sin restricción
2020,5866,2020-08-23,Domingo,6:30:00,,0,1,Moto/Ciclomotor,Avenida Independencia 500,1,0,0,0,0,1,0,"-31.8562,-61.57861",Avenida,,SAN MARTIN DE LAS ESCOBAS,San MARTÍN,S/D,S/D,XVIII,S/D,Urbana,S/D,S/D,Recta,S/D,S/D,Nocturna,S/D,Contra objeto fijo,S/D,Colisión,S/D,S/D,S/D,S/D
2020,5867,2020-08-24,Lunes,,,0,2,"Moto/Ciclomotor,Automóvil",Ituzaingo Y Tucuman,2,1,0,0,1,0,0,"-29.885121007105,-60.290054312504",Calle,,CALCHAQUÍ,Vera,S/D,No existe,XIX,Dentro,Urbana,S/D,S/D,Intersección,S/D,S/D,S/D,S/D,S/D,S/D,Colisión,S/D,S/D,Ninguna,S/D
2020,5868,2020-12-04,Viernes,19:15:00,,0,2,"Moto/Ciclomotor,Automóvil",Gorriti Y Av A del Valle,3,2,0,0,1,0,0,"-31.59077, -60.69205",S/D,,SANTA FE,La Capital,Asfalto,S/D,I,S/D,Urbana,S/D,S/D,Recta,Bueno,S/D,S/D,S/D,S/D,S/D,Colisión,S/D,S/D,S/D,S/D
2020,5869,2020-08-15,Sabado,,,0,2,"Automóvil,Moto/Ciclomotor",,2,1,0,0,1,0,0,"-31.467095473535,-60.937958470213",S/D,,ESPERANZA,Las Colonias,S/D,S/D,XI,S/D,Urbana,S/D,S/D,S/D,S/D,S/D,S/D,S/D,S/D,S/D,Colisión,S/D,S/D,S/D,S/D
2020,5870,2020-08-05,Miercoles,16:45:00,,0,2,"Moto/Ciclomotor,Moto/Ciclomotor",Rioja 1450,2,1,0,0,1,0,0,"-31.903508423078,-61.276323357632",Calle,,LÓPEZ,San JERÓNIMO,S/D,No existe,XV,Dentro,Urbana,Ninguna,No existe,Intersección,S/D,Buena,Diurna,Buen Tiempo,S/D,S/D,Colisión,Ninguna,Faltante,Ninguna,Sin restricción
2020,5871,2020-08-24,Lunes,18:10:00,,0,2,"Automóvil,Moto/Ciclomotor",Guemes Y San Jeronimo,2,1,0,0,1,0,0,"-31.975362878134,-60.923717770251",Calle,,CORONDA,San JERÓNIMO,"Asfalto,Tierra",No existe,XV,Dentro,Urbana,Ninguna,S/D,Intersección,S/D,S/D,Diurna,S/D,S/D,S/D,Colisión,S/D,Faltante,Ninguna,S/D
2020,5872,2020-09-12,Sabado,15:20:00,Ruta Provincial 2,42,1,Vehículo Oficial,,7,6,0,0,0,1,0,"-31.28384, -60.65585",Ruta,2,LAGUNA PAIVA,La Capital,Asfalto,Natural,I,Dentro,Rural,Ninguna,No existe,Recta,Bueno,Buena,Diurna,Buen Tiempo,S/D,S/D,Vuelco,Ninguna,Faltante,Ninguna,Sin restricción
2020,5873,2020-12-04,Viernes,14:30:00,,0,2,"Moto/Ciclomotor,Moto/Ciclomotor",Pavon Y Av A del Valle,2,1,0,0,1,0,0,"-31.59638, -60.69192",S/D,,SANTA FE,La Capital,Asfalto,S/D,I,S/D,Urbana,S/D,S/D,Recta,Bueno,S/D,S/D,Buen Tiempo,Lateral,S/D,Colisión,S/D,S/D,S/D,S/D
2020,5874,2020-08-05,Miercoles,18:40:00,,0,1,Moto/Ciclomotor,CAMINO RURAL,2,1,0,0,1,0,0,"-29.43431970475216, -60.34773069577",Camino Rural,,LAS GAMAS,Vera,Tierra,Ripio,XIX,Dentro,Urbana,Ninguna,No existe,Recta,Bueno,Buena,Diurna,Buen Tiempo,S/D,S/D,Cañda ocupante,Ninguna,Faltante,Ninguna,Sin restricción