anio_acci,nro_acci,fecha,desc_dia,hora_aprox,desc_ruta,km,cant_participantes,desc_participante,calle_avenida_km,total,heridos_leves,heridos_graves,heridos_gravisimos,ilesos,fallecidos,sin_datos,posicion_XY,desc_tipo_via,desc_ruta_ori,desc_loc,desc_dpto,desc_tipo_calzada,desc_tipo_banquina,desc_unidad_regional,desc_lugar_calzada,desc_zona,desc_prioridad,desc_estado_semaforo,desc_lugar_via,desc_estado_via,desc_estado_visibilidad,desc_luminosidad,desc_estado_clima,desc_tipo_colision,desc_tipo_atropello,desc_tipo_hecho,desc_pres_calzada,desc_senializacion,desc_separacion_via,desc_restriccion
2020,5875,2020-08-18,Martes,14:20:00,,0,2,"Tractor,Peatón",,2,1,0,0,1,0,0,"-31.981636, -60.920775",Calle,,CORONDA,San JERÓNIMO,S/D,S/D,XV,Dentro,Urbana,S/D,S/D,Recta,S/D,Buena,Diurna,S/D,S/D,Peatón,Atropello,S/D,S/D,S/D,S/D
2020,5876,2020-08-24,Lunes,12:25:00,Ruta Nacional 11,0,1,Moto/Ciclomotor,Av L de la Torre-Ruta Nac 11 Y Cnel Rodriguez,1,1,0,0,0,0,0,"-31.969824582338337,-60.92617660760",Ruta,11,CORONDA,San JERÓNIMO,Asfalto,Pavimento,XV,Dentro,Urbana,Marca Vial,No existe,Intersección,S/D,S/D,Diurna,S/D,S/D,S/D,Cañda ocupante,S/D,Horizontal,Línea divisoria pintada,S/D
2020,5877,2020-08-15,Sabado,23:00:00,,0,1,Moto/Ciclomotor,Belgrano,1,0,0,1,0,0,0,"-32.374837, -61.330561",Calle,,SAN GENARO,San JERÓNIMO,S/D,S/D,XV,Dentro,Urbana,S/D,S/D,Recta,S/D,S/D,Nocturna,S/D,S/D,S/D,Cañda ocupante,S/D,S/D,Ninguna,Sin restricción
2020,5878,2020-08-07,Viernes,,Ruta Nacional 11,488,1,Automóvil,,1,1,0,0,0,0,0,"-31.458430603054378, -60.7373849762",Ruta,11,RECREO,La Capital,Asfalto,Natural,I,Dentro,Urbana,Ninguna,No existe,Recta,Bueno,Buena,Amanecer,Buen Tiempo,Contra objeto fijo,S/D,Colisión,Ninguna,Horizontal,Línea divisoria pintada,Sin restricción
2020,5879,2020-08-16,Domingo,16:10:00,Autopista Nacional Rosario -Cordoba,364,2,"Moto/Ciclomotor,Moto/Ciclomotor",,2,0,0,0,1,1,0,"    -32.84244, -61.42191",Autopista,Rosario -Cordoba,CAÑADA DE GÓMEZ,Iriondo,Asfalto,Natural,X,S/D,Rural,Ninguna,No existe,Recta,Bueno,S/D,Diurna,S/D,S/D,S/D,Colisión,S/D,Faltante,"Vegetación,S/D",Sin restricción
2020,5880,2020-12-02,Miercoles,11:30:00,,0,2,"Automóvil,Moto/Ciclomotor",Quintana Y Guemes,2,1,0,0,1,0,0,"-31.62584, -60.6853",Calle,,SANTA FE,La Capital,Asfalto,No existe,I,Dentro,Urbana,S/D,No existe,Intersección,Bueno,Buena,Diurna,S/D,S/D,S/D,S/D,Ninguna,S/D,S/D,S/D
2020,5881,2020-08-08,Sabado,,,0,2,"Automóvil,Automóvil",Boulevard Lisandro de la Torre Y Chacabuco,2,1,0,0,1,0,0,"-33.051769459635,-61.177772864488",Avenida,,CASILDA,Caseros,Asfalto,No existe,IV,Dentro,Urbana,Paso Peatonal,No existe,Intersección,Bueno,Buena,Diurna,Buen Tiempo,S/D,S/D,Colisión,Ninguna,Horizontal,"Cordón divisorio,Vegetación",Sin restricción
2020,5882,2020-09-20,Domingo,21:15:00,Autopista Nacional A012,39,2,"Camión,Pickup/Utilitario",Los Tilos,2,0,0,0,1,1,0,"-32.91439, -60.89673",Autopista,A012,ROLDÁN,San Lorenzo,Asfalto,Natural,XVII,Dentro,Urbana,Ninguna,No existe,Intersección,Bueno,Reducida,Nocturna,Buen Tiempo,Lateral,S/D,Colisión,Ninguna,Faltante,Ninguna,Sin restricción
2020,5883,2020-12-06,Domingo,11:40:00,,0,2,"Bicicleta,Automóvil",J Castelli 220,2,1,0,0,1,0,0,"-31.59946, -60.72801",Calle,,SANTA FE,La Capital,Asfalto,No existe,I,Dentro,Urbana,Ninguna,No existe,Recta,Bueno,Buena,Diurna,Buen Tiempo,De alcance,Ciclista,Atropello,Ninguna,S/D,Ninguna,Sin restricción
2020,5884,2020-08-25,Martes,12:40:00,,0,1,Pickup/Utilitario,,3,0,1,0,0,2,0,"-32.89533,-61.41404",Camino Rural,,CAÑADA DE GÓMEZ,Iriondo,S/D,S/D,X,S/D,Rural,S/D,S/D,Recta,S/D,S/D,Diurna,S/D,S/D,S/D,Vuelco,S/D,S/D,S/D,S/D
2020,5885,2020-08-16,Domingo,11:30:00,Ruta Nacional 11,0,2,"Moto/Ciclomotor,Automóvil",Avenida Nuestra Se�ora del Luj 2300,3,2,0,0,1,0,0,"-31.675987492728,-60.771411325623",Ruta,11,SANTO TOMÉ,La Capital,Asfalto,No existe,I,Dentro,Urbana,Ninguna,Funciona,Recta,Bueno,Buena,Diurna,Buen Tiempo,De alcance,S/D,Colisión,Ninguna,"Horizontal,Vertical",Línea divisoria pintada,Sin restricción
2020,5886,2020-08-22,Sabado,18:25:00,,0,2,"Moto/Ciclomotor,Peatón",Moreno 2800,2,1,0,0,1,0,0,"-29.452737837591,-60.211748328979",Calle,,VERA,Vera,S/D,No existe,XIX,Dentro,Urbana,S/D,S/D,Intersección,S/D,S/D,Diurna,S/D,S/D,Peatón,Atropello,S/D,Faltante,Ninguna,S/D
2020,5887,2020-08-09,Domingo,,,0,1,Otros,,1,1,0,0,0,0,0,"-31.445408517215,-60.929720763902",S/D,,ESPERANZA,Las Colonias,S/D,S/D,XI,S/D,S/D,S/D,S/D,S/D,S/D,S/D,S/D,S/D,S/D,S/D,Cañda ocupante,S/D,S/D,S/D,S/D
2020,5888,2020-12-07,Lunes,19:30:00,,0,2,"Automóvil,Moto/Ciclomotor",Sarmiento Y Derqui,2,1,0,0,1,0,0,"-31.61855, -60.68767",Calle,,SANTA FE,La Capital,Asfalto,No existe,I,Dentro,Urbana,Ninguna,No existe,Intersección,Bueno,Buena,Diurna,Buen Tiempo,Lateral,S/D,Colisión,Ninguna,S/D,Ninguna,Sin restricción
2020,5889,2020-12-03,Jueves,17:00:00,,0,2,"Moto/Ciclomotor,Pickup/Utilitario",Bruno Baranosky Y Norberto Carlos Montibelli,2,1,0,0,1,0,0,"-31.30091, -60.67252",Avenida,,LAGUNA PAIVA,La Capital,Ripio,No existe,I,S/D,Urbana,Ninguna,No existe,Intersección,Bueno,Buena,Diurna,Buen Tiempo,Lateral,S/D,Colisión,Ninguna,Faltante,Ninguna,Sin restricción
2020,5890,2020-12-08,Martes,13:20:00,,0,2,"Moto/Ciclomotor,Moto/Ciclomotor",Av Candioti 2000,2,1,0,0,1,0,0,"-31.31017, -60.65683",Avenida,,LAGUNA PAIVA,La Capital,Asfalto,No existe,I,S/D,Urbana,Ninguna,No existe,Recta,Bueno,Buena,Diurna,Buen Tiempo,S/D,S/D,S/D,Ninguna,Faltante,Ninguna,Sin restricción
2020,5891,2020-12-02,Miercoles,12:00:00,Ruta Provincial 2,0,2,"Automóvil,Pickup/Utilitario",,2,1,0,0,1,0,0,"-31.50876, -60.67827",Ruta,2,MONTE VERA,La Capital,Hormigón,Natural,I,S/D,Urbana,Ninguna,No existe,Recta,Resbaladiza,Reducida,Diurna,Lluvia,De alcance,S/D,Colisión,Agua,Horizontal,Guardarrail,Sin restricción
2020,5892,2020-12-02,Miercoles,22:00:00,Ruta Provincial 2,0,1,Moto/Ciclomotor,,1,0,1,0,0,0,0,"-31.49965, -60.67659",Ruta,2,MONTE VERA,La Capital,Hormigón,Natural,I,Dentro,Rural,Ninguna,No existe,Recta,Bueno,Buena,Nocturna,Buen Tiempo,Atropello animal,S/D,Colisión,Ninguna,Horizontal,Vegetación,Sin restricción
2020,5893,2020-12-05,Sabado,21:50:00,,0,2,"Moto/Ciclomotor,Automóvil",Ruta pcial 2 Av San Martin,2,1,0,0,1,0,0,"-31.64571, -60.70631",Calle,,MONTE VERA,La Capital,Asfalto,Ripio,I,Dentro,Urbana,Ninguna,No existe,Intersección,Bueno,Buena,Nocturna,Buen Tiempo,Lateral,S/D,Colisión,Ninguna,Horizontal,Ninguna,Sin restricción
2020,5894,2020-12-01,Martes,10:15:00,,0,2,"Moto/Ciclomotor,Pickup/Utilitario",Brigadier Estanislao Lopez Y Cordoba,2,1,0,0,1,0,0,"-31.51446, -60.67887",Calle,,MONTE VERA,La Capital,Ripio,No existe,I,Dentro,Urbana,Ninguna,No existe,Intersección,Bueno,Buena,Nocturna,Buen Tiempo,Lateral,S/D,Colisión,Ninguna,Faltante,Ninguna,Sin restricción
2020,5895,2020-07-15,Miercoles,,,0,2,"Automóvil,Otros",,2,1,0,0,1,0,0,"-31.467095473535,-60.937958470213",S/D,,ESPERANZA,Las Colonias,Asfalto,No existe,XI,S/D,Urbana,S/D,No existe,Intersección,Bueno,S/D,S/D,S/D,S/D,S/D,Colisión,Ninguna,Faltante,S/D,S/D
2020,5896,2020-08-24,Lunes,19:30:00,,0,2,"Moto/Ciclomotor,Pickup/Utilitario",1 de Mayo,3,2,0,0,1,0,0,"-32.85471618175509,-61.152643561363",Calle,,CARCARAÑÁ,San Lorenzo,S/D,No existe,XVII,Dentro,Urbana,S/D,S/D,Intersección,S/D,S/D,Diurna,S/D,S/D,S/D,Colisión,S/D,S/D,Ninguna,S/D
2020,5897,2020-12-08,Martes,11:15:00,,0,2,"Moto/Ciclomotor,Pickup/Utilitario",San Luis,4,1,0,0,3,0,0,"-32.71226, -60.73975",Calle,,PUERTO SAN MARTÍN,San Lorenzo,Asfalto,No existe,XVII,Dentro,Urbana,Ninguna,No existe,Intersección,Bueno,Buena,Diurna,Buen Tiempo,Lateral,S/D,Colisión,Ninguna,Horizontal,Ninguna,Sin restricción
2020,5898,2020-12-07,Lunes,8:20:00,,0,2,"Moto/Ciclomotor,Automóvil",Av San Martin Y Cayetano Nerbutti,2,1,0,0,1,0,0,"-32.71836, -60.73145",Avenida,,PUERTO SAN MARTÍN,San Lorenzo,Asfalto,No existe,XVII,Dentro,Urbana,Ninguna,S/D,Intersección,Bueno,Buena,Diurna,Buen Tiempo,De alcance,S/D,Colisión,Ninguna,Horizontal,Ninguna,Sin restricción
2020,5899,2020-12-03,Jueves,16:20:00,Ruta Nacional 11,0,2,"Moto/Ciclomotor,Automóvil",Cordoba,2,1,0,0,1,0,0,"-32.7137, -60.75641",Ruta,11,PUERTO SAN MARTÍN,San Lorenzo,Asfalto,Natural,XVII,Dentro,Urbana,Ninguna,No existe,Intersección,Ahuellamiento,Buena,Diurna,Buen Tiempo,De alcance,S/D,Colisión,Ninguna,Horizontal,Ninguna,Sin restricción
2020,5900,2020-12-02,Miercoles,,,0,2,"Automóvil,Otros",,2,1,0,0,1,0,0,"-32.78352, -60.73313",Avenida,,FRAY LUIS BELTRÁN,San Lorenzo,Asfalto,Natural,XVII,Dentro,Urbana,Ninguna,No existe,Intersección,Bueno,Buena,Diurna,Buen Tiempo,Otro,S/D,Colisión,Ninguna,Faltante,S/D,Sin restricción
2020,5901,2020-12-06,Domingo,18:50:00,,0,2,"Automóvil,Automóvil",Sarmiento Y Meyer,5,5,0,0,0,0,0,"-32.85905, -61.14746",Calle,,CARCARAÑÁ,San Lorenzo,Asfalto,S/D,XVII,S/D,Urbana,Ninguna,No existe,Intersección,Bueno,Buena,Atardecer,Buen Tiempo,S/D,S/D,Colisión,Ninguna,S/D,S/D,S/D
2020,5902,2020-12-05,Sabado,21:15:00,,0,2,"Moto/Ciclomotor,Automóvil",Venezuela Y Puerto Rico,2,1,0,0,1,0,0,"-32.81996, -60.71265",Calle,,CAPITÁN BERMÚDEZ,San Lorenzo,Asfalto,S/D,XVII,Dentro,Urbana,Ninguna,No existe,Intersección,Bueno,S/D,Nocturna,Buen Tiempo,S/D,S/D,Colisión,Ninguna,Horizontal,S/D,Sin restricción
2020,5903,2020-12-08,Martes,4:35:00,Autopista Provincial Brigadier E.LÓPEZ,0,1,Automóvil,,2,2,0,0,0,0,0,"-32.71343, -60.77543",Autopista,Brigadier E.LÓPEZ,SAN LORENZO,San Lorenzo,S/D,S/D,XVII,S/D,S/D,S/D,S/D,S/D,S/D,S/D,S/D,S/D,S/D,S/D,S/D,S/D,S/D,S/D,S/D
2020,5904,2020-12-07,Lunes,6:00:00,Ruta Secundaria 10-s,0,1,Otros,,2,2,0,0,0,0,0,"-32.71517, -60.80753",Ruta,10-s,SAN LORENZO,San Lorenzo,S/D,S/D,XVII,S/D,S/D,S/D,S/D,S/D,S/D,S/D,S/D,S/D,S/D,S/D,S/D,S/D,S/D,S/D,S/D
2020,5905,2020-08-16,Domingo,19:20:00,,0,2,"Moto/Ciclomotor,Moto/Ciclomotor",Bvard Argentino Y Dr A Ega�a,2,1,0,0,0,0,1,"-32.03414261341097,-61.229333281517",Avenida,,GÁLVEZ,San JERÓNIMO,"Asfalto,Tierra",No existe,XV,Dentro,Urbana,Ninguna,No existe,Intersección,Bueno,Reducida,Atardecer,Buen Tiempo,Lateral,S/D,Colisión,Ninguna,Faltante,Cordón divisorio,Sin restricción
2020,5906,2020-08-24,Lunes,,Ruta Provincial 70,0,2,"Moto/Ciclomotor,Pickup/Utilitario",Lito Gonella Y Ruta provincial 70,2,0,1,0,1,0,0,"-31.447378784926,-60.910056097711",Ruta,70,ESPERANZA,Las Colonias,Asfalto,Ripio,XI,Dentro,Urbana,Ninguna,No existe,Intersección,Bueno,Buena,S/D,Buen Tiempo,S/D,S/D,Colisión,Ninguna,Horizontal,"Línea divisoria pintada,S/D",Sin restricción
2020,5907,2020-12-06,Domingo,,,0,2,"Moto/Ciclomotor,Automóvil",Sargento Cabral Y Belgrano,3,2,0,0,1,0,0,"-32.74684, -60.73063",S/D,,SAN LORENZO,San Lorenzo,S/D,S/D,XVII,S/D,S/D,S/D,S/D,S/D,S/D,S/D,S/D,S/D,S/D,S/D,S/D,S/D,S/D,S/D,S/D
2020,5908,2020-12-05,Sabado,,,0,2,"Pickup/Utilitario,Bicicleta",Av San Martin Y Buenos aires,3,1,0,0,2,0,0,"-32.75677, -60.73418",S/D,,SAN LORENZO,San Lorenzo,S/D,S/D,XVII,S/D,S/D,S/D,S/D,S/D,S/D,S/D,S/D,S/D,S/D,Ciclista,Atropello,S/D,S/D,S/D,S/D
2020,5909,2020-08-16,Domingo,10:10:00,,0,2,"Peatón,Pickup/Utilitario",Corrientes Y Maestro Victor Cochet,2,1,0,0,1,0,0,"-32.458931825983,-60.895267322708",Calle,,MACIEL,San JERÓNIMO,S/D,S/D,XV,Dentro,Urbana,S/D,S/D,Recta,S/D,S/D,Diurna,S/D,S/D,Peatón,Atropello,S/D,S/D,S/D,S/D
2020,5910,2020-12-01,Martes,15:15:00,,0,2,"Automóvil,Automóvil",Av. Pellegrini Y Italia,2,1,0,0,1,0,0,"-32.95567, -60.65063",Calle,,ROSARIO,Rosario,Asfalto,No existe,II,Dentro,Urbana,Ninguna,No existe,Recta,Bueno,Buena,Diurna,Buen Tiempo,S/D,S/D,Colisión,Ninguna,Faltante,Ninguna,Sin restricción
2020,5911,2020-08-24,Lunes,21:00:00,Ruta Provincial 6,0,2,"Moto/Ciclomotor,Automóvil",Ruta provincial 70,2,1,0,0,1,0,0,"-31.446924906831,-60.911899752466",Ruta,6,ESPERANZA,Las Colonias,Asfalto,Pavimento,XI,Dentro,Urbana,Ninguna,No existe,Rotonda,Bueno,Buena,Nocturna,Buen Tiempo,S/D,S/D,Colisión,S/D,Horizontal,"Línea divisoria pintada,S/D",Sin restricción
2020,5912,2020-08-17,Lunes,0:40:00,,0,2,"Moto/Ciclomotor,Automóvil",Dean Funes Y España,4,2,0,0,2,0,0,"-33.737464828265,-61.967519588005",Calle,,VENADO TUERTO,General LÓPEZ,Asfalto,No existe,VIII,Dentro,Urbana,Ninguna,No existe,Intersección,Bueno,Buena,"Nocturna,Con luz artificial",Buen Tiempo,Lateral,S/D,Colisión,Ninguna,Faltante,Ninguna,Sin restricción
2020,5913,2020-09-21,Lunes,19:00:00,Ruta Nacional 9,308,2,"Pickup/Utilitario,Moto/Ciclomotor",BECQUER,2,0,0,0,1,1,0,"-32.91857, -60.82836",Ruta,9,FUNES,Rosario,Asfalto,Natural,II,Dentro,Urbana,Ninguna,No existe,Intersección,Bueno,Buena,Diurna,Buen Tiempo,Frontal,S/D,Colisión,Ninguna,Horizontal,Línea divisoria pintada,Sin restricción
2020,5914,2020-08-24,Lunes,11:40:00,,0,3,"Pickup/Utilitario,Peatón,Peatón",Av. Pellegrini Y Camilo Aldao,3,1,1,0,1,0,0,"-32.948054909744,-60.695670689517",Avenida,,ROSARIO,Rosario,Asfalto,No existe,II,Dentro,Urbana,Semáforo,Funciona,Intersección,Bueno,Buena,Diurna,Buen Tiempo,S/D,Peatón,Atropello,Ninguna,"Horizontal,Vertical","Cordón divisorio,Línea divisoria pintada",Sin restricción
2020,5915,2020-08-24,Lunes,,Ruta Nacional 11,0,1,Automóvil,Avenida Nuestra Se�ora del Luj Y Frutos,2,2,0,0,0,0,0,"-31.682207186529,-60.776353523832",Ruta,11,SANTO TOMÉ,La Capital,Asfalto,Pavimento,I,Dentro,Urbana,Ninguna,No existe,Intersección,Bueno,Buena,Diurna,Buen Tiempo,Contra objeto fijo,S/D,Colisión,Ninguna,Faltante,Ninguna,Sin restricción
2020,5916,2020-09-22,Martes,23:35:00,Ruta Provincial 18,10,2,"Automóvil,Camión c / Acoplado",,2,0,0,0,0,2,0,"-33.1167, -60.70794",Ruta,18,PIÑERO,Rosario,Asfalto,Natural,II,Dentro,Rural,Ninguna,No existe,Recta,Bueno,S/D,Nocturna,Buen Tiempo,Frontal,S/D,Colisión,Ninguna,Faltante,Línea divisoria pintada,Sin restricción
2020,5917,2020-08-15,Sabado,20:15:00,,0,2,"Camión c / Acoplado,Automóvil",,2,1,0,0,1,0,0,"-32.360169800102,-61.336653262529",S/D,,SAN GENARO,San JERÓNIMO,S/D,S/D,XV,S/D,S/D,S/D,S/D,S/D,S/D,S/D,Nocturna,S/D,S/D,S/D,Colisión,S/D,S/D,S/D,Sin restricción
2020,5918,2020-08-21,Viernes,17:50:00,,0,2,"Pickup/Utilitario,Moto/Ciclomotor",Bv Belgrano Y Estanislao Lopez,2,1,0,0,1,0,0,"-29.888518260945,-60.281347299284",Avenida,,CALCHAQUÍ,Vera,S/D,No existe,XIX,Dentro,Urbana,S/D,S/D,Intersección,S/D,S/D,Diurna,Buen Tiempo,S/D,S/D,Colisión,S/D,S/D,S/D,S/D
2020,5919,2020-08-15,Sabado,21:30:00,Ruta Provincial Brigadier E.LÓPEZ,98,2,"Camión c / Semirremolque,Camión c / Acoplado",,3,1,0,0,2,0,0,"-32.075088, -60.992621",Ruta,Brigadier E.LÓPEZ,AROCENA,San JERÓNIMO,Asfalto,Natural,XV,Dentro,Rural,Ninguna,No existe,Recta,Bueno,Buena,Nocturna,Buen Tiempo,De alcance,S/D,Colisión,Ninguna,Faltante,Línea divisoria pintada,Sin restricción
2020,5920,2020-08-17,Lunes,18:25:00,,0,1,Automóvil,Capitan Bermudez 921,1,0,1,0,0,0,0,"-32.022740469783,-61.221853256453",Avenida,,GÁLVEZ,San JERÓNIMO,Asfalto,No existe,XV,Dentro,Urbana,Ninguna,No existe,Recta,Bueno,Buena,Diurna,Buen Tiempo,Contra objeto fijo,S/D,Colisión,Ninguna,Faltante,"Cordón divisorio,Vegetación",Sin restricción
2020,5921,2020-08-17,Lunes,22:25:00,Ruta Nacional 11,366,2,"Automóvil,Automóvil",,4,2,0,0,2,0,0,"-32.43696212768551,-60.900478363037",Ruta,11,MACIEL,San JERÓNIMO,Asfalto,Natural,XV,Dentro,Rural,Ninguna,No existe,Recta,Bueno,S/D,Nocturna,Buen Tiempo,S/D,S/D,Colisión,S/D,S/D,Línea divisoria pintada,Sin restricción
2020,5922,2020-08-23,Domingo,23:55:00,Autopista Secundaria 49-s,0,2,"Moto/Ciclomotor,Camión c / Acoplado",Av J Ortiz Y O'Higgins,3,2,0,0,1,0,0,"-31.893918067216873,-61.87214210629",Autopista,49-s,SAN JORGE,San MARTÍN,Asfalto,No existe,XVIII,Dentro,Urbana,Ninguna,No existe,Intersección,Bueno,Buena,Diurna,Buen Tiempo,S/D,S/D,Colisión,Ninguna,Faltante,Ninguna,Sin restricción
2020,5923,2020-08-22,Sabado,21:20:00,,0,2,"Moto/Ciclomotor,Automóvil",Bv Lisandro de la Torre Y Gral Bolivar,2,0,1,0,1,0,0,"-31.903956113654,-61.850118190388",Avenida,,SAN JORGE,San MARTÍN,Asfalto,No existe,XVIII,Dentro,Urbana,Marca Vial,No existe,Intersección,Bueno,Buena,Nocturna,Buen Tiempo,S/D,S/D,Colisión,Ninguna,Horizontal,Ninguna,Sin restricción
2020,5924,2020-08-22,Sabado,11:00:00,,0,2,"Moto/Ciclomotor,Automóvil",Bartolome Mitre Y Santiago del Estero,3,1,1,0,1,0,0,"-31.888799604455,-61.859088039716",Calle,,SAN JORGE,San MARTÍN,Asfalto,No existe,XVIII,Dentro,Urbana,Ninguna,No existe,Intersección,Bueno,Buena,Diurna,Buen Tiempo,S/D,S/D,Colisión,Ninguna,Faltante,Ninguna,Sin restricción
2020,5925,2020-06-22,Lunes,12:25:00,Ruta Nacional 11,0,2,"Pickup/Utilitario,Moto/Ciclomotor",9 de Julio Y Av L de la Torre-Ruta Nac 11,2,1,0,0,1,0,0,"-31.971247657938,-60.926395786467",Ruta,11,CORONDA,San JERÓNIMO,Asfalto,No existe,XV,Dentro,Urbana,Ninguna,No existe,Intersección,Bueno,Buena,Diurna,Buen Tiempo,S/D,S/D,Colisión,Ninguna,Horizontal,Línea divisoria pintada,Sin restricción
2020,5926,2020-08-19,Miercoles,,,0,2,"Moto/Ciclomotor,Pickup/Utilitario",Dorrego Y Tucuman,3,2,0,0,1,0,0,"-32.742135732151,-60.737155033943",Avenida,,SAN LORENZO,San Lorenzo,Asfalto,No existe,XVII,Dentro,Urbana,Ninguna,No existe,Intersección,Bueno,S/D,S/D,Buen Tiempo,Lateral,S/D,Colisión,Ninguna,Faltante,Línea divisoria pintada,Sin restricción
2020,5927,2020-08-23,Domingo,,Ruta Nacional 11,483,2,"Otros,Moto/Ciclomotor",,3,2,0,0,1,0,0,"-31.508756875991846,-60.72693407535",Ruta,11,RECREO,La Capital,Asfalto,No existe,I,Dentro,Rural,Ninguna,No existe,Recta,Bueno,Buena,S/D,Buen Tiempo,Lateral,S/D,Colisión,Ninguna,Horizontal,Línea divisoria pintada,Sin restricción
2020,5928,2020-08-19,Miercoles,12:15:00,,0,2,"Pickup/Utilitario,Moto/Ciclomotor",Bv Belgrano Y Sgto Cabral,2,1,0,0,1,0,0,"-29.888009694433,-60.285026184749",Avenida,,CALCHAQUÍ,Vera,S/D,No existe,XIX,Dentro,Urbana,S/D,S/D,Intersección,S/D,Buena,Diurna,Buen Tiempo,S/D,S/D,Colisión,S/D,S/D,"Cordón divisorio,Vegetación",Sin restricción
2020,5929,2020-08-18,Martes,21:00:00,Ruta Nacional 11,0,2,"Moto/Ciclomotor,Automóvil",Bv B Mitre Y Ruta Nac 11,2,1,0,0,1,0,0,"-32.722241878509486,-60.73210000991",Ruta,11,SAN LORENZO,San Lorenzo,Asfalto,No existe,XV,Dentro,Urbana,Semáforo,Funciona,Intersección,Bueno,Buena,"Nocturna,Con luz artificial",Buen Tiempo,Lateral,S/D,Colisión,Ninguna,"Horizontal,Vertical","Cordón divisorio,Vegetación",Sin restricción
2020,5930,2020-08-14,Viernes,,,0,2,"Bicicleta,Automóvil",Bv 9 de Julio Y Tucuman,2,1,0,0,1,0,0,"-31.891383043519,-61.865528229405",Avenida,,SAN JORGE,San MARTÍN,Asfalto,No existe,XVIII,Dentro,Urbana,Ninguna,No existe,Intersección,Bueno,Buena,S/D,Buen Tiempo,S/D,Ciclista,Atropello,Ninguna,Faltante,Ninguna,Sin restricción
2020,5931,2020-08-18,Martes,17:00:00,,0,2,"Pickup/Utilitario,Bicicleta",Av Roque Saenz Pe�a Y Mitre,3,2,0,0,1,0,0,"-32.368723, -61.353174",Avenida,,SAN GENARO,San JERÓNIMO,Asfalto,S/D,XV,Dentro,Urbana,S/D,S/D,Intersección,Bueno,Buena,Diurna,S/D,S/D,Ciclista,Atropello,S/D,S/D,S/D,Sin restricción
2020,5932,2020-08-20,Jueves,0:15:00,,0,2,"Automóvil,Moto/Ciclomotor",Bvard 20 de Junio Y Sgo del Estero,2,1,0,0,1,0,0,"-32.030454607703,-61.215735728981",Calle,,GÁLVEZ,San JERÓNIMO,Asfalto,No existe,XV,Dentro,Urbana,Ninguna,No existe,Intersección,Bueno,Buena,Diurna,Buen Tiempo,S/D,S/D,Colisión,Ninguna,Faltante,"Cordón divisorio,Vegetación",Sin restricción
2020,5933,2020-08-21,Viernes,,,0,3,"Moto/Ciclomotor,Moto/Ciclomotor,Pickup/Utilitario",Av A del Valle Y Risso,3,2,0,0,1,0,0,"-31.60118005661,-60.691937479327",Avenida,,SANTA FE,La Capital,Asfalto,No existe,I,Dentro,Urbana,S/D,No existe,Intersección,Bueno,S/D,S/D,S/D,Múltiple,S/D,Colisión,Ninguna,Faltante,"Cordón divisorio,Vegetación",Sin restricción
2020,5934,2020-08-21,Viernes,,,0,2,"Moto/Ciclomotor,Automóvil",1 de Mayo Y Dante Alighieri,2,1,0,0,1,0,0,"-33.046689954228,-61.165672518929",Calle,,CASILDA,Caseros,Asfalto,No existe,IV,Dentro,Urbana,Ninguna,No existe,Intersección,Bueno,Buena,Diurna,Buen Tiempo,S/D,S/D,Colisión,Ninguna,Faltante,Ninguna,Sin restricción
2020,5935,2020-08-21,Viernes,,,0,2,"Moto/Ciclomotor,Pickup/Utilitario",Boulevard Lisandro de la Torre Y Mariano Moreno,3,2,0,0,1,0,0,"-33.047887536509,-61.170650259847",Avenida,,CASILDA,Caseros,Asfalto,No existe,IV,Dentro,Urbana,Ninguna,No existe,Intersección,Bueno,Buena,S/D,Buen Tiempo,S/D,S/D,Colisión,Ninguna,Faltante,"Cordón divisorio,Vegetación",Sin restricción
2020,5936,2020-08-21,Viernes,0:10:00,,0,2,"Moto/Ciclomotor,Vehículo Oficial",Bv. Avellaneda Y 24 De Setiembre,2,1,0,0,1,0,0,"-32.972921, -60.687598",Avenida,,ROSARIO,Rosario,Asfalto,No existe,II,Dentro,Urbana,Ninguna,No existe,Intersección,Bueno,Buena,Nocturna,Buen Tiempo,Lateral,S/D,Colisión,Ninguna,Faltante,Ninguna,Sin restricción
2020,5937,2020-08-21,Viernes,,,0,2,"Moto/Ciclomotor,Moto/Ciclomotor",,2,1,0,0,1,0,0,"-33.04562717037074,-61.163331477170",S/D,,CASILDA,Caseros,S/D,S/D,IV,S/D,S/D,Ninguna,S/D,S/D,S/D,S/D,S/D,S/D,De alcance,S/D,Colisión,S/D,S/D,S/D,S/D
2020,5938,2020-08-21,Viernes,,,0,2,"Moto/Ciclomotor,Pickup/Utilitario",Doctor Estanislao Zeballos Sev Y San Lorenzo,3,2,0,0,1,0,0,"-33.0446447193,-61.159720336679",Calle,,CASILDA,Caseros,Asfalto,S/D,IV,Dentro,Urbana,Ninguna,No existe,Intersección,Bueno,Buena,Diurna,Buen Tiempo,S/D,S/D,Colisión,Ninguna,Faltante,Ninguna,Sin restricción