anio_acci,nro_acci,fecha,desc_dia,hora_aprox,desc_ruta,km,cant_participantes,desc_participante,calle_avenida_km,total,heridos_leves,heridos_graves,heridos_gravisimos,ilesos,fallecidos,sin_datos,posicion_XY,desc_tipo_via,desc_ruta_ori,desc_loc,desc_dpto,desc_tipo_calzada,desc_tipo_banquina,desc_unidad_regional,desc_lugar_calzada,desc_zona,desc_prioridad,desc_estado_semaforo,desc_lugar_via,desc_estado_via,desc_estado_visibilidad,desc_luminosidad,desc_estado_clima,desc_tipo_colision,desc_tipo_atropello,desc_tipo_hecho,desc_pres_calzada,desc_senializacion,desc_separacion_via,desc_restriccion
2020,5939,2020-08-21,Viernes,12:20:00,Ruta Provincial 21,0,2,"Bicicleta,Camión",Av Gral San Martin Y Bv San diego,2,1,0,0,0,0,1,"-33.019283, -60.631504",Ruta,21,VILLA GOBERNADOR GÁLVEZ,Rosario,Asfalto,No existe,II,Dentro,Urbana,Semáforo,Funciona,Intersección,Bueno,Buena,Diurna,S/D,S/D,Ciclista,Atropello,Ninguna,"Horizontal,Vertical",Cordón divisorio,Sin restricción
2020,5940,2020-08-01,Sabado,,,0,1,Otros,,1,0,1,0,0,0,0,"-31.41883, -60.92102",S/D,,LA ORILLA,Las Colonias,S/D,S/D,XI,Dentro,S/D,S/D,S/D,S/D,S/D,S/D,S/D,S/D,S/D,S/D,S/D,S/D,S/D,S/D,S/D
2020,5941,2020-08-31,Lunes,19:15:00,Autopista Provincial Brigadier E.LÓPEZ,141,2,"Camión,Camión",,2,0,1,0,1,0,0,"-31.72366, -60.83026",Autopista,Brigadier E.LÓPEZ,SAUCE VIEJO,La Capital,Asfalto,Natural,I,Dentro,Rural,Marca Vial,S/D,Recta,S/D,S/D,Diurna,S/D,De alcance,S/D,Colisión,S/D,Horizontal,Vegetación,S/D
2020,5942,2020-08-29,Sabado,14:00:00,Autopista Provincial Brigadier E.LÓPEZ,0,1,Automóvil,,1,1,0,0,0,0,0,"-32.87871109229456, -60.71353154981",Autopista,Brigadier E.LÓPEZ,ROSARIO,Rosario,Asfalto,No existe,II,Dentro,Urbana,Ninguna,No existe,Recta,Bueno,Buena,Diurna,Buen Tiempo,S/D,S/D,Despiste,Ninguna,Horizontal,Ninguna,Sin restricción
2020,5943,2020-08-23,Domingo,19:40:00,Ruta Nacional 11,751,1,Ambulancia,,1,1,0,0,0,0,0,"-29.338495, -59.925348",Ruta,11,RECONQUISTA,General Obligado,Asfalto,Natural,IX,Dentro,Rural,Ninguna,No existe,Recta,Bueno,Reducida humo,Atardecer,Otro,Contra objeto fijo,S/D,Colisión,Ninguna,Faltante,Línea divisoria pintada,Desvío Provisorio
2020,5944,2020-08-29,Sabado,14:50:00,Ruta Provincial 1,52,1,Automóvil,,1,1,0,0,0,0,0,"-31.321960269599, -60.2959023531612",Ruta,1,SANTA ROSA DE CALCHINES,Garay,Asfalto,Natural,VII,Dentro,Urbana,Ninguna,No existe,Recta,Bueno,Buena,Diurna,Buen Tiempo,Contra objeto fijo,S/D,Colisión,Ninguna,Horizontal,Línea divisoria pintada,Sin restricción
2020,5945,2020-08-30,Domingo,0:50:00,Ruta Nacional 33,548,1,Tractor,,1,1,0,0,0,0,0,"-34.22337, -62.60828",Ruta,33,RUFINO,General LÓPEZ,Asfalto,Natural,VIII,Dentro,Urbana,Marca Vial,No existe,Recta,S/D,S/D,Nocturna,S/D,Atropello animal,S/D,Colisión,S/D,Horizontal,Línea divisoria pintada,S/D
2020,5946,2020-08-30,Domingo,,Ruta Nacional 33,0,1,Automóvil,,1,1,0,0,0,0,0,"-29.338495, -59.925348",Ruta,33,PEREZ,Rosario,Asfalto,Pavimento,II,Dentro,Rural,Ninguna,No existe,Recta,Bueno,S/D,S/D,Buen Tiempo,S/D,S/D,Vuelco,Ninguna,Faltante,Ninguna,Sin restricción
2020,5947,2020-08-31,Lunes,16:24:00,,0,2,"Automóvil,Moto/Ciclomotor",Bernardino Rivadavia Y Francia,2,1,0,0,1,0,0,"-33.756773270457,-61.969984087415",Calle,,VENADO TUERTO,General LÓPEZ,Asfalto,No existe,VIII,Dentro,Urbana,Ninguna,No existe,Intersección,S/D,S/D,Diurna,S/D,S/D,S/D,Colisión,S/D,Faltante,Ninguna,S/D
2020,5948,2020-08-01,Sabado,17:30:00,,0,2,"Moto/Ciclomotor,Moto/Ciclomotor",2 de Abril Y 3 de Febrero,2,2,0,0,0,0,0,"-33.75845928948,-61.962317617202",Calle,,VENADO TUERTO,General LÓPEZ,Asfalto,No existe,VIII,Dentro,Urbana,Ninguna,No existe,Intersección,Bueno,Buena,Diurna,Buen Tiempo,S/D,S/D,Colisión,Ninguna,Faltante,Ninguna,Sin restricción
2020,5949,2020-08-20,Jueves,14:38:00,,0,2,"Moto/Ciclomotor,Moto/Ciclomotor",Iturbide Y Leandro N Alem,4,1,0,0,3,0,0,"-33.760244574936,-61.957172936097",Calle,,VENADO TUERTO,General LÓPEZ,Asfalto,No existe,VIII,Dentro,Urbana,Ninguna,No existe,Intersección,S/D,S/D,Diurna,S/D,S/D,S/D,Colisión,S/D,Faltante,Ninguna,S/D
2020,5950,2020-08-10,Lunes,18:30:00,,0,2,"Moto/Ciclomotor,Automóvil",San Martin Y 2 de Julio,2,1,0,0,1,0,0,"-31.452339666777,-60.931391514747",Calle,,MALABRIGO,General Obligado,Asfalto,No existe,IX,Dentro,Urbana,Ninguna,S/D,Intersección,Bueno,Buena,Diurna,Buen Tiempo,Lateral,S/D,Colisión,"Ninguna,S/D",Faltante,"Ninguna,S/D",Sin restricción
2020,5951,2020-08-01,Sabado,,,0,1,Bicicleta,Guillermo Brown Y Miguel de Azcuenaga,1,1,0,0,0,0,0,"-33.742816647266,-61.975280727429",Calle,,VENADO TUERTO,General LÓPEZ,Asfalto,No existe,VIII,Dentro,Urbana,Señal Pare,No existe,Recta,Bueno,Buena,Atardecer,Buen Tiempo,S/D,S/D,Cañda ocupante,Ninguna,Vertical,Ninguna,Sin restricción
2020,5952,2020-08-30,Domingo,19:12:00,,0,2,"Automóvil,Moto/Ciclomotor",Bernardino Rivadavia Y San Lorenzo,2,0,1,0,1,0,0,"-33.749447865135,-61.956501308491",Calle,,VENADO TUERTO,General LÓPEZ,Asfalto,No existe,VIII,Dentro,Urbana,Ninguna,No existe,Intersección,S/D,S/D,Atardecer,S/D,Frontal,S/D,Colisión,S/D,Faltante,Ninguna,S/D
2020,5953,2020-08-01,Sabado,21:15:00,,0,2,"Automóvil,Moto/Ciclomotor",Avenida San Martin Y Bv Sarmiento,3,2,0,0,1,0,0,"-28.488403855008,-59.358163739784",Avenida,,VILLA OCAMPO,General Obligado,Asfalto,No existe,IX,Dentro,Urbana,S/D,S/D,Rotonda,Bueno,Buena,Nocturna,Buen Tiempo,S/D,S/D,Colisión,Ninguna,S/D,Cordón divisorio,Sin restricción
2020,5954,2020-08-11,Martes,10:45:00,,0,2,"Moto/Ciclomotor,Moto/Ciclomotor",Calle 106 Y Calle 111,3,1,0,0,2,0,0,"-29.116360376522,-59.66855498046",Calle,,AVELLANEDA,General Obligado,Asfalto,No existe,IX,Dentro,Urbana,Ninguna,No existe,Intersección,Bueno,Buena,Diurna,Buen Tiempo,Lateral,S/D,Colisión,Ninguna,Faltante,Ninguna,Sin restricción
2020,5955,2020-08-30,Domingo,19:30:00,Ruta Provincial 32,0,1,Automóvil,,2,0,1,0,1,0,0,"-28.489152789115906,-59.33562934398",Ruta,32,VILLA OCAMPO,General Obligado,S/D,S/D,IX,Dentro,Rural,S/D,S/D,Recta,S/D,S/D,Diurna,S/D,Contra objeto fijo,S/D,Colisión,S/D,S/D,S/D,S/D
2020,5956,2020-09-25,Viernes,9:50:00,,0,1,Automóvil,Av Almte Brown Y Salvador del Carril,1,0,0,0,0,1,0,"-31.6231, -60.6786",Calle,,SANTA FE,La Capital,Asfalto,No existe,I,Dentro,Urbana,Ninguna,No existe,Recta,Bueno,Buena,Diurna,Lluvia,Contra objeto fijo,S/D,Colisión,Agua,Faltante,Ninguna,Sin restricción
2020,5957,2020-08-29,Sabado,23:40:00,Ruta Nacional 33,0,1,Automóvil,Ruta Nac 8 Y Ruta Nacional 33,1,1,0,0,0,0,0,"-33.72388, -61.99945",Ruta,33,VENADO TUERTO,General LÓPEZ,Asfalto,Natural,VIII,Fuera,Urbana,Marca Vial,No existe,Rotonda,S/D,S/D,Nocturna,S/D,S/D,S/D,Despiste,S/D,Horizontal,Ninguna,S/D
2020,5958,2020-09-27,Domingo,4:25:00,Ruta Provincial 65,65,1,Automóvil,,4,2,0,1,0,1,0,"-32.48489, -61.51189",Ruta,65,LAS ROSAS,Belgrano,Asfalto,Natural,III,Fuera,Rural,Ninguna,No existe,Curva,Bueno,Buena,Nocturna,Buen Tiempo,S/D,S/D,Despiste,Ninguna,Faltante,Línea divisoria pintada,Sin restricción
2020,5959,2020-08-28,Viernes,20:50:00,,0,2,"Automóvil,Moto/Ciclomotor",9 de Julio Y General Guemes,2,1,0,0,1,0,0,"-28.482916209179,-59.353019402256",Calle,,VILLA OCAMPO,General Obligado,S/D,No existe,IX,Dentro,Urbana,S/D,S/D,Intersección,S/D,S/D,Nocturna,S/D,S/D,S/D,Colisión,S/D,S/D,S/D,S/D
2020,5960,2020-08-02,Domingo,19:30:00,,0,1,Automóvil,EX RUTA 11,3,1,0,0,2,0,0,"-29.294090, -59.878410",Camino Rural,,BERNA,General Obligado,S/D,S/D,IX,Dentro,Rural,S/D,S/D,Recta,S/D,S/D,Nocturna,S/D,S/D,S/D,Despiste,S/D,S/D,S/D,S/D
2020,5961,2020-09-27,Domingo,1:00:00,Ruta Nacional 11,494,2,"Automóvil,Automóvil",,4,2,1,0,0,1,0,"-31.40065, -60.74723",Ruta,11,CANDIOTI,La Capital,Asfalto,Pavimento,I,Dentro,Urbana,Ninguna,No existe,Recta,Bueno,S/D,Nocturna,Lluvia,S/D,S/D,Colisión,Agua,Faltante,Línea divisoria pintada,Sin restricción
2020,5962,2020-08-02,Domingo,1:50:00,,0,2,"Automóvil,Moto/Ciclomotor",Calle 13 Y Calle 26,2,1,0,0,1,0,0,"-29.119579578989,-59.650132590967",Calle,,AVELLANEDA,General Obligado,Asfalto,No existe,IX,Dentro,Urbana,Ninguna,No existe,Intersección,Bueno,Buena,Diurna,Buen Tiempo,S/D,S/D,Colisión,Ninguna,Faltante,Ninguna,Sin restricción
2020,5963,2020-08-28,Viernes,,Ruta Nacional 9,0,2,"Camión,Moto/Ciclomotor",,2,1,0,0,1,0,0,"-32.855385, -61.214256",Ruta,9,CAÑADA DE GÓMEZ,Iriondo,Asfalto,S/D,X,Dentro,Urbana,S/D,S/D,Recta,S/D,S/D,Diurna,S/D,De alcance,S/D,Colisión,S/D,S/D,S/D,S/D
2020,5964,2020-08-02,Domingo,12:30:00,,0,2,"Peatón,Automóvil",Calle 42 - Misiones Y Calle 47-Islas Malvinas,3,1,0,0,2,0,0,"-29.159969629977,-59.661723658586",Calle,,RECONQUISTA,General Obligado,Asfalto,No existe,IX,Dentro,Urbana,S/D,S/D,Intersección,Bueno,Buena,Diurna,Buen Tiempo,S/D,Peatón,Atropello,Ninguna,S/D,S/D,Sin restricción
2020,5965,2020-08-11,Martes,14:10:00,,0,2,"Moto/Ciclomotor,Pickup/Utilitario",Calle 30-Lucas Funes Y Calle 61-La Rioja,2,1,0,0,1,0,0,"-29.166118577364,-59.656569030729",Calle,,RECONQUISTA,General Obligado,Asfalto,No existe,IX,Dentro,Urbana,S/D,S/D,Intersección,Bueno,S/D,Diurna,S/D,Lateral,S/D,Colisión,Ninguna,S/D,S/D,S/D
2020,5966,2020-08-28,Viernes,10:00:00,,0,2,"Bicicleta,Automóvil",España Y Roca,2,1,0,0,1,0,0,"-33.749346355418,-61.958354928227",Calle,,VENADO TUERTO,General LÓPEZ,Asfalto,No existe,VIII,Dentro,Urbana,Ninguna,No existe,Intersección,S/D,S/D,Diurna,S/D,S/D,Ciclista,Atropello,S/D,Faltante,Ninguna,S/D
2020,5967,2020-08-02,Domingo,13:00:00,,0,2,"Automóvil,Automóvil",Bv. Balcarce Y Pellegrini,3,1,0,0,2,0,0,"-32.82071858151,-61.399792980249",Avenida,,CAÑADA DE GÓMEZ,Iriondo,Asfalto,No existe,X,Dentro,Urbana,Ninguna,No existe,Intersección,Bueno,Buena,Diurna,Buen Tiempo,S/D,S/D,Colisión,Ninguna,Faltante,Ninguna,Sin restricción
2020,5968,2020-08-12,Miercoles,6:50:00,Ruta Nacional 11,0,2,"Moto/Ciclomotor,Bicicleta",,2,2,0,0,0,0,0,"-29.142927, -59.656021",Ruta,11,RECONQUISTA,General Obligado,Asfalto,No existe,IX,Dentro,Urbana,Ninguna,Funciona,Recta,Bueno,Buena,Diurna,Buen Tiempo,S/D,S/D,Colisión,S/D,"Horizontal,Vertical",Cordón divisorio,Sin restricción
2020,5969,2020-08-02,Domingo,,,0,3,"Automóvil,Automóvil,Camión",Bv. Rondeau 1400,5,3,0,0,2,0,0,"-32.899867151766,-60.690570717243",Avenida,,ROSARIO,Rosario,Asfalto,No existe,II,Dentro,Urbana,Ninguna,No existe,Intersección,Bueno,Buena,Diurna,Buen Tiempo,S/D,S/D,Colisión,Ninguna,Horizontal,"Cordón divisorio,Vegetación,Línea divisoria pintada",Sin restricción
2020,5970,2020-08-03,Lunes,15:00:00,,0,2,"Pickup/Utilitario,Moto/Ciclomotor",,3,1,0,0,2,0,0,"-28.48778978611527,-59.354847646527",S/D,,VILLA OCAMPO,General Obligado,S/D,S/D,IX,S/D,S/D,S/D,S/D,S/D,S/D,S/D,Nocturna,S/D,S/D,S/D,Colisión,S/D,S/D,S/D,S/D
2020,5973,2020-09-04,Viernes,19:40:00,Ruta Provincial 10,96,2,"Peatón,Camión",,3,0,0,0,2,1,0,"-32.00921, -61.21413",Ruta,10,GÁLVEZ,San JERÓNIMO,Asfalto,Natural,XV,Dentro,Rural,Ninguna,No existe,Recta,Bueno,S/D,Nocturna,Buen Tiempo,S/D,Peatón,Atropello,Ninguna,Faltante,Ninguna,Sin restricción
2020,5974,2020-09-12,Sabado,13:30:00,,0,1,Moto/Ciclomotor,Av Leandro Alem Y Dorrego,1,0,0,0,0,1,0,"-31.64411, -60.68814",Calle,,SANTA FE,La Capital,Asfalto,No existe,I,Dentro,Urbana,Semáforo,Funciona,Intersección,Bueno,S/D,Diurna,S/D,S/D,S/D,Cañda ocupante,Ninguna,"Horizontal,Vertical",Cordón divisorio,Sin restricción
2020,5975,2020-09-25,Viernes,11:30:00,Ruta Nacional 8,292,2,"Pickup/Utilitario,Automóvil",,2,1,0,0,0,1,0,"-33.8365, -61.22876",Ruta,8,WHEELWRIGHT,General LÓPEZ,Asfalto,Pavimento,VIII,Dentro,Rural,Ninguna,No existe,Recta,Bueno,S/D,Diurna,S/D,S/D,S/D,Colisión,Ninguna,Faltante,Línea divisoria pintada,Sin restricción
2020,5976,2020-09-27,Domingo,0:03:00,,0,2,"Automóvil,Moto/Ciclomotor",ITALIA Y SARMIENTO,2,0,0,0,1,1,0,"-32.32101, -61.63169",Calle,,LOS CARDOS,San MARTÍN,S/D,S/D,XVIII,Dentro,Urbana,S/D,S/D,Intersección,S/D,S/D,Nocturna,S/D,S/D,S/D,Colisión,S/D,S/D,S/D,S/D
2020,5978,2020-09-19,Sabado,22:20:00,Ruta Nacional 33,170,2,"Automóvil,Camión c / Acoplado",,2,0,0,0,1,1,0,"-33.26289, -61.37469",Ruta,33,CHABAS,Caseros,Asfalto,Natural,VI,Dentro,Rural,Ninguna,No existe,Recta,Bueno,S/D,Nocturna,S/D,S/D,S/D,Colisión,Ninguna,Faltante,Línea divisoria pintada,Sin restricción
2020,5979,2020-09-01,Martes,0:45:00,Ruta Nacional 9,353,2,"Camión,Camión",,2,1,0,0,0,1,0,"-32.85643, -61.19758",Ruta,9,CORREA,Iriondo,Asfalto,Natural,X,Dentro,Rural,Ninguna,No existe,Recta,Bueno,S/D,Nocturna,S/D,Frontal,S/D,Colisión,Ninguna,Faltante,Línea divisoria pintada,Sin restricción
2020,5980,2020-09-05,Sabado,4:15:00,,0,2,"Automóvil,Moto/Ciclomotor",Boulevard Centenario Y Independencia,2,0,0,0,1,1,0,"-32.81227, -61.40629",Calle,,CAÑADA DE GÓMEZ,Iriondo,Asfalto,No existe,X,Dentro,Urbana,Ninguna,No existe,Intersección,Bueno,S/D,Nocturna,S/D,Lateral,S/D,Colisión,Ninguna,Faltante,Cordón divisorio,Sin restricción
2020,5981,2020-10-25,Domingo,,Ruta Provincial 70,0,2,"Moto/Ciclomotor,Automóvil",M Aragon Y Bv Santa Fe,3,1,0,0,2,0,0,"    -31.25641, -61.47023",Ruta,70,RAFAELA,Castellanos,Asfalto,S/D,V,Dentro,Urbana,S/D,S/D,Intersección,S/D,S/D,S/D,S/D,Lateral,S/D,Colisión,S/D,S/D,S/D,S/D
2020,5982,2020-12-16,Miercoles,,,0,2,"Bicicleta,Moto/Ciclomotor",Alberdi J B Y J B Mitri,2,1,0,0,1,0,0,"    -30.93981, -61.56458",Calle,,ROSARIO,Rosario,Asfalto,S/D,II,Dentro,Urbana,S/D,S/D,Intersección,S/D,S/D,S/D,S/D,S/D,Ciclista,Atropello,S/D,S/D,S/D,S/D
2020,5983,2020-10-26,Lunes,,Ruta Provincial 1,2.5,2,"Camión,Camión",,2,1,0,0,1,0,0,"    -31.62629, -60.60446",Ruta,1,COLASTINE,La Capital,Asfalto,Natural,I,Dentro,Urbana,S/D,S/D,Intersección,S/D,S/D,S/D,S/D,Lateral,S/D,Colisión,S/D,S/D,S/D,S/D
2020,5984,2020-10-26,Lunes,,,0,2,"Moto/Ciclomotor,Automóvil",Laprida Y Ballesteros,3,1,0,0,2,0,0,"    -32.81706, -61.40309",Calle,,CAÑADA DE GÓMEZ,Iriondo,S/D,S/D,X,Dentro,Urbana,S/D,S/D,Intersección,S/D,S/D,S/D,S/D,S/D,S/D,Colisión,S/D,S/D,S/D,S/D
2020,5985,2020-10-27,Martes,2:00:00,Ruta Nacional 8,0,2,"Moto/Ciclomotor,Bicicleta",Vuelta de Obligado Y Ruta Nac 8,2,1,0,0,1,0,0,"    -33.76749, -61.96436",Ruta,8,VENADO TUERTO,General LÓPEZ,Asfalto,S/D,VIII,Dentro,Urbana,S/D,S/D,Intersección,S/D,S/D,Nocturna,S/D,S/D,Ciclista,Atropello,S/D,S/D,S/D,S/D
2020,5986,2020-10-27,Martes,,,0,2,"Camión c / Semirremolque,Moto/Ciclomotor",Maipu Y Santa Fe,2,1,0,0,1,0,0,"    -33.74242, -61.95844",Calle,,VENADO TUERTO,General LÓPEZ,Asfalto,S/D,VIII,Dentro,Urbana,S/D,S/D,Intersección,S/D,S/D,Diurna,S/D,Lateral,S/D,Colisión,S/D,S/D,S/D,S/D
2020,5987,2020-10-27,Martes,,,0,2,"Moto/Ciclomotor,Moto/Ciclomotor",Calle 61-La Rioja Y Calle 30-Lucas Funes,2,1,0,0,1,0,0,"    -29.16617, -59.65657",Calle,,RECONQUISTA,General Obligado,Asfalto,S/D,IX,Dentro,Urbana,S/D,S/D,Intersección,S/D,S/D,S/D,S/D,S/D,S/D,Colisión,S/D,S/D,S/D,S/D
2020,5988,2020-10-28,Miercoles,,,0,2,"Moto/Ciclomotor,Automóvil",Carlos Pellegrini Y Coronel Dorrego,2,1,0,0,1,0,0,"    -33.75403, -61.97088",Calle,,VENADO TUERTO,General LÓPEZ,S/D,S/D,VIII,Dentro,Urbana,S/D,S/D,Intersección,S/D,S/D,S/D,S/D,S/D,S/D,Colisión,S/D,S/D,S/D,S/D
2020,5989,2020-09-12,Sabado,13:10:00,,0,2,"Camión,Moto/Ciclomotor",Av Federico Carlos Sigel Y Moreno,5,3,0,0,1,1,0,"-29.34488, -59.9661",Calle,,MALABRIGO,General Obligado,S/D,S/D,IX,Dentro,Urbana,S/D,S/D,Intersección,S/D,S/D,Diurna,S/D,Lateral,S/D,Colisión,S/D,S/D,S/D,S/D
2020,5990,2020-10-27,Martes,,Ruta Provincial 1,0,1,Automóvil,,1,1,0,0,0,0,0,"    -29.18765, -59.64961",Ruta,1,RECONQUISTA,General Obligado,Asfalto,Natural,IX,Dentro,Urbana,S/D,No existe,Recta,S/D,S/D,Nocturna,S/D,Contra objeto fijo,S/D,Colisión,S/D,S/D,S/D,S/D
2020,5991,2020-09-18,Viernes,23:35:00,Ruta Provincial 14,200,1,Pickup/Utilitario,,5,2,0,0,2,1,0,"-34.32316, -62.05451",Ruta,14,SAN GREGORIO,General LÓPEZ,Asfalto,Natural,VIII,Dentro,Rural,Ninguna,No existe,Recta,Bueno,S/D,Nocturna,S/D,S/D,S/D,Vuelco,Ninguna,Faltante,Línea divisoria pintada,Sin restricción
2020,5992,2020-10-28,Miercoles,,,0,2,"Tracción animal / Carro,Automóvil",Calle 10-Ludue�a Y Calle 15-Patricio Diez,2,1,0,0,1,0,0,"    -29.1448, -59.64123",Calle,,RECONQUISTA,General Obligado,S/D,S/D,IX,Dentro,Urbana,S/D,S/D,Intersección,S/D,S/D,Diurna,S/D,S/D,S/D,Colisión,S/D,S/D,S/D,S/D
2020,5993,2020-10-29,Jueves,,,0,2,"Bicicleta,Automóvil",Calle 19-Habegger Y Calle 12 San Martin,3,2,0,0,1,0,0,"    -29.14676, -59.6427",Calle,,RECONQUISTA,General Obligado,Asfalto,S/D,IX,Dentro,Urbana,S/D,S/D,Intersección,S/D,S/D,S/D,S/D,S/D,Ciclista,Atropello,S/D,S/D,S/D,S/D
2020,5994,2020-10-30,Viernes,17:30:00,Ruta Provincial 40,0,2,"Moto/Ciclomotor,Pickup/Utilitario",Calle 44-27 de Abril,2,1,0,0,1,0,0,"    -29.15388, -59.66381",Ruta,40,RECONQUISTA,General Obligado,S/D,S/D,IX,Dentro,Urbana,S/D,S/D,Intersección,S/D,S/D,Diurna,S/D,S/D,S/D,Colisión,S/D,S/D,S/D,S/D
2020,5995,2020-10-30,Viernes,8:30:00,,0,2,"Moto/Ciclomotor,Automóvil",Calle 30-Lucas Funes Y Calle 23-Gral lopez,2,1,0,0,1,0,0,"    -29.14771, -59.65403",Calle,,RECONQUISTA,General Obligado,Asfalto,S/D,IX,Dentro,Urbana,S/D,S/D,Intersección,S/D,S/D,Diurna,S/D,S/D,S/D,Colisión,S/D,S/D,S/D,S/D
2020,5996,2020-10-31,Sabado,,,0,2,"Moto/Ciclomotor,Moto/Ciclomotor",Dr Jose Andres Valdez Y Gral Manuel Belgrano,2,1,0,0,1,0,0,"    -33.72834, -61.98067",Calle,,VENADO TUERTO,General LÓPEZ,Asfalto,S/D,VIII,S/D,Urbana,S/D,S/D,Intersección,S/D,S/D,Diurna,S/D,S/D,S/D,Colisión,S/D,S/D,S/D,S/D
2020,5997,2020-10-31,Sabado,,,0,2,"Pickup/Utilitario,Moto/Ciclomotor",1ro de Mayo Y P Gaggero,2,0,1,0,1,0,0,"    -30.79098, -60.58419",Calle,,SAN JUSTO,San Justo,Asfalto,S/D,XVI,Dentro,Urbana,S/D,S/D,Intersección,S/D,S/D,Diurna,S/D,Lateral,S/D,Colisión,S/D,S/D,S/D,S/D
2020,5998,2020-09-05,Sabado,2:50:00,,0,1,Moto/Ciclomotor,E Poggi Y Luis Maggi,1,0,0,0,0,1,0,"-31.23536, -61.5078",Calle,,RAFAELA,Castellanos,Asfalto,No existe,V,Dentro,Urbana,Ninguna,No existe,Intersección,Bueno,S/D,Nocturna,S/D,S/D,S/D,Cañda ocupante,Ninguna,Faltante,Ninguna,Sin restricción
2020,5999,2020-12-01,Martes,,,0,2,"Automóvil,Moto/Ciclomotor",,3,1,0,0,2,0,0,"-34.26341, -62.71196",S/D,,RUFINO,General LÓPEZ,S/D,S/D,VIII,S/D,S/D,S/D,S/D,S/D,S/D,S/D,S/D,S/D,S/D,S/D,S/D,S/D,S/D,S/D,S/D
2020,6000,2020-09-05,Sabado,6:40:00,,0,2,"Moto/Ciclomotor,Automóvil",Leandro N Alem Y 1ro de Mayo,3,0,0,0,2,1,0,"-30.94821, -61.56204",Calle,,SUNCHALES,Castellanos,Asfalto,No existe,V,Dentro,Urbana,Ninguna,No existe,Intersección,Bueno,S/D,Nocturna,S/D,S/D,S/D,Colisión,Ninguna,Faltante,Ninguna,Sin restricción
2020,6001,2020-12-01,Martes,,Ruta Nacional 11,0,2,"Pickup/Utilitario,Moto/Ciclomotor",Silverio Cordoba,2,0,1,0,1,0,0,"-32.73414, -60.74115",Ruta,11,SAN LORENZO,San Lorenzo,S/D,S/D,XVII,S/D,S/D,S/D,S/D,S/D,S/D,S/D,S/D,S/D,S/D,S/D,S/D,S/D,S/D,S/D,S/D
2020,6002,2020-12-01,Martes,10:20:00,,0,2,"Automóvil,Moto/Ciclomotor",Almte Brown 900,2,1,0,0,1,0,0,"-32.05009, -61.7849",S/D,,CARLOS PELLEGRINI,San MARTÍN,S/D,S/D,XVIII,S/D,S/D,S/D,S/D,S/D,S/D,S/D,S/D,S/D,S/D,S/D,S/D,S/D,S/D,S/D,S/D
2020,6003,2020-12-02,Miercoles,,Ruta Nacional 11,0,2,"Moto/Ciclomotor,Camión",Pte Roca,2,1,0,0,1,0,0,"-31.55443, -60.72764",Ruta,11,RECREO,La Capital,S/D,S/D,I,S/D,S/D,S/D,S/D,S/D,S/D,S/D,S/D,S/D,S/D,S/D,S/D,S/D,S/D,S/D,S/D
2020,6004,2020-12-02,Miercoles,20:15:00,,0,2,"Moto/Ciclomotor,Transporte de Pasajeros Urbano (> 8 asientos)",ECUADOR Y CAMINO DEL INMIGRANTE,2,1,0,0,1,0,0,"-33.03229, -60.60209",S/D,,VILLA GOBERNADOR GÁLVEZ,Rosario,S/D,S/D,II,S/D,S/D,S/D,S/D,S/D,S/D,S/D,S/D,S/D,S/D,S/D,S/D,S/D,S/D,S/D,S/D
2020,6005,2020-12-02,Miercoles,,Ruta Nacional 9,0,2,"Otros,Otros",Yatay,2,1,0,0,1,0,0,"-32.92405, -60.78275",Ruta,9,FUNES,Rosario,S/D,S/D,II,S/D,S/D,S/D,S/D,S/D,S/D,S/D,S/D,S/D,S/D,S/D,S/D,S/D,S/D,S/D,S/D
2020,6006,2020-12-02,Miercoles,,,0,2,"Bicicleta,Automóvil",GENERAL MANUEL BELGRANO Y SAN LORENZO,2,1,0,0,1,0,0,"-33.04378, -61.16038",S/D,,CASILDA,Caseros,S/D,S/D,IV,S/D,S/D,S/D,S/D,S/D,S/D,S/D,S/D,S/D,S/D,Ciclista,Atropello,S/D,S/D,S/D,S/D
2020,6007,2020-12-02,Miercoles,,,0,2,"Moto/Ciclomotor,Pickup/Utilitario",Boulevard Lisandro de la Torre Y Boulevard Ovidio Lagos,3,2,0,0,1,0,0,"-33.04448, -61.16426",S/D,,CASILDA,Caseros,S/D,S/D,IV,S/D,S/D,S/D,S/D,S/D,S/D,S/D,S/D,S/D,S/D,S/D,S/D,S/D,S/D,S/D,S/D
2020,6009,2020-12-02,Miercoles,,,0,2,"Moto/Ciclomotor,Pickup/Utilitario",,2,1,0,0,1,0,0,"-31.44985, -60.93",S/D,,ESPERANZA,Las Colonias,S/D,S/D,XI,S/D,S/D,S/D,S/D,S/D,S/D,S/D,S/D,S/D,S/D,S/D,S/D,S/D,S/D,S/D,S/D
2020,6010,2020-12-02,Miercoles,,,0,2,"Pickup/Utilitario,Camión",,4,4,0,0,0,0,0,"-31.44941, -60.93034",S/D,,ESPERANZA,Las Colonias,S/D,S/D,IX,S/D,S/D,S/D,S/D,S/D,S/D,S/D,S/D,S/D,S/D,S/D,S/D,S/D,S/D,S/D,S/D
2020,6011,2020-12-02,Miercoles,,,0,2,"Pickup/Utilitario,Moto/Ciclomotor",,2,1,0,0,1,0,0,"-32.03281, -61.21658",S/D,,GÁLVEZ,San JERÓNIMO,S/D,S/D,XV,S/D,S/D,S/D,S/D,S/D,S/D,S/D,S/D,S/D,S/D,S/D,S/D,S/D,S/D,S/D,S/D
2020,6012,2020-12-02,Miercoles,23:10:00,,0,2,"Moto/Ciclomotor,Otros",AV SAN MARTIN Y MALVINA ARGENTINAS,4,2,0,0,2,0,0,"-32.78244, -60.73275",S/D,,FRAY LUIS BELTRÁN,San Lorenzo,S/D,S/D,XVII,S/D,S/D,S/D,S/D,S/D,S/D,S/D,S/D,S/D,S/D,S/D,S/D,S/D,S/D,S/D,S/D
2020,6013,2020-12-03,Jueves,21:40:00,Ruta Nacional 11,383,2,"Moto/Ciclomotor,Peatón",,3,1,0,0,2,0,0,"-32.34648, -60.94489",Ruta,11,MONJE,San JERÓNIMO,S/D,S/D,XV,S/D,S/D,S/D,S/D,S/D,S/D,S/D,S/D,S/D,S/D,Peatón,Atropello,S/D,S/D,S/D,S/D