anio_acci,nro_acci,fecha,desc_dia,hora_aprox,desc_ruta,km,cant_participantes,desc_participante,calle_avenida_km,total,heridos_leves,heridos_graves,heridos_gravisimos,ilesos,fallecidos,sin_datos,posicion_XY,desc_tipo_via,desc_ruta_ori,desc_loc,desc_dpto,desc_tipo_calzada,desc_tipo_banquina,desc_unidad_regional,desc_lugar_calzada,desc_zona,desc_prioridad,desc_estado_semaforo,desc_lugar_via,desc_estado_via,desc_estado_visibilidad,desc_luminosidad,desc_estado_clima,desc_tipo_colision,desc_tipo_atropello,desc_tipo_hecho,desc_pres_calzada,desc_senializacion,desc_separacion_via,desc_restriccion
2020,6014,2020-12-05,Sabado,18:15:00,,0,2,"Peatón,Automóvil",,2,0,1,0,1,0,0,"-32.88955, -60.70981",S/D,,ROSARIO,Rosario,S/D,S/D,II,S/D,S/D,S/D,S/D,S/D,S/D,S/D,S/D,S/D,S/D,Peatón,Atropello,S/D,S/D,S/D,S/D
2020,6015,2020-12-05,Sabado,,,0,2,"Moto/Ciclomotor,Automóvil",Boulevard Cristobal Colon Y Vicente Lopez,3,1,0,0,2,0,0,"-33.05784, -61.16584",S/D,,CASILDA,Caseros,S/D,S/D,IV,S/D,S/D,S/D,S/D,S/D,S/D,S/D,S/D,S/D,S/D,S/D,S/D,S/D,S/D,S/D,S/D
2020,6016,2020-12-05,Sabado,22:35:00,,0,2,"Automóvil,Moto/Ciclomotor",LAVALLE,2,1,0,0,1,0,0,"-32.05095, -61.78257",S/D,,CARLOS PELLEGRINI,San MARTÍN,S/D,S/D,XVIII,S/D,S/D,S/D,S/D,S/D,S/D,S/D,S/D,S/D,S/D,S/D,S/D,S/D,S/D,S/D,S/D
2020,6017,2020-12-06,Domingo,,Ruta Provincial 2,0,1,Automóvil,,2,2,0,0,0,0,0,"-31.43478, -60.67389",Ruta,2,ARROYO AGUIAR,La Capital,S/D,S/D,I,S/D,S/D,S/D,S/D,S/D,S/D,S/D,S/D,S/D,S/D,S/D,Despiste,S/D,S/D,S/D,S/D
2020,6018,2020-12-06,Domingo,1:30:00,,0,2,"Moto/Ciclomotor,Automóvil",Serrano Y Reg.11 de Infanteria,2,1,0,0,1,0,0,"-31.59827, -60.69184",Calle,,ROSARIO,Rosario,Asfalto,No existe,II,Dentro,Urbana,Semáforo,Funciona,Intersección,Bueno,S/D,Nocturna,S/D,S/D,S/D,Colisión,S/D,Vertical,"Cordón divisorio,Vegetación,S/D",S/D
2020,6019,2020-12-06,Domingo,19:30:00,,0,2,"Bicicleta,Automóvil",Galvez Y San Lorenzo,2,1,0,0,1,0,0,"-31.59357, -60.93889",S/D,,FRANCK,Las Colonias,S/D,S/D,XI,S/D,S/D,S/D,S/D,S/D,S/D,S/D,S/D,S/D,S/D,Ciclista,Atropello,S/D,S/D,S/D,S/D
2020,6020,2020-12-04,Viernes,18:30:00,,0,2,"Moto/Ciclomotor,Pickup/Utilitario",Gomez Y Paganini,2,1,0,0,1,0,0,"-32.43078, -60.81832",S/D,,GABOTO,San JERÓNIMO,S/D,S/D,XV,S/D,S/D,S/D,S/D,S/D,S/D,S/D,S/D,S/D,S/D,S/D,S/D,S/D,S/D,S/D,S/D
2020,6021,2020-12-07,Lunes,,,0,2,"Moto/Ciclomotor,Otros",Av Pe�aloza Y Callejon Aguirre,3,0,2,0,0,0,1,"-31.58308, -60.71144",S/D,,SANTA FE,La Capital,S/D,S/D,I,S/D,S/D,S/D,S/D,S/D,S/D,S/D,S/D,S/D,S/D,S/D,S/D,S/D,S/D,S/D,S/D
2020,6022,2020-12-07,Lunes,12:50:00,,0,2,"Automóvil,Moto/Ciclomotor",San Luis Y Callao,2,1,0,0,1,0,0,"-32.94514, -60.66079",S/D,,ROSARIO,Rosario,S/D,S/D,II,S/D,S/D,S/D,S/D,S/D,S/D,S/D,S/D,S/D,S/D,S/D,S/D,S/D,S/D,S/D,S/D
2020,6023,2020-12-07,Lunes,,,0,2,"Moto/Ciclomotor,Automóvil",Moreno Y Alem,2,1,0,0,1,0,0,"-32.77824, -60.7334",S/D,,FRAY LUIS BELTRÁN,San Lorenzo,S/D,S/D,XVII,S/D,S/D,S/D,S/D,S/D,S/D,S/D,S/D,S/D,S/D,S/D,S/D,S/D,S/D,S/D,S/D
2020,6024,2020-12-07,Lunes,22:50:00,,0,2,"Pickup/Utilitario,Moto/Ciclomotor",Bv 9 de Julio,2,1,0,0,1,0,0,"-31.89451, -61.86674",S/D,,SAN JORGE,San MARTÍN,S/D,S/D,XVIII,S/D,S/D,S/D,S/D,S/D,S/D,S/D,S/D,S/D,S/D,S/D,S/D,S/D,S/D,S/D,S/D
2020,6025,2020-12-06,Domingo,6:45:00,,0,2,"Moto/Ciclomotor,Moto/Ciclomotor",9 de Julio Y Agustin Justo,3,0,2,0,1,0,0,"-29.88296, -60.28147",S/D,,CALCHAQUÍ,Vera,S/D,S/D,XIX,S/D,S/D,S/D,S/D,S/D,S/D,S/D,S/D,S/D,S/D,S/D,S/D,S/D,S/D,S/D,S/D
2020,6026,2020-12-08,Martes,,,0,2,"Moto/Ciclomotor,Automóvil",La Pampa Y Catamarca,3,2,0,0,1,0,0,"-29.22584, -61.76593",S/D,,TOSTADO,9 de Julio,S/D,S/D,XII,S/D,S/D,S/D,S/D,S/D,S/D,S/D,S/D,S/D,S/D,S/D,S/D,S/D,S/D,S/D,S/D
2020,6027,2020-12-01,Martes,19:05:00,Ruta Nacional 19,123,2,"Moto/Ciclomotor,Pickup/Utilitario",,2,1,1,0,0,0,0,"-31.43274, -62.00655",Ruta,19,JOSEFINA,Castellanos,S/D,S/D,V,S/D,S/D,S/D,S/D,S/D,S/D,S/D,S/D,S/D,S/D,S/D,S/D,S/D,S/D,S/D,S/D
2020,6028,2020-11-16,Lunes,19:40:00,,0,2,"Bicicleta,Automóvil",Iturraspe Y Francia,2,1,0,0,1,0,0,"-31.62745, -60.70938",Calle,,SANTA FE,La Capital,Asfalto,No existe,I,S/D,Urbana,Semáforo,Funciona,Intersección,Bueno,Buena,Atardecer,Buen Tiempo,S/D,Ciclista,Atropello,Ninguna,Vertical,Línea divisoria pintada,Sin restricción
2020,6029,2020-11-16,Lunes,8:30:00,,0,2,"Automóvil,Bicicleta",Av Gral Paz Y Padilla,2,1,0,0,1,0,0,"-31.62414, -60.68866",Avenida,,SANTA FE,La Capital,Asfalto,No existe,I,S/D,Urbana,Ninguna,No existe,Intersección,Bueno,S/D,Diurna,Buen Tiempo,S/D,Ciclista,Atropello,Ninguna,S/D,Ninguna,Sin restricción
2020,6030,2020-11-16,Lunes,22:30:00,,0,2,"Pickup/Utilitario,Bicicleta",Alvear,2,1,0,0,1,0,0,"-31.6242, -60.69276",Calle,,SANTA FE,La Capital,Asfalto,No existe,I,Dentro,Urbana,Ninguna,No existe,S/D,Bueno,Reducida,Nocturna,Buen Tiempo,S/D,Ciclista,Atropello,Ninguna,S/D,Ninguna,Sin restricción
2020,6031,2020-11-16,Lunes,18:25:00,,0,2,"Automóvil,Moto/Ciclomotor",P.Harris Y Av. de los Trabajadores,4,1,0,0,3,0,0,"-32.91072, -60.68035",Calle,,ROSARIO,Rosario,Asfalto,S/D,II,S/D,Urbana,S/D,S/D,Intersección,Bueno,Buena,Diurna,Buen Tiempo,Frontal,S/D,Colisión,S/D,Faltante,S/D,S/D
2020,6032,2020-11-16,Lunes,13:10:00,,0,2,"Vehículo Oficial,Automóvil",San Lorenzo Y Balcarce,2,1,0,0,1,0,0,"-32.94171, -60.65138",Calle,,ROSARIO,Rosario,Asfalto,S/D,II,S/D,Urbana,S/D,S/D,Intersección,S/D,S/D,Diurna,S/D,S/D,S/D,Colisión,S/D,S/D,S/D,S/D
2020,6033,2020-11-16,Lunes,22:30:00,,0,2,"Moto/Ciclomotor,Automóvil",Cordoba Y Suipacha,3,2,0,0,1,0,0,"-32.94176, -60.66416",Calle,,ROSARIO,Rosario,Asfalto,S/D,II,S/D,Urbana,S/D,S/D,Intersección,Bueno,S/D,Nocturna,S/D,S/D,S/D,Colisión,S/D,S/D,S/D,S/D
2020,6034,2020-11-16,Lunes,19:35:00,Ruta Provincial 68,30,2,"Automóvil,Pickup/Utilitario",,6,4,2,0,0,0,0,"-31.14034, -61.03784",Ruta,68,HIPATIA,Las Colonias,Tierra,No existe,XI,Dentro,Rural,Ninguna,No existe,Recta,Deteriorada,Reducida polvo,Atardecer,Buen Tiempo,Frontal,S/D,Colisión,Ninguna,Faltante,Ninguna,Sin restricción
2020,6035,2020-11-16,Lunes,12:40:00,Autovía Nacional 19,13,1,Automóvil,,2,2,0,0,0,0,0,"-31.64857, -60.90824",Autovía,19,SAN AGUSTÍN,Las Colonias,Asfalto,Natural,XI,Fuera,Rural,Ninguna,No existe,Recta,Bueno,Buena,Diurna,Buen Tiempo,S/D,S/D,Vuelco,Ninguna,Faltante,Vegetación,Sin restricción
2020,6036,2020-12-05,Sabado,22:40:00,,0,1,Automóvil,,1,1,0,0,0,0,0,"-31.52348, -60.74763",S/D,,SANTA FE,La Capital,S/D,S/D,I,S/D,S/D,S/D,S/D,S/D,S/D,S/D,S/D,S/D,S/D,S/D,Despiste,S/D,S/D,S/D,S/D
2020,6037,2020-12-06,Domingo,22:30:00,Ruta Nacional 11,786,2,"Moto/Ciclomotor,Automóvil",,2,1,0,0,1,0,0,"-29.23668, -59.72867",Ruta,11,RECONQUISTA,General Obligado,S/D,S/D,IX,S/D,S/D,S/D,S/D,S/D,S/D,S/D,S/D,S/D,S/D,S/D,S/D,S/D,S/D,S/D,S/D
2020,6038,2020-12-01,Martes,,Ruta Provincial 70,24,1,Pickup/Utilitario,,2,2,0,0,0,0,0,"-31.38479, -61.11268",Ruta,70,HUMBOLDT,Las Colonias,S/D,S/D,XI,S/D,S/D,S/D,S/D,S/D,S/D,S/D,S/D,S/D,S/D,S/D,Vuelco,S/D,S/D,S/D,S/D
2020,6039,2020-11-16,Lunes,9:00:00,,0,2,"Automóvil,Automóvil",Juan Jose Paso Y 25 de Mayo,2,1,0,0,1,0,0,"-31.39239, -61.08229",Calle,,HUMBOLDT,Las Colonias,Hormigón,No existe,XI,S/D,Urbana,S/D,No existe,Intersección,Bueno,Buena,Diurna,S/D,S/D,S/D,Colisión,Ninguna,Faltante,S/D,S/D
2020,6040,2020-11-16,Lunes,21:20:00,,0,2,"Automóvil,Bicicleta",Mariano Moreno 800,2,0,1,0,1,0,0,"-31.45945, -60.93566",S/D,,ESPERANZA,Las Colonias,Asfalto,No existe,XI,S/D,S/D,S/D,S/D,Recta,Bueno,Reducida,"Nocturna,Con luz artificial",Buen Tiempo,S/D,Ciclista,Atropello,Ninguna,S/D,Ninguna,Sin restricción
2020,6041,2020-11-16,Lunes,18:00:00,,0,2,"Automóvil,Moto/Ciclomotor",San Martin Y Leiva M,2,1,0,0,1,0,0,"-29.46779, -60.21216",Calle,,VERA,Vera,Asfalto,S/D,XIX,S/D,Urbana,Ninguna,No existe,Intersección,Bueno,Buena,Atardecer,Buen Tiempo,S/D,S/D,Colisión,Ninguna,S/D,Ninguna,S/D
2020,6042,2020-11-16,Lunes,11:00:00,,0,2,"Taxi/Remis,Bicicleta",Av Leandro Alem Y La Rioja,2,1,0,0,1,0,0,"-31.6469, -60.70206",Avenida,,SANTA FE,La Capital,Asfalto,Pavimento,I,Dentro,Urbana,Semáforo,Funciona,Intersección,Bueno,Buena,Diurna,Buen Tiempo,S/D,Ciclista,Atropello,Ninguna,Faltante,Ninguna,Sin restricción
2020,6043,2020-12-02,Miercoles,9:30:00,,0,1,Automóvil,,2,1,1,0,0,0,0,"-31.09997, -60.09417",S/D,,HELVECIA,Garay,S/D,S/D,VII,S/D,S/D,S/D,S/D,S/D,S/D,S/D,S/D,S/D,S/D,S/D,S/D,S/D,S/D,S/D,S/D
2020,6044,2020-11-16,Lunes,0:10:00,,0,2,"Automóvil,Moto/Ciclomotor",P Opicci Y Mitre,2,1,0,0,1,0,0,"-33.02452, -60.63449",Calle,,VILLA GOBERNADOR GÁLVEZ,Rosario,Asfalto,S/D,II,S/D,Urbana,S/D,Funciona,Intersección,Bueno,S/D,Nocturna,S/D,S/D,S/D,Colisión,S/D,S/D,S/D,S/D
2020,6045,2020-12-03,Jueves,13:55:00,,0,2,"Moto/Ciclomotor,Moto/Ciclomotor",Balcarce Y Maipu,2,1,0,0,1,0,0,"-33.7429, -61.95936",S/D,,VENADO TUERTO,General LÓPEZ,S/D,S/D,VIII,S/D,S/D,S/D,S/D,S/D,S/D,S/D,S/D,S/D,S/D,S/D,S/D,S/D,S/D,S/D,S/D
2020,6046,2020-11-16,Lunes,11:10:00,,0,2,"Peatón,Automóvil",Eva Peron Y Av Gral San Martin,2,0,0,0,1,1,0,"-33.02691, -60.62298",Calle,,VILLA GOBERNADOR GÁLVEZ,Rosario,Asfalto,No existe,II,Dentro,Urbana,Ninguna,Funciona,Intersección,Bueno,Buena,Diurna,Buen Tiempo,S/D,Peatón,Atropello,Ninguna,Faltante,Ninguna,Sin restricción
2020,6047,2020-12-03,Jueves,21:00:00,,0,2,"Moto/Ciclomotor,Automóvil",España Y P Jose T Maxwell,3,2,0,0,1,0,0,"-33.72698, -61.97576",S/D,,VENADO TUERTO,General LÓPEZ,S/D,S/D,VII,S/D,S/D,S/D,S/D,S/D,S/D,S/D,S/D,S/D,S/D,S/D,S/D,S/D,S/D,S/D,S/D
2020,6048,2020-12-03,Jueves,,,0,1,Automóvil,E Oliber Y Constitucion,1,1,0,0,0,0,0,"-31.26006, -61.48681",S/D,,RAFAELA,Castellanos,S/D,S/D,V,S/D,S/D,S/D,S/D,S/D,S/D,S/D,S/D,S/D,S/D,S/D,Vuelco,S/D,S/D,S/D,S/D
2020,6049,2020-11-16,Lunes,15:45:00,,0,2,"Automóvil,Moto/Ciclomotor",Brasil Y Velez Sarsfield,2,0,1,0,1,0,0,"-32.92627, -60.72018",Calle,,ROSARIO,Rosario,Asfalto,No existe,II,Dentro,Urbana,Ninguna,No existe,Intersección,S/D,Buena,Diurna,Buen Tiempo,De alcance,S/D,Colisión,Ninguna,Faltante,Ninguna,Sin restricción
2020,6050,2020-12-03,Jueves,19:30:00,,0,2,"Automóvil,Automóvil",Calle 12 San Martin Y Calle 15-Patricio Diez,2,1,0,0,1,0,0,"-29.14465, -59.64258",S/D,,RECONQUISTA,General Obligado,S/D,S/D,IX,S/D,S/D,S/D,S/D,S/D,S/D,S/D,S/D,S/D,S/D,S/D,S/D,S/D,S/D,S/D,S/D
2020,6051,2020-12-03,Jueves,19:00:00,,0,2,"Moto/Ciclomotor,Automóvil",Bv. Balcarce Y Schnaur,3,2,0,0,1,0,0,"-32.82172, -61.39441",S/D,,CAÑADA DE GÓMEZ,Iriondo,S/D,S/D,X,S/D,S/D,S/D,S/D,S/D,S/D,S/D,S/D,S/D,S/D,S/D,S/D,S/D,S/D,S/D,S/D
2020,6052,2020-11-16,Lunes,18:15:00,,0,2,"Moto/Ciclomotor,Automóvil",Av. Jorge Newbery Y Sanchez de Loria,2,2,0,0,0,0,0,"-32.90857, -60.73301",Avenida,,ROSARIO,Rosario,Asfalto,No existe,II,Dentro,Urbana,Ninguna,No existe,Intersección,Bueno,S/D,Atardecer,Buen Tiempo,S/D,S/D,Colisión,Ninguna,S/D,Ninguna,Sin restricción
2020,6053,2020-12-03,Jueves,18:00:00,,0,2,"Pickup/Utilitario,Automóvil",Soldado Aguirre Y San Nicolas,2,2,0,0,0,0,0,"-33.02943, -60.63973",S/D,,VILLA GOBERNADOR GÁLVEZ,Rosario,S/D,S/D,II,S/D,S/D,S/D,S/D,S/D,S/D,S/D,S/D,S/D,S/D,S/D,S/D,S/D,S/D,S/D,S/D
2020,6054,2020-11-16,Lunes,11:55:00,,0,2,"Automóvil,Moto/Ciclomotor",Dean Funes Y Montes Carballo,3,2,0,0,1,0,0,"-32.96813, -60.73208",Calle,,ROSARIO,Rosario,Asfalto,Pavimento,II,S/D,Urbana,Ninguna,No existe,Intersección,Bueno,Buena,"Nocturna,Con luz artificial",Buen Tiempo,S/D,S/D,Colisión,Ninguna,Faltante,Ninguna,Sin restricción
2020,6055,2020-12-04,Viernes,11:40:00,,0,2,"Automóvil,Moto/Ciclomotor",26 de Abril Y 9 de Julio,3,2,0,0,1,0,0,"-33.75186, -61.9828",S/D,,VENADO TUERTO,General LÓPEZ,S/D,S/D,VIII,S/D,S/D,S/D,S/D,S/D,S/D,S/D,S/D,S/D,S/D,S/D,S/D,S/D,S/D,S/D,S/D
2020,6056,2020-11-16,Lunes,2:15:00,,0,2,"Peatón,Automóvil",Bv. 27 De Febrero Y P.L.Funes,2,0,1,0,0,0,1,"-32.95899, -60.70045",Avenida,,ROSARIO,Rosario,Asfalto,Pavimento,II,S/D,Urbana,Ninguna,No existe,Intersección,Otro,Reducida,"Nocturna,Con luz artificial",Buen Tiempo,S/D,Peatón,Atropello,Ninguna,Faltante,Ninguna,Sin restricción
2020,6057,2020-11-16,Lunes,19:00:00,,0,2,"Moto/Ciclomotor,Automóvil",Av. Francia Y Av. Ntra.Sra.del Rosario,3,2,0,0,1,0,0,"-33.00097, -60.67784",Calle,,ROSARIO,Rosario,Asfalto,No existe,II,Dentro,Urbana,Ninguna,No existe,Intersección,Bueno,Buena,Atardecer,Buen Tiempo,Lateral,S/D,Colisión,Ninguna,Faltante,Ninguna,Sin restricción
2020,6058,2020-12-04,Viernes,,,0,2,"Bicicleta,Moto/Ciclomotor",Italia Y Martin de Pueyrredon,2,1,0,0,1,0,0,"-33.73989, -61.96308",S/D,,VENADO TUERTO,General LÓPEZ,S/D,S/D,VIII,S/D,S/D,S/D,S/D,S/D,S/D,S/D,S/D,S/D,S/D,Ciclista,Atropello,S/D,S/D,S/D,S/D
2020,6059,2020-12-04,Viernes,,,0,2,"Bicicleta,Moto/Ciclomotor",Vuelta de Obligado Y 3 de Febrero,2,1,0,0,1,0,0,"-33.76401, -61.95794",S/D,,VENADO TUERTO,General LÓPEZ,S/D,S/D,VII,S/D,S/D,S/D,S/D,S/D,S/D,S/D,S/D,S/D,S/D,Ciclista,Atropello,S/D,S/D,S/D,S/D
2020,6060,2020-11-16,Lunes,17:00:00,,0,2,"Moto/Ciclomotor,Automóvil",Biedma Y Colon,2,1,0,0,1,0,0,"-32.98365, -60.63429",Calle,,ROSARIO,Rosario,Asfalto,No existe,II,Dentro,Urbana,Ninguna,No existe,Intersección,Bueno,Buena,Diurna,Buen Tiempo,Lateral,S/D,Colisión,Ninguna,Faltante,Ninguna,Sin restricción
2020,6061,2020-12-04,Viernes,17:00:00,Autovía Nacional 19,102,2,"Automóvil,Automóvil",,5,5,0,0,0,0,0,"-31.49774, -61.67479",Autovía,19,MARIA JUANA,Castellanos,S/D,S/D,V,S/D,S/D,S/D,S/D,S/D,S/D,S/D,S/D,S/D,S/D,S/D,S/D,S/D,S/D,S/D,S/D
2020,6062,2020-11-17,Martes,10:20:00,,0,2,"Moto/Ciclomotor,Bicicleta",Av Freyre Y Hipolito Yrigoyen,2,1,0,0,1,0,0,"-31.64016, -60.71678",S/D,,SANTA FE,La Capital,Asfalto,No existe,I,S/D,S/D,Ninguna,No existe,Intersección,Bueno,Buena,Diurna,Buen Tiempo,S/D,Ciclista,Atropello,Ninguna,Faltante,Ninguna,Sin restricción
2020,6063,2020-12-04,Viernes,13:10:00,,0,1,Moto/Ciclomotor,Calle 10-Ludue�a Y Calle 47-Islas Malvinas,1,1,0,0,0,0,0,"-29.16188, -59.64377",S/D,,RECONQUISTA,General Obligado,S/D,S/D,IX,S/D,S/D,S/D,S/D,S/D,S/D,S/D,S/D,S/D,S/D,S/D,Vuelco,S/D,S/D,S/D,S/D
2020,6064,2020-11-17,Martes,22:20:00,,0,2,"Automóvil,Moto/Ciclomotor",Bv Pellegrini 3500,2,1,0,0,1,0,0,"-31.63308, -60.71471",Calle,,SANTA FE,La Capital,Hormigón,No existe,I,S/D,Urbana,Ninguna,No existe,Intersección,Bueno,Reducida,"Nocturna,Con luz artificial",Buen Tiempo,Lateral,S/D,Colisión,Ninguna,Vertical,Ninguna,Sin restricción
2020,6065,2020-11-17,Martes,18:00:00,,0,2,"Moto/Ciclomotor,Pickup/Utilitario",Av Blas Parera Y Gorostiaga,2,1,0,0,1,0,0,"-31.60699, -60.71988",Avenida,,SANTA FE,La Capital,Asfalto,No existe,I,S/D,Urbana,Semáforo,Funciona,Intersección,Bueno,Buena,Atardecer,Buen Tiempo,Lateral,S/D,Colisión,Ninguna,Vertical,Línea divisoria pintada,Sin restricción
2020,6066,2020-11-17,Martes,13:40:00,,0,2,"Taxi/Remis,Moto/Ciclomotor",French Y Alberdi,2,1,0,0,1,0,0,"-31.59511, -60.67969",Calle,,SANTA FE,La Capital,S/D,No existe,I,Dentro,Urbana,Ninguna,No existe,Intersección,S/D,Reducida,Diurna,S/D,S/D,S/D,Colisión,S/D,Horizontal,Ninguna,Sin restricción
2020,6067,2020-11-17,Martes,19:20:00,,0,2,"Moto/Ciclomotor,Automóvil",Dorrego Y Liniers,2,1,0,0,1,0,0,"-32.7832, -60.72858",Calle,,FRAY LUIS BELTRÁN,San Lorenzo,Asfalto,Pavimento,XVII,S/D,Urbana,Ninguna,No existe,Intersección,Con baches,S/D,Atardecer,Buen Tiempo,S/D,S/D,Colisión,S/D,Vertical,Ninguna,Sin restricción
2020,6068,2020-11-17,Martes,17:15:00,Autopista Nacional A012,65,2,"Moto/Ciclomotor,Automóvil",Ayohuma,2,1,0,0,1,0,0,"-32.7667, -60.74184",Autopista,A012,SAN LORENZO,San Lorenzo,S/D,S/D,XVII,S/D,Urbana,S/D,S/D,Recta,S/D,S/D,Diurna,S/D,S/D,S/D,Colisión,S/D,S/D,S/D,S/D
2020,6069,2020-12-05,Sabado,,,0,2,"Bicicleta,Pickup/Utilitario",3 de Febrero Y Rafaela,2,1,0,0,1,0,0,"-31.45027, -60.91684",S/D,,ESPERANZA,Las Colonias,S/D,S/D,IX,S/D,S/D,S/D,S/D,S/D,S/D,S/D,S/D,S/D,S/D,Ciclista,Atropello,S/D,S/D,S/D,S/D
2020,6070,2020-12-05,Sabado,,Ruta Provincial 70,0,1,Moto/Ciclomotor,RUTA 6,2,2,0,0,0,0,0,"-31.44542, -60.91539",Ruta,70,ESPERANZA,Las Colonias,S/D,S/D,IX,S/D,Urbana,S/D,S/D,S/D,S/D,S/D,S/D,S/D,S/D,S/D,S/D,S/D,S/D,S/D,S/D
2020,6071,2020-12-05,Sabado,10:00:00,,0,2,"Automóvil,Moto/Ciclomotor",Calle 71-Nicaragua Y Calle 12 San Martin,2,1,0,0,1,0,0,"-29.1714, -59.64618",S/D,,RECONQUISTA,General Obligado,S/D,S/D,IX,S/D,S/D,S/D,S/D,S/D,S/D,S/D,S/D,S/D,S/D,S/D,S/D,S/D,S/D,S/D,S/D
2020,6072,2020-12-05,Sabado,12:00:00,,0,1,Moto/Ciclomotor,Mitre Y Juan de Garay,1,1,0,0,0,0,0,"-31.73779, -61.09847",S/D,,SAN CARLOS CENTRO,Las Colonias,S/D,S/D,IX,S/D,S/D,S/D,S/D,S/D,S/D,S/D,S/D,S/D,S/D,S/D,S/D,S/D,S/D,S/D,S/D
2020,6073,2020-12-05,Sabado,19:25:00,,0,1,Pickup/Utilitario,España Y Pje Juan Pablo I,1,1,0,0,0,0,0,"-29.45763, -60.21417",S/D,,VERA,Vera,S/D,S/D,XIX,S/D,S/D,S/D,S/D,S/D,S/D,S/D,S/D,S/D,S/D,S/D,S/D,S/D,S/D,S/D,S/D
2020,6074,2020-12-05,Sabado,21:40:00,Ruta Nacional 11,0,2,"Moto/Ciclomotor,Automóvil",Calle 105-Alicia Moreau,3,3,0,0,0,0,0,"-29.18337, -59.65134",Ruta,11,RECONQUISTA,General Obligado,S/D,S/D,IX,S/D,Urbana,S/D,S/D,S/D,S/D,S/D,S/D,S/D,S/D,S/D,S/D,S/D,S/D,S/D,S/D
2020,6075,2020-12-06,Domingo,3:30:00,,0,2,"Moto/Ciclomotor,Pickup/Utilitario",Roca Y Bv 12 de octubre,3,2,0,0,1,0,0,"-33.75702, -61.97246",S/D,,VENADO TUERTO,General LÓPEZ,S/D,S/D,VIII,S/D,S/D,S/D,S/D,S/D,S/D,S/D,S/D,S/D,S/D,S/D,S/D,S/D,S/D,S/D,S/D
2020,6076,2020-12-06,Domingo,21:25:00,,0,2,"Automóvil,Moto/Ciclomotor",Garibaldi,3,2,0,0,1,0,0,"-33.7499, -61.9526",S/D,,VENADO TUERTO,General LÓPEZ,S/D,S/D,VIII,S/D,S/D,S/D,S/D,S/D,S/D,S/D,S/D,S/D,S/D,S/D,S/D,S/D,S/D,S/D,S/D
2020,6077,2020-12-06,Domingo,22:00:00,,0,2,"Moto/Ciclomotor,Moto/Ciclomotor",Chaco Y Alsina V,2,2,0,0,0,0,0,"-33.7436, -61.94801",S/D,,VENADO TUERTO,General LÓPEZ,S/D,S/D,VIII,S/D,S/D,S/D,S/D,S/D,S/D,S/D,S/D,S/D,S/D,S/D,S/D,S/D,S/D,S/D,S/D
2020,6078,2020-12-06,Domingo,9:00:00,,0,1,Automóvil,Av. Circunvalacion Y Mendoza,1,1,0,0,0,0,0,"-32.94669, -60.72205",Avenida,,ROSARIO,Rosario,S/D,S/D,II,S/D,S/D,S/D,S/D,S/D,S/D,S/D,S/D,S/D,S/D,S/D,S/D,S/D,S/D,S/D,S/D
2020,6079,2020-12-06,Domingo,,,0,2,"Moto/Ciclomotor,Pickup/Utilitario",Av Independencia Y 1ro de Mayo,2,1,0,0,1,0,0,"-32.94669, -60.72205",S/D,,SUNCHALES,Castellanos,S/D,S/D,V,S/D,S/D,S/D,S/D,S/D,S/D,S/D,S/D,S/D,S/D,S/D,S/D,S/D,S/D,S/D,S/D
2020,6080,2020-12-07,Lunes,16:20:00,,0,2,"Pickup/Utilitario,Moto/Ciclomotor",Ituzaingo Y Turner S,2,1,0,0,1,0,0,"-33.76326, -61.96036",S/D,,VENADO TUERTO,General LÓPEZ,S/D,S/D,VIII,S/D,S/D,S/D,S/D,S/D,S/D,S/D,S/D,S/D,S/D,S/D,S/D,S/D,S/D,S/D,S/D
2020,6081,2020-12-07,Lunes,23:40:00,Ruta Nacional 33,0,1,Moto/Ciclomotor,Lisandro de la Torre,1,1,0,0,0,0,0,"-33.72146, -61.99461",Ruta,33,VENADO TUERTO,General LÓPEZ,S/D,S/D,VIII,S/D,S/D,S/D,S/D,S/D,S/D,S/D,S/D,S/D,S/D,S/D,S/D,S/D,S/D,S/D,S/D
2020,6082,2020-12-07,Lunes,23:40:00,,0,2,"Automóvil,Moto/Ciclomotor",Quintana Y Juan Lavalle,4,2,0,0,2,0,0,"-33.73737, -61.97814",S/D,,VENADO TUERTO,General LÓPEZ,S/D,S/D,VIII,S/D,S/D,S/D,S/D,S/D,S/D,S/D,S/D,S/D,S/D,S/D,S/D,S/D,S/D,S/D,S/D
2020,6083,2020-12-06,Domingo,,,0,2,"Moto/Ciclomotor,Moto/Ciclomotor",Bv. 27 De Febrero Y Lima,4,2,0,0,2,0,0,"-32.95961, -60.68855",S/D,,ROSARIO,Rosario,Asfalto,No existe,II,S/D,S/D,Ninguna,No existe,Intersección,S/D,S/D,S/D,S/D,S/D,S/D,Colisión,S/D,Faltante,"Cordón divisorio,S/D",S/D
2020,6084,2020-12-07,Lunes,3:30:00,Ruta Nacional 11,0,2,"Moto/Ciclomotor,Automóvil",,2,0,1,0,1,0,0,"-31.66687, -60.74751",Ruta,11,SANTA FE,La Capital,S/D,S/D,I,S/D,S/D,S/D,S/D,S/D,S/D,S/D,S/D,S/D,S/D,S/D,S/D,S/D,S/D,S/D,S/D
2020,6085,2020-12-08,Martes,15:50:00,,0,1,Automóvil,Mariano Lopez Y Santa Fe,1,1,0,0,0,0,0,"-33.71869, -61.977",S/D,,VENADO TUERTO,General LÓPEZ,S/D,S/D,VIII,S/D,S/D,S/D,S/D,S/D,S/D,S/D,S/D,S/D,S/D,S/D,Vuelco,S/D,S/D,S/D,S/D
2020,6086,2020-12-08,Martes,,,0,1,Automóvil,,1,1,0,0,0,0,0,"-31.25346, -61.49197",S/D,,RAFAELA,Castellanos,S/D,S/D,V,S/D,S/D,S/D,S/D,S/D,S/D,S/D,S/D,S/D,S/D,S/D,Vuelco,S/D,S/D,S/D,S/D
2020,6087,2020-11-17,Martes,20:30:00,,0,2,"Automóvil,Moto/Ciclomotor",M de Iriondo Y Cochabamba,2,1,0,0,1,0,0,"-32.75399, -60.74031",Calle,,SAN LORENZO,San Lorenzo,S/D,S/D,XVII,S/D,Urbana,S/D,S/D,Intersección,S/D,S/D,Nocturna,S/D,S/D,S/D,Colisión,S/D,S/D,S/D,S/D
2020,6088,2020-11-17,Martes,1:25:00,,0,2,"Automóvil,Moto/Ciclomotor",Bv. Bouchard Y B.Alvarez,4,3,0,0,1,0,0,"-32.89029, -60.73084",Avenida,,ROSARIO,Rosario,Asfalto,No existe,II,Fuera,Urbana,Ninguna,S/D,Intersección,Bueno,S/D,Nocturna,Buen Tiempo,S/D,S/D,Colisión,S/D,S/D,S/D,Sin restricción
2020,6089,2020-11-17,Martes,18:40:00,,0,2,"Moto/Ciclomotor,Automóvil",Av. Provincias Unidas 1300,3,1,0,0,2,0,0,"-32.94362, -60.71252",Avenida,,ROSARIO,Rosario,Asfalto,S/D,II,S/D,Urbana,S/D,S/D,Recta,Bueno,S/D,Atardecer,S/D,S/D,S/D,Colisión,S/D,S/D,S/D,S/D
2020,6090,2020-10-28,Miercoles,19:00:00,,0,2,"Moto/Ciclomotor,Peatón",Ituzaingo 1300,2,1,0,0,1,0,0,"    -29.89046, -60.29102",Calle,,CALCHAQUÍ,Vera,Ripio,S/D,XIX,S/D,S/D,Ninguna,No existe,Recta,Bueno,Buena,Atardecer,S/D,S/D,Peatón,Atropello,Ninguna,S/D,Cordón divisorio,Sin restricción