anio_acci,nro_acci,fecha,desc_dia,hora_aprox,desc_ruta,km,cant_participantes,desc_participante,calle_avenida_km,total,heridos_leves,heridos_graves,heridos_gravisimos,ilesos,fallecidos,sin_datos,posicion_XY,desc_tipo_via,desc_ruta_ori,desc_loc,desc_dpto,desc_tipo_calzada,desc_tipo_banquina,desc_unidad_regional,desc_lugar_calzada,desc_zona,desc_prioridad,desc_estado_semaforo,desc_lugar_via,desc_estado_via,desc_estado_visibilidad,desc_luminosidad,desc_estado_clima,desc_tipo_colision,desc_tipo_atropello,desc_tipo_hecho,desc_pres_calzada,desc_senializacion,desc_separacion_via,desc_restriccion
2020,6091,2020-11-17,Martes,16:45:00,,0,2,"Moto/Ciclomotor,Automóvil",Dorrego Y Viamonte,2,1,0,0,1,0,0,"-32.96333, -60.65398",Calle,,ROSARIO,Rosario,Asfalto,No existe,II,Dentro,Urbana,Ninguna,No existe,Intersección,Bueno,Buena,Diurna,Buen Tiempo,Lateral,S/D,Colisión,Ninguna,Faltante,Ninguna,Sin restricción
2020,6092,2020-11-27,Viernes,22:30:00,,0,1,Moto/Ciclomotor,Av A del Valle Y French,1,1,0,0,0,0,0,"-31.5924, -60.69216",Avenida,,SANTA FE,La Capital,Asfalto,Pavimento,I,Dentro,Urbana,Ninguna,No existe,Recta,Bueno,Buena,Nocturna,Buen Tiempo,S/D,S/D,Despiste,Ninguna,Vertical,Ninguna,Sin restricción
2020,6093,2020-11-27,Viernes,17:50:00,,0,2,"Moto/Ciclomotor,Otros",Av Facundo Zuviria Y Reg 12 de Infanteria,3,2,0,0,0,0,1,"    -31.59652, -60.70043",Avenida,,SANTA FE,La Capital,Asfalto,S/D,I,Dentro,Urbana,S/D,No existe,Recta,Bueno,Buena,Diurna,S/D,Lateral,S/D,Colisión,Ninguna,Vertical,Ninguna,S/D
2020,6094,2020-11-17,Martes,13:30:00,,0,2,"Pickup/Utilitario,Moto/Ciclomotor",Neuquen Y Pinto Lucero,4,1,1,0,2,0,0,"-33.75454, -61.93943",Calle,,VENADO TUERTO,General LÓPEZ,Tierra,No existe,VIII,Dentro,Urbana,Ninguna,No existe,Intersección,Otro,Buena,Diurna,Buen Tiempo,Frontal,S/D,Colisión,S/D,Faltante,Ninguna,Sin restricción
2020,6095,2020-11-17,Martes,18:15:00,,0,2,"Moto/Ciclomotor,Automóvil",L N Alem Y N Figueredo,2,0,1,0,1,0,0,"-30.79218, -60.58687",Calle,,SAN JUSTO,San Justo,Asfalto,No existe,XVI,Dentro,Urbana,Ninguna,No existe,Intersección,Bueno,Buena,Diurna,Buen Tiempo,Lateral,S/D,Colisión,Ninguna,Faltante,Ninguna,Sin restricción
2020,6096,2020-11-17,Martes,14:30:00,,0,2,"Peatón,Automóvil",San Martin 2200,2,1,0,0,1,0,0,"-32.96316, -60.64092",Avenida,,ROSARIO,Rosario,Asfalto,No existe,II,Dentro,Urbana,Ninguna,No existe,Recta,Bueno,Buena,Diurna,Buen Tiempo,S/D,Peatón,Atropello,Ninguna,S/D,Ninguna,Sin restricción
2020,6097,2020-11-27,Viernes,11:00:00,,0,2,"Pickup/Utilitario,Moto/Ciclomotor",Gorriti Y Av A del Valle,2,1,0,0,1,0,0,"    -31.59057, -60.69223",Avenida,,SANTA FE,La Capital,Asfalto,Pavimento,I,S/D,Urbana,Ninguna,No existe,Recta,Bueno,Buena,Diurna,Buen Tiempo,Lateral,S/D,Colisión,Ninguna,Vertical,Ninguna,Sin restricción
2020,6098,2020-11-24,Martes,16:00:00,,0,2,"Automóvil,Moto/Ciclomotor",9 de Julio Y Larrea,2,1,0,0,1,0,0,"    -33.10642, -61.70895",S/D,,SANTA FE,La Capital,Asfalto,Pavimento,I,S/D,Urbana,Ninguna,No existe,Recta,Bueno,Buena,Diurna,Buen Tiempo,Lateral,S/D,Colisión,Ninguna,Vertical,Ninguna,Sin restricción
2020,6099,2020-11-17,Martes,19:40:00,,0,2,"Moto/Ciclomotor,Moto/Ciclomotor",Pte Juan D Peron Y Bolivia,3,2,0,0,1,0,0,"-29.222468686495,-61.768558335529",Calle,,TOSTADO,9 de Julio,"Asfalto,Ripio",No existe,XII,Dentro,Urbana,Ninguna,No existe,Intersección,Bueno,Reducida,"Nocturna,Con luz artificial",Buen Tiempo,Lateral,S/D,Colisión,Ninguna,Faltante,Ninguna,Sin restricción
2020,6100,2020-11-24,Martes,11:50:00,,0,2,"Pickup/Utilitario,Moto/Ciclomotor",Corrientes Y San Juan,2,1,0,0,1,0,0,"    -32.57862, -60.84663",Calle,,SANTA FE,La Capital,Asfalto,Pavimento,I,S/D,Urbana,Ninguna,No existe,Intersección,Con baches,Buena,Diurna,Buen Tiempo,S/D,S/D,Colisión,Ninguna,Vertical,Ninguna,Sin restricción
2020,6101,2020-11-17,Martes,17:10:00,,0,2,"Automóvil,Automóvil",Bv Galvez Y Alvear,2,1,0,0,1,0,0,"-31.63692, -60.69651",Calle,,SANTA FE,La Capital,Asfalto,No existe,I,Dentro,Urbana,S/D,Funciona,Intersección,Bueno,S/D,Diurna,S/D,Lateral,S/D,Colisión,S/D,S/D,S/D,S/D
2020,6102,2020-11-26,Jueves,16:30:00,,0,2,"Moto/Ciclomotor,Automóvil",3 de Febrero 3600,3,2,0,0,1,0,0,"    -31.65588, -60.72373",Calle,,SANTA FE,La Capital,Asfalto,S/D,I,S/D,Urbana,Ninguna,S/D,Intersección,Bueno,Buena,Atardecer,Buen Tiempo,S/D,S/D,Colisión,Ninguna,Vertical,Ninguna,Sin restricción
2020,6103,2020-11-17,Martes,20:45:00,,0,2,"Pickup/Utilitario,Moto/Ciclomotor",Quintana Y Roca,2,1,0,0,1,0,0,"-33.24663, -60.83844",Calle,,ACEBAL,Rosario,Asfalto,Pavimento,II,S/D,Urbana,Ninguna,No existe,Intersección,S/D,Buena,"Nocturna,Con luz artificial",Buen Tiempo,Frontal,S/D,Colisión,S/D,S/D,S/D,S/D
2020,6104,2020-11-17,Martes,10:30:00,Ruta Nacional 9,291,4,"Automóvil,Automóvil,Automóvil,Automóvil",,5,1,0,0,4,0,0,"-32.92472, -60.77111",Ruta,9,FUNES,Rosario,Asfalto,Ripio,II,Dentro,Urbana,Semáforo,Funciona,Recta,Bueno,Buena,Diurna,Buen Tiempo,Múltiple,S/D,Colisión,Ninguna,Vertical,Línea divisoria pintada,Sin restricción
2020,6105,2020-11-28,Sabado,18:20:00,,0,2,"Automóvil,Moto/Ciclomotor",,2,1,0,0,1,0,0,"    -31.61063, -60.69727",S/D,,SANTA FE,La Capital,Asfalto,S/D,I,S/D,Urbana,Ninguna,S/D,Intersección,Bueno,Buena,Atardecer,Buen Tiempo,S/D,S/D,Colisión,Ninguna,Vertical,Ninguna,Sin restricción
2020,6106,2020-11-17,Martes,17:20:00,,0,2,"Pickup/Utilitario,Bicicleta",Suipacha 400,2,1,0,0,1,0,0," -32.90462, -60.81334",Calle,,FUNES,Rosario,Asfalto,No existe,II,Dentro,Urbana,Ninguna,No existe,Recta,Bueno,Buena,Diurna,Buen Tiempo,S/D,Ciclista,Atropello,Ninguna,Faltante,Ninguna,Sin restricción
2020,6107,2020-11-30,Lunes,21:00:00,,0,2,"Automóvil,Automóvil",J J Paso Y Francia,3,2,0,0,1,0,0,"    -31.66218, -60.71974",Calle,,SANTA FE,La Capital,Asfalto,No existe,I,Dentro,Urbana,Ninguna,No existe,Intersección,Bueno,Buena,"Nocturna,Con luz artificial",Buen Tiempo,Frontal,S/D,Colisión,Ninguna,Vertical,Ninguna,Sin restricción
2020,6108,2020-11-26,Jueves,10:10:00,,0,2,"Automóvil,Moto/Ciclomotor",25 de Mayo Y Hipolito Yrigoyen,2,1,0,0,1,0,0,"    -31.64237, -60.70456",Calle,,SANTA FE,La Capital,Asfalto,Pavimento,I,Dentro,Urbana,Ninguna,No existe,Intersección,Bueno,Buena,Diurna,Buen Tiempo,Lateral,S/D,Colisión,Ninguna,Faltante,Ninguna,Sin restricción
2020,6109,2020-11-26,Jueves,14:30:00,,0,2,"Moto/Ciclomotor,Automóvil",Av Freyre Y Gdor Crespo,2,1,0,0,1,0,0,"    -31.63881, -60.71668",Avenida,,SANTA FE,La Capital,Hormigón,No existe,I,Dentro,Urbana,Ninguna,No existe,Intersección,Bueno,Buena,Diurna,Buen Tiempo,Lateral,S/D,Colisión,Ninguna,Faltante,Ninguna,Sin restricción
2020,6110,2020-11-17,Martes,18:15:00,,0,2,"Automóvil,Moto/Ciclomotor",Pascual Rosas Y San Lorenzo,3,2,0,0,1,0,0,"-32.93559, -60.68535",Calle,,ROSARIO,Rosario,Asfalto,No existe,II,Dentro,Urbana,Ninguna,No existe,Intersección,Bueno,Buena,Diurna,Buen Tiempo,S/D,S/D,Colisión,Ninguna,Faltante,Ninguna,Sin restricción
2020,6111,2020-11-26,Jueves,18:30:00,,0,2,"Moto/Ciclomotor,Automóvil",Av Lopez y Planes Y Candido Pujato,2,1,0,0,1,0,0,"    -31.63156, -60.71404",Avenida,,SANTA FE,La Capital,Asfalto,No existe,I,Dentro,Urbana,Ninguna,No existe,Intersección,Bueno,Buena,Diurna,Buen Tiempo,Lateral,S/D,Colisión,Ninguna,Faltante,Ninguna,Sin restricción
2020,6112,2020-11-17,Martes,14:05:00,,0,2,"Moto/Ciclomotor,Automóvil",Constitucion Y Biedma,3,1,0,0,2,0,0,"-32.97501, -60.6825",Calle,,ROSARIO,Rosario,Asfalto,No existe,II,Dentro,Urbana,Ninguna,No existe,Intersección,Bueno,Buena,Diurna,Buen Tiempo,Lateral,S/D,Colisión,Ninguna,Faltante,Ninguna,Sin restricción
2020,6113,2020-11-17,Martes,23:00:00,,0,2,"Moto/Ciclomotor,Automóvil",Fragata Sarmiento Y Iriondo,2,1,0,0,1,0,0,"-32.9872, -60.68135",Calle,,ROSARIO,Rosario,Asfalto,No existe,II,Dentro,Urbana,Ninguna,No existe,Intersección,Bueno,Buena,Nocturna,Buen Tiempo,Lateral,S/D,Colisión,Ninguna,Faltante,Ninguna,Sin restricción
2020,6114,2020-11-17,Martes,13:15:00,,0,2,"Automóvil,Automóvil",Callao Y Juan Canals,4,1,0,0,3,0,0,"-32.98601, -60.67104",Calle,,ROSARIO,Rosario,Asfalto,No existe,II,Dentro,Urbana,Ninguna,No existe,Intersección,Bueno,Buena,Diurna,Buen Tiempo,Lateral,S/D,Colisión,Ninguna,Faltante,Ninguna,Sin restricción
2020,6115,2020-11-17,Martes,15:40:00,,0,2,"Moto/Ciclomotor,Automóvil",Bv. Segui Y Av. Ovidio Lagos,4,0,2,0,2,0,0,"-32.97504, -60.66933",Calle,,ROSARIO,Rosario,Asfalto,No existe,II,Dentro,Urbana,Ninguna,No existe,Intersección,Bueno,Buena,Diurna,Buen Tiempo,Lateral,S/D,Colisión,Ninguna,Faltante,Ninguna,Sin restricción
2020,6116,2020-11-27,Viernes,0:30:00,,0,2,"Moto/Ciclomotor,Automóvil",Francia Y Gdor Crespo,2,1,0,0,1,0,0,"    -31.63959, -60.71281",Calle,,SANTA FE,La Capital,Hormigón,No existe,I,Dentro,Urbana,Ninguna,No existe,Intersección,Bueno,Reducida,"Nocturna,Con luz artificial",Buen Tiempo,Lateral,S/D,Colisión,Ninguna,Faltante,Ninguna,Sin restricción
2020,6117,2020-11-27,Viernes,10:20:00,,0,2,"Automóvil,Moto/Ciclomotor",,2,1,0,0,1,0,0,"    -31.64298, -60.71765",Avenida,,SANTA FE,La Capital,Asfalto,No existe,I,Dentro,Urbana,Ninguna,No existe,Intersección,Bueno,Buena,Diurna,Buen Tiempo,Lateral,S/D,Colisión,Ninguna,Faltante,Ninguna,Sin restricción
2020,6118,2020-11-18,Miercoles,8:40:00,,0,2,"Automóvil,Moto/Ciclomotor",Av Urquiza Y J J Paso,2,1,0,0,1,0,0,"-31.66248, -60.71823",Avenida,,SANTA FE,La Capital,Asfalto,Pavimento,I,S/D,Urbana,Ninguna,Funciona,Intersección,Bueno,Buena,Diurna,Buen Tiempo,S/D,Ciclista,Atropello,Ninguna,Vertical,Ninguna,Sin restricción
2020,6119,2020-11-18,Miercoles,13:38:00,,0,2,"Automóvil,Moto/Ciclomotor",Av Urquiza Y Corrientes,2,1,0,0,1,0,0,"-31.65255, -60.7151",Avenida,,SANTA FE,La Capital,Asfalto,Pavimento,I,S/D,Urbana,Ninguna,No existe,Intersección,Con baches,Buena,Diurna,Buen Tiempo,De alcance,S/D,Colisión,Ninguna,Vertical,Ninguna,Sin restricción
2020,6120,2020-11-29,Domingo,15:00:00,,0,2,"Moto/Ciclomotor,Automóvil",Roque Saenz Pe�a Y Gdor Crespo,2,1,0,0,1,0,0,"    -31.63811, -60.72343",Calle,,SANTA FE,La Capital,Hormigón,No existe,I,Dentro,Urbana,Ninguna,No existe,Intersección,Bueno,Buena,Diurna,Buen Tiempo,S/D,S/D,Colisión,Ninguna,Faltante,Ninguna,Sin restricción
2020,6121,2020-11-29,Domingo,10:00:00,,0,2,"Automóvil,Moto/Ciclomotor",Tucuman Y Av Urquiza,2,1,0,0,1,0,0,"    -31.64525, -60.71292",Avenida,,SANTA FE,La Capital,Hormigón,No existe,I,Dentro,Urbana,Ninguna,Funciona,Intersección,Bueno,Buena,Diurna,Buen Tiempo,Lateral,S/D,Colisión,Ninguna,Faltante,Ninguna,Sin restricción
2020,6122,2020-11-18,Miercoles,20:00:00,,0,2,"Moto/Ciclomotor,Automóvil",Av Galicia Y Rivadavia,2,1,0,0,1,0,0,"-31.60569, -60.69212",Calle,,SANTA FE,La Capital,S/D,No existe,I,Dentro,Urbana,Ninguna,No existe,Intersección,S/D,Reducida,"Nocturna,Con luz artificial",S/D,S/D,S/D,Colisión,Otro,Faltante,Ninguna,Sin restricción
2020,6123,2020-11-18,Miercoles,20:25:00,,0,2,"Moto/Ciclomotor,Automóvil",Reg 12 de Infanteria 850,2,2,0,0,0,0,0,"-31.60243, -60.67355",Avenida,,SANTA FE,La Capital,S/D,No existe,I,S/D,Urbana,Ninguna,No existe,Intersección,S/D,Reducida,Nocturna,S/D,S/D,S/D,Colisión,Otro,Faltante,Ninguna,Sin restricción
2020,6124,2020-11-30,Lunes,17:00:00,,0,2,"Automóvil,Moto/Ciclomotor",Francia Y Mendoza,2,1,0,0,1,0,0,"    -31.64719, -60.7149",Calle,,SANTA FE,La Capital,Asfalto,No existe,I,Dentro,Urbana,S/D,Funciona,Intersección,Bueno,Buena,Diurna,S/D,S/D,S/D,Colisión,Ninguna,Faltante,S/D,S/D
2020,6126,2020-11-18,Miercoles,15:45:00,,0,2,"Moto/Ciclomotor,Automóvil",Av Galicia Y Candioti,2,2,0,0,0,0,0,"-31.60674, -60.68646",Avenida,,SANTA FE,La Capital,S/D,No existe,I,S/D,Urbana,Otra Señal,S/D,Intersección,S/D,Reducida,Diurna,S/D,S/D,S/D,Colisión,S/D,Faltante,Ninguna,Sin restricción
2020,6127,2020-11-25,Miercoles,2:00:00,,0,2,"Bicicleta,Moto/Ciclomotor",Av Blas Parera 4700,2,1,0,0,0,0,1,"    -31.62041, -60.72048",Calle,,SANTA FE,La Capital,Asfalto,No existe,I,S/D,Urbana,Semáforo,Funciona,Recta,Bueno,Buena,Diurna,Buen Tiempo,S/D,Ciclista,Atropello,Ninguna,Vertical,Línea divisoria pintada,Sin restricción
2020,6128,2020-11-18,Miercoles,17:00:00,,0,2,"Moto/Ciclomotor,Pickup/Utilitario",General Lopez Y España,2,1,0,0,1,0,0,"-32.72409, -60.73346",Calle,,SAN LORENZO,San Lorenzo,S/D,S/D,XVII,S/D,Urbana,S/D,No existe,Intersección,S/D,S/D,Diurna,S/D,Lateral,S/D,Colisión,S/D,S/D,S/D,S/D
2020,6129,2020-11-18,Miercoles,21:10:00,,0,2,"Moto/Ciclomotor,Automóvil",Bv. 27 De Febrero Y Dorrego,2,0,1,0,1,0,0,"-32.96558, -60.6546",Calle,,ROSARIO,Rosario,Asfalto,S/D,II,S/D,Urbana,S/D,Funciona,Intersección,S/D,S/D,Nocturna,S/D,S/D,S/D,Colisión,S/D,Faltante,S/D,S/D
2020,6130,2020-11-18,Miercoles,19:30:00,,0,2,"Pickup/Utilitario,Automóvil",Urquiza Y Rodriguez,2,1,0,0,1,0,0,"-32.93929, -60.65785",Calle,,ROSARIO,Rosario,Asfalto,No existe,II,Dentro,Urbana,Señal Pare,No existe,Intersección,Bueno,Buena,Atardecer,Buen Tiempo,De alcance,S/D,Colisión,Ninguna,Vertical,Ninguna,Sin restricción
2020,6131,2020-11-18,Miercoles,12:10:00,,0,2,"Pickup/Utilitario,Automóvil",Bv. 27 De Febrero Y Suipacha,2,1,0,0,1,0,0,"-32.96291, -60.66949",Avenida,,ROSARIO,Rosario,Asfalto,S/D,II,Dentro,Urbana,Semáforo,Funciona,Intersección,Bueno,Buena,Diurna,Buen Tiempo,De alcance,S/D,Colisión,Ninguna,Vertical,Cordón divisorio,Sin restricción
2020,6132,2020-11-18,Miercoles,15:00:00,,0,2,"Automóvil,Automóvil",Av. Pellegrini Y Pueyrredon,2,1,0,0,1,0,0,"-32.95391, -60.66012",Avenida,,ROSARIO,Rosario,Asfalto,No existe,II,Dentro,Urbana,Semáforo,Funciona,Intersección,Bueno,Buena,Diurna,Buen Tiempo,De alcance,S/D,Colisión,Ninguna,Vertical,Cordón divisorio,Sin restricción
2020,6133,2020-11-17,Martes,17:20:00,,0,2,"Moto/Ciclomotor,Automóvil",Fray C Rodriguez Y La Paz,2,1,0,0,1,0,0,"    -31.61857, -60.71493",Avenida,,SANTA FE,La Capital,Asfalto,No existe,I,S/D,Urbana,Semáforo,Funciona,Intersección,Bueno,Buena,Diurna,Buen Tiempo,Lateral,S/D,Colisión,Ninguna,Vertical,Línea divisoria pintada,Sin restricción
2020,6134,2020-08-04,Martes,22:00:00,,0,2,"Taxi/Remis,Moto/Ciclomotor",Mariano Moreno Bis Y Rivadavia,2,1,0,0,1,0,0,"-32.81756715044,-61.396193350224",Calle,,CAÑADA DE GÓMEZ,Iriondo,Asfalto,No existe,II,Dentro,Urbana,Ninguna,No existe,Intersección,Bueno,S/D,Nocturna,Buen Tiempo,Lateral,S/D,Colisión,Ninguna,S/D,Ninguna,Sin restricción
2020,6135,2020-08-28,Viernes,17:45:00,,0,2,"Moto/Ciclomotor,Automóvil",Cristobal Colon Y Junin,2,1,0,0,1,0,0,"-33.744265770558,-61.975691594895",Calle,,VENADO TUERTO,General LÓPEZ,Asfalto,No existe,VIII,Dentro,Urbana,Ninguna,No existe,Intersección,S/D,S/D,Diurna,S/D,S/D,S/D,Colisión,S/D,Faltante,Ninguna,S/D
2020,6136,2020-08-04,Martes,13:15:00,,0,2,"Automóvil,Moto/Ciclomotor",Calle 18-Belgrano Y Calle 21-Gdor. iriondo,2,1,0,0,1,0,0,"-29.147439545643,-59.646600466984",Calle,,RECONQUISTA,General Obligado,Asfalto,No existe,II,Dentro,Urbana,Paso Peatonal,No existe,Intersección,Bueno,Buena,Diurna,Buen Tiempo,S/D,S/D,Colisión,Ninguna,Horizontal,Ninguna,Sin restricción
2020,6137,2020-11-18,Miercoles,19:15:00,,0,2,"Moto/Ciclomotor,Moto/Ciclomotor",Juan D Peron Y Alberti,2,0,1,0,1,0,0,"-30.30262, -61.23917",Calle,,SAN CRISTÓBAL,San CRISTÓBAL,Ripio,No existe,XIII,S/D,Urbana,Ninguna,No existe,Intersección,Resbaladiza,Buena,Atardecer,Buen Tiempo,Lateral,S/D,Colisión,Material Suelto,Faltante,Ninguna,Sin restricción
2020,6138,2020-11-30,Lunes,0:30:00,,0,2,"Automóvil,Moto/Ciclomotor",Av A del Valle Y J Castelli,2,1,0,0,1,0,0,"    -31.60676, -60.69305",Avenida,,SANTA FE,La Capital,Asfalto,No existe,I,Dentro,Urbana,Ninguna,No existe,Intersección,Bueno,Reducida,Nocturna,Buen Tiempo,Lateral,S/D,Colisión,Ninguna,S/D,Ninguna,Sin restricción
2020,6139,2020-08-27,Jueves,18:00:00,,0,2,"Automóvil,Moto/Ciclomotor",Calle 16 Gral Obligado Y Calle 51-Rio Negro,2,1,0,0,1,0,0,"-29.163390398025516,-59.64792698621",Calle,,RECONQUISTA,General Obligado,S/D,No existe,IX,Dentro,Urbana,S/D,S/D,Intersección,S/D,S/D,Nocturna,S/D,S/D,S/D,Colisión,S/D,S/D,Ninguna,S/D
2020,6140,2020-08-13,Jueves,23:05:00,,0,2,"Automóvil,Moto/Ciclomotor",Hipolito Irigoyen Y Tomas Alva Edison,2,1,0,0,1,0,0,"-33.74984979629514,-61.976655721664",Avenida,,VENADO TUERTO,General LÓPEZ,Asfalto,No existe,VIII,Dentro,Urbana,Ninguna,No existe,Intersección,Bueno,Buena,"Nocturna,Con luz artificial",Buen Tiempo,Lateral,S/D,Colisión,Ninguna,Faltante,Ninguna,Sin restricción
2020,6141,2020-11-27,Viernes,19:10:00,,0,2,"Moto/Ciclomotor,Automóvil",J Castelli Y Mitre,2,1,0,0,1,0,0,"    -31.60901, -60.68266",Calle,,SANTA FE,La Capital,Asfalto,No existe,I,Dentro,Urbana,Ninguna,No existe,Intersección,Bueno,Buena,Atardecer,Buen Tiempo,Lateral,S/D,Colisión,Ninguna,S/D,Ninguna,Sin restricción
2020,6142,2020-11-18,Miercoles,11:15:00,,0,2,"Moto/Ciclomotor,Automóvil",Islas Malvinas Y Bv Mariano Moreno,2,1,0,0,1,0,0,"-30.36108, -61.91191",Calle,,SAN CRISTÓBAL,San CRISTÓBAL,Asfalto,Pavimento,XIII,S/D,Urbana,Ninguna,No existe,Intersección,Bueno,Buena,Diurna,Buen Tiempo,S/D,S/D,Colisión,Ninguna,S/D,Ninguna,Sin restricción
2020,6143,2020-08-05,Miercoles,1:45:00,,0,2,"Pickup/Utilitario,Bicicleta",Necochea Y Quintana,3,2,0,0,1,0,0,"-32.814543643458,-61.399706813679",Calle,,CAÑADA DE GÓMEZ,Iriondo,Asfalto,No existe,X,Dentro,Urbana,Ninguna,No existe,Intersección,Bueno,Buena,"Nocturna,Con luz artificial",Buen Tiempo,S/D,Ciclista,Atropello,Ninguna,Faltante,Ninguna,Sin restricción
2020,6144,2020-08-13,Jueves,17:15:00,,0,2,"Moto/Ciclomotor,Automóvil",Hipolito Irigoyen Y Tomas Alva Edison,3,2,0,0,1,0,0,"-33.74984979629514,-61.976655721664",Avenida,,VENADO TUERTO,General LÓPEZ,Asfalto,No existe,VIII,Dentro,Urbana,Ninguna,No existe,Intersección,Bueno,Buena,Diurna,Buen Tiempo,Lateral,S/D,Colisión,Ninguna,Faltante,Ninguna,Sin restricción
2020,6145,2020-08-27,Jueves,6:50:00,Autopista Nacional Rosario -Cordoba,0,2,"Automóvil,Camión",,2,1,0,0,1,0,0,"-32.84253, -61.41534",Autopista,Rosario -Cordoba,CAÑADA DE GÓMEZ,Iriondo,Asfalto,Pavimento,X,Dentro,Rural,Marca Vial,No existe,Recta,S/D,S/D,Diurna,S/D,De alcance,S/D,Colisión,S/D,Horizontal,Vegetación,S/D
2020,6146,2020-11-18,Miercoles,20:00:00,,0,2,"Pickup/Utilitario,Bicicleta",Juan de Garay Y A castellanos,3,1,1,0,1,0,0,"-30.36508, -60.39761",Calle,,GOBERNADOR CRESPO,San Justo,Hormigón,No existe,XVI,Dentro,Urbana,Ninguna,No existe,Intersección,Bueno,Reducida,Atardecer,Buen Tiempo,S/D,Ciclista,Atropello,Ninguna,Faltante,Ninguna,Sin restricción
2020,6147,2020-08-05,Miercoles,16:55:00,,0,1,Bicicleta,Corrientes 100,1,1,0,0,0,0,0,"-33.736980438988,-61.956029343583",Calle,,VENADO TUERTO,General LÓPEZ,Tierra,No existe,VIII,Dentro,Urbana,Ninguna,No existe,Intersección,Bueno,Buena,Diurna,Buen Tiempo,Atropello animal,S/D,Colisión,Ninguna,Faltante,Ninguna,Sin restricción
2020,6148,2020-08-13,Jueves,20:00:00,,0,2,"Moto/Ciclomotor,Automóvil",Juan Lavalle Y Nicolas Avellaneda,4,2,0,0,2,0,0,"-33.740700103146,-61.975458765995",Calle,,VENADO TUERTO,General LÓPEZ,Asfalto,No existe,VIII,Dentro,Urbana,Ninguna,No existe,Intersección,Bueno,S/D,Nocturna,Buen Tiempo,Lateral,S/D,Colisión,S/D,Faltante,Ninguna,Sin restricción
2020,6149,2020-11-29,Domingo,22:30:00,,0,2,"Pickup/Utilitario,Bicicleta",Av Gral Paz Y J M Zuviria,2,1,0,0,1,0,0,"    -31.61992, -60.68565",Avenida,,SANTA FE,La Capital,Asfalto,No existe,I,Dentro,Urbana,Ninguna,No existe,Intersección,Bueno,Reducida,Nocturna,Buen Tiempo,S/D,Ciclista,Atropello,Ninguna,S/D,Ninguna,Sin restricción
2020,6150,2020-11-18,Miercoles,16:50:00,,0,2,"Automóvil,Bicicleta",Tucuman 2600,2,1,0,0,1,0,0,"-31.64679, -60.70676",Calle,,SANTA FE,La Capital,Asfalto,Pavimento,I,Dentro,Urbana,Ninguna,No existe,Recta,Bueno,Buena,Diurna,Buen Tiempo,S/D,Ciclista,Atropello,Ninguna,Faltante,Ninguna,Sin restricción
2020,6151,2020-11-18,Miercoles,10:00:00,,0,2,"Automóvil,Pickup/Utilitario",Av Fuerza Aerea Y Los Pumas,2,1,0,0,1,0,0,"-32.92867, -60.79955",Avenida,,FUNES,Rosario,Asfalto,Ripio,II,Dentro,Urbana,Ninguna,No existe,Intersección,Bueno,Buena,Diurna,Buen Tiempo,Frontal,S/D,Colisión,Ninguna,Vertical,Línea divisoria pintada,Sin restricción
2020,6152,2020-11-24,Martes,20:00:00,,0,2,"Bicicleta,Automóvil",Av Almte Brown Y Regis Martinez,2,1,0,0,1,0,0,"    -31.62336, -60.67878",Avenida,,SANTA FE,La Capital,Asfalto,No existe,I,Dentro,Urbana,Ninguna,No existe,Recta,Bueno,Reducida,Nocturna,Buen Tiempo,S/D,Ciclista,Atropello,Ninguna,S/D,Ninguna,Sin restricción
2020,6153,2020-11-18,Miercoles,21:15:00,,0,2,"Automóvil,Moto/Ciclomotor",Lavalle 470,2,1,1,0,0,0,0,"-33.00784, -60.61339",S/D,,VILLA GOBERNADOR GÁLVEZ,Rosario,Asfalto,S/D,II,S/D,S/D,Ninguna,S/D,Recta,Bueno,Buena,"Nocturna,Con luz artificial",Buen Tiempo,De alcance,S/D,Colisión,Ninguna,Faltante,Ninguna,Sin restricción
2020,6154,2020-11-18,Miercoles,20:30:00,,0,2,"Automóvil,Automóvil",La Paz Y Av. Provincias Unidas,5,2,3,0,0,0,0,"-32.95571, -60.71191",Calle,,ROSARIO,Rosario,Asfalto,Pavimento,II,S/D,Urbana,Ninguna,No existe,Intersección,Bueno,Buena,"Nocturna,Con luz artificial",Buen Tiempo,Otro,S/D,Colisión,Ninguna,Faltante,Ninguna,Sin restricción