anio_acci,nro_acci,fecha,desc_dia,hora_aprox,desc_ruta,km,cant_participantes,desc_participante,calle_avenida_km,total,heridos_leves,heridos_graves,heridos_gravisimos,ilesos,fallecidos,sin_datos,posicion_XY,desc_tipo_via,desc_ruta_ori,desc_loc,desc_dpto,desc_tipo_calzada,desc_tipo_banquina,desc_unidad_regional,desc_lugar_calzada,desc_zona,desc_prioridad,desc_estado_semaforo,desc_lugar_via,desc_estado_via,desc_estado_visibilidad,desc_luminosidad,desc_estado_clima,desc_tipo_colision,desc_tipo_atropello,desc_tipo_hecho,desc_pres_calzada,desc_senializacion,desc_separacion_via,desc_restriccion
2020,6155,2020-11-30,Lunes,20:20:00,,0,2,"Pickup/Utilitario,Bicicleta",Javier de la Rosa Y Av Almte Brown,2,2,0,0,0,0,0,"    -31.60488, -60.66598",Avenida,,SANTA FE,La Capital,S/D,No existe,I,Dentro,Urbana,Ninguna,No existe,Otro,Otro,Reducida,"Nocturna,Con luz artificial",Otro,Otro,S/D,Otro,Otro,Faltante,Ninguna,Sin restricción
2020,6156,2020-08-05,Miercoles,18:45:00,,0,2,"Pickup/Utilitario,Bicicleta",Bernardino Rivadavia Y Juan Lavalle,2,1,0,0,1,0,0,"-33.754076513733,-61.965001762688",Calle,,VENADO TUERTO,General LÓPEZ,Asfalto,No existe,VIII,Dentro,Urbana,Ninguna,No existe,Intersección,Bueno,Buena,Atardecer,Buen Tiempo,S/D,Ciclista,Atropello,Ninguna,Horizontal,Ninguna,Sin restricción
2020,6157,2020-11-18,Miercoles,18:00:00,,0,2,"Moto/Ciclomotor,Automóvil",Ayacucho Y Reg.11 de Infanteria,2,1,0,0,1,0,0,"-32.99842, -60.63644",Calle,,ROSARIO,Rosario,Asfalto,No existe,II,Dentro,Urbana,Ninguna,No existe,Intersección,Bueno,S/D,S/D,Buen Tiempo,Lateral,S/D,Colisión,S/D,S/D,Ninguna,Sin restricción
2020,6158,2020-08-05,Miercoles,18:55:00,,0,2,"Moto/Ciclomotor,Automóvil",Alberdi Juan Bautista Y Ituzaingo,2,1,0,0,1,0,0,"-33.755925333559,-61.966069110212",Calle,,VENADO TUERTO,General LÓPEZ,Asfalto,No existe,VIII,Dentro,Urbana,Ninguna,No existe,Intersección,Bueno,Buena,Diurna,Buen Tiempo,S/D,S/D,Colisión,Ninguna,Faltante,Ninguna,Sin restricción
2020,6159,2020-08-26,Miercoles,19:00:00,Ruta Nacional 11,0,2,"Moto/Ciclomotor,Automóvil",30 de Abril Y Ruta Nacional 11,2,1,0,0,1,0,0,"-31.496633291244507,-60.73262035846",Ruta,11,RECREO,La Capital,Asfalto,Ripio,I,Dentro,Urbana,Marca Vial,No existe,Intersección,S/D,S/D,Diurna,S/D,S/D,S/D,Colisión,S/D,Horizontal,Línea divisoria pintada,S/D
2020,6160,2020-11-18,Miercoles,21:50:00,,0,2,"Moto/Ciclomotor,Automóvil",Ayacucho Y Centenario,2,1,0,0,1,0,0,"-33.00387, -60.63598",Calle,,ROSARIO,Rosario,Asfalto,No existe,II,Dentro,Urbana,Ninguna,No existe,Intersección,Bueno,Buena,"Nocturna,Con luz artificial",Buen Tiempo,Lateral,S/D,Colisión,Ninguna,Faltante,Ninguna,Sin restricción
2020,6161,2020-08-05,Miercoles,19:30:00,,0,1,Moto/Ciclomotor,Cayetano Silva Y San Luis,2,2,0,0,0,0,0,"-33.749914214645,-61.94496082873",Calle,,VENADO TUERTO,General LÓPEZ,Tierra,No existe,VIII,Dentro,Urbana,Ninguna,No existe,Intersección,Bueno,Buena,Diurna,Buen Tiempo,S/D,S/D,Cañda ocupante,Ninguna,Faltante,Ninguna,Sin restricción
2020,6162,2020-11-27,Viernes,19:00:00,,0,2,"Automóvil,Moto/Ciclomotor",Los Nogales Y Las Acacias,2,1,0,0,1,0,0,"    -31.57246, -60.68576",Calle,,SANTA FE,La Capital,S/D,No existe,I,Dentro,Urbana,Ninguna,No existe,Otro,Otro,Reducida,Diurna,Otro,Otro,S/D,Otro,Otro,Faltante,Ninguna,Sin restricción
2020,6163,2020-08-13,Jueves,,,0,2,"Automóvil,Moto/Ciclomotor",Av Luis Fanti,2,1,0,0,1,0,0,"-31.259774, -61.506727",Avenida,,RAFAELA,Castellanos,Asfalto,Natural,V,Dentro,Urbana,Ninguna,Funciona,Rotonda,Bueno,Buena,Diurna,Buen Tiempo,De alcance,S/D,Colisión,Ninguna,"Horizontal,Vertical",Cordón divisorio,Sin restricción
2020,6164,2020-08-05,Miercoles,,,0,2,"Automóvil,Peatón",Bernardino Rivadavia Y Bernardo de Monteagudo,2,1,0,0,1,0,0,"-33.759024012062,-61.974098571325",Calle,,VENADO TUERTO,General LÓPEZ,Asfalto,No existe,VIII,Dentro,Urbana,Ninguna,No existe,Intersección,Bueno,Buena,Diurna,Buen Tiempo,S/D,Peatón,Atropello,Ninguna,Faltante,Ninguna,Sin restricción
2020,6165,2020-11-18,Miercoles,11:05:00,,0,2,"Automóvil,Automóvil",Av. Uriburu Y San Martin,3,1,0,0,2,0,0,"-32.99061, -60.64659",Avenida,,ROSARIO,Rosario,Asfalto,No existe,II,Dentro,Urbana,Semáforo,Funciona,Intersección,Bueno,Buena,Diurna,Buen Tiempo,Lateral,S/D,Colisión,Ninguna,Faltante,Cordón divisorio,Sin restricción
2020,6166,2020-08-26,Miercoles,,,0,2,"Bicicleta,Automóvil",Buenos Aires Y Mendoza,2,1,0,0,1,0,0,"-32.952473569195,-60.633997204012",Calle,,ROSARIO,Rosario,Asfalto,No existe,II,Dentro,Urbana,Ninguna,No existe,Intersección,S/D,S/D,Diurna,S/D,S/D,Ciclista,Atropello,S/D,Faltante,Ninguna,S/D
2020,6167,2020-08-06,Jueves,,Ruta Provincial 70,0,2,"Moto/Ciclomotor,Pickup/Utilitario",Bv Santa Fe Y Lavalle,2,1,0,0,1,0,0,"-31.252701702741,-61.490659646664",Ruta,70,RAFAELA,Castellanos,Asfalto,No existe,V,Dentro,Urbana,Paso Peatonal,No existe,Intersección,Bueno,Buena,Atardecer,Buen Tiempo,S/D,S/D,Colisión,Ninguna,Horizontal,Cordón divisorio,Sin restricción
2020,6168,2020-11-27,Viernes,13:30:00,,0,2,"Moto/Ciclomotor,Automóvil",25 de Mayo Y Azcuenaga,2,2,0,0,0,0,0,"    -31.59482, -60.69051",Calle,,SANTA FE,La Capital,S/D,Pavimento,I,Dentro,Urbana,Ninguna,No existe,Paso a Nivel FFCC,Otro,Reducida,Diurna,Otro,Otro,S/D,Otro,Otro,Faltante,Ninguna,Sin restricción
2020,6169,2020-11-19,Jueves,2:10:00,,0,1,Automóvil,Av. Belgrano 900,3,0,2,0,1,0,0,"-32.94347, -60.63412",Avenida,,ROSARIO,Rosario,Asfalto,S/D,II,S/D,Urbana,S/D,Intermitente,Recta,Bueno,Reducida,Nocturna,S/D,S/D,S/D,S/D,S/D,S/D,S/D,S/D
2020,6170,2020-08-13,Jueves,23:00:00,Ruta Provincial 1,0,1,Camión c / Acoplado,,1,1,0,0,0,0,0,"-29.207408, -59.659121",Ruta,1,AVELLANEDA,General Obligado,Asfalto,Natural,II,Dentro,Rural,Ninguna,No existe,Recta,Bueno,Buena,Nocturna,Buen Tiempo,S/D,S/D,Vuelco,Ninguna,Faltante,Ninguna,Sin restricción
2020,6171,2020-08-07,Viernes,,,0,2,"Moto/Ciclomotor,Moto/Ciclomotor",,2,1,0,0,1,0,0,"-31.244536245042,-61.482454696348",Avenida,,RAFAELA,Castellanos,Asfalto,No existe,V,Dentro,Urbana,Ninguna,No existe,Intersección,Bueno,Buena,Diurna,Buen Tiempo,S/D,S/D,Colisión,Ninguna,Faltante,Ninguna,Sin restricción
2020,6172,2020-08-25,Martes,18:45:00,Ruta Provincial 6,0,2,"Bicicleta,Otros",,2,1,0,0,1,0,0,"-31.7142690718174,-61.0895861685276",Ruta,6,SAN CARLOS CENTRO,Las Colonias,Asfalto,Natural,XI,S/D,S/D,Marca Vial,No existe,Recta,S/D,S/D,Diurna,S/D,S/D,Ciclista,Atropello,S/D,Horizontal,Línea divisoria pintada,S/D
2020,6173,2020-08-14,Viernes,9:20:00,,0,2,"Moto/Ciclomotor,Moto/Ciclomotor",Chacabuco Y Santa Fe,2,2,0,0,0,0,0,"-33.743236077604,-61.95772507542",Calle,,VENADO TUERTO,General LÓPEZ,Asfalto,No existe,VIII,Dentro,Urbana,Ninguna,No existe,Intersección,Bueno,Buena,Diurna,Buen Tiempo,Lateral,S/D,Colisión,Ninguna,Faltante,Ninguna,Sin restricción
2020,6174,2020-08-07,Viernes,,,0,2,"Moto/Ciclomotor,Automóvil",MITRE,2,1,0,0,1,0,0,"-31.087824269919,-61.902876514575",Calle,,RAMONA,Castellanos,S/D,S/D,V,Dentro,Urbana,S/D,S/D,Intersección,S/D,S/D,S/D,S/D,S/D,S/D,Colisión,S/D,S/D,S/D,S/D
2020,6175,2020-11-19,Jueves,21:30:00,,0,2,"Moto/Ciclomotor,Automóvil",Maipu Y Moreno,2,1,0,0,1,0,0,"-31.30536, -60.66047",Calle,,LAGUNA PAIVA,La Capital,Asfalto,No existe,I,Dentro,Urbana,Ninguna,No existe,Intersección,Bueno,Buena,"Nocturna,Con luz artificial",Buen Tiempo,Lateral,S/D,Colisión,Ninguna,Faltante,Ninguna,Sin restricción
2020,6176,2020-08-25,Martes,,Ruta Nacional 34,397.8,2,"Camión,Pickup/Utilitario",,2,1,0,0,1,0,0,"-29.807907, -62.015166",Ruta,34,CERES,San CRISTÓBAL,Asfalto,Natural,XIII,Dentro,Rural,Marca Vial,No existe,Recta,S/D,S/D,Nocturna,S/D,Lateral,S/D,Colisión,S/D,Horizontal,Línea divisoria pintada,S/D
2020,6178,2020-11-19,Jueves,9:30:00,Autopista Nacional A008,9,2,"Taxi/Remis,Camión c / Acoplado",,2,1,0,0,1,0,0,"-32.94059, -60.72266",Autopista,A008,ROSARIO,Rosario,Asfalto,No existe,II,Dentro,Urbana,S/D,No existe,Recta,Bueno,Buena,Diurna,Buen Tiempo,Lateral,S/D,Colisión,Ninguna,S/D,S/D,Reparación de Va
2020,6179,2020-11-29,Domingo,21:15:00,Ruta Nacional 11,483,2,"Taxi/Remis,Moto/Ciclomotor",,2,1,0,0,1,0,0,"    -31.61063, -60.69727",Ruta,11,RECREO,La Capital,Asfalto,Ripio,I,Dentro,Rural,Ninguna,No existe,Recta,Bueno,Buena,Diurna,Buen Tiempo,Lateral,S/D,Colisión,Ninguna,Faltante,Ninguna,Sin restricción
2020,6180,2020-11-19,Jueves,17:50:00,,0,2,"Bicicleta,Automóvil",Av. Luis Carballo Y Pje. J.M.Estrada Bis,3,1,0,0,2,0,0,"-32.92198, -60.6769",Avenida,,ROSARIO,Rosario,Asfalto,S/D,II,S/D,Urbana,S/D,S/D,Intersección,Bueno,S/D,Diurna,Buen Tiempo,S/D,Ciclista,Atropello,S/D,S/D,S/D,Sin restricción
2020,6181,2020-08-07,Viernes,16:00:00,Ruta Provincial 32,0,1,Automóvil,,1,1,0,0,0,0,0,"-28.504476373463813, -59.5779172444",Ruta,32,VILLA OCAMPO,General Obligado,Asfalto,No existe,IX,Dentro,Urbana,S/D,No existe,Intersección,Bueno,S/D,Diurna,S/D,S/D,S/D,Vuelco,Ninguna,S/D,S/D,S/D
2020,6182,2020-08-07,Viernes,6:45:00,,0,1,Moto/Ciclomotor,Calle 25-Rivadavia Y Calle 26 - Bolivar,1,1,0,0,0,0,0,"-29.149041016536,-59.651790270956",Calle,,RECONQUISTA,General Obligado,Asfalto,No existe,VIII,Dentro,Urbana,Ninguna,No existe,Intersección,Bueno,Buena,Diurna,Buen Tiempo,S/D,S/D,Cañda ocupante,Ninguna,Faltante,Ninguna,Sin restricción
2020,6183,2020-11-19,Jueves,7:50:00,,0,1,Moto/Ciclomotor,Av. Alberti Y Almafuerte,2,0,1,0,1,0,0,"-32.91732, -60.68395",Avenida,,ROSARIO,Rosario,Asfalto,S/D,II,S/D,Urbana,S/D,S/D,Intersección,Bueno,Buena,Diurna,S/D,S/D,S/D,Cañda ocupante,S/D,Vertical,Cordón divisorio,S/D
2020,6184,2020-08-07,Viernes,18:00:00,,0,2,"Moto/Ciclomotor,Automóvil",Calle 20 9 de Julio Y Calle 33-Pueyrredon,2,1,0,0,1,0,0,"-29.153837216059,-59.648706113941",Calle,,RECONQUISTA,General Obligado,Asfalto,No existe,IX,Dentro,Urbana,Ninguna,No existe,Intersección,Bueno,Buena,Diurna,Buen Tiempo,Lateral,S/D,Colisión,Ninguna,Faltante,Ninguna,Sin restricción
2020,6185,2020-11-28,Sabado,18:00:00,,0,2,"Moto/Ciclomotor,Automóvil",,2,1,0,0,1,0,0,"    -31.63902, -60.61319",Calle,,COLASTINE,La Capital,Tierra,No existe,I,S/D,Rural,Ninguna,No existe,Intersección,Con baches,Buena,Diurna,Buen Tiempo,Otro,S/D,Colisión,Ninguna,Faltante,Ninguna,Sin restricción
2020,6186,2020-08-07,Viernes,,,0,1,Automóvil,Italia Y Salta,1,1,0,0,0,0,0,"-32.937700559532,-60.646124930545",Calle,,ROSARIO,Rosario,Asfalto,No existe,II,Dentro,Urbana,Paso Peatonal,No existe,Intersección,Bueno,Buena,Diurna,Buen Tiempo,Contra objeto fijo,S/D,Colisión,Ninguna,Horizontal,Línea divisoria pintada,Sin restricción
2020,6187,2020-08-25,Martes,20:00:00,Ruta Provincial 70,0,2,"Moto/Ciclomotor,Moto/Ciclomotor",3 de Febrero Y Bv Pte Roca,2,1,0,0,1,0,0,"-31.252047760289,-61.494942558615",Ruta,70,RAFAELA,Castellanos,Asfalto,No existe,V,Dentro,Urbana,Semáforo,Funciona,Intersección,S/D,S/D,Nocturna,S/D,Lateral,S/D,Colisión,S/D,"Horizontal,Vertical",Cordón divisorio,S/D
2020,6188,2020-08-14,Viernes,5:45:00,Ruta Nacional 11,766,2,"Ambulancia,Camión",,2,1,0,0,1,0,0,"-29.386536, -60.040162",Ruta,11,ROMANG,San Javier,Asfalto,Natural,XIV,Dentro,Rural,Policía de tránsito,No existe,Recta,Bueno,Buena,Nocturna,S/D,De alcance,S/D,Colisión,S/D,S/D,Línea divisoria pintada,Accidente Previo
2020,6189,2020-08-08,Sabado,22:13:00,,0,2,"Automóvil,Automóvil",Dante Alighieri Y Ituzaingo,4,3,0,0,1,0,0,"-33.756819689035,-61.965377315986",Calle,,VENADO TUERTO,General LÓPEZ,Asfalto,No existe,VIII,Dentro,Urbana,Ninguna,No existe,Intersección,Bueno,Buena,Diurna,Buen Tiempo,S/D,S/D,Colisión,Ninguna,Faltante,Ninguna,Sin restricción
2020,6190,2020-08-14,Viernes,9:00:00,,0,2,"Automóvil,Bicicleta",Calle 19-Habegger Y Calle 26-Bolivar,2,1,0,0,1,0,0,"-29.145832482234,-59.651333477233",Calle,,RECONQUISTA,General Obligado,Asfalto,No existe,IX,Dentro,Urbana,Paso Peatonal,No existe,Intersección,Bueno,Buena,Diurna,Buen Tiempo,S/D,Ciclista,Atropello,Ninguna,Horizontal,Ninguna,Sin restricción
2020,6191,2020-08-08,Sabado,23:00:00,,0,2,"Moto/Ciclomotor,Moto/Ciclomotor",Italia Y Bartolome Mitre,2,1,0,0,0,0,1,"-33.746004609449,-61.958208807087",Calle,,VENADO TUERTO,General LÓPEZ,Asfalto,No existe,VIII,Dentro,Urbana,Otra Señal,No existe,Intersección,Bueno,Buena,Diurna,Buen Tiempo,S/D,S/D,Colisión,S/D,Vertical,Ninguna,Sin restricción
2020,6192,2020-11-28,Sabado,22:30:00,Ruta Provincial 2,0,1,Moto/Ciclomotor,,1,1,0,0,0,0,0,"    -31.53956, -60.68857",Ruta,2,MONTE VERA,La Capital,Hormigón,Ripio,I,Dentro,Urbana,Ninguna,No existe,Intersección,Bueno,Buena,"Nocturna,Con luz artificial",Buen Tiempo,Atropello animal,S/D,Colisión,Agua,S/D,Ninguna,Sin restricción
2020,6193,2020-08-08,Sabado,19:05:00,,0,2,"Moto/Ciclomotor,Pickup/Utilitario",Malvinas Y Perillo N - Calle 18,6,1,0,0,5,0,0,"-33.738708236442,-61.947086772678",Calle,,VENADO TUERTO,General LÓPEZ,Tierra,No existe,VIII,Dentro,Urbana,Ninguna,No existe,Intersección,Bueno,Buena,Diurna,Buen Tiempo,S/D,S/D,Colisión,Ninguna,Faltante,Ninguna,Sin restricción
2020,6194,2020-08-14,Viernes,,,0,2,"Pickup/Utilitario,Taxi/Remis",Crespo Y Tucuman,5,3,0,0,2,0,0,"-32.93640600333,-60.667067856649",Calle,,ROSARIO,Rosario,Asfalto,No existe,II,Dentro,Urbana,Ninguna,No existe,Intersección,Bueno,S/D,Diurna,Buen Tiempo,Lateral,S/D,"Colisión,Vuelco",S/D,Faltante,Ninguna,Sin restricción
2020,6195,2020-11-19,Jueves,6:45:00,,0,2,"Automóvil,Moto/Ciclomotor",Bv. Avellaneda Y San Juan,2,1,0,0,1,0,0,"-32.94282, -60.68013",Avenida,,ROSARIO,Rosario,Asfalto,S/D,II,S/D,Urbana,S/D,Funciona,Intersección,S/D,S/D,Nocturna,S/D,S/D,S/D,Colisión,S/D,S/D,S/D,S/D
2020,6196,2020-08-25,Martes,,Ruta Provincial 70,0,2,"Automóvil,Camión",Bv Santa Fe Y Jorge Newbery,2,2,0,0,0,0,0,"-31.256980250107,-61.466792886327",Ruta,70,RAFAELA,Castellanos,Asfalto,No existe,V,Dentro,Urbana,Semáforo,Funciona,Intersección,S/D,S/D,Diurna,S/D,S/D,S/D,Colisión,S/D,"Horizontal,Vertical",Línea divisoria pintada,S/D
2020,6197,2020-11-19,Jueves,8:10:00,,0,2,"Moto/Ciclomotor,Automóvil",La Paz Y Ayacucho,2,1,0,0,1,0,0,"-32.96618, -60.63134",Calle,,ROSARIO,Rosario,Asfalto,No existe,II,Dentro,Urbana,Ninguna,No existe,Intersección,Bueno,Buena,Diurna,Buen Tiempo,Lateral,S/D,Colisión,Ninguna,Faltante,Ninguna,Sin restricción
2020,6198,2020-11-19,Jueves,18:50:00,,0,2,"Pickup/Utilitario,Moto/Ciclomotor",J B Justo Y Bv Mariano Moreno,2,1,0,0,1,0,0,"-30.31567, -61.23351",Calle,,SAN CRISTÓBAL,San CRISTÓBAL,Asfalto,No existe,XIII,S/D,Urbana,Ninguna,No existe,Intersección,Con baches,Buena,Diurna,S/D,Lateral,S/D,Colisión,Ninguna,S/D,S/D,S/D
2020,6199,2020-11-19,Jueves,19:30:00,,0,2,"Bicicleta,Otros",Flotron Y Belgrano,2,1,0,0,0,0,1,"-32.78096, -61.5994",Calle,,ARMSTRONG,Belgrano,Asfalto,No existe,III,Dentro,Urbana,Ninguna,No existe,Intersección,Bueno,Buena,Atardecer,Buen Tiempo,S/D,Ciclista,Atropello,Ninguna,Vertical,Ninguna,Sin restricción
2020,6200,2020-08-14,Viernes,,Ruta Nacional 9,0,2,"Automóvil,Camión",,3,2,0,0,1,0,0,"-32.814756, -61.368192",Ruta,9,CAÑADA DE GÓMEZ,Iriondo,Asfalto,Natural,X,Dentro,Rural,S/D,No existe,Recta,Bueno,S/D,S/D,S/D,S/D,S/D,"Colisión,Vuelco",Ninguna,S/D,Línea divisoria pintada,Sin restricción
2020,6201,2020-08-25,Martes,2:00:00,,0,1,Automóvil,San Lorenzo 253,1,1,0,0,0,0,0,"-32.898493657656,-60.898454612267",Calle,,ROLDÁN,San Lorenzo,S/D,No existe,XVII,Dentro,Urbana,S/D,S/D,Recta,S/D,S/D,Nocturna,S/D,Contra objeto fijo,S/D,Colisión,S/D,S/D,S/D,S/D
2020,6202,2020-08-08,Sabado,7:00:00,Autopista Provincial Brigadier E.LÓPEZ,154,1,Automóvil,,1,1,0,0,0,0,0,"-31.625030636787436,-60.73941707611",Autopista,Brigadier E.LÓPEZ,SANTA FE,La Capital,Asfalto,Pavimento,I,Dentro,Urbana,Otra Señal,No existe,Puente,Bueno,Reducida,Nocturna,Niebla,Contra objeto fijo,S/D,Colisión,Ninguna,Horizontal,"Guardarrail,Línea divisoria pintada",Sin restricción
2020,6203,2020-11-19,Jueves,13:10:00,,0,2,"Pickup/Utilitario,Automóvil",Eva Peron Y Las Heras,4,3,0,0,1,0,0,"-31.64556, -60.7002",Calle,,SANTA FE,La Capital,Asfalto,No existe,I,Dentro,Urbana,S/D,No existe,Intersección,Bueno,S/D,Diurna,S/D,Lateral,S/D,Colisión,S/D,S/D,S/D,Sin restricción
2020,6204,2020-08-08,Sabado,17:55:00,,0,2,"Automóvil,Moto/Ciclomotor",Calle 45-Islas Georgias del S Y Calle 78,2,1,0,0,1,0,0,"-29.156497518313,-59.684475715179",Calle,,RECONQUISTA,General Obligado,S/D,No existe,IX,Dentro,Urbana,S/D,S/D,Intersección,S/D,S/D,Diurna,Buen Tiempo,Lateral,S/D,Colisión,S/D,S/D,S/D,Sin restricción
2020,6205,2020-08-24,Lunes,20:15:00,,0,2,"Moto/Ciclomotor,Moto/Ciclomotor",Islas Malvinas Y Suchon,2,1,0,0,0,0,1,"-31.732699843937,-61.087256466914",Calle,,SAN CARLOS CENTRO,Las Colonias,S/D,No existe,XI,Dentro,Urbana,S/D,S/D,Intersección,S/D,S/D,Nocturna,S/D,S/D,S/D,Colisión,S/D,S/D,Ninguna,S/D
2020,6206,2020-11-29,Domingo,9:40:00,Ruta Nacional A012,62.5,2,"Moto/Ciclomotor,Pickup/Utilitario",Bv Caferatta,2,1,0,0,1,0,0,"    -32.76984, -60.78216",Ruta,A012,RICARDONE,San Lorenzo,Asfalto,Ripio,XVII,S/D,Urbana,Ninguna,No existe,Recta,Bueno,Buena,Diurna,Buen Tiempo,Lateral,S/D,Colisión,Ninguna,Vertical,Línea divisoria pintada,Sin restricción
2020,6207,2020-11-19,Jueves,8:30:00,,0,2,"Taxi/Remis,Automóvil",Av Leandro Alem Y Belgrano,2,1,0,0,1,0,0,"-31.64684, -60.70179",Calle,,SANTA FE,La Capital,Asfalto,Pavimento,I,Dentro,Urbana,Semáforo,Funciona,Intersección,Bueno,Buena,Diurna,Buen Tiempo,Frontal,S/D,Colisión,Ninguna,Faltante,Ninguna,Sin restricción
2020,6208,2020-11-30,Lunes,18:30:00,Ruta Nacional A012,61.5,2,"Moto/Ciclomotor,Automóvil",Bv Caferatta 61.5,2,1,0,0,1,0,0,"    -32.76984, -60.78216",Ruta,A012,RICARDONE,San Lorenzo,Asfalto,Ripio,XVII,Dentro,Urbana,Ninguna,No existe,Recta,Bueno,Buena,Diurna,Buen Tiempo,Lateral,S/D,Colisión,Ninguna,Faltante,Línea divisoria pintada,Sin restricción
2020,6209,2020-08-08,Sabado,17:10:00,,0,2,"Moto/Ciclomotor,Automóvil",Calle 19-Habegger Y Calle 8-Chacabuco,2,1,0,0,1,0,0,"-29.147016766067,-59.640291644256",Calle,,RECONQUISTA,General Obligado,Asfalto,No existe,IX,Dentro,Urbana,Ninguna,No existe,Intersección,Bueno,Buena,Diurna,Buen Tiempo,S/D,S/D,Colisión,Ninguna,Faltante,Ninguna,Sin restricción
2020,6210,2020-08-15,Sabado,16:55:00,Ruta Nacional 8,372,2,"Peatón,Moto/Ciclomotor",,2,1,0,0,0,0,1,"-33.751428, -61.976835",Ruta,8,VENADO TUERTO,General LÓPEZ,Asfalto,Pavimento,VIII,Dentro,Urbana,Semáforo,Funciona,Recta,Bueno,Buena,Diurna,Buen Tiempo,S/D,Peatón,Atropello,S/D,"Horizontal,Vertical",Línea divisoria pintada,Sin restricción
2020,6211,2020-11-19,Jueves,22:20:00,Ruta Nacional 9,294,2,"Automóvil,Moto/Ciclomotor",,2,1,0,0,1,0,0,"-32.92289, -60.80062",Ruta,9,FUNES,Rosario,Asfalto,Ripio,II,Dentro,Urbana,Semáforo,Funciona,Recta,Bueno,Buena,"Nocturna,Con luz artificial",Buen Tiempo,Frontal,S/D,Colisión,Ninguna,Horizontal,Línea divisoria pintada,Sin restricción
2020,6212,2020-11-25,Miercoles,21:45:00,,0,2,"Automóvil,Automóvil",Avda Granaderos Y Estrada,4,1,0,0,3,0,0,"    -32.77673, -60.7393",Calle,,FRAY LUIS BELTRÁN,San Lorenzo,Tierra,No existe,XVII,S/D,Urbana,Ninguna,No existe,Intersección,Deteriorada,Buena,Diurna,Buen Tiempo,S/D,S/D,Colisión,Material Suelto,Faltante,Ninguna,Obra en Construcción
2020,6213,2020-08-24,Lunes,18:15:00,,0,2,"Moto/Ciclomotor,Moto/Ciclomotor",Leandro N Alem,3,3,0,0,0,0,0,"-33.759386, -61.957918",Calle,,VENADO TUERTO,General LÓPEZ,Asfalto,No existe,VIII,Dentro,Urbana,Semáforo,Funciona,Intersección,S/D,S/D,Diurna,S/D,S/D,S/D,Colisión,S/D,Vertical,Cordón divisorio,S/D
2020,6214,2020-08-08,Sabado,17:30:00,,0,2,"Moto/Ciclomotor,Automóvil",Calle 21-Gdor. iriondo Y Calle 32 - Amenabar,2,1,0,0,1,0,0,"-29.14650547845,-59.655149209677",Calle,,RECONQUISTA,General Obligado,Asfalto,No existe,IX,Dentro,Urbana,Ninguna,No existe,Intersección,Bueno,Buena,Diurna,Buen Tiempo,Lateral,S/D,Colisión,Ninguna,Faltante,Ninguna,Sin restricción
2020,6215,2020-08-15,Sabado,,,0,2,"Moto/Ciclomotor,Automóvil",,2,1,0,0,0,0,1,"-33.74811273671,-61.949166062657",Calle,,VENADO TUERTO,General LÓPEZ,Asfalto,No existe,VIII,Dentro,Urbana,Ninguna,No existe,Intersección,Bueno,S/D,S/D,S/D,Lateral,S/D,Colisión,Ninguna,Faltante,Ninguna,Sin restricción
2020,6216,2020-11-19,Jueves,6:45:00,Ruta Nacional 33,782,2,"Moto/Ciclomotor,Moto/Ciclomotor",,2,1,0,0,1,0,0,"-32.98946, -60.75264",Ruta,33,PEREZ,Rosario,Asfalto,Pavimento,II,Dentro,Urbana,Ninguna,No existe,Intersección,Bueno,Buena,Amanecer,Buen Tiempo,Lateral,S/D,Colisión,Ninguna,Vertical,Guardarrail,Sin restricción
2020,6217,2020-08-09,Domingo,1:00:00,,0,1,Moto/Ciclomotor,Calle 10-Ludue�a Y CAlle 37-Bvard. lovato,2,2,0,0,0,0,0,"-29.156388602575,-59.642885083478",Avenida,,RECONQUISTA,General Obligado,Asfalto,No existe,IX,Dentro,Urbana,Ninguna,No existe,Intersección,Bueno,Buena,Diurna,Buen Tiempo,S/D,S/D,Cañda ocupante,Ninguna,Faltante,"Cordón divisorio,Línea divisoria pintada",Sin restricción
2020,6218,2020-11-24,Martes,11:15:00,Ruta Nacional 11,0,2,"Moto/Ciclomotor,Automóvil",,2,1,0,0,1,0,0,"    -32.71029, -60.75932",Ruta,11,PUERTO SAN MARTÍN,San Lorenzo,Asfalto,Natural,XVII,Dentro,Rural,Ninguna,No existe,Intersección,Ahuellamiento,Buena,Diurna,Buen Tiempo,Lateral,S/D,Colisión,Ninguna,Horizontal,Ninguna,Sin restricción