anio_acci,nro_acci,fecha,desc_dia,hora_aprox,desc_ruta,km,cant_participantes,desc_participante,calle_avenida_km,total,heridos_leves,heridos_graves,heridos_gravisimos,ilesos,fallecidos,sin_datos,posicion_XY,desc_tipo_via,desc_ruta_ori,desc_loc,desc_dpto,desc_tipo_calzada,desc_tipo_banquina,desc_unidad_regional,desc_lugar_calzada,desc_zona,desc_prioridad,desc_estado_semaforo,desc_lugar_via,desc_estado_via,desc_estado_visibilidad,desc_luminosidad,desc_estado_clima,desc_tipo_colision,desc_tipo_atropello,desc_tipo_hecho,desc_pres_calzada,desc_senializacion,desc_separacion_via,desc_restriccion
2020,6219,2020-11-19,Jueves,19:00:00,,0,2,"Moto/Ciclomotor,Automóvil",Jose Ingenieros Y J.Colombres Bis,2,0,1,0,0,0,1,"-32.9176, -60.73035",Calle,,ROSARIO,Rosario,Asfalto,No existe,II,S/D,Urbana,Ninguna,No existe,Intersección,Bueno,Buena,Diurna,Buen Tiempo,Otro,S/D,Colisión,Ninguna,Faltante,Ninguna,Sin restricción
2020,6220,2020-08-24,Lunes,16:20:00,,0,2,"Moto/Ciclomotor,Pickup/Utilitario",Dr Jose Andres Valdez Y Juan Lavalle,2,1,0,0,1,0,0,"-33.73003900051117,-61.983844041824",Calle,,VENADO TUERTO,General LÓPEZ,S/D,No existe,VIII,Dentro,Urbana,S/D,S/D,Intersección,S/D,S/D,Diurna,S/D,S/D,S/D,Colisión,S/D,S/D,S/D,S/D
2020,6221,2020-08-15,Sabado,4:00:00,,0,2,"Automóvil,Moto/Ciclomotor",Calle 40 - Formosa Y Calle 47-Islas Malvinas,3,1,0,0,2,0,0,"-29.159762, -59.663404",Calle,,RECONQUISTA,General Obligado,S/D,No existe,IX,Dentro,Urbana,S/D,S/D,Intersección,S/D,S/D,Nocturna,S/D,Lateral,S/D,Colisión,S/D,S/D,Ninguna,S/D
2020,6222,2020-11-19,Jueves,15:30:00,,0,2,"Bicicleta,Automóvil",J.B.Justo Y Cullen,2,1,0,0,1,0,0,"-32.91485, -60.70995",Calle,,ROSARIO,Rosario,Asfalto,No existe,II,Dentro,Urbana,Ninguna,No existe,Intersección,Bueno,Buena,Diurna,Buen Tiempo,S/D,Ciclista,Atropello,S/D,Faltante,Ninguna,Sin restricción
2020,6223,2020-11-29,Domingo,18:15:00,Ruta Nacional 11,333,2,"Automóvil,Moto/Ciclomotor",Ruta Nac 11 Y Cordoba,3,0,0,0,2,1,0,"    -32.71377, -60.75648",Ruta,11,PUERTO SAN MARTÍN,San Lorenzo,Asfalto,Ripio,XVII,Dentro,Urbana,Ninguna,S/D,Intersección,Con baches,Buena,Diurna,Lluvia,Lateral,S/D,Colisión,Agua,Faltante,Ninguna,Sin restricción
2020,6225,2020-08-23,Domingo,,,0,2,"Moto/Ciclomotor,Vehículo Oficial",Carlos Pellegrini Y Rosario,2,1,0,0,1,0,0,"-31.246516290997,-61.500276666391",Calle,,RAFAELA,Castellanos,Asfalto,No existe,V,Dentro,Urbana,Ninguna,No existe,Intersección,S/D,S/D,Nocturna,S/D,S/D,S/D,Colisión,S/D,Faltante,Ninguna,S/D
2020,6226,2020-11-19,Jueves,7:20:00,,0,2,"Moto/Ciclomotor,Camión c / Acoplado",Av. Eva Peron 7200,2,1,0,0,1,0,0,"-32.93192, -60.71885",Avenida,,ROSARIO,Rosario,Asfalto,Pavimento,II,S/D,Urbana,Semáforo,Funciona,Recta,Bueno,Buena,"Diurna,Con luz artificial",Buen Tiempo,S/D,S/D,Colisión,Ninguna,"Horizontal,Vertical",Ninguna,Sin restricción
2020,6227,2020-08-15,Sabado,18:25:00,,0,2,"Moto/Ciclomotor,Automóvil",Calle 7-Sarmiento Y Calle 20 9 de Julio,3,2,0,0,1,0,0,"-29.13976667921,-59.646755177358",Calle,,RECONQUISTA,General Obligado,Asfalto,No existe,IX,Dentro,Urbana,Paso Peatonal,No existe,Intersección,Bueno,Buena,Diurna,S/D,Lateral,S/D,Colisión,Ninguna,Horizontal,Ninguna,Sin restricción
2020,6228,2020-11-19,Jueves,18:00:00,,0,2,"Moto/Ciclomotor,Peatón",Pje. Zola Y Sanguinetti,3,1,0,0,2,0,0,"-32.97184, -60.69541",Calle,,ROSARIO,Rosario,Asfalto,Pavimento,II,S/D,Urbana,Ninguna,No existe,Intersección,Bueno,Buena,Diurna,Buen Tiempo,S/D,Peatón,Atropello,Ninguna,Faltante,Ninguna,Sin restricción
2020,6229,2020-08-09,Domingo,22:30:00,,0,1,Moto/Ciclomotor,Calle 47-Islas Malvinas,1,0,1,0,0,0,0,"-29.156132340431228,-59.69982504844",Calle,,RECONQUISTA,General Obligado,S/D,No existe,IX,Dentro,Urbana,S/D,S/D,Recta,S/D,S/D,Nocturna,S/D,S/D,S/D,Cañda ocupante,S/D,S/D,S/D,S/D
2020,6230,2020-08-23,Domingo,1:30:00,,0,1,Automóvil,9 de Julio Y Gral Urquiza,2,1,0,0,1,0,0,"-30.789107347647,-60.589492069535",Calle,,SAN JUSTO,San Justo,Asfalto,No existe,XVI,Dentro,Urbana,Paso Peatonal,No existe,Intersección,S/D,S/D,Nocturna,S/D,Contra objeto fijo,S/D,Colisión,S/D,Horizontal,Ninguna,S/D
2020,6231,2020-08-16,Domingo,11:10:00,,0,2,"Automóvil,Automóvil",Chacabuco Y Miguel de Azcuenaga,3,2,0,0,1,0,0,"-33.749808458267,-61.969813954229",Calle,,VENADO TUERTO,General LÓPEZ,Asfalto,No existe,VIII,Dentro,Urbana,Ninguna,No existe,Intersección,Bueno,Buena,Diurna,Buen Tiempo,Lateral,S/D,Colisión,Ninguna,Faltante,Ninguna,Sin restricción
2020,6232,2020-11-19,Jueves,17:30:00,,0,2,"Bicicleta,Automóvil",Paraguay Y Olegario V.Andrade,2,1,0,0,1,0,0,"-32.99606, -60.65501",Calle,,ROSARIO,Rosario,Asfalto,No existe,II,S/D,Urbana,Ninguna,No existe,Intersección,Bueno,Buena,Diurna,Buen Tiempo,S/D,Ciclista,Atropello,Ninguna,Faltante,Ninguna,Sin restricción
2020,6233,2020-08-18,Martes,7:30:00,Autopista Nacional A012,13,2,"Pickup/Utilitario,Camión",,2,1,0,0,1,0,0,"-33.089995747865636, -60.7133879252",Autopista,A012,LA CAROLINA,Rosario,Asfalto,Natural,II,Dentro,Rural,Ninguna,No existe,Recta,Bueno,Buena,Diurna,Buen Tiempo,Frontal,S/D,Colisión,Ninguna,Horizontal,Línea divisoria pintada,Sin restricción
2020,6234,2020-11-19,Jueves,13:05:00,,0,2,"Bicicleta,Automóvil",L.N.Alem Y Virasoro,2,1,0,0,1,0,0,"-32.97166, -60.63426",Calle,,ROSARIO,Rosario,Asfalto,No existe,II,S/D,Urbana,Ninguna,No existe,Intersección,Bueno,Buena,Diurna,Buen Tiempo,S/D,Ciclista,Atropello,Ninguna,Faltante,Ninguna,Sin restricción
2020,6235,2020-08-16,Domingo,0:20:00,,0,2,"Moto/Ciclomotor,Automóvil",Falucho Y Juan Carlos Alberdi,4,2,0,0,2,0,0,"-33.751025315769,-61.957065881766",Calle,,VENADO TUERTO,General LÓPEZ,Asfalto,No existe,VII,Dentro,Urbana,Ninguna,No existe,Recta,Bueno,Buena,"Nocturna,Con luz artificial",Buen Tiempo,De alcance,S/D,Colisión,Ninguna,Faltante,Ninguna,Sin restricción
2020,6236,2020-08-18,Martes,11:30:00,,0,2,"Moto/Ciclomotor,Bicicleta",RIVADAVIA Y WEIHM�LLER,2,1,0,0,1,0,0,"-31.733905308013,-61.0918182679",Calle,,SANTA MARÍA CENTRO,Las Colonias,Asfalto,No existe,XI,Dentro,Urbana,Ninguna,No existe,Intersección,Bueno,Buena,Diurna,Buen Tiempo,S/D,S/D,Atropello,Ninguna,Faltante,Ninguna,Sin restricción
2020,6237,2020-08-23,Domingo,12:00:00,,0,2,"Automóvil,Moto/Ciclomotor",Calle 33-Pueyrredon Y Calle 44-27 de Abril,4,2,0,0,2,0,0,"-29.152143689698,-59.663794591364",Calle,,RECONQUISTA,General Obligado,Asfalto,No existe,IX,Dentro,Urbana,Ninguna,No existe,Intersección,Con baches,Buena,Diurna,Buen Tiempo,Lateral,S/D,Colisión,Ninguna,Faltante,Cordón divisorio,S/D
2020,6238,2020-08-19,Miercoles,8:10:00,,0,2,"Moto/Ciclomotor,Automóvil",Calle 43 Y Calle 44-27 de Abril,2,1,0,0,1,0,0,"-29.156741530193,-59.664231862397",Calle,,RECONQUISTA,General Obligado,Tierra,No existe,IX,Dentro,Urbana,S/D,No existe,Intersección,Bueno,Buena,Diurna,Buen Tiempo,S/D,S/D,Colisión,Ninguna,S/D,Ninguna,Sin restricción
2020,6239,2020-11-28,Sabado,14:30:00,,0,2,"Automóvil,Camión",America,2,1,0,0,1,0,0,"    -32.70507, -60.74668",Calle,,PUERTO SAN MARTÍN,San Lorenzo,Asfalto,No existe,II,Dentro,Urbana,Ninguna,No existe,Intersección,Bueno,Buena,Diurna,Buen Tiempo,De alcance,S/D,Colisión,Ninguna,S/D,Ninguna,Sin restricción
2020,6240,2020-11-20,Viernes,0:09:00,,0,2,"Moto/Ciclomotor,Moto/Ciclomotor",Bv San Martin Y Urquiza,2,2,0,0,0,0,0,"-32.90032, -60.90742",Calle,,ROLDÁN,San Lorenzo,Asfalto,Pavimento,XVII,S/D,Urbana,Ninguna,No existe,Intersección,Bueno,Buena,"Nocturna,Con luz artificial",Buen Tiempo,Lateral,S/D,Colisión,Ninguna,Horizontal,Cordón divisorio,Sin restricción
2020,6241,2020-08-16,Domingo,,,0,2,"Moto/Ciclomotor,Moto/Ciclomotor",Calle 119,2,2,0,0,0,0,0,"-28.354606, -59.269126",Calle,,LAS TOSCAS,General Obligado,Asfalto,S/D,IX,Dentro,Urbana,S/D,S/D,Intersección,Bueno,S/D,S/D,S/D,De alcance,S/D,Colisión,Ninguna,S/D,S/D,S/D
2020,6242,2020-11-25,Miercoles,12:50:00,,0,2,"Moto/Ciclomotor,Automóvil",America Y Rosario,3,2,0,0,1,0,0,"    -32.70577, -60.74264",Calle,,PUERTO SAN MARTÍN,San Lorenzo,Asfalto,No existe,XVII,Dentro,Urbana,Ninguna,No existe,Intersección,Con baches,Buena,Diurna,Buen Tiempo,Lateral,S/D,Colisión,Ninguna,Faltante,Ninguna,Sin restricción
2020,6243,2020-08-19,Miercoles,13:30:00,,0,1,Automóvil,Calle s/n Y Calle s/n,3,3,0,0,0,0,0,"-28.36043357849118,-59.269051551818",Camino Rural,,LAS TOSCAS,General Obligado,Tierra,No existe,IX,Dentro,Rural,S/D,No existe,S/D,S/D,S/D,Diurna,Buen Tiempo,S/D,S/D,Despiste,S/D,S/D,S/D,Sin restricción
2020,6244,2020-11-19,Jueves,20:30:00,,0,2,"Automóvil,Bicicleta",Fray Luis Beltran Y Maciel,2,1,0,0,1,0,0,"-32.8941, -60.91014",Calle,,ROLDÁN,San Lorenzo,Asfalto,No existe,XVII,Dentro,Urbana,Ninguna,No existe,Intersección,Bueno,Buena,"Nocturna,Con luz artificial",Buen Tiempo,S/D,Ciclista,Atropello,Ninguna,Faltante,Ninguna,Sin restricción
2020,6245,2020-08-23,Domingo,2:10:00,,0,2,"Pickup/Utilitario,Moto/Ciclomotor",25 de mayo Y Santa Fe,2,1,0,0,1,0,0,"-29.348473, -59.968074",Calle,,MALABRIGO,General Obligado,S/D,No existe,IX,Dentro,Urbana,S/D,S/D,Intersección,S/D,S/D,Nocturna,S/D,S/D,S/D,Colisión,S/D,S/D,Ninguna,S/D
2020,6246,2020-08-20,Jueves,15:30:00,,0,2,"Moto/Ciclomotor,Automóvil",Cristobal Colon Y España,4,1,0,0,3,0,0,"-33.739135379712,-61.966198330396",Calle,,VENADO TUERTO,General LÓPEZ,Asfalto,No existe,VIII,Dentro,Urbana,Ninguna,No existe,Intersección,Bueno,Buena,Diurna,Buen Tiempo,S/D,S/D,Colisión,Ninguna,Faltante,Ninguna,Sin restricción
2020,6247,2020-08-16,Domingo,21:00:00,,0,2,"Moto/Ciclomotor,Moto/Ciclomotor",Calle 1 Y Calle 12,3,3,0,0,0,0,0,"-29.112056894258,-59.657806918965",Calle,,AVELLANEDA,General Obligado,Asfalto,No existe,IX,Dentro,Urbana,Ninguna,No existe,Rotonda,Bueno,Buena,Nocturna,Buen Tiempo,Lateral,S/D,Colisión,Ninguna,Faltante,Cordón divisorio,Sin restricción
2020,6248,2020-11-20,Viernes,18:20:00,Ruta Nacional 11,19,2,"Moto/Ciclomotor,Automóvil",,2,1,0,0,1,0,0,"-32.71425, -60.75611",Ruta,11,PUERTO SAN MARTÍN,San Lorenzo,Asfalto,Natural,XVII,S/D,Rural,Ninguna,No existe,Recta,Ahuellamiento,Buena,Atardecer,Buen Tiempo,De alcance,S/D,Colisión,Ninguna,Horizontal,Ninguna,Sin restricción
2020,6249,2020-08-23,Domingo,16:09:00,Ruta Nacional 8,0,1,Moto/Ciclomotor,Ruta Nac 8 Y Ruta Nac 33,1,1,0,0,0,0,0,"-33.722077, -61.999794",Ruta,8,VENADO TUERTO,General LÓPEZ,Asfalto,Pavimento,VIII,Dentro,Urbana,Marca Vial,No existe,Cruce,S/D,S/D,Diurna,S/D,S/D,S/D,Cañda ocupante,S/D,Horizontal,Línea divisoria pintada,S/D
2020,6250,2020-08-21,Viernes,11:20:00,,0,2,"Moto/Ciclomotor,Automóvil",Calle 35-España Y Calle 50,2,1,0,0,1,0,0,"-29.152694994797,-59.667796034254",Calle,,RECONQUISTA,General Obligado,Tierra,No existe,IX,Dentro,Urbana,Ninguna,No existe,Intersección,Bueno,Buena,Diurna,Buen Tiempo,Lateral,S/D,Colisión,Ninguna,Faltante,Ninguna,Sin restricción
2020,6251,2020-11-20,Viernes,19:40:00,,0,2,"Moto/Ciclomotor,Automóvil",Colon 93,3,1,0,0,2,0,0,"-32.8192, -60.72057",Calle,,CAPITÁN BERMÚDEZ,San Lorenzo,Asfalto,Pavimento,XVII,Dentro,Urbana,Ninguna,No existe,Intersección,Bueno,S/D,Nocturna,Buen Tiempo,S/D,S/D,Colisión,Ninguna,S/D,Ninguna,Sin restricción
2020,6252,2020-08-21,Viernes,13:50:00,,0,2,"Moto/Ciclomotor,Automóvil",Calle 16 Gral Obligado Y Calle 57-Prof Roberto Roveda,2,1,0,0,1,0,0,"-29.165627775121,-59.648223977905",Calle,,RECONQUISTA,General Obligado,Tierra,No existe,IX,Dentro,Urbana,Ninguna,No existe,Intersección,Bueno,Buena,Diurna,Buen Tiempo,S/D,S/D,Colisión,Ninguna,Faltante,Ninguna,Sin restricción
2020,6253,2020-08-22,Sabado,,,0,2,"Moto/Ciclomotor,Automóvil",A Borlenghi Y Gdor Silvestre Begni,4,3,0,0,1,0,0,"-30.939047634601597,-61.54840350151",Calle,,SUNCHALES,Castellanos,S/D,No existe,V,Dentro,Urbana,Ninguna,S/D,Intersección,S/D,S/D,S/D,S/D,S/D,S/D,Colisión,S/D,S/D,Ninguna,S/D
2020,6254,2020-08-17,Lunes,3:00:00,,0,1,Pickup/Utilitario,Bv Centenario B Y Dorrego,1,1,0,0,0,0,0,"-32.814556933264,-61.392452040825",Avenida,,CAÑADA DE GÓMEZ,Iriondo,Asfalto,No existe,III,Dentro,Urbana,Ninguna,No existe,Recta,Bueno,Buena,"Nocturna,Con luz artificial",Buen Tiempo,Contra objeto fijo,S/D,Colisión,Ninguna,Faltante,"Cordón divisorio,Vegetación",Sin restricción
2020,6255,2020-11-25,Miercoles,13:20:00,Ruta Nacional 11,0,2,"Moto/Ciclomotor,Moto/Ciclomotor",Av San Lorenzo Y Florida,2,1,0,0,1,0,0,"    -32.82576, -60.71341",Ruta,11,CAPITÁN BERMÚDEZ,San Lorenzo,Asfalto,Pavimento,XVII,Dentro,Urbana,Semáforo,Funciona,Intersección,Bueno,Buena,Diurna,Buen Tiempo,S/D,S/D,Colisión,Ninguna,Vertical,Línea divisoria pintada,Sin restricción
2020,6256,2020-11-20,Viernes,18:30:00,,0,2,"Moto/Ciclomotor,Automóvil",Buenos Aires Y San Luis,3,1,0,0,2,0,0,"-32.94999, -60.63343",Calle,,ROSARIO,Rosario,Asfalto,S/D,II,S/D,Urbana,Señal Pare,S/D,Intersección,Bueno,S/D,Diurna,S/D,S/D,S/D,Colisión,S/D,S/D,S/D,S/D
2020,6257,2020-11-28,Sabado,0:30:00,Autopista Provincial Brigadier E.LÓPEZ,18,2,"Camión c / Acoplado,Camión c / Acoplado",,2,1,0,0,1,0,0,"    -32.73045, -60.76408",Autopista,Brigadier E.LÓPEZ,SAN LORENZO,San Lorenzo,S/D,S/D,XVII,Dentro,Rural,S/D,S/D,S/D,S/D,S/D,Nocturna,S/D,S/D,S/D,Colisión,S/D,S/D,S/D,S/D
2020,6258,2020-11-20,Viernes,14:30:00,,0,2,"Bicicleta,Automóvil",3 De Febrero Y Paraguay,2,1,0,0,1,0,0,"-32.95176, -60.6453",Calle,,ROSARIO,Rosario,Asfalto,S/D,II,S/D,Urbana,Señal Pare,S/D,Intersección,Bueno,S/D,Diurna,S/D,S/D,Ciclista,Atropello,S/D,S/D,S/D,S/D
2020,6259,2020-08-18,Martes,13:45:00,,0,1,Automóvil,,3,3,0,0,0,0,0,"-28.360304832458464,-59.27433013916",Camino Rural,,LAS TOSCAS,General Obligado,Tierra,S/D,IX,Dentro,Urbana,S/D,S/D,Recta,S/D,S/D,Diurna,S/D,S/D,S/D,Despiste,S/D,S/D,S/D,Sin restricción
2020,6260,2020-11-20,Viernes,22:00:00,,0,2,"Bicicleta,Otros",Alberdi 361,2,1,0,0,0,0,1,"-30.31745, -61.23026",Calle,,SAN CRISTÓBAL,San CRISTÓBAL,Tierra,S/D,XIII,Dentro,Urbana,Ninguna,No existe,Recta,Deteriorada,Reducida,Nocturna,Buen Tiempo,S/D,Ciclista,Atropello,Ninguna,Faltante,Ninguna,S/D
2020,6261,2020-08-22,Sabado,21:55:00,,0,2,"Moto/Ciclomotor,Moto/Ciclomotor",Miguel de Azcuenaga Y Roque Saenz Pe�a,2,2,0,0,0,0,0,"-33.739736116193,-61.977680775405",Calle,,VENADO TUERTO,General LÓPEZ,Asfalto,No existe,VIII,Dentro,Urbana,Otra Señal,No existe,Intersección,Bueno,Buena,Diurna,Buen Tiempo,S/D,S/D,Colisión,Ninguna,Vertical,Ninguna,Sin restricción
2020,6262,2020-11-20,Viernes,18:55:00,,0,2,"Bicicleta,Automóvil",Bv Bell Ville Y Elisa,2,1,0,0,1,0,0,"-32.79146, -61.59519",Calle,,ARMSTRONG,Belgrano,Asfalto,No existe,III,Dentro,Urbana,Ninguna,No existe,Intersección,Bueno,Buena,Diurna,Buen Tiempo,S/D,Ciclista,Atropello,Ninguna,Faltante,Ninguna,Sin restricción
2020,6263,2020-08-22,Sabado,11:05:00,,0,1,Moto/Ciclomotor,Domingo Faustino Sarmiento,1,1,0,0,0,0,0,"-33.754188873976,-61.958216873315",Calle,,VENADO TUERTO,General LÓPEZ,Asfalto,No existe,VIII,Dentro,Urbana,Ninguna,No existe,Recta,Bueno,Buena,Diurna,Buen Tiempo,Atropello animal,S/D,Colisión,Ninguna,Faltante,Cordón divisorio,Sin restricción
2020,6264,2020-08-22,Sabado,20:40:00,,0,2,"Automóvil,Moto/Ciclomotor",Calle 6-Ituzaingo Y Calle 15-Patricio Diez,2,1,0,0,1,0,0,"-29.144996192249,-59.638751977188",Calle,,RECONQUISTA,General Obligado,Asfalto,No existe,IX,Dentro,Urbana,Ninguna,No existe,Intersección,S/D,S/D,Nocturna,S/D,S/D,S/D,Colisión,S/D,Faltante,Ninguna,S/D
2020,6265,2020-11-30,Lunes,13:00:00,,0,2,"Peatón,Automóvil",Ing White Y Perdriel,2,1,0,0,1,0,0,"    -32.7585, -60.73775",Calle,,SAN LORENZO,San Lorenzo,S/D,No existe,XVII,S/D,Urbana,S/D,S/D,S/D,S/D,S/D,Diurna,S/D,S/D,S/D,Colisión,S/D,S/D,S/D,S/D
2020,6266,2020-08-22,Sabado,16:40:00,,0,2,"Moto/Ciclomotor,Automóvil",Jose Aufranc Y Lisandro de la Torre,2,1,0,0,1,0,0,"-33.73446581321,-61.984814961307",Calle,,VENADO TUERTO,General LÓPEZ,S/D,No existe,VIII,Dentro,Urbana,S/D,S/D,Intersección,S/D,S/D,Diurna,S/D,S/D,S/D,Colisión,S/D,S/D,S/D,S/D
2020,6267,2020-08-22,Sabado,11:50:00,,0,2,"Moto/Ciclomotor,Automóvil",Guillermo Brown Y Lisandro de la Torre,2,1,0,0,1,0,0,"-33.743963146391,-61.977421770061",Calle,,VENADO TUERTO,General LÓPEZ,Asfalto,No existe,VIII,Dentro,Urbana,Ninguna,No existe,Intersección,Bueno,Buena,Diurna,Buen Tiempo,Lateral,S/D,Colisión,Ninguna,Faltante,Ninguna,Sin restricción
2020,6268,2020-11-20,Viernes,23:35:00,,0,1,Moto/Ciclomotor,Luis D'Abreu Y Simon De Iriondo,2,0,2,0,0,0,0,"-29.87919151782986,-60.291466712951",Calle,,CALCHAQUÍ,Vera,Tierra,No existe,XIX,S/D,Urbana,Ninguna,No existe,Cruce,Con baches,Reducida,Nocturna,Buen Tiempo,S/D,S/D,S/D,Ninguna,Faltante,Ninguna,Sin restricción
2020,6269,2020-11-25,Miercoles,6:10:00,Autopista Provincial Brigadier E.LÓPEZ,0,2,"Automóvil,Taxi/Remis",Av. Circunvalacion,2,1,0,0,1,0,0,"    -32.88334, -60.71133",Autopista,Brigadier E.LÓPEZ,ROSARIO,Rosario,Asfalto,No existe,II,Dentro,Urbana,Ninguna,No existe,Intersección,Bueno,Buena,Amanecer,Buen Tiempo,De alcance,S/D,Colisión,Ninguna,Faltante,Guardarrail,Sin restricción
2020,6270,2020-11-20,Viernes,10:45:00,,0,2,"Bicicleta,Automóvil",9 de Julio Y Gral Urquiza,2,1,0,0,1,0,0,"-30.78914, -60.58949",Avenida,,SAN JUSTO,San Justo,Asfalto,No existe,XVI,Dentro,Urbana,Ninguna,No existe,Intersección,Bueno,Buena,Diurna,Buen Tiempo,S/D,Ciclista,Atropello,S/D,Faltante,Ninguna,Sin restricción
2020,6271,2020-08-22,Sabado,,,0,2,"Moto/Ciclomotor,Moto/Ciclomotor",A Gabarret Y Mariano Moreno,2,2,0,0,0,0,0,"-31.435791102962,-60.928245907294",Calle,,ESPERANZA,Las Colonias,S/D,No existe,XI,Dentro,Urbana,S/D,S/D,Intersección,S/D,S/D,S/D,S/D,S/D,S/D,Colisión,S/D,S/D,Ninguna,S/D
2020,6272,2020-11-30,Lunes,,,0,2,"Moto/Ciclomotor,Bicicleta",Abanderado Grandoli Y Biedma,2,1,0,0,1,0,0,"    -32.98473, -60.62819",Calle,,ROSARIO,Rosario,Asfalto,No existe,II,Dentro,Urbana,Ninguna,S/D,Recta,Bueno,S/D,S/D,Buen Tiempo,S/D,S/D,Colisión,Ninguna,Faltante,S/D,S/D
2020,6273,2020-11-30,Lunes,,,0,2,"Bicicleta,Moto/Ciclomotor",Garay Y Beruti,2,1,0,0,1,0,0,"    -32.97773, -60.62713",Calle,,ROSARIO,Rosario,Asfalto,No existe,II,S/D,Urbana,Ninguna,S/D,Recta,Bueno,Buena,Nocturna,Otro,S/D,Ciclista,Atropello,Ninguna,Faltante,Ninguna,Sin restricción
2020,6274,2020-11-20,Viernes,13:50:00,Ruta Nacional 11,268,1,Automóvil,,2,2,0,0,0,0,0,"-30.70091, -60.50998",Ruta,11,SAN JUSTO,San Justo,Asfalto,Natural,XVI,S/D,Rural,Ninguna,No existe,Recta,Bueno,Buena,Diurna,Buen Tiempo,S/D,S/D,Vuelco,S/D,S/D,Ninguna,Sin restricción
2020,6275,2020-11-20,Viernes,16:30:00,Ruta Nacional 9,295,5,"Automóvil,Automóvil,Automóvil,Taxi/Remis,Taxi/Remis",,5,2,0,0,3,0,0,"-32.92108, -60.81348",Ruta,9,FUNES,Rosario,Asfalto,Ripio,II,Dentro,Urbana,Ninguna,No existe,Intersección,Bueno,Buena,Diurna,Buen Tiempo,Frontal,S/D,Colisión,Ninguna,Vertical,Cordón divisorio,Sin restricción
2020,6276,2020-11-20,Viernes,23:00:00,,0,1,Moto/Ciclomotor,Cervantes 363,1,1,0,0,0,0,0,"-33.00731, -60.61768",Calle,,VILLA GOBERNADOR GÁLVEZ,Rosario,Asfalto,No existe,II,S/D,Urbana,Ninguna,No existe,Recta,Deteriorada,Buena,"Nocturna,Con luz artificial",Buen Tiempo,S/D,S/D,Cañda ocupante,Ninguna,Faltante,Ninguna,Sin restricción
2020,6277,2020-11-27,Viernes,18:30:00,,0,2,"Moto/Ciclomotor,Otros",Bv. Avellaneda Y Av. Luis Carballo,2,1,0,0,1,0,0,"    -32.9689, -60.68666",Avenida,,ROSARIO,Rosario,Asfalto,S/D,II,Dentro,Urbana,S/D,S/D,Intersección,Bueno,Buena,Diurna,Buen Tiempo,Lateral,S/D,Colisión,S/D,S/D,S/D,S/D
2020,6278,2020-11-20,Viernes,7:30:00,,0,2,"Peatón,Pickup/Utilitario",Bv. Wilde 800,2,1,0,0,1,0,0,"-32.91953, -60.73928",Calle,,ROSARIO,Rosario,Asfalto,No existe,II,Dentro,Urbana,S/D,S/D,Recta,Bueno,Buena,Diurna,Buen Tiempo,S/D,Peatón,Atropello,Ninguna,S/D,S/D,Sin restricción
2020,6279,2020-11-26,Jueves,18:55:00,,0,2,"Moto/Ciclomotor,Automóvil",Grandoli,2,1,0,0,1,0,0,"    -32.9883, -60.6283",Calle,,ROSARIO,Rosario,Asfalto,No existe,II,Dentro,Urbana,Ninguna,No existe,Intersección,Bueno,Buena,Diurna,Buen Tiempo,S/D,S/D,Colisión,Ninguna,S/D,Ninguna,Sin restricción
2020,6280,2020-11-20,Viernes,11:45:00,Autopista Nacional Rosario -Cordoba,295,3,"Automóvil,Automóvil,Pickup/Utilitario",,3,2,0,0,1,0,0,"-32.93677, -60.83006",Autopista,Rosario -Cordoba,ROSARIO,Rosario,Asfalto,S/D,II,Dentro,Urbana,S/D,No existe,Recta,Bueno,Buena,Diurna,Buen Tiempo,S/D,S/D,Colisión,Ninguna,S/D,S/D,Sin restricción
2020,6281,2020-11-24,Martes,20:50:00,,0,2,"Automóvil,Moto/Ciclomotor",Matheu Y Poblet,2,1,0,0,1,0,0,"    -32.889, -60.72236",Calle,,ROSARIO,Rosario,Asfalto,No existe,II,Fuera,Urbana,Ninguna,S/D,Intersección,Bueno,S/D,Nocturna,Buen Tiempo,S/D,S/D,Colisión,S/D,S/D,Ninguna,Sin restricción
2020,6282,2020-11-20,Viernes,20:10:00,,0,2,"Moto/Ciclomotor,Moto/Ciclomotor",J.M.de Rosas 1600,4,2,0,0,2,0,0,"-33.08776, -60.57152",Calle,,ROSARIO,Rosario,Asfalto,No existe,II,Dentro,Urbana,S/D,No existe,Recta,Deteriorada,Buena,"Nocturna,Con luz artificial",Buen Tiempo,S/D,S/D,Colisión,Ninguna,S/D,S/D,Sin restricción
2020,6283,2020-11-20,Viernes,20:15:00,,0,1,Moto/Ciclomotor,J.B.Justo Y Nicaragua,2,0,2,0,0,0,0,"-32.91516, -60.72139",Calle,,ROSARIO,Rosario,Asfalto,No existe,II,S/D,Urbana,S/D,No existe,Intersección,Bueno,Buena,Nocturna,S/D,S/D,S/D,Despiste,S/D,Faltante,Ninguna,S/D