anio_acci,nro_acci,fecha,desc_dia,hora_aprox,desc_ruta,km,cant_participantes,desc_participante,calle_avenida_km,total,heridos_leves,heridos_graves,heridos_gravisimos,ilesos,fallecidos,sin_datos,posicion_XY,desc_tipo_via,desc_ruta_ori,desc_loc,desc_dpto,desc_tipo_calzada,desc_tipo_banquina,desc_unidad_regional,desc_lugar_calzada,desc_zona,desc_prioridad,desc_estado_semaforo,desc_lugar_via,desc_estado_via,desc_estado_visibilidad,desc_luminosidad,desc_estado_clima,desc_tipo_colision,desc_tipo_atropello,desc_tipo_hecho,desc_pres_calzada,desc_senializacion,desc_separacion_via,desc_restriccion
2020,6284,2020-11-28,Sabado,12:35:00,,0,2,"Automóvil,Moto/Ciclomotor",Baigorria Y Warnes,3,2,0,0,1,0,0,"    -32.89187, -60.69475",Calle,,ROSARIO,Rosario,Asfalto,Pavimento,II,Dentro,Urbana,Señal Pare,No existe,Intersección,Bueno,Buena,Diurna,Buen Tiempo,Lateral,S/D,Colisión,Ninguna,Faltante,Ninguna,Sin restricción
2020,6285,2020-11-20,Viernes,9:00:00,,0,2,"Automóvil,Moto/Ciclomotor",Av. Provincias Unidas Bis Y La Republica,2,1,0,0,1,0,0,"-32.91864, -60.71367",Avenida,,ROSARIO,Rosario,Asfalto,No existe,II,S/D,Urbana,Ninguna,No existe,Intersección,Bueno,Buena,Diurna,Buen Tiempo,S/D,S/D,Colisión,Ninguna,Faltante,Ninguna,Sin restricción
2020,6286,2020-11-20,Viernes,8:00:00,,0,2,"Bicicleta,Automóvil",Coulin Y Pueyrredon,2,1,0,0,1,0,0,"-32.98828, -60.66881",Calle,,ROSARIO,Rosario,Asfalto,No existe,II,Dentro,Urbana,Ninguna,No existe,Intersección,Bueno,Buena,Diurna,Buen Tiempo,Lateral,Ciclista,Atropello,Ninguna,Faltante,Ninguna,Sin restricción
2020,6287,2020-11-20,Viernes,4:50:00,,0,2,"Moto/Ciclomotor,Automóvil",Bv. Avellaneda Y Gaboto,2,1,0,0,0,0,1,"-32.96601, -60.68588",Calle,,ROSARIO,Rosario,Asfalto,No existe,II,Dentro,Urbana,Ninguna,No existe,Intersección,Bueno,Buena,"Nocturna,Con luz artificial",Buen Tiempo,Lateral,S/D,Colisión,Ninguna,Faltante,Cordón divisorio,Sin restricción
2020,6288,2020-11-20,Viernes,22:15:00,,0,2,"Bicicleta,Camión",Bv. 27 De Febrero Y Av. Provincias Unidas,3,0,1,0,1,0,1,"-32.95932, -60.71176",Calle,,ROSARIO,Rosario,Asfalto,No existe,II,Dentro,Urbana,Ninguna,No existe,Intersección,Bueno,Buena,Nocturna,Buen Tiempo,S/D,Ciclista,Atropello,Ninguna,Faltante,Ninguna,Sin restricción
2020,6289,2020-11-23,Lunes,19:55:00,,0,2,"Moto/Ciclomotor,Otros",Darragueira Y Superi,3,2,0,0,1,0,0,"    -32.89481, -60.69496",Calle,,ROSARIO,Rosario,Asfalto,Natural,II,Dentro,Urbana,S/D,No existe,Recta,Bueno,S/D,Atardecer,Buen Tiempo,Frontal,S/D,Colisión,S/D,S/D,S/D,Sin restricción
2020,6290,2020-11-20,Viernes,18:25:00,,0,2,"Peatón,Moto/Ciclomotor",Av. Battle y Ordo�ez Y Sadi Carnot,2,2,0,0,0,0,0,"-33.00891, -60.64846",Calle,,ROSARIO,Rosario,Asfalto,No existe,II,Dentro,Urbana,Ninguna,S/D,Intersección,Bueno,Buena,Diurna,Buen Tiempo,S/D,Peatón,Atropello,Ninguna,Faltante,Ninguna,Sin restricción
2020,6291,2020-11-25,Miercoles,13:30:00,,0,2,"Moto/Ciclomotor,Automóvil",España,2,1,0,0,1,0,0,"    -32.97752, -60.6547",Calle,,ROSARIO,Rosario,Asfalto,S/D,II,S/D,Urbana,S/D,S/D,Recta,S/D,S/D,Diurna,S/D,S/D,S/D,Colisión,S/D,S/D,Ninguna,S/D
2020,6292,2020-11-19,Jueves,20:20:00,,0,2,"Automóvil,Moto/Ciclomotor",French Y Av A del Valle,2,0,0,0,1,0,1,"-31.59253, -60.69198",Calle,,SANTA FE,La Capital,S/D,No existe,I,Dentro,Urbana,S/D,No existe,Intersección,S/D,Reducida,Nocturna,S/D,S/D,S/D,Colisión,S/D,Vertical,S/D,Sin restricción
2020,6293,2020-11-27,Viernes,10:00:00,,0,2,"Transporte de Pasajeros Urbano (> 8 asientos),Peatón",Entre Rios Y San Luis,2,1,0,0,1,0,0,"    -32.94856, -60.64165",Calle,,ROSARIO,Rosario,Asfalto,S/D,II,S/D,Urbana,S/D,S/D,Recta,S/D,Buena,Diurna,S/D,S/D,S/D,Colisión,S/D,S/D,S/D,S/D
2020,6294,2020-11-21,Sabado,17:15:00,,0,2,"Moto/Ciclomotor,Automóvil",4 de Enero Y Santa Cruz,2,1,0,0,1,0,0,"-31.58194, -60.69332",S/D,,SANTA FE,La Capital,Asfalto,Pavimento,I,S/D,Urbana,Ninguna,No existe,Recta,Bueno,Buena,Diurna,Buen Tiempo,Lateral,S/D,Colisión,Ninguna,Vertical,Ninguna,Sin restricción
2020,6295,2020-11-21,Sabado,18:15:00,,0,2,"Moto/Ciclomotor,Moto/Ciclomotor",Av Silvestre Begnis Y Av. Santa Fe,3,1,1,0,1,0,0,"-32.85075, -60.71493",Avenida,,GRANADERO BAIGORRIA,Rosario,Hormigón,No existe,II,S/D,Urbana,Ninguna,No existe,Intersección,Bueno,Buena,Diurna,Buen Tiempo,Lateral,S/D,Colisión,Ninguna,Faltante,Barrera de hormigón,Sin restricción
2020,6296,2020-11-27,Viernes,8:30:00,,0,2,"Moto/Ciclomotor,Pickup/Utilitario",Av. Illia Y Italia,3,1,0,0,2,0,0,"    -32.92786, -60.77686",Avenida,,ROSARIO,Rosario,Hormigón,No existe,II,S/D,Urbana,S/D,S/D,Recta,S/D,S/D,Diurna,S/D,S/D,S/D,Colisión,S/D,S/D,S/D,S/D
2020,6297,2020-11-21,Sabado,1:40:00,,0,2,"Automóvil,Moto/Ciclomotor",Av Gral Paz 6400,2,1,0,0,1,0,0,"-31.61239, -60.67984",Avenida,,SANTA FE,La Capital,Asfalto,No existe,I,Dentro,Urbana,Ninguna,No existe,Recta,Bueno,Reducida,Nocturna,Buen Tiempo,Lateral,S/D,Colisión,Ninguna,S/D,Ninguna,Sin restricción
2020,6298,2020-11-21,Sabado,12:30:00,,0,2,"Moto/Ciclomotor,Automóvil",Las Heras Y Vieytes,2,0,0,0,0,0,2,"-31.60398, -60.68796",Calle,,SANTA FE,La Capital,S/D,No existe,I,S/D,Urbana,Ninguna,No existe,Intersección,S/D,Reducida,Diurna,S/D,S/D,S/D,Colisión,S/D,Faltante,Ninguna,Sin restricción
2020,6299,2020-11-25,Miercoles,13:00:00,,0,2,"Moto/Ciclomotor,Automóvil",Sarmiento Y Mendoza,2,1,0,0,1,0,0,"    -32.95148, -60.63946",Calle,,ROSARIO,Rosario,Asfalto,No existe,II,Dentro,Urbana,S/D,S/D,Recta,S/D,Buena,Diurna,S/D,S/D,S/D,Colisión,S/D,S/D,S/D,Sin restricción
2020,6300,2020-11-21,Sabado,18:00:00,,0,2,"Pickup/Utilitario,Peatón",Calle s/n Y Corrientes,3,1,0,0,2,0,0,"-31.5158, -60.61234",Camino Rural,,MONTE VERA,La Capital,Tierra,Natural,I,S/D,Rural,Ninguna,No existe,Recta,Bueno,Buena,Diurna,Buen Tiempo,S/D,Peatón,Atropello,Ninguna,Faltante,Ninguna,Sin restricción
2020,6301,2020-11-21,Sabado,23:40:00,,0,2,"Automóvil,Moto/Ciclomotor",Ricchieri Y San Juan,2,0,1,0,1,0,0,"-32.94574, -60.66375",Calle,,ROSARIO,Rosario,Asfalto,S/D,II,S/D,Urbana,S/D,S/D,Intersección,Bueno,S/D,Nocturna,S/D,S/D,S/D,Colisión,S/D,S/D,S/D,S/D
2020,6302,2020-11-25,Miercoles,17:30:00,,0,2,"Moto/Ciclomotor,Automóvil",Montevideo Y Servando Bayo,3,2,0,0,1,0,0,"    -32.94783, -60.68704",Calle,,ROSARIO,Rosario,Asfalto,No existe,II,Dentro,Urbana,Ninguna,No existe,Intersección,Bueno,Buena,Diurna,Buen Tiempo,S/D,S/D,Colisión,Ninguna,Faltante,Ninguna,Sin restricción
2020,6303,2020-09-09,Miercoles,13:50:00,Autopista Nacional A008,0,1,Moto/Ciclomotor,Av. Circunvalacion 3600,1,1,0,0,0,0,0,"-32.98299488607882,-60.624472677817",Autopista,A008,ROSARIO,Rosario,Asfalto,No existe,II,Dentro,Urbana,Ninguna,No existe,Recta,Bueno,Buena,Diurna,Buen Tiempo,S/D,S/D,Cañda ocupante,Ninguna,Horizontal,"Guardarrail,Línea divisoria pintada",Sin restricción
2020,6304,2020-11-28,Sabado,8:50:00,,0,2,"Pickup/Utilitario,Moto/Ciclomotor",Ituzaingo Y Juan D Peron,2,1,0,0,1,0,0,"    -30.3118, -61.24143",Calle,,SAN CRISTÓBAL,San CRISTÓBAL,Asfalto,S/D,XIII,S/D,Urbana,Ninguna,No existe,Cruce,Bueno,Buena,Diurna,Buen Tiempo,Lateral,S/D,Colisión,S/D,Faltante,Ninguna,S/D
2020,6305,2020-09-27,Domingo,15:00:00,,0,1,Otros,F.More Y Godoy Cruz,1,1,0,0,0,0,0,"-32.957515268799,-60.693075523445",Calle,,ROSARIO,Rosario,Asfalto,No existe,II,Dentro,Urbana,Ninguna,No existe,Intersección,Deteriorada,Buena,Diurna,Buen Tiempo,S/D,S/D,Colisión,Ninguna,Faltante,Ninguna,Sin restricción
2020,6306,2020-09-27,Domingo,18:45:00,,0,2,"Moto/Ciclomotor,Automóvil",Ituzaingo Y Rio De Janeiro,2,1,0,0,1,0,0,"-32.953133652785,-60.684081303571",Calle,,ROSARIO,Rosario,Asfalto,No existe,II,Dentro,Urbana,Ninguna,No existe,Intersección,Bueno,Buena,Diurna,Buen Tiempo,Lateral,S/D,Colisión,Ninguna,Faltante,Ninguna,Sin restricción
2020,6307,2020-09-28,Lunes,16:30:00,,0,2,"Moto/Ciclomotor,Pickup/Utilitario",Av. Pte.Peron Y Lima,2,1,0,0,1,0,0,"-32.958174246412,-60.688206981828",Avenida,,ROSARIO,Rosario,Asfalto,No existe,II,Dentro,Urbana,Paso Peatonal,No existe,Intersección,Bueno,Buena,Diurna,Buen Tiempo,S/D,S/D,Colisión,Ninguna,Horizontal,Cordón divisorio,Sin restricción
2020,6308,2020-11-26,Jueves,21:20:00,,0,1,Moto/Ciclomotor,Salta 1300,2,1,1,0,0,0,0,"    -30.30941, -61.22781",Calle,,SAN CRISTÓBAL,San CRISTÓBAL,Asfalto,S/D,XIII,S/D,Urbana,S/D,S/D,Recta,Bueno,Reducida,Nocturna,Buen Tiempo,Atropello animal,S/D,Colisión,S/D,S/D,S/D,S/D
2020,6309,2020-11-24,Martes,14:20:00,,0,2,"Bicicleta,Automóvil",Buenos Aires Y Cordoba,2,1,0,0,1,0,0,"    -32.56725, -61.77026",Calle,,MONTES DE OCA,Belgrano,S/D,S/D,III,S/D,Urbana,Ninguna,No existe,Cruce,S/D,Buena,Diurna,Buen Tiempo,Lateral,Ciclista,Atropello,S/D,Faltante,Ninguna,Sin restricción
2020,6310,2020-02-11,Martes,,Autopista Nacional A008,27,1,Moto/Ciclomotor,Av. Circunvalacion Y Av. Uriburu,1,0,0,0,0,1,0,"-32.99236,-60.70277",Autopista,A008,ROSARIO,Rosario,Asfalto,No existe,II,S/D,Rural,Ninguna,No existe,Intersección,Bueno,S/D,S/D,S/D,S/D,S/D,S/D,S/D,Faltante,"Guardarrail,S/D",Sin restricción
2020,6311,2020-11-26,Jueves,23:00:00,Ruta Provincial 65,101,1,Automóvil,,1,1,0,0,0,0,0,"    -32.42952, -61.8905",Ruta,65,BOUQUET,Belgrano,Asfalto,No existe,III,S/D,Rural,Ninguna,No existe,Curva,Bueno,Reducida,Nocturna,Buen Tiempo,S/D,S/D,Vuelco,Ninguna,Faltante,Línea divisoria pintada,Sin restricción
2020,6312,2020-02-15,Sabado,,,0,2,"Otros,Peatón",,2,0,0,0,0,1,1,"-32.95243530892894, -60.66822616376",S/D,,ROSARIO,Rosario,S/D,S/D,II,S/D,S/D,S/D,S/D,S/D,S/D,S/D,S/D,S/D,S/D,Peatón,Atropello,S/D,S/D,S/D,S/D
2020,6313,2020-11-30,Lunes,19:30:00,,0,2,"Automóvil,Peatón",Uruguay,2,1,0,0,1,0,0,"    -31.42128, -60.33566",Calle,,SANTA ROSA DE CALCHINES,Garay,Asfalto,Pavimento,VII,Dentro,Urbana,Ninguna,No existe,Recta,Bueno,Buena,Nocturna,Buen Tiempo,S/D,Peatón,Atropello,Ninguna,Faltante,S/D,Sin restricción
2020,6314,2020-11-28,Sabado,12:15:00,,0,2,"Pickup/Utilitario,Moto/Ciclomotor",Rivadavia Y Crespo,2,0,1,0,1,0,0,"    -31.13581, -60.99112",Calle,,PROGRESO,Las Colonias,Asfalto,No existe,XI,Dentro,Urbana,Ninguna,No existe,Intersección,Bueno,Buena,Diurna,Buen Tiempo,Lateral,S/D,Colisión,Material Suelto,S/D,Ninguna,Sin restricción
2020,6315,2020-11-25,Miercoles,18:45:00,,0,2,"Automóvil,Automóvil",,5,2,0,0,3,0,0,"    -31.39903, -61.08197",Calle,,HUMBOLDT,Las Colonias,Tierra,Natural,XI,S/D,Rural,Ninguna,No existe,Intersección,Bueno,Buena,Atardecer,Buen Tiempo,S/D,S/D,Colisión,Ninguna,Faltante,S/D,Sin restricción
2020,6316,2020-11-25,Miercoles,18:00:00,,0,2,"Moto/Ciclomotor,Pickup/Utilitario",Rivadavia,2,1,0,0,1,0,0,"    -31.43882, -60.92518",Calle,,ESPERANZA,Las Colonias,Asfalto,No existe,XI,Dentro,Urbana,S/D,S/D,Intersección,Bueno,S/D,Diurna,S/D,Lateral,S/D,Colisión,Ninguna,S/D,Ninguna,Sin restricción
2020,6317,2020-11-26,Jueves,20:50:00,,0,1,Moto/Ciclomotor,3 de Febrero 1800,1,1,0,0,0,0,0,"    -31.44661, -60.93273",Calle,,ESPERANZA,Las Colonias,Asfalto,No existe,XI,Dentro,Urbana,S/D,No existe,Recta,Resbaladiza,Buena,"Nocturna,Con luz artificial",Buen Tiempo,S/D,S/D,Cañda ocupante,Otro,Faltante,Ninguna,Sin restricción
2020,6318,2020-09-26,Sabado,11:20:00,,0,2,"Automóvil,Moto/Ciclomotor",Bv. Segui Y Camilo Aldao,3,1,1,0,1,0,0,"-32.970468244672,-60.694799458315",Avenida,,ROSARIO,Rosario,Asfalto,No existe,II,Dentro,Urbana,Ninguna,No existe,Intersección,Bueno,Buena,Diurna,Buen Tiempo,S/D,S/D,Colisión,Ninguna,Faltante,Cordón divisorio,Sin restricción
2020,6319,2020-09-02,Miercoles,,,0,1,Bicicleta,Av Lopez y Planes Y Iturraspe,1,1,0,0,0,0,0,"-31.626410682333,-60.713783660889",Avenida,,SANTA FE,La Capital,Asfalto,No existe,I,Dentro,Urbana,Paso Peatonal,Funciona,Recta,Bueno,S/D,S/D,Buen Tiempo,S/D,S/D,Cañda ocupante,Ninguna,"Horizontal,Vertical",Cordón divisorio,Sin restricción
2020,6320,2020-09-23,Miercoles,8:00:00,,0,2,"Moto/Ciclomotor,Automóvil",Cerrito Y Larrea,4,2,0,0,2,0,0,"-32.952906373376,-60.696769270641",Calle,,ROSARIO,Rosario,Asfalto,No existe,II,Dentro,Urbana,Ninguna,No existe,Intersección,Bueno,Buena,Diurna,Buen Tiempo,S/D,S/D,Colisión,Ninguna,Faltante,Ninguna,Sin restricción
2020,6321,2020-09-06,Domingo,18:20:00,,0,1,Moto/Ciclomotor,Av Pte Peron Y Ecuador,1,1,0,0,0,0,0,"-31.619593418352,-60.718490033087",Avenida,,SANTA FE,La Capital,Asfalto,No existe,I,Dentro,Urbana,Ninguna,Funciona,Intersección,Bueno,Buena,Diurna,Buen Tiempo,S/D,S/D,Cañda ocupante,Ninguna,Vertical,Cordón divisorio,Sin restricción
2020,6322,2020-09-29,Martes,1:50:00,,0,2,"Peatón,Automóvil",Ricardo Rojas 2178,2,1,0,0,1,0,0,"-32.955054445672,-60.724937301438",Calle,,ROSARIO,Rosario,Asfalto,No existe,II,Dentro,Urbana,Ninguna,No existe,Recta,Bueno,Buena,Nocturna,Buen Tiempo,S/D,Peatón,Atropello,Ninguna,Faltante,Ninguna,Sin restricción
2020,6323,2020-09-07,Lunes,7:45:00,,0,2,"Moto/Ciclomotor,Pickup/Utilitario",Iturraspe Y Saavedra,2,1,0,0,1,0,0,"-31.627163932887,-60.710511478103",Calle,,SANTA FE,La Capital,Asfalto,No existe,I,Dentro,Urbana,Otra Señal,No existe,Intersección,Bueno,Buena,Diurna,Buen Tiempo,Lateral,S/D,Colisión,Ninguna,Vertical,Ninguna,Sin restricción
2020,6324,2020-09-25,Viernes,16:40:00,,0,2,"Automóvil,Moto/Ciclomotor",Camilo Aldao Y Ocampo,2,1,0,0,1,0,0,"-32.957575570383,-60.695301858963",Calle,,ROSARIO,Rosario,Asfalto,No existe,II,Dentro,Urbana,Señal Pare,No existe,Intersección,Bueno,Buena,Diurna,Buen Tiempo,S/D,S/D,Colisión,Ninguna,Vertical,Ninguna,Sin restricción
2020,6325,2020-09-09,Miercoles,12:45:00,,0,2,"Moto/Ciclomotor,Automóvil",Av Lopez y Planes Y Fray C Rodriguez,2,1,0,0,1,0,0,"-31.618742312868,-60.713461647208",Avenida,,SANTA FE,La Capital,Asfalto,No existe,I,Dentro,Urbana,Semáforo,Funciona,Intersección,Bueno,Buena,Diurna,Buen Tiempo,Lateral,S/D,Colisión,Ninguna,"Horizontal,Vertical",Cordón divisorio,Sin restricción
2020,6326,2020-09-19,Sabado,23:05:00,Autopista Nacional A008,0,2,"Moto/Ciclomotor,Automóvil",Av. Circunvalacion Y Av. Pte.Peron,2,0,1,0,1,0,0,"-32.970337162875,-60.716091144135",Autopista,A008,ROSARIO,Rosario,Asfalto,No existe,II,Dentro,Urbana,Semáforo,Funciona,Intersección,Bueno,Buena,"Nocturna,Con luz artificial",Buen Tiempo,S/D,S/D,Colisión,Ninguna,Vertical,Cordón divisorio,Sin restricción
2020,6327,2020-09-16,Miercoles,12:45:00,,0,2,"Automóvil,Moto/Ciclomotor",Cochabamba Y Servando Bayo,3,0,2,0,1,0,0,"-32.950106719729,-60.687592317031",Calle,,ROSARIO,Rosario,Asfalto,No existe,II,Dentro,Urbana,Ninguna,No existe,Intersección,Bueno,Buena,Diurna,Buen Tiempo,S/D,S/D,Colisión,Ninguna,Faltante,Ninguna,Sin restricción
2020,6328,2020-11-27,Viernes,18:35:00,,0,2,"Moto/Ciclomotor,Automóvil",25 de Mayo Y Domingo Faustino Sarmiento,2,1,0,0,1,0,0,"    -31.44786, -60.93111",Calle,,ESPERANZA,Las Colonias,Asfalto,No existe,XI,Dentro,Urbana,Ninguna,No existe,Intersección,Bueno,S/D,Diurna,Buen Tiempo,Lateral,S/D,Colisión,Ninguna,S/D,Ninguna,Sin restricción
2020,6329,2020-09-11,Viernes,19:00:00,,0,2,"Moto/Ciclomotor,Pickup/Utilitario",Av Blas Parera Y Fray C Rodriguez,2,1,0,0,1,0,0,"-31.61814272403719,-60.716848969459",Avenida,,SANTA FE,La Capital,Asfalto,No existe,I,Dentro,Urbana,Ninguna,Funciona,Intersección,Bueno,Buena,Atardecer,Buen Tiempo,Lateral,S/D,Colisión,Ninguna,Faltante,Línea divisoria pintada,Sin restricción
2020,6330,2020-09-13,Domingo,2:00:00,Autopista Nacional A008,0,2,"Moto/Ciclomotor,Automóvil",Av de Circunvalacion Y Av Gral San Martin,2,0,1,0,1,0,0,"-33.01669880747795,-60.633826553821",Autopista,A008,VILLA GOBERNADOR GÁLVEZ,Rosario,Asfalto,No existe,II,Dentro,Urbana,Ninguna,Intermitente,Intersección,Bueno,Buena,"Nocturna,Con luz artificial",Buen Tiempo,Lateral,S/D,Colisión,Ninguna,Vertical,Ninguna,Sin restricción
2020,6331,2020-11-21,Sabado,21:35:00,,0,2,"Peatón,Moto/Ciclomotor",Belgrano 400,2,1,1,0,0,0,0,"-30.715579160488,-61.462912611949",Calle,,MOISES VILLE,San CRISTÓBAL,Tierra,No existe,XIII,Dentro,Urbana,Ninguna,No existe,Recta,Con baches,Buena,"Nocturna,Con luz artificial",Buen Tiempo,S/D,Peatón,Atropello,Ninguna,Faltante,Ninguna,Sin restricción
2020,6332,2020-09-14,Lunes,14:30:00,,0,2,"Pickup/Utilitario,Bicicleta",Av. Carlos Colombres Y P.Rivarola,2,1,0,0,1,0,0,"-32.966174228332,-60.724752212708",Avenida,,ROSARIO,Rosario,Asfalto,No existe,II,Dentro,Urbana,Señal Pare,No existe,Intersección,Bueno,Buena,Diurna,Buen Tiempo,S/D,Ciclista,Atropello,Ninguna,Vertical,Ninguna,Sin restricción
2020,6333,2020-09-13,Domingo,20:50:00,Ruta Nacional 33,0,2,"Moto/Ciclomotor,Pickup/Utilitario",AV PTE PERON Y JOSE M. ROSA,3,1,1,0,1,0,0,"-32.970679, -60.716742",Ruta,33,ROSARIO,Rosario,Asfalto,No existe,II,Dentro,Urbana,Semáforo,Funciona,Intersección,Bueno,Buena,"Nocturna,Con luz artificial",Buen Tiempo,Lateral,S/D,Colisión,Ninguna,Vertical,Cordón divisorio,Sin restricción
2020,6334,2020-09-12,Sabado,17:20:00,,0,2,"Moto/Ciclomotor,Automóvil",Iturraspe Y Saavedra,2,1,0,0,1,0,0,"-31.627163932887,-60.710511478103",Calle,,SANTA FE,La Capital,Asfalto,No existe,I,Dentro,Urbana,Ninguna,No existe,Intersección,Bueno,Buena,Diurna,Buen Tiempo,Lateral,S/D,Colisión,Ninguna,Faltante,Ninguna,Sin restricción
2020,6335,2020-11-21,Sabado,19:30:00,,0,2,"Moto/Ciclomotor,Otros",Av Milano Y Hipolito Vieytes,2,1,0,0,1,0,0,"-29.87701, -61.94736",Avenida,,CERES,San CRISTÓBAL,Hormigón,No existe,XIII,Dentro,Urbana,Ninguna,No existe,Intersección,Bueno,Buena,Diurna,Buen Tiempo,Lateral,S/D,Colisión,Ninguna,Horizontal,"Cordón divisorio,Vegetación",Sin restricción
2020,6336,2020-11-30,Lunes,6:45:00,,0,2,"Pickup/Utilitario,Moto/Ciclomotor",General Manuel Belgrano Y A Gabarret,2,0,0,0,1,1,0,"-31.43649, -60.92552",Calle,,ESPERANZA,Las Colonias,Asfalto,No existe,XI,Dentro,Urbana,Ninguna,No existe,Intersección,Bueno,Buena,"Nocturna,Con luz artificial",Buen Tiempo,Lateral,S/D,Colisión,Ninguna,Faltante,Ninguna,Sin restricción
2020,6337,2020-09-11,Viernes,8:40:00,,0,2,"Moto/Ciclomotor,Peatón",Bv. 27 De Febrero Y Bv. Avellaneda,3,1,0,0,2,0,0,"-32.960321199993,-60.684593378268",Avenida,,ROSARIO,Rosario,Asfalto,No existe,II,Dentro,Urbana,Semáforo,Funciona,Intersección,Bueno,Buena,Diurna,Buen Tiempo,S/D,Peatón,Atropello,Ninguna,Vertical,Cordón divisorio,Sin restricción
2020,6338,2020-11-21,Sabado,16:00:00,,0,2,"Moto/Ciclomotor,Automóvil",Avenida de Mayo Y Laprida,2,1,0,0,1,0,0,"-29.87718, -61.93934",Avenida,,CERES,San CRISTÓBAL,Hormigón,No existe,XIII,Dentro,Urbana,Ninguna,No existe,Recta,Bueno,Reducida,"Nocturna,Con luz artificial",Buen Tiempo,De alcance,S/D,Colisión,Ninguna,Faltante,Vegetación,Sin restricción
2020,6339,2020-09-18,Viernes,9:00:00,,0,2,"Peatón,Automóvil",Artigas 3921,2,1,0,0,1,0,0,"-31.620662023516,-60.717847844918",Calle,,SANTA FE,La Capital,Asfalto,No existe,I,Dentro,Urbana,Ninguna,No existe,Recta,Bueno,Buena,Diurna,Buen Tiempo,S/D,Peatón,Atropello,Ninguna,Faltante,Ninguna,Sin restricción
2020,6340,2020-09-18,Viernes,16:50:00,Autopista Nacional A008,0,1,Moto/Ciclomotor,Av. Circunvalacion Y Av. Pellegrini,2,0,1,0,1,0,0,"-32.94882416725159,-60.721888840198",Autopista,A008,ROSARIO,Rosario,Asfalto,Pavimento,II,Dentro,Urbana,Marca Vial,No existe,Recta,Bueno,Buena,Atardecer,Buen Tiempo,Contra objeto fijo,S/D,Colisión,Ninguna,Horizontal,Guardarrail,Sin restricción
2020,6341,2020-09-09,Miercoles,8:20:00,,0,2,"Automóvil,Automóvil",Bv. Segui Y Camilo Aldao,5,4,1,0,0,0,0,"-32.970468244672,-60.694799458315",Avenida,,ROSARIO,Rosario,Asfalto,No existe,II,Dentro,Urbana,Ninguna,No existe,Intersección,Bueno,Buena,Diurna,Buen Tiempo,S/D,S/D,Colisión,Ninguna,Faltante,Cordón divisorio,Sin restricción
2020,6342,2020-11-21,Sabado,1:00:00,Ruta Provincial 2,203,2,"Pickup/Utilitario,Camión Chasis",,3,1,0,0,2,0,0,"-30.25691, -61.21358",Ruta,2,SAN CRISTÓBAL,San CRISTÓBAL,Asfalto,Natural,XIII,Dentro,Rural,Ninguna,No existe,Curva,Bueno,Reducida,Nocturna,Buen Tiempo,Lateral,S/D,Colisión,Ninguna,Faltante,Ninguna,S/D
2020,6343,2020-09-18,Viernes,18:30:00,,0,2,"Moto/Ciclomotor,Pickup/Utilitario",Av Blas Parera Y M De Polonia,2,1,0,0,1,0,0,"-31.614064644618,-60.717773095057",Avenida,,SANTA FE,La Capital,Asfalto,No existe,I,Dentro,Urbana,Ninguna,No existe,Intersección,Bueno,Buena,Atardecer,Buen Tiempo,Lateral,S/D,Colisión,Ninguna,Faltante,"Cordón divisorio,Vegetación",Sin restricción
2020,6344,2020-11-30,Lunes,11:15:00,,0,2,"Moto/Ciclomotor,Automóvil",Marcos Avellaneda,2,1,0,0,1,0,0,"    -31.45391, -60.9324",Calle,,ESPERANZA,Las Colonias,Asfalto,No existe,XI,Dentro,Urbana,Ninguna,No existe,Recta,Bueno,Buena,Diurna,Buen Tiempo,De alcance,S/D,Colisión,Ninguna,Faltante,Ninguna,Sin restricción
2020,6345,2020-11-21,Sabado,14:20:00,,0,2,"Automóvil,Moto/Ciclomotor",Ituzaingo Y Rivadavia,2,0,1,0,1,0,0,"-29.88868, -60.29068",Calle,,CALCHAQUÍ,Vera,Ripio,No existe,XIX,Dentro,Urbana,Ninguna,No existe,Intersección,Deteriorada,Buena,Diurna,Buen Tiempo,De alcance,S/D,Colisión,Ninguna,Faltante,Ninguna,Sin restricción
2020,6346,2020-09-07,Lunes,,,0,2,"Moto/Ciclomotor,Pickup/Utilitario",Av. De Las Palmeras 8600,2,1,0,0,1,0,0,"-32.974036173291,-60.734476503777",Avenida,,ROSARIO,Rosario,Asfalto,No existe,II,Dentro,Urbana,Ninguna,No existe,Intersección,Bueno,Buena,Diurna,Buen Tiempo,S/D,S/D,Colisión,Ninguna,Faltante,Ninguna,Sin restricción