anio_acci,nro_acci,fecha,desc_dia,hora_aprox,desc_ruta,km,cant_participantes,desc_participante,calle_avenida_km,total,heridos_leves,heridos_graves,heridos_gravisimos,ilesos,fallecidos,sin_datos,posicion_XY,desc_tipo_via,desc_ruta_ori,desc_loc,desc_dpto,desc_tipo_calzada,desc_tipo_banquina,desc_unidad_regional,desc_lugar_calzada,desc_zona,desc_prioridad,desc_estado_semaforo,desc_lugar_via,desc_estado_via,desc_estado_visibilidad,desc_luminosidad,desc_estado_clima,desc_tipo_colision,desc_tipo_atropello,desc_tipo_hecho,desc_pres_calzada,desc_senializacion,desc_separacion_via,desc_restriccion
2020,6347,2020-09-22,Martes,18:30:00,,0,2,"Peatón,Moto/Ciclomotor",Av Pte Peron Y Padre Catena,2,1,0,0,0,0,1,"-31.629908791951,-60.717989595436",Avenida,,SANTA FE,La Capital,Asfalto,No existe,I,Dentro,Urbana,Semáforo,Funciona,Intersección,Bueno,Buena,Atardecer,Buen Tiempo,S/D,Peatón,Atropello,Ninguna,"Horizontal,Vertical",Cordón divisorio,Sin restricción
2020,6348,2020-11-21,Sabado,19:25:00,Ruta Nacional 11,364,2,"Moto/Ciclomotor,Bicicleta",,2,2,0,0,0,0,0,"-29.87322, -60.28501",Ruta,11,CALCHAQUÍ,Vera,Asfalto,Natural,XIX,Dentro,Urbana,Ninguna,No existe,Cruce,Con baches,Buena,Atardecer,Buen Tiempo,S/D,Ciclista,Atropello,Ninguna,Faltante,Ninguna,Sin restricción
2020,6349,2020-09-07,Lunes,21:45:00,,0,2,"Automóvil,Automóvil",Bv. Avellaneda Y Riobamba,2,1,1,0,0,0,0,"-32.955645359165,-60.68341318688",Avenida,,ROSARIO,Rosario,Asfalto,No existe,II,Dentro,Urbana,Paso Peatonal,No existe,Intersección,Bueno,Buena,"Nocturna,Con luz artificial",Buen Tiempo,S/D,S/D,Colisión,Ninguna,Horizontal,"Cordón divisorio,Línea divisoria pintada",Sin restricción
2020,6350,2020-09-23,Miercoles,0:40:00,,0,2,"Vehículo Oficial,Vehículo Oficial",Av Pte Peron Y Juan Del Campillo,2,2,0,0,0,0,0,"-31.626770967973,-60.718687480304",Avenida,,SANTA FE,La Capital,Asfalto,No existe,I,Dentro,Urbana,Ninguna,No existe,Intersección,Bueno,Buena,Nocturna,Buen Tiempo,S/D,S/D,Cañda ocupante,Ninguna,Faltante,Ninguna,Sin restricción
2020,6351,2020-11-30,Lunes,,,0,2,"Pickup/Utilitario,Moto/Ciclomotor",Estanislao Lopez,3,1,0,0,2,0,0,"    -29.89105, -60.28176",Calle,,CALCHAQUÍ,Vera,Asfalto,No existe,XIX,Dentro,Urbana,Ninguna,No existe,Recta,Bueno,Buena,Diurna,Buen Tiempo,De alcance,S/D,Colisión,Ninguna,Faltante,Ninguna,Sin restricción
2020,6352,2020-11-29,Domingo,15:50:00,,0,2,"Automóvil,Moto/Ciclomotor",Bv C Pellegrini Y Fco Angeloni,3,2,0,0,1,0,0,"    -30.79216, -60.60418",Calle,,SAN JUSTO,San Justo,Asfalto,No existe,XVI,Dentro,Urbana,Ninguna,No existe,Intersección,Bueno,Buena,Diurna,Lluvia,Frontal,S/D,Colisión,Ninguna,Faltante,Ninguna,Sin restricción
2020,6353,2020-11-21,Sabado,10:50:00,Ruta Secundaria 293-s,67,1,Moto/Ciclomotor,,2,0,1,0,1,0,0,"-28.31413, -61.54417",Ruta,293-s,SANTA MARGARITA,9 de Julio,Tierra,No existe,XII,Dentro,Rural,Ninguna,No existe,Cruce,Ahuellamiento,Buena,Diurna,Buen Tiempo,Otro,S/D,Vuelco,Ninguna,Faltante,Ninguna,Sin restricción
2020,6354,2020-09-06,Domingo,21:30:00,,0,2,"Automóvil,Automóvil",Bv. Segui Y Pje. Espinillo,4,2,0,0,2,0,0,"-32.970741891888,-60.699114398066",Avenida,,ROSARIO,Rosario,Asfalto,Pavimento,II,Dentro,Urbana,Ninguna,No existe,Intersección,Bueno,Buena,"Nocturna,Con luz artificial",Buen Tiempo,S/D,S/D,Colisión,Ninguna,Faltante,Cordón divisorio,Sin restricción
2020,6355,2020-11-21,Sabado,0:20:00,,0,2,"Automóvil,Moto/Ciclomotor",San Jeronimo Y Monse�or Zaspe,3,2,0,0,1,0,0,"-31.65566, -60.71063",Calle,,SANTA FE,La Capital,Asfalto,Pavimento,I,Dentro,Urbana,Ninguna,No existe,Intersección,Bueno,Buena,"Nocturna,Con luz artificial",Buen Tiempo,Lateral,S/D,Colisión,Ninguna,Faltante,Ninguna,Sin restricción
2020,6356,2020-09-23,Miercoles,7:50:00,,0,2,"Moto/Ciclomotor,Pickup/Utilitario",AV NTRA SRA DEL ROSARIO Y JUAN PABLO II,3,2,0,0,1,0,0,"-33.00142765045168,-60.688047409057",Avenida,,ROSARIO,Rosario,Asfalto,No existe,II,Dentro,Urbana,Ninguna,No existe,Intersección,Bueno,Buena,Diurna,Buen Tiempo,De alcance,S/D,Colisión,Ninguna,Faltante,Ninguna,Sin restricción
2020,6357,2020-09-30,Miercoles,13:30:00,,0,2,"Moto/Ciclomotor,Automóvil",Av Pte Peron Y Padre Catena,2,1,0,0,1,0,0,"-31.629908791951,-60.717989595436",Avenida,,SANTA FE,La Capital,Asfalto,No existe,I,Dentro,Urbana,Semáforo,Funciona,Intersección,Bueno,Buena,Diurna,Buen Tiempo,Lateral,S/D,Colisión,Ninguna,"Horizontal,Vertical",Cordón divisorio,Sin restricción
2020,6358,2020-09-05,Sabado,11:30:00,,0,2,"Moto/Ciclomotor,Pickup/Utilitario",Barra Y Bv. Segui,2,1,0,0,1,0,0,"-32.970909061453,-60.705607329624",Avenida,,ROSARIO,Rosario,Asfalto,No existe,II,Dentro,Urbana,Ninguna,No existe,Intersección,Bueno,Buena,Diurna,Buen Tiempo,S/D,S/D,Colisión,Ninguna,Faltante,Cordón divisorio,Sin restricción
2020,6359,2020-10-04,Domingo,14:30:00,Autopista Nacional A008,0,2,"Automóvil,Taxi/Remis",Av Circunvalaci�n Y Mendoza,2,1,0,0,1,0,0,"-31.64972, -60.70458",Autopista,A008,SANTA FE,La Capital,Asfalto,Pavimento,II,Dentro,Urbana,Semáforo,Funciona,Intersección,Bueno,Buena,Diurna,Buen Tiempo,Lateral,S/D,Colisión,Ninguna,Faltante,Ninguna,Sin restricción
2020,6360,2020-09-13,Domingo,20:21:00,,0,2,"Moto/Ciclomotor,Moto/Ciclomotor",Av Blas Parera 5400,3,2,0,0,1,0,0,"-31.614064644618,-60.717773095057",Avenida,,SANTA FE,La Capital,Asfalto,No existe,I,Dentro,Urbana,Ninguna,No existe,Recta,Bueno,Buena,Nocturna,Buen Tiempo,Lateral,S/D,Colisión,Ninguna,Vertical,Cordón divisorio,Sin restricción
2020,6361,2020-09-04,Viernes,8:35:00,,0,2,"Automóvil,Moto/Ciclomotor",F.More 4200,2,1,0,0,1,0,0,"-32.978426085356,-60.691952666062",Avenida,,ROSARIO,Rosario,Asfalto,No existe,II,Dentro,Urbana,Ninguna,No existe,Intersección,Bueno,Buena,Diurna,Buen Tiempo,S/D,S/D,Colisión,Ninguna,Faltante,Ninguna,Sin restricción
2020,6362,2020-11-21,Sabado,14:20:00,Ruta Nacional 9,295,2,"Automóvil,Moto/Ciclomotor",,3,1,0,0,2,0,0,"-32.92108, -60.81348",Ruta,9,FUNES,Rosario,Asfalto,Ripio,II,Dentro,Urbana,Ninguna,No existe,Intersección,Bueno,Buena,Diurna,Buen Tiempo,Frontal,S/D,Colisión,Ninguna,Vertical,Línea divisoria pintada,Sin restricción
2020,6363,2020-09-04,Viernes,9:10:00,,0,2,"Moto/Ciclomotor,Moto/Ciclomotor",Av. Provincias Unidas Y Ocampo,2,1,0,0,0,0,1,"-32.958019732925,-60.71194859106",Avenida,,ROSARIO,Rosario,Asfalto,No existe,II,Dentro,Urbana,Ninguna,Funciona,Intersección,Bueno,Buena,Diurna,Buen Tiempo,S/D,S/D,Colisión,Ninguna,Vertical,Ninguna,Sin restricción
2020,6364,2020-11-21,Sabado,0:00:00,,0,2,"Bicicleta,Automóvil",Fragata Sarmiento Y Cafferata,3,1,0,0,2,0,0,"-32.98697, -60.68269",Calle,,ROSARIO,Rosario,Asfalto,No existe,II,Dentro,Urbana,S/D,No existe,Intersección,Bueno,Buena,"Nocturna,Con luz artificial",Buen Tiempo,S/D,Ciclista,Atropello,Ninguna,Faltante,Ninguna,Sin restricción
2020,6365,2020-11-27,Viernes,21:00:00,,0,2,"Peatón,Tractor",33 Cristo Rey,2,0,1,0,1,0,0,"    -33.02534, -60.75583",Calle,,SOLDINI,Rosario,Asfalto,No existe,II,Dentro,Urbana,Ninguna,No existe,Recta,Con baches,Reducida,Atardecer,Buen Tiempo,Lateral,Peatón,Atropello,Ninguna,Faltante,Ninguna,Sin restricción
2020,6366,2020-09-04,Viernes,17:00:00,,0,2,"Automóvil,Automóvil",Garzon Y Viamonte,3,1,0,0,2,0,0,"-32.956695449979,-60.705005056151",Calle,,ROSARIO,Rosario,Asfalto,Pavimento,II,Dentro,Urbana,Ninguna,No existe,Intersección,Bueno,Buena,Diurna,Buen Tiempo,S/D,S/D,Colisión,Ninguna,Faltante,Ninguna,Sin restricción
2020,6367,2020-09-28,Lunes,12:50:00,,0,1,Moto/Ciclomotor,Naciones Unidas Y Roque Saenz Pe�a,1,1,0,0,0,0,0,"-31.633216215516,-60.722399915035",Calle,,SANTA FE,La Capital,Asfalto,No existe,I,Dentro,Urbana,Ninguna,No existe,Curva,Bueno,Buena,Diurna,Buen Tiempo,S/D,S/D,Cañda ocupante,Ninguna,Faltante,Ninguna,Sin restricción
2020,6368,2020-11-27,Viernes,8:10:00,,0,2,"Moto/Ciclomotor,Bicicleta",Montevideo Y Av. Corrientes,2,1,1,0,0,0,0,"    -32.95542, -60.64476",Avenida,,ROSARIO,Rosario,Asfalto,S/D,II,Dentro,Urbana,S/D,S/D,Recta,S/D,S/D,Diurna,S/D,S/D,Ciclista,Atropello,S/D,S/D,S/D,S/D
2020,6369,2020-11-21,Sabado,5:30:00,,0,2,"Taxi/Remis,Automóvil",Av. Ovidio Lagos Y Bv. Segui,3,1,0,0,2,0,0,"-32.97501, -60.66947",Avenida,,ROSARIO,Rosario,Asfalto,No existe,II,Dentro,Urbana,Semáforo,Funciona,Intersección,Bueno,Buena,Amanecer,S/D,Lateral,S/D,Colisión,Ninguna,Faltante,Cordón divisorio,Sin restricción
2020,6370,2020-11-26,Jueves,8:30:00,,0,2,"Automóvil,Peatón",Cruz Roje Argentina Y Corrientes,2,1,0,0,1,0,0,"    -31.65407, -60.70611",Calle,,SANTA FE,La Capital,Asfalto,Pavimento,I,Dentro,Urbana,S/D,No existe,Intersección,Bueno,Buena,Diurna,Buen Tiempo,S/D,Peatón,Atropello,Ninguna,Faltante,Ninguna,Sin restricción
2020,6371,2020-09-04,Viernes,7:10:00,,0,2,"Vehículo Oficial,Automóvil",Av. Pte.Peron Y Vera Mujica,2,1,0,0,0,0,1,"-32.956015266431,-60.670593346928",Calle,,ROSARIO,Rosario,Asfalto,No existe,II,Dentro,Urbana,Semáforo,Funciona,Intersección,Bueno,Buena,Diurna,Buen Tiempo,S/D,S/D,Colisión,Ninguna,"Horizontal,Vertical","Cordón divisorio,Línea divisoria pintada",Sin restricción
2020,6372,2020-11-23,Lunes,11:00:00,,0,2,"Automóvil,Moto/Ciclomotor",Dr Zavalla Y Amenabar,2,1,0,0,1,0,0,"    -31.65694, -60.72337",Calle,,SANTA FE,La Capital,Asfalto,Pavimento,I,S/D,Urbana,S/D,No existe,Intersección,Con baches,Buena,Diurna,Buen Tiempo,De alcance,S/D,Colisión,Ninguna,Vertical,Ninguna,Sin restricción
2020,6373,2020-09-15,Martes,12:55:00,,0,2,"Bicicleta,Pickup/Utilitario",Lamadrid Y La Rioja,2,1,0,0,1,0,0,"-31.640685, -60.727033",Calle,,SANTA FE,La Capital,Asfalto,No existe,I,Dentro,Urbana,Ninguna,No existe,Intersección,Bueno,Buena,Diurna,Buen Tiempo,S/D,Ciclista,Atropello,Ninguna,Faltante,Ninguna,Sin restricción
2020,6374,2020-09-26,Sabado,2:30:00,,0,2,"Vehículo Oficial,Pickup/Utilitario",AV NRA SRA DEL ROSARIO Y JUAN PABLO II,3,2,0,0,1,0,0,"-33.0012506246567,-60.6876504421234",Avenida,,ROSARIO,Rosario,Asfalto,No existe,II,Dentro,Urbana,Ninguna,No existe,Intersección,Bueno,Reducida,"Nocturna,Con luz artificial",Buen Tiempo,S/D,S/D,Colisión,Ninguna,Faltante,Ninguna,Sin restricción
2020,6375,2020-09-07,Lunes,18:00:00,,0,2,"Bicicleta,Automóvil",Camilo Aldao Y Junin,2,1,0,0,1,0,0,"-32.927128404226,-60.69646396466",Calle,,ROSARIO,Rosario,Asfalto,No existe,II,Dentro,Urbana,Semáforo,Funciona,Intersección,Bueno,Buena,Diurna,Buen Tiempo,S/D,Ciclista,Atropello,Ninguna,"Horizontal,Vertical",Ninguna,Sin restricción
2020,6376,2020-11-23,Lunes,15:00:00,,0,1,Moto/Ciclomotor,Av San Martin Y Sarmiento,2,2,0,0,0,0,0,"    -32.73184, -60.7335",Avenida,,SAN LORENZO,San Lorenzo,Asfalto,S/D,XVII,S/D,Urbana,Ninguna,Funciona,Intersección,Deteriorada,Buena,Diurna,Buen Tiempo,S/D,S/D,Cañda ocupante,Fluidos,Vertical,S/D,S/D
2020,6377,2020-11-21,Sabado,18:30:00,,0,2,"Moto/Ciclomotor,Automóvil",San Martin Y Leon,2,1,0,0,1,0,0,"-33.01815, -60.65267",Calle,,ROSARIO,Rosario,Asfalto,No existe,II,S/D,Urbana,S/D,No existe,Intersección,Bueno,Buena,Diurna,Buen Tiempo,Lateral,S/D,Colisión,Ninguna,Faltante,Ninguna,Sin restricción
2020,6378,2020-09-08,Martes,9:30:00,,0,1,Moto/Ciclomotor,Saavedra 3000,1,1,0,0,0,0,0,"-31.639350, -60.714068",Calle,,SANTA FE,La Capital,Asfalto,No existe,I,Dentro,Urbana,Ninguna,No existe,Recta,Bueno,Buena,Diurna,Buen Tiempo,S/D,S/D,Cañda ocupante,Ninguna,Faltante,Ninguna,Sin restricción
2020,6379,2020-09-01,Martes,11:20:00,,0,2,"Moto/Ciclomotor,Automóvil",Ecuador Y J.J.Paso,3,1,0,0,2,0,0,"-32.920416152408,-60.715842650512",Calle,,ROSARIO,Rosario,Asfalto,No existe,II,Dentro,Urbana,Ninguna,No existe,Intersección,Bueno,Buena,Diurna,Buen Tiempo,Lateral,S/D,Colisión,Ninguna,Faltante,Cordón divisorio,Sin restricción
2020,6380,2020-11-27,Viernes,20:20:00,,0,2,"Automóvil,Moto/Ciclomotor",J C Orsetti Y Maipu,4,2,0,0,2,0,0,"    -32.86546, -60.71482",Calle,,GRANADERO BAIGORRIA,Rosario,Asfalto,Natural,II,S/D,Urbana,Ninguna,No existe,Intersección,Bueno,Buena,Nocturna,Buen Tiempo,De alcance,S/D,Colisión,Ninguna,Faltante,Ninguna,Sin restricción
2020,6381,2020-09-02,Miercoles,12:00:00,,0,2,"Automóvil,Automóvil",Av. Jorge Newbery Y Bv. Wilde,2,2,0,0,0,0,0,"-32.908633758673,-60.739868916521",Avenida,,ROSARIO,Rosario,Asfalto,No existe,II,Dentro,Urbana,Señal Pare,No existe,Intersección,Resbaladiza,Buena,Diurna,Lluvia,Lateral,S/D,Colisión,Agua,Vertical,Ninguna,Sin restricción
2020,6382,2020-11-21,Sabado,13:25:00,,0,2,"Moto/Ciclomotor,Automóvil",Av. Arijon Y Entre Rios,2,1,0,0,1,0,0,"-33.00313, -60.65178",Avenida,,ROSARIO,Rosario,Asfalto,No existe,II,Dentro,Urbana,Semáforo,Funciona,Intersección,Bueno,Buena,Diurna,Buen Tiempo,Lateral,S/D,Colisión,Ninguna,Vertical,Ninguna,Sin restricción
2020,6383,2020-11-25,Miercoles,,,0,2,"Moto/Ciclomotor,Otros",San Martin Y Viamonte,2,0,1,0,0,0,1,"    -32.86938, -60.70016",Calle,,ROSARIO,Rosario,Asfalto,No existe,II,S/D,Urbana,Semáforo,Funciona,Intersección,Bueno,Buena,Con luz artificial,Buen Tiempo,Otro,S/D,Colisión,Ninguna,Faltante,Guardarrail,Sin restricción
2020,6384,2020-09-26,Sabado,13:40:00,,0,2,"Automóvil,Moto/Ciclomotor",Saavedra Y Santiago del Estero,2,1,0,0,1,0,0,"-31.635839172899,-60.713022930049",Calle,,SANTA FE,La Capital,Asfalto,No existe,I,Dentro,Urbana,Ninguna,No existe,Intersección,Bueno,Buena,Diurna,Buen Tiempo,Lateral,S/D,Colisión,Ninguna,Faltante,Ninguna,Sin restricción
2020,6385,2020-09-18,Viernes,14:00:00,Autopista Nacional A008,0,2,"Moto/Ciclomotor,Automóvil",Av. Circunvalacion Y Bv. 27 De Febrero,3,2,0,0,1,0,0,"-32.959633469581604,-60.72079449892",Autopista,A008,ROSARIO,Rosario,Asfalto,No existe,II,Dentro,Urbana,Marca Vial,No existe,Recta,Bueno,Buena,Diurna,Buen Tiempo,Lateral,S/D,Colisión,Ninguna,Horizontal,Barrera de hormigón,Sin restricción
2020,6386,2020-09-08,Martes,16:40:00,,0,2,"Moto/Ciclomotor,Automóvil",Tte.Agneta Y Urquiza,2,0,1,0,1,0,0,"-32.933072080751,-60.700106096909",Calle,,ROSARIO,Rosario,Asfalto,No existe,II,Dentro,Urbana,Ninguna,No existe,Intersección,Bueno,Buena,Diurna,Buen Tiempo,De alcance,S/D,Colisión,Ninguna,Faltante,Ninguna,Sin restricción
2020,6387,2020-11-27,Viernes,22:45:00,Ruta Nacional A012,0,1,Ambulancia,Ruta Provincial 20 s,3,2,0,0,1,0,0,"    -33.09214, -60.7842",Ruta,A012,PIÑERO,Rosario,Asfalto,Ripio,II,Dentro,Rural,Ninguna,No existe,Cruce,Ahuellamiento,Buena,"Nocturna,Con luz artificial",Buen Tiempo,S/D,S/D,Despiste,Ninguna,Horizontal,Ninguna,Sin restricción
2020,6388,2020-11-05,Jueves,18:35:00,,0,2,"Automóvil,Bicicleta",Galvez Y Independencia,3,2,0,0,1,0,0,"-32.89392, -60.90578",S/D,,ROLDÁN,San Lorenzo,Asfalto,Pavimento,XVII,Dentro,Urbana,Ninguna,No existe,Intersección,Bueno,Buena,Diurna,Buen Tiempo,Lateral,Ciclista,Atropello,Ninguna,Vertical,Ninguna,Sin restricción
2020,6389,2020-09-02,Miercoles,16:20:00,,0,2,"Automóvil,Moto/Ciclomotor",Av Freyre Y Vera,2,1,0,0,1,0,0,"-31.641163117133,-60.717301262128",Avenida,,SANTA FE,La Capital,Asfalto,No existe,I,Dentro,Urbana,Ninguna,No existe,Intersección,Bueno,Buena,Diurna,Buen Tiempo,Lateral,S/D,Colisión,Ninguna,Faltante,Ninguna,Sin restricción
2020,6390,2020-09-14,Lunes,9:15:00,,0,3,"Automóvil,Pickup/Utilitario,Moto/Ciclomotor",J.J.Paso Y Solis,4,1,1,0,2,0,0,"-32.919947861216,-60.704202420897",Calle,,ROSARIO,Rosario,Asfalto,No existe,II,Dentro,Urbana,Paso Peatonal,No existe,Intersección,Bueno,Buena,Diurna,Buen Tiempo,Múltiple,S/D,Colisión,Ninguna,"Horizontal,Vertical",Ninguna,Sin restricción
2020,6391,2020-11-22,Domingo,5:45:00,,0,2,"Automóvil,Automóvil",Av A del Valle 7800,2,2,0,0,0,0,0,"-31.59639, -60.69177",Avenida,,SANTA FE,La Capital,Asfalto,Pavimento,I,S/D,Urbana,Ninguna,No existe,Recta,S/D,Buena,Amanecer,Buen Tiempo,Lateral,S/D,Colisión,Ninguna,Vertical,Ninguna,Sin restricción
2020,6392,2020-09-19,Sabado,20:45:00,,0,2,"Moto/Ciclomotor,Peatón",Cullen Bis 1360,2,0,1,0,1,0,0,"-32.912337600514,-60.710054171915",Calle,,ROSARIO,Rosario,Asfalto,No existe,II,Dentro,Urbana,Ninguna,No existe,Intersección,Bueno,Buena,Nocturna,Buen Tiempo,S/D,Peatón,Atropello,Ninguna,Faltante,Ninguna,Sin restricción
2020,6393,2020-09-06,Domingo,,,0,2,"Moto/Ciclomotor,Automóvil",Av Freyre Y Primera Junta,2,1,0,0,1,0,0,"-31.645035997638,-60.71819544123",Avenida,,SANTA FE,La Capital,Asfalto,No existe,I,Dentro,Urbana,Ninguna,No existe,Intersección,Bueno,Buena,Diurna,Buen Tiempo,Lateral,S/D,Colisión,Ninguna,Faltante,Cordón divisorio,Sin restricción
2020,6394,2020-11-22,Domingo,13:30:00,,0,1,Moto/Ciclomotor,Av Pte Peron Y Artigas,1,1,0,0,0,0,0,"-31.62061, -60.7184",Avenida,,SANTA FE,La Capital,Asfalto,No existe,I,S/D,Urbana,Semáforo,Funciona,Intersección,Bueno,Buena,Diurna,Buen Tiempo,S/D,S/D,Despiste,Ninguna,Vertical,Línea divisoria pintada,Sin restricción
2020,6395,2020-09-18,Viernes,12:25:00,,0,2,"Automóvil,Moto/Ciclomotor",Barra Y J.J.Paso,2,1,0,0,1,0,0,"-32.92005284104,-60.707948695343",Calle,,ROSARIO,Rosario,Asfalto,No existe,II,Dentro,Urbana,Paso Peatonal,No existe,Intersección,Bueno,Buena,Diurna,Buen Tiempo,Lateral,S/D,Colisión,Ninguna,Horizontal,Línea divisoria pintada,Sin restricción
2020,6396,2020-11-22,Domingo,23:30:00,,0,2,"Moto/Ciclomotor,Moto/Ciclomotor",Avellaneda Y J Castelli,2,1,0,0,1,0,0,"-31.60968, -60.67938",Calle,,SANTA FE,La Capital,Asfalto,No existe,I,Dentro,Urbana,Ninguna,No existe,Intersección,Bueno,Reducida,Nocturna,Buen Tiempo,Lateral,S/D,Colisión,Ninguna,S/D,Ninguna,Sin restricción
2020,6397,2020-09-09,Miercoles,16:55:00,,0,2,"Automóvil,Moto/Ciclomotor",Cullen Y Gorriti,3,1,1,0,1,0,0,"-32.924283034528,-60.70976704277",Calle,,ROSARIO,Rosario,Asfalto,No existe,II,Dentro,Urbana,Ninguna,No existe,Intersección,Bueno,Buena,Diurna,Buen Tiempo,Lateral,S/D,Colisión,Ninguna,Faltante,Ninguna,Sin restricción
2020,6398,2020-09-01,Martes,8:25:00,,0,2,"Automóvil,Moto/Ciclomotor",Av Pte Peron Y Salvador Caputo,2,1,0,0,1,0,0,"-31.636963342552,-60.718407459608",Calle,,SANTA FE,La Capital,Asfalto,No existe,I,Dentro,Urbana,Ninguna,No existe,Intersección,Bueno,Buena,Diurna,Buen Tiempo,Lateral,S/D,Colisión,Ninguna,Faltante,Línea divisoria pintada,Sin restricción
2020,6399,2020-11-22,Domingo,16:50:00,,0,2,"Automóvil,Moto/Ciclomotor",Belgrano Y Matheu,2,2,0,0,0,0,0,"-31.59469, -60.68635",Calle,,SANTA FE,La Capital,S/D,No existe,I,Dentro,Urbana,S/D,No existe,Intersección,S/D,S/D,Diurna,S/D,S/D,S/D,Colisión,Ninguna,Faltante,Ninguna,Sin restricción
2020,6400,2020-09-14,Lunes,16:00:00,,0,2,"Moto/Ciclomotor,Moto/Ciclomotor",Av. Pellegrini Y Roullon,2,1,0,0,1,0,0,"-32.948224653304,-60.70193237729",Avenida,,ROSARIO,Rosario,Asfalto,No existe,II,Dentro,Urbana,Semáforo,Funciona,Intersección,Bueno,Buena,Diurna,Buen Tiempo,Lateral,S/D,Colisión,Ninguna,"Horizontal,Vertical","Cordón divisorio,Línea divisoria pintada",Sin restricción
2020,6401,2020-09-12,Sabado,11:15:00,,0,2,"Moto/Ciclomotor,Automóvil",Av Pe�aloza Y Gorriti,2,1,0,0,0,0,1,"-31.586150896721,-60.711617088916",Avenida,,SANTA FE,La Capital,Asfalto,No existe,I,Dentro,Urbana,Semáforo,No existe,Recta,Bueno,Buena,Diurna,Buen Tiempo,De alcance,S/D,Colisión,Ninguna,"Horizontal,Vertical",Ninguna,Sin restricción
2020,6402,2020-11-23,Lunes,22:55:00,,0,2,"Moto/Ciclomotor,Automóvil",,2,1,0,0,1,0,0,"    -33.07282, -60.57864",Calle,,PUEBLO ESTHER,Rosario,Asfalto,Ripio,II,S/D,Urbana,S/D,No existe,Intersección,S/D,S/D,Nocturna,S/D,S/D,S/D,Colisión,S/D,S/D,S/D,Sin restricción
2020,6403,2020-11-22,Domingo,0:40:00,,0,2,"Moto/Ciclomotor,Moto/Ciclomotor",9 de Julio Y Belgrano,4,3,1,0,0,0,0,"-31.26816, -60.76052",Calle,,NELSON,La Capital,Asfalto,No existe,I,Dentro,Urbana,Ninguna,No existe,Intersección,Bueno,Buena,Nocturna,Buen Tiempo,Lateral,S/D,Colisión,Ninguna,Faltante,Ninguna,Sin restricción
2020,6404,2020-11-25,Miercoles,11:45:00,,0,2,"Bicicleta,Automóvil",J.J.Paso Y Venezuela,2,1,0,0,1,0,0,"    -32.92058, -60.7254",Calle,,ROSARIO,Rosario,Asfalto,No existe,II,Dentro,Urbana,S/D,No existe,Intersección,S/D,Buena,Diurna,Buen Tiempo,S/D,Ciclista,Atropello,Ninguna,Vertical,Ninguna,Sin restricción
2020,6405,2020-11-22,Domingo,19:00:00,Autopista Nacional A012,38,2,"Automóvil,Bicicleta",,2,1,0,0,1,0,0,"-32.94816, -60.90552",Autopista,A012,SAN LORENZO,San Lorenzo,Asfalto,Natural,XVII,S/D,Urbana,Ninguna,No existe,Intersección,Bueno,Reducida,Atardecer,Buen Tiempo,S/D,Ciclista,Atropello,Ninguna,Vertical,Ninguna,Sin restricción
2020,6406,2020-09-02,Miercoles,8:45:00,Autopista Nacional A008,0,2,"Automóvil,Taxi/Remis",Av. Circunvalacion,4,3,0,0,1,0,0,"-32.898673, -60.723767",Autopista,A008,ROSARIO,Rosario,Asfalto,Pavimento,II,Dentro,Urbana,Marca Vial,No existe,Recta,Bueno,Buena,Diurna,Buen Tiempo,Lateral,S/D,Colisión,Ninguna,Horizontal,Vegetación,Sin restricción
2020,6407,2020-09-11,Viernes,11:00:00,,0,2,"Moto/Ciclomotor,Automóvil",Javier de la Rosa Y San Martin,2,1,0,0,1,0,0,"-31.599129633796,-60.692533455871",Calle,,SANTA FE,La Capital,Asfalto,No existe,I,Dentro,Urbana,Ninguna,No existe,Intersección,Bueno,Buena,Diurna,Buen Tiempo,Lateral,S/D,Colisión,Ninguna,Vertical,Ninguna,Sin restricción
2020,6408,2020-11-26,Jueves,7:30:00,,0,2,"Automóvil,Automóvil",Sarratea Bis,3,3,0,0,0,0,0,"    -32.92021, -60.74142",Calle,,ROSARIO,Rosario,Asfalto,No existe,II,Dentro,Urbana,Otra Señal,No existe,Intersección,Bueno,Buena,Diurna,Buen Tiempo,Otro,S/D,Colisión,Ninguna,Faltante,Ninguna,Sin restricción