anio_acci,nro_acci,fecha,desc_dia,hora_aprox,desc_ruta,km,cant_participantes,desc_participante,calle_avenida_km,total,heridos_leves,heridos_graves,heridos_gravisimos,ilesos,fallecidos,sin_datos,posicion_XY,desc_tipo_via,desc_ruta_ori,desc_loc,desc_dpto,desc_tipo_calzada,desc_tipo_banquina,desc_unidad_regional,desc_lugar_calzada,desc_zona,desc_prioridad,desc_estado_semaforo,desc_lugar_via,desc_estado_via,desc_estado_visibilidad,desc_luminosidad,desc_estado_clima,desc_tipo_colision,desc_tipo_atropello,desc_tipo_hecho,desc_pres_calzada,desc_senializacion,desc_separacion_via,desc_restriccion
2020,6473,2020-09-15,Martes,19:00:00,,0,2,"Moto/Ciclomotor,Automóvil",Av Juan Domingo Peron Y Bv San diego,3,1,0,0,2,0,0,"-33.018824379823,-60.618510750872",Avenida,,VILLA GOBERNADOR GÁLVEZ,Rosario,Asfalto,No existe,II,Dentro,Urbana,Semáforo,Funciona,Intersección,Bueno,Buena,"Atardecer,Con luz artificial",Buen Tiempo,Lateral,S/D,Colisión,Ninguna,"Horizontal,Vertical",Cordón divisorio,Sin restricción
2020,6474,2020-09-06,Domingo,16:00:00,Ruta Nacional 11,573,2,"Automóvil,Moto/Ciclomotor",,2,1,0,0,1,0,0,"-30.75381, -60.55719",Ruta,11,SAN JUSTO,San Justo,Asfalto,Natural,XVI,Dentro,Rural,Ninguna,No existe,Recta,Bueno,Buena,Diurna,Buen Tiempo,De alcance,S/D,Colisión,Ninguna,Horizontal,Línea divisoria pintada,Sin restricción
2020,6475,2020-09-24,Jueves,11:50:00,,0,2,"Peatón,Automóvil",Hernandarias Y Salta,2,1,0,0,0,0,1,"-31.674508029258,-60.758705226388",Calle,,SANTO TOMÉ,La Capital,Asfalto,No existe,I,Dentro,Urbana,Ninguna,No existe,Intersección,Bueno,Buena,Diurna,Buen Tiempo,S/D,Peatón,Atropello,Ninguna,Faltante,Ninguna,Sin restricción
2020,6476,2020-11-26,Jueves,,,0,2,"Moto/Ciclomotor,Pickup/Utilitario",Boulevard Villada,2,1,0,0,1,0,0,"    -33.039, -61.17012",Calle,,CASILDA,Caseros,Asfalto,S/D,IV,Dentro,Urbana,Ninguna,No existe,Intersección,S/D,S/D,Diurna,S/D,Lateral,S/D,Colisión,S/D,S/D,S/D,S/D
2020,6477,2020-09-27,Domingo,21:50:00,Autopista Nacional A012,0,2,"Automóvil,Moto/Ciclomotor",PARQUE SARMIENTO,3,1,0,0,2,0,0,"-33.08593869209292,-60.585640668869",Autopista,A012,PUEBLO ESTHER,Rosario,Asfalto,Ripio,II,Dentro,Urbana,Ninguna,No existe,Intersección,Bueno,Buena,Diurna,Buen Tiempo,S/D,S/D,Colisión,Ninguna,Horizontal,Línea divisoria pintada,Sin restricción
2020,6478,2020-09-10,Jueves,13:30:00,Ruta Nacional 11,0,2,"Moto/Ciclomotor,Automóvil",Avenida Nuestra Se�ora del Luj Y Santiago Del Estero,2,1,0,0,1,0,0,"-31.674977748534,-60.770614715227",Ruta,11,SANTO TOMÉ,La Capital,Asfalto,No existe,I,Dentro,Urbana,Semáforo,Funciona,Intersección,Bueno,Buena,Diurna,Buen Tiempo,Lateral,S/D,Colisión,Ninguna,"Horizontal,Vertical",Línea divisoria pintada,Sin restricción
2020,6479,2020-11-27,Viernes,,,0,2,"Moto/Ciclomotor,Pickup/Utilitario",Balcarce Y Gdor Iriondo,2,1,0,0,1,0,0,"    -34.2504, -62.70506",Calle,,RUFINO,General LÓPEZ,Asfalto,S/D,VIII,S/D,Urbana,S/D,S/D,Intersección,S/D,S/D,S/D,S/D,Lateral,S/D,Colisión,S/D,S/D,S/D,S/D
2020,6480,2020-09-23,Miercoles,19:00:00,,0,2,"Pickup/Utilitario,Moto/Ciclomotor",Bv Poeta J Migno Y Independencia,2,1,0,0,1,0,0,"-30.57510673999788,-59.928783774375",Avenida,,SAN JAVIER,San Javier,Hormigón,No existe,XIV,Dentro,Urbana,Ninguna,No existe,Intersección,Bueno,Buena,Atardecer,Buen Tiempo,Lateral,S/D,Colisión,Ninguna,Faltante,Cordón divisorio,Sin restricción
2020,6481,2020-09-15,Martes,10:20:00,,0,2,"Automóvil,Automóvil",San Lorenzo Y Soldado Aguirre,2,1,0,0,1,0,0,"-33.029549213682,-60.645281046692",Avenida,,VILLA GOBERNADOR GÁLVEZ,Rosario,Asfalto,No existe,II,Dentro,Urbana,Ninguna,No existe,Intersección,Bueno,Buena,Diurna,Buen Tiempo,Lateral,S/D,Colisión,Ninguna,Faltante,Cordón divisorio,Sin restricción
2020,6482,2020-09-09,Miercoles,14:15:00,,0,2,"Moto/Ciclomotor,Pickup/Utilitario",Balcarce Y Moreno,3,2,0,0,1,0,0,"-31.676791847714,-60.768884414298",Calle,,SANTA FE,La Capital,Asfalto,No existe,I,Dentro,Urbana,Ninguna,No existe,Intersección,Bueno,Buena,Diurna,Buen Tiempo,Lateral,S/D,Colisión,Ninguna,Faltante,Ninguna,Sin restricción
2020,6483,2020-09-25,Viernes,11:40:00,,0,2,"Automóvil,Moto/Ciclomotor",Laprida Y Urquiza,2,1,0,0,1,0,0,"-33.108360558786,-60.554722850924",Calle,,GENERAL LAGOS,Rosario,Asfalto,No existe,II,Dentro,Urbana,Ninguna,No existe,Intersección,Bueno,Buena,Diurna,Buen Tiempo,Lateral,S/D,Colisión,Ninguna,Faltante,Ninguna,Sin restricción
2020,6484,2020-09-21,Lunes,16:45:00,,0,2,"Moto/Ciclomotor,Moto/Ciclomotor",Bv Poeta J Migno Y H Irigoyen,3,3,0,0,0,0,0,"-30.57356983423233,-59.935062825679",Avenida,,SAN JAVIER,San Javier,Hormigón,No existe,XIV,Dentro,Urbana,Ninguna,No existe,Intersección,Bueno,Buena,Diurna,Buen Tiempo,Lateral,S/D,Colisión,Ninguna,Faltante,Cordón divisorio,Sin restricción
2020,6485,2020-09-02,Miercoles,14:00:00,,0,2,"Automóvil,Automóvil",Alvear Y Saenz Pe�a,2,1,0,0,1,0,0,"-33.017637512861,-60.611433515926",Calle,,VILLA GOBERNADOR GÁLVEZ,Rosario,Asfalto,No existe,II,Dentro,Urbana,Ninguna,No existe,Intersección,Bueno,Buena,Diurna,Buen Tiempo,S/D,S/D,Colisión,Ninguna,Faltante,Ninguna,Sin restricción
2020,6486,2020-11-27,Viernes,22:30:00,,0,2,"Bicicleta,Automóvil",Bvard Pasteur Y Hipolito Irigoyen,2,1,0,0,1,0,0,"    -32.03198, -61.22528",Avenida,,GÁLVEZ,San JERÓNIMO,Asfalto,S/D,XV,Dentro,Urbana,S/D,S/D,Intersección,S/D,S/D,Nocturna,S/D,S/D,Ciclista,Atropello,S/D,S/D,S/D,S/D
2020,6487,2020-09-20,Domingo,13:00:00,Ruta Provincial 1,1,2,"Moto/Ciclomotor,Automóvil",,3,1,0,0,2,0,0,"-31.638310, -60.626523",Ruta,1,COLASTINE,La Capital,Asfalto,Natural,I,Dentro,Urbana,Ninguna,Funciona,Recta,Bueno,Buena,Diurna,Buen Tiempo,S/D,S/D,Colisión,Ninguna,Vertical,Cordón divisorio,Sin restricción
2020,6488,2020-09-24,Jueves,11:50:00,,0,2,"Pickup/Utilitario,Bicicleta",Andreu Y I A Edison,2,1,0,0,1,0,0,"-33.015894603588,-60.613824132405",Calle,,VILLA GOBERNADOR GÁLVEZ,Rosario,Asfalto,No existe,II,Dentro,Urbana,Ninguna,No existe,Intersección,Bueno,Buena,Diurna,Buen Tiempo,S/D,Ciclista,Atropello,Ninguna,Faltante,Ninguna,Sin restricción
2020,6489,2020-09-17,Jueves,12:30:00,,0,1,Moto/Ciclomotor,Bv Poeta J Migno 1700,1,1,0,0,0,0,0,"-30.573408650367,-59.934971227928",Avenida,,SAN JAVIER,San Javier,Hormigón,No existe,XIV,Dentro,Urbana,Ninguna,No existe,Recta,Bueno,Buena,Diurna,Buen Tiempo,S/D,S/D,Cañda ocupante,Ninguna,Faltante,Cordón divisorio,Sin restricción
2020,6490,2020-09-15,Martes,18:00:00,,0,2,"Automóvil,Automóvil",3 de Febrero Y Pres Domingo F Sarmiento,3,2,0,0,1,0,0,"-33.152201254664,-60.5119305248",Calle,,ARROYO SECO,Rosario,Asfalto,No existe,II,Dentro,Urbana,Ninguna,No existe,Intersección,Ahuellamiento,Buena,Atardecer,Buen Tiempo,Lateral,S/D,Colisión,Ninguna,Faltante,Ninguna,Sin restricción
2020,6491,2020-09-18,Viernes,8:35:00,,0,2,"Moto/Ciclomotor,Automóvil",CALLE 10 Y SANTA ROSA,3,2,0,0,1,0,0,"-31.572943, -60.539831",Calle,,AP. LEYES,La Capital,Tierra,No existe,I,Dentro,Urbana,Ninguna,No existe,Intersección,Bueno,Buena,Amanecer,Buen Tiempo,Lateral,S/D,Colisión,Ninguna,Faltante,Ninguna,Sin restricción
2020,6492,2020-09-11,Viernes,21:20:00,,0,1,Moto/Ciclomotor,Bv Poeta J Migno Y San Martin,1,1,0,0,0,0,0,"-30.575253959459,-59.92770390164",Avenida,,SAN JAVIER,San Javier,Hormigón,No existe,XIV,Dentro,Urbana,Ninguna,No existe,Intersección,Bueno,Buena,Nocturna,Buen Tiempo,S/D,S/D,Cañda ocupante,Agua,Faltante,Cordón divisorio,Sin restricción
2020,6493,2020-09-21,Lunes,11:00:00,Ruta Nacional 33,783,5,"Pickup/Utilitario,Automóvil,Automóvil,Automóvil,Automóvil",,5,1,0,0,4,0,0,"-33.000059723854086,-60.77467739582",Ruta,33,PEREZ,Rosario,Asfalto,No existe,II,Dentro,Rural,Ninguna,No existe,Recta,Bueno,Buena,Diurna,Buen Tiempo,Múltiple,S/D,Colisión,Ninguna,Faltante,Ninguna,Sin restricción
2020,6494,2020-09-10,Jueves,20:00:00,,0,2,"Moto/Ciclomotor,Bicicleta",Bv Poeta J Migno 1700,2,1,0,0,1,0,0,"-30.573408650367,-59.934971227928",Avenida,,SAN JAVIER,San Javier,Hormigón,Natural,XIV,Dentro,Urbana,Ninguna,No existe,Recta,Bueno,Buena,Nocturna,Buen Tiempo,S/D,Ciclista,Atropello,Ninguna,Faltante,Cordón divisorio,Sin restricción
2020,6495,2020-09-22,Martes,17:30:00,,0,2,"Bicicleta,Automóvil",Hipolito Irigoyen Y Juan Bautista Alberdi,2,1,0,0,1,0,0,"-32.994755936521,-60.775006080283",Calle,,PEREZ,Rosario,Asfalto,No existe,II,Dentro,Urbana,Otra Señal,No existe,Intersección,Bueno,Buena,Diurna,Buen Tiempo,S/D,Ciclista,Atropello,Ninguna,Vertical,Ninguna,Sin restricción
2020,6496,2020-11-28,Sabado,,Ruta Provincial 10,0,2,"Moto/Ciclomotor,Moto/Ciclomotor",Gregoria Matorras Y Bvard 20 de Junio,2,1,0,0,1,0,0,"    -32.02618, -61.21528",Ruta,10,GÁLVEZ,San JERÓNIMO,Asfalto,S/D,XV,S/D,Urbana,S/D,S/D,Intersección,S/D,S/D,S/D,S/D,S/D,S/D,Colisión,S/D,S/D,S/D,S/D
2020,6497,2020-09-03,Jueves,21:30:00,Ruta Provincial 1,2.4,2,"Peatón,Pickup/Utilitario",,2,1,0,0,1,0,0,"   -31.62695, -60.60595",Ruta,1,COLASTINE,La Capital,Asfalto,No existe,I,Dentro,Urbana,Ninguna,No existe,Recta,Bueno,Buena,Diurna,Buen Tiempo,S/D,Peatón,Atropello,S/D,Horizontal,Línea divisoria pintada,Sin restricción
2020,6498,2020-09-17,Jueves,20:00:00,Ruta Provincial 1,2.5,2,"Moto/Ciclomotor,Automóvil",,2,0,0,1,1,0,0,"-31.626225, -60.604587",Ruta,1,COLASTINE,La Capital,Asfalto,Natural,I,Dentro,Urbana,Ninguna,Funciona,Recta,Bueno,Buena,Nocturna,Buen Tiempo,S/D,S/D,Colisión,Ninguna,"Horizontal,Vertical",Cordón divisorio,Sin restricción
2020,6499,2020-09-07,Lunes,10:50:00,,0,1,Moto/Ciclomotor,CACIQUE ALETIN,2,2,0,0,0,0,0,"-30.572786629199985,-59.93579506874",Calle,,SAN JAVIER,San Javier,Tierra,No existe,XIV,Dentro,Urbana,Ninguna,No existe,Recta,Bueno,Buena,Diurna,Buen Tiempo,Atropello animal,S/D,Colisión,Ninguna,Faltante,Ninguna,Sin restricción
2020,6500,2020-09-09,Miercoles,,,0,2,"Bicicleta,Taxi/Remis",Malvinas Argentinas 264,3,1,0,0,2,0,0,"-33.002852339034,-60.753659719475",Calle,,PEREZ,Rosario,Asfalto,No existe,II,Dentro,Urbana,Ninguna,No existe,Intersección,Bueno,Buena,Diurna,Buen Tiempo,S/D,Ciclista,Atropello,Ninguna,Faltante,Ninguna,Sin restricción
2020,6501,2020-09-15,Martes,9:40:00,Ruta Nacional 11,477,2,"Automóvil,Moto/Ciclomotor",,2,1,0,0,1,0,0,"-31.542449, -60.723708",Ruta,11,RECREO,La Capital,Asfalto,Natural,I,Dentro,Urbana,Ninguna,No existe,Cruce,Deteriorada,Buena,Diurna,Buen Tiempo,Lateral,S/D,Colisión,Ninguna,Faltante,Ninguna,Sin restricción
2020,6502,2020-09-11,Viernes,8:20:00,Ruta Nacional 33,0,1,Moto/Ciclomotor,Av San Martin Y Rivadavia,1,1,0,0,0,0,0,"-32.997522718579,-60.768647810633",Ruta,33,PEREZ,Rosario,Asfalto,Pavimento,II,Dentro,Urbana,Ninguna,No existe,Intersección,Bueno,Buena,Diurna,Buen Tiempo,Contra objeto fijo,S/D,Colisión,Ninguna,Horizontal,Línea divisoria pintada,Sin restricción
2020,6503,2020-09-11,Viernes,11:20:00,Ruta Nacional 11,447,2,"Moto/Ciclomotor,Pickup/Utilitario",,2,1,0,0,1,0,0,"-31.542489, -60.723717",Ruta,11,RECREO,La Capital,Asfalto,Ripio,I,Dentro,Urbana,Semáforo,Intermitente,Recta,Bueno,Buena,Diurna,Buen Tiempo,Lateral,S/D,Colisión,Ninguna,Vertical,Línea divisoria pintada,Sin restricción
2020,6504,2020-11-28,Sabado,20:00:00,,0,2,"Peatón,Tren",Av. Genova,2,0,0,1,1,0,0,"    -32.91545, -60.69369",S/D,,ROSARIO,Rosario,S/D,S/D,II,S/D,S/D,S/D,S/D,Paso a Nivel FFCC,S/D,S/D,Nocturna,S/D,S/D,Peatón,Atropello,S/D,S/D,S/D,S/D
2020,6505,2020-09-08,Martes,17:25:00,Ruta Provincial 1,190,2,"Camión c / Acoplado,Moto/Ciclomotor",,3,1,1,0,1,0,0,"-30.16189, -59.9084",Ruta,1,ALEJANDRA,San Javier,Asfalto,Natural,XIV,Dentro,Rural,Ninguna,No existe,Recta,Bueno,Buena,Diurna,Buen Tiempo,Lateral,S/D,Colisión,Ninguna,Horizontal,Línea divisoria pintada,Sin restricción
2020,6506,2020-09-01,Martes,19:20:00,Ruta Nacional 11,478,2,"Moto/Ciclomotor,Bicicleta",,2,1,0,0,1,0,0,"-31.528369, -60.722945",Ruta,11,RECREO,La Capital,Asfalto,No existe,I,Dentro,Urbana,Ninguna,No existe,Recta,Deteriorada,Buena,Nocturna,Buen Tiempo,S/D,Ciclista,Atropello,Ninguna,Faltante,Ninguna,Sin restricción
2020,6507,2020-09-09,Miercoles,,,0,2,"Moto/Ciclomotor,Moto/Ciclomotor",PAJARO BLANCO Y SARMIENTO,2,2,0,0,0,0,0,"-29.908059079907,-59.830059835929",Calle,,ALEJANDRA,San Javier,Asfalto,No existe,XIV,Dentro,Urbana,Ninguna,No existe,Intersección,Bueno,Buena,Diurna,Buen Tiempo,Frontal,S/D,Colisión,Ninguna,Faltante,Ninguna,Sin restricción
2020,6509,2020-11-29,Domingo,,,0,2,"Moto/Ciclomotor,Automóvil",Boulevard Villada Y 1 de Mayo,3,3,0,0,0,0,0,"    -33.0396, -61.1712",Avenida,,CASILDA,Caseros,Asfalto,S/D,IV,Dentro,Urbana,S/D,S/D,Intersección,S/D,S/D,Nocturna,S/D,Lateral,S/D,Colisión,S/D,S/D,Ninguna,S/D
2020,6510,2020-09-18,Viernes,16:45:00,,0,2,"Moto/Ciclomotor,Automóvil",Europa Y Gorriti,3,1,0,0,2,0,0,"-31.585201057769,-60.716171634498",Calle,,SANTA FE,La Capital,Asfalto,No existe,I,Dentro,Urbana,Semáforo,Funciona,Intersección,Bueno,Buena,Diurna,Buen Tiempo,Lateral,S/D,Colisión,Ninguna,"Horizontal,Vertical",Ninguna,Sin restricción
2020,6511,2020-09-01,Martes,16:15:00,,0,2,"Moto/Ciclomotor,Automóvil",Callao Y Milan,2,1,0,0,1,0,0,"-32.986614958411,-60.671227428347",Calle,,ROSARIO,Rosario,Asfalto,No existe,II,Dentro,Urbana,Otra Señal,No existe,Intersección,Bueno,Buena,Diurna,Buen Tiempo,Lateral,S/D,Colisión,Ninguna,Vertical,Ninguna,Sin restricción
2020,6512,2020-08-03,Lunes,20:20:00,,0,2,"Bicicleta,Automóvil",Av. Ovidio Lagos 5900,2,0,1,0,1,0,0,"-33.006479, -60.676760",Avenida,,ROSARIO,Rosario,Asfalto,No existe,II,Dentro,Urbana,Semáforo,No existe,Recta,Bueno,Buena,Nocturna,Buen Tiempo,S/D,Ciclista,Atropello,Ninguna,Vertical,Ninguna,Sin restricción
2020,6513,2020-09-01,Martes,7:50:00,,0,2,"Moto/Ciclomotor,Automóvil",Estrella Federal Y Flor De Nacar,2,1,0,0,1,0,0,"-33.02045255899429,-60.660447478294",Calle,,ROSARIO,Rosario,Asfalto,No existe,II,Dentro,Urbana,Ninguna,No existe,Intersección,Bueno,Buena,Diurna,Buen Tiempo,Lateral,S/D,Colisión,Ninguna,Faltante,Ninguna,Sin restricción
2020,6514,2020-09-03,Jueves,12:25:00,,0,2,"Peatón,Pickup/Utilitario",Av. Corrientes Y Riobamba,2,1,0,0,0,0,1,"-32.962264957557,-60.646524531942",Calle,,ROSARIO,Rosario,Asfalto,No existe,II,Dentro,Urbana,Ninguna,No existe,Intersección,Bueno,Buena,Diurna,Buen Tiempo,S/D,Peatón,Atropello,Ninguna,Faltante,S/D,Desvío Provisorio
2020,6515,2020-09-02,Miercoles,17:05:00,,0,2,"Bicicleta,Automóvil",Bv. Avellaneda Y Cnel.Winter,2,1,0,0,1,0,0,"-32.984996722533,-60.688800925971",Avenida,,ROSARIO,Rosario,Asfalto,No existe,II,Dentro,Urbana,Ninguna,No existe,Intersección,Bueno,Buena,Diurna,Buen Tiempo,S/D,Ciclista,Atropello,Ninguna,Faltante,Cordón divisorio,Sin restricción
2020,6516,2020-09-02,Miercoles,10:50:00,,0,2,"Automóvil,Automóvil",Cazadores Y Cereseto,3,1,0,0,2,0,0,"-33.004773783802,-60.673788124406",Calle,,ROSARIO,Rosario,Asfalto,No existe,II,Dentro,Urbana,Ninguna,No existe,Intersección,Bueno,Buena,Diurna,Buen Tiempo,Lateral,S/D,Colisión,Ninguna,Faltante,Ninguna,Sin restricción
2020,6517,2020-09-03,Jueves,6:00:00,,0,2,"Pickup/Utilitario,Automóvil",Av. Arijon Y Bv. Oro�o,2,1,0,0,1,0,0,"-33.003533657294,-60.66479024171",Avenida,,ROSARIO,Rosario,Asfalto,No existe,II,Dentro,Urbana,Semáforo,Funciona,Intersección,Bueno,Buena,Diurna,Buen Tiempo,Lateral,S/D,Colisión,Ninguna,"Horizontal,Vertical",Ninguna,Sin restricción
2020,6518,2020-09-23,Miercoles,11:00:00,,0,2,"Moto/Ciclomotor,Automóvil",San Nicolas Y Tucuman,3,2,0,0,1,0,0,"-32.935672948209,-60.671143890302",Calle,,ROSARIO,Rosario,Asfalto,No existe,II,Dentro,Urbana,Ninguna,No existe,Intersección,Bueno,Buena,Diurna,Buen Tiempo,Lateral,S/D,Colisión,Ninguna,Faltante,Ninguna,Sin restricción
2020,6520,2020-09-04,Viernes,17:35:00,,0,2,"Peatón,Automóvil",24 De Setiembre Y Castellanos,4,0,1,0,3,0,0,"-32.973591685295126,-60.68355202674",Calle,,ROSARIO,Rosario,Asfalto,No existe,II,Dentro,Urbana,Ninguna,No existe,Intersección,Bueno,Buena,Diurna,Buen Tiempo,S/D,Peatón,Atropello,Ninguna,Faltante,Ninguna,Sin restricción
2020,6521,2020-09-05,Sabado,15:20:00,Ruta Nacional 9,0,4,"Automóvil,Automóvil,Automóvil,Automóvil",Catamarca Y Ruta Nacional 9,5,3,0,0,2,0,0,"-32.922615892443,-60.804823992495",Ruta,9,FUNES,Rosario,Asfalto,Ripio,II,Dentro,Urbana,Semáforo,Funciona,Intersección,Bueno,Buena,Diurna,Buen Tiempo,Múltiple,S/D,Colisión,Ninguna,"Horizontal,Vertical",Línea divisoria pintada,Sin restricción
2020,6522,2020-09-06,Domingo,11:10:00,,0,2,"Moto/Ciclomotor,Automóvil",Av. Battle y Ordo�ez Y Entre Rios,3,2,0,0,1,0,0,"-33.008873462677,-60.65158411860466",Avenida,,ROSARIO,Rosario,Asfalto,No existe,II,Dentro,Urbana,Ninguna,No existe,Intersección,Bueno,Buena,Diurna,Buen Tiempo,Lateral,S/D,Colisión,Ninguna,Faltante,Cordón divisorio,Sin restricción
2020,6523,2020-09-20,Domingo,16:10:00,,0,2,"Moto/Ciclomotor,Automóvil",E.Zeballos Y Ricchieri,3,1,0,0,2,0,0,"-32.95058369636532,-60.664926767349",Calle,,ROSARIO,Rosario,Asfalto,No existe,II,Dentro,Urbana,Ninguna,No existe,Recta,Bueno,Buena,Diurna,Buen Tiempo,De alcance,S/D,Colisión,Ninguna,Faltante,Ninguna,Sin restricción
2020,6524,2020-11-30,Lunes,,,0,2,"Automóvil,Moto/Ciclomotor",L.N.Alem Y Cochabamba,3,2,0,0,1,0,0,"    -32.96023, -60.63138",Calle,,ROSARIO,Rosario,Asfalto,S/D,II,Dentro,Urbana,S/D,S/D,Intersección,S/D,S/D,S/D,S/D,Lateral,S/D,Colisión,S/D,S/D,S/D,S/D
2020,6525,2020-09-06,Domingo,9:30:00,,0,2,"Automóvil,Moto/Ciclomotor",Av Fuerza Aerea Y Rosales,2,1,0,0,1,0,0,"-32.92972289948004,-60.827114052795",Avenida,,FUNES,Rosario,Asfalto,Natural,II,Dentro,Urbana,Ninguna,No existe,Intersección,Bueno,Buena,Diurna,Buen Tiempo,Frontal,S/D,Colisión,Ninguna,Faltante,Cordón divisorio,Sin restricción
2020,6526,2020-11-30,Lunes,,,0,2,"Moto/Ciclomotor,Automóvil",Capitan Bermudez Y Misiones,2,1,0,0,1,0,0,"    -32.02084, -61.21801",Calle,,GÁLVEZ,San JERÓNIMO,S/D,S/D,XV,S/D,Urbana,S/D,S/D,Intersección,S/D,S/D,S/D,S/D,Lateral,S/D,Colisión,S/D,S/D,S/D,S/D
2020,6527,2020-09-08,Martes,9:30:00,,0,2,"Moto/Ciclomotor,Automóvil",Alsina Y Bv. Segui,4,1,2,0,1,0,0,"-32.972297335989,-60.684661369737",Avenida,,ROSARIO,Rosario,Asfalto,No existe,II,Dentro,Urbana,Ninguna,No existe,Intersección,Bueno,Buena,Diurna,Buen Tiempo,Lateral,S/D,Colisión,Ninguna,Faltante,Línea divisoria pintada,Sin restricción
2020,6528,2020-09-13,Domingo,8:45:00,,0,2,"Pickup/Utilitario,Moto/Ciclomotor",El Pampero Y Jose Ingenieros,2,0,1,0,1,0,0,"-32.92217482789,-60.845011716523",Calle,,FUNES,Rosario,Ripio,No existe,II,Dentro,Urbana,Ninguna,No existe,Intersección,Bueno,Buena,Diurna,Buen Tiempo,Lateral,S/D,Colisión,Ninguna,Faltante,Ninguna,Sin restricción
2020,6529,2020-09-21,Lunes,13:40:00,Ruta Nacional 9,0,2,"Moto/Ciclomotor,Pickup/Utilitario",Hernandez Y Ruta Nacional 9,2,1,0,0,1,0,0,"-32.916337977595,-60.84348102903",Ruta,9,FUNES,Rosario,Asfalto,Ripio,II,Dentro,Urbana,Semáforo,Funciona,Recta,Bueno,Buena,Diurna,Buen Tiempo,De alcance,S/D,Colisión,Ninguna,"Horizontal,Vertical",Línea divisoria pintada,Sin restricción
2020,6530,2020-09-08,Martes,21:30:00,,0,2,"Pickup/Utilitario,Moto/Ciclomotor",Catamarca Y Santiago,2,0,1,0,1,0,0,"-32.93740918721,-60.65453637376",Calle,,ROSARIO,Rosario,Asfalto,No existe,II,Dentro,Urbana,Señal Pare,No existe,Recta,Bueno,Buena,"Nocturna,Con luz artificial",Buen Tiempo,Lateral,S/D,Colisión,Ninguna,"Horizontal,Vertical",Ninguna,Sin restricción
2020,6531,2020-09-23,Miercoles,12:40:00,,0,2,"Automóvil,Moto/Ciclomotor",Av Fuerza Aerea Y Catamarca,2,1,0,0,1,0,0,"-32.92885902062863,-60.804595891774",Avenida,,FUNES,Rosario,Asfalto,No existe,II,Dentro,Urbana,Ninguna,No existe,Intersección,Bueno,Buena,Diurna,Buen Tiempo,S/D,S/D,Colisión,Ninguna,Horizontal,Ninguna,Sin restricción
2020,6532,2020-09-13,Domingo,19:00:00,,0,2,"Moto/Ciclomotor,Vehículo Oficial",Biarritz Y Camino Viejo Soldini,2,1,0,0,1,0,0,"-33.026008, -60.684770",Calle,,ROSARIO,Rosario,Asfalto,No existe,II,Dentro,Urbana,Ninguna,No existe,Intersección,Deteriorada,Buena,Atardecer,Buen Tiempo,Otro,S/D,Colisión,Ninguna,Faltante,Ninguna,Sin restricción
2020,6533,2020-09-27,Domingo,7:40:00,,0,1,Automóvil,Federacion Y Tomas de la Torre,1,0,1,0,0,0,0,"-32.913033790361,-60.834021468686",Calle,,FUNES,Rosario,Tierra,No existe,II,Dentro,Urbana,Ninguna,No existe,Recta,Bueno,Buena,Diurna,Buen Tiempo,S/D,S/D,Vuelco,Ninguna,Faltante,Ninguna,Sin restricción
2020,6534,2020-09-17,Jueves,19:30:00,,0,2,"Bicicleta,Moto/Ciclomotor",Av. Pellegrini Y Mitre,2,2,0,0,0,0,0,"-32.956960588458,-60.642259104805",Avenida,,ROSARIO,Rosario,Asfalto,No existe,II,Dentro,Urbana,Semáforo,Funciona,Recta,Bueno,Buena,Atardecer,Buen Tiempo,S/D,Ciclista,Atropello,Ninguna,"Horizontal,Vertical",Cordón divisorio,Sin restricción
2020,6535,2020-09-13,Domingo,14:35:00,,0,3,"Peatón,Moto/Ciclomotor,Moto/Ciclomotor",Lavalle Y Pte.Quintana,3,2,0,0,1,0,0,"-32.975413879599,-60.686866161535",Calle,,ROSARIO,Rosario,Asfalto,Pavimento,II,Dentro,Urbana,Ninguna,No existe,Intersección,Bueno,Buena,Diurna,Buen Tiempo,Lateral,Peatón,"Colisión,Atropello",Ninguna,Faltante,Ninguna,Sin restricción