anio_acci,nro_acci,fecha,desc_dia,hora_aprox,desc_ruta,km,cant_participantes,desc_participante,calle_avenida_km,total,heridos_leves,heridos_graves,heridos_gravisimos,ilesos,fallecidos,sin_datos,posicion_XY,desc_tipo_via,desc_ruta_ori,desc_loc,desc_dpto,desc_tipo_calzada,desc_tipo_banquina,desc_unidad_regional,desc_lugar_calzada,desc_zona,desc_prioridad,desc_estado_semaforo,desc_lugar_via,desc_estado_via,desc_estado_visibilidad,desc_luminosidad,desc_estado_clima,desc_tipo_colision,desc_tipo_atropello,desc_tipo_hecho,desc_pres_calzada,desc_senializacion,desc_separacion_via,desc_restriccion
2020,6536,2020-09-26,Sabado,6:00:00,,0,1,Pickup/Utilitario,Belgrano Y Gral Paz,1,1,0,0,0,0,0,"-32.916237711499,-60.801158380212",Calle,,FUNES,Rosario,Asfalto,No existe,II,Dentro,Urbana,Ninguna,No existe,Intersección,Bueno,Buena,Diurna,Buen Tiempo,Contra objeto fijo,S/D,Colisión,Ninguna,Faltante,Ninguna,Sin restricción
2020,6537,2020-09-19,Sabado,10:20:00,Ruta Provincial 18,5,2,"Moto/Ciclomotor,Moto/Ciclomotor",,2,2,0,0,0,0,0,"-33.07358686036453, -60.69498920759",Ruta,18,LA CAROLINA,Rosario,Asfalto,No existe,II,Dentro,Urbana,Ninguna,No existe,Recta,Bueno,Buena,Diurna,Buen Tiempo,S/D,S/D,Colisión,Ninguna,Horizontal,Línea divisoria pintada,Sin restricción
2020,6538,2020-09-14,Lunes,13:30:00,,0,2,"Bicicleta,Pickup/Utilitario",España Y Madre Cabrini,2,1,0,0,1,0,0,"-33.005254908321,-60.657538643903",Calle,,ROSARIO,Rosario,Asfalto,No existe,II,Dentro,Urbana,Ninguna,No existe,Intersección,Bueno,Buena,Diurna,Buen Tiempo,S/D,Ciclista,Atropello,Ninguna,Faltante,Ninguna,Sin restricción
2020,6539,2020-09-19,Sabado,10:45:00,Ruta Provincial 18,29,1,Automóvil,,1,1,0,0,0,0,0,"-33.27653745842331, -60.77222200046",Ruta,18,CARMEN DEL SAUCE,Rosario,Asfalto,Natural,II,Dentro,Rural,Ninguna,No existe,Recta,Bueno,Buena,Diurna,Buen Tiempo,S/D,S/D,Vuelco,Ninguna,Horizontal,Línea divisoria pintada,Sin restricción
2020,6540,2020-09-07,Lunes,8:40:00,,0,2,"Moto/Ciclomotor,Pickup/Utilitario",,2,1,0,0,0,0,1,"-32.94889926910397,-60.687317848205",Calle,,ROSARIO,Rosario,Asfalto,No existe,II,Dentro,Urbana,Ninguna,No existe,Intersección,Bueno,Buena,Diurna,Buen Tiempo,Lateral,S/D,Colisión,Ninguna,Horizontal,Ninguna,Sin restricción
2020,6541,2020-11-23,Lunes,,,0,2,"Moto/Ciclomotor,Automóvil",Cristobal Colon Y Mariano Moreno,2,1,0,0,1,0,0,"    -33.74255, -61.97252",Calle,,VENADO TUERTO,General LÓPEZ,Asfalto,S/D,VIII,Dentro,Urbana,S/D,S/D,Intersección,S/D,S/D,Nocturna,S/D,S/D,S/D,Colisión,S/D,S/D,S/D,S/D
2020,6542,2020-09-25,Viernes,9:30:00,Ruta Secundaria 34-s,0,1,Automóvil,SILVESTRE BEGNIS Y RENE FAVALORO,1,1,0,0,0,0,0,"-32.850531328003,-60.707354656817",Ruta,34-s,GRANADERO BAIGORRIA,Rosario,Asfalto,No existe,II,Dentro,Urbana,Ninguna,No existe,Recta,Bueno,Buena,Diurna,Buen Tiempo,S/D,S/D,Despiste,Ninguna,Faltante,Ninguna,Sin restricción
2020,6543,2020-11-23,Lunes,,,0,1,Automóvil,Independencia Y Libertad,1,1,0,0,0,0,0,"    -33.15374, -60.51165",Calle,,ARROYO SECO,Rosario,S/D,S/D,II,Dentro,Urbana,S/D,S/D,Intersección,S/D,S/D,Nocturna,S/D,Contra objeto fijo,S/D,Colisión,S/D,S/D,S/D,S/D
2020,6544,2020-09-14,Lunes,19:00:00,,0,2,"Moto/Ciclomotor,Automóvil",Amenabar Y Crespo,3,2,0,0,1,0,0,"-32.966800620547,-60.674745169531",Calle,,ROSARIO,Rosario,Asfalto,No existe,II,Dentro,Urbana,Ninguna,No existe,Intersección,Bueno,Buena,Atardecer,Buen Tiempo,Lateral,S/D,Colisión,Ninguna,Faltante,Ninguna,Sin restricción
2020,6545,2020-09-01,Martes,17:25:00,,0,2,"Automóvil,Taxi/Remis",Gral Manuel Belgrano Y Pueyrredon,4,1,0,0,3,0,0,"-32.864074712678,-60.703300789683",Calle,,GRANADERO BAIGORRIA,Rosario,Asfalto,No existe,II,Dentro,Urbana,Ninguna,No existe,Intersección,Bueno,Buena,Diurna,Buen Tiempo,S/D,S/D,Colisión,Ninguna,Horizontal,Ninguna,Sin restricción
2020,6546,2020-09-04,Viernes,17:30:00,,0,2,"Bicicleta,Automóvil",Av. Dante Alighieri Y Bv. Oro�o,2,1,0,0,1,0,0,"-32.961675335841,-60.657704235146",Avenida,,ROSARIO,Rosario,Asfalto,No existe,II,Dentro,Urbana,Ninguna,No existe,Intersección,Bueno,Buena,Diurna,Buen Tiempo,S/D,Ciclista,Atropello,Ninguna,Horizontal,Línea divisoria pintada,Sin restricción
2020,6547,2020-09-18,Viernes,22:00:00,,0,2,"Pickup/Utilitario,Automóvil",Moreno Y Paso de los Andes,4,3,0,0,1,0,0,"-32.471582639861,-61.579149219046",Calle,,LAS ROSAS,Belgrano,Hormigón,No existe,III,Dentro,Rural,Ninguna,No existe,Intersección,Bueno,Buena,Nocturna,Buen Tiempo,Lateral,S/D,Colisión,Ninguna,Faltante,Ninguna,Sin restricción
2020,6548,2020-09-14,Lunes,9:35:00,,0,2,"Moto/Ciclomotor,Automóvil",Bv. Avellaneda 4700,2,1,0,0,1,0,0,"-32.993604835566,-60.688892328514",Avenida,,ROSARIO,Rosario,Asfalto,No existe,II,Dentro,Urbana,Ninguna,No existe,Recta,Bueno,Buena,Diurna,Buen Tiempo,Lateral,S/D,Colisión,Ninguna,Faltante,Barrera de hormigón,Sin restricción
2020,6549,2020-09-07,Lunes,13:35:00,,0,2,"Automóvil,Camión Chasis",Amenabar Y Italia,2,1,0,0,1,0,0,"-32.970450621039,-60.654358090275",Calle,,ROSARIO,Rosario,Asfalto,No existe,II,Dentro,Urbana,Señal Pare,No existe,Intersección,Bueno,Buena,Diurna,Buen Tiempo,Lateral,S/D,Colisión,Ninguna,Vertical,Ninguna,S/D
2020,6550,2020-09-11,Viernes,17:40:00,,0,2,"Moto/Ciclomotor,Automóvil",Cortada 23 Bis 1500,2,1,0,0,1,0,0,"-32.674777507782004,-61.51376008987",Calle,,LAS PAREJAS,Belgrano,Asfalto,No existe,III,Dentro,Urbana,Ninguna,No existe,Recta,Bueno,Buena,Diurna,Buen Tiempo,S/D,S/D,Colisión,Ninguna,Faltante,Ninguna,Sin restricción
2020,6551,2020-09-15,Martes,6:40:00,,0,2,"Moto/Ciclomotor,Automóvil",Av. Ntra.Sra.del Rosario Y Av. Ovidio Lagos,3,1,1,0,1,0,0,"-33.00087511539459,-60.675382018089",Avenida,,ROSARIO,Rosario,Asfalto,No existe,II,Dentro,Urbana,Ninguna,Funciona,Intersección,Bueno,Buena,Diurna,Buen Tiempo,Lateral,S/D,Colisión,Ninguna,Vertical,Cordón divisorio,Sin restricción
2020,6552,2020-09-14,Lunes,17:30:00,Ruta Secundaria 33-s,0,2,"Moto/Ciclomotor,Automóvil",Avenida 13 Y Calle 16,2,0,1,0,1,0,0,"-32.684114532209,-61.519712880617",Ruta,33-s,LAS PAREJAS,Belgrano,Asfalto,Pavimento,III,Dentro,Urbana,Policía de tránsito,No existe,Recta,Bueno,Buena,Diurna,Buen Tiempo,Lateral,S/D,Colisión,Ninguna,Faltante,Ninguna,Sin restricción
2020,6553,2020-09-08,Martes,11:45:00,,0,2,"Bicicleta,Automóvil",Amenabar Y Paraguay,2,1,0,0,1,0,0,"-32.971190589792,-60.650218757783",Calle,,ROSARIO,Rosario,Asfalto,No existe,II,Dentro,Urbana,Ninguna,No existe,Intersección,Bueno,Buena,Diurna,Buen Tiempo,S/D,Ciclista,Atropello,Ninguna,Faltante,Ninguna,Sin restricción
2020,6554,2020-09-18,Viernes,15:20:00,,0,2,"Bicicleta,Automóvil",Av. J.Coronado Y Bv. Oro�o,2,1,0,0,1,0,0,"-32.962329702068,-60.657869198107",Avenida,,ROSARIO,Rosario,Asfalto,No existe,II,Dentro,Urbana,Señal Pare,No existe,Intersección,Bueno,Buena,Diurna,Buen Tiempo,S/D,Ciclista,Atropello,Ninguna,"Horizontal,Vertical",Ninguna,S/D
2020,6555,2020-09-18,Viernes,6:45:00,,0,2,"Automóvil,Automóvil",Av. Uriburu Y Bv. Avellaneda,2,1,0,0,1,0,0,"-32.991895079612746,-60.68880379199",Avenida,,ROSARIO,Rosario,Asfalto,No existe,II,Dentro,Urbana,Semáforo,Funciona,Intersección,Bueno,Buena,Diurna,Buen Tiempo,De alcance,S/D,Colisión,S/D,Vertical,Barrera de hormigón,Sin restricción
2020,6556,2020-11-24,Martes,,Ruta Nacional 34,226,2,"Automóvil,Automóvil",,2,2,0,0,0,0,0,"    -31.19706, -61.49578",Ruta,34,RAFAELA,Castellanos,S/D,S/D,III,S/D,S/D,S/D,S/D,S/D,S/D,S/D,S/D,S/D,S/D,S/D,Colisión,S/D,S/D,S/D,S/D
2020,6557,2020-09-02,Miercoles,8:00:00,,0,2,"Taxi/Remis,Camión Chasis",Av. Corrientes Y Viamonte,4,2,0,0,2,0,0,"-32.964552149398,-60.647107971038",Calle,,ROSARIO,Rosario,Asfalto,No existe,II,Dentro,Urbana,Señal Pare,No existe,Intersección,Bueno,Buena,Diurna,Lluvia,Lateral,S/D,Colisión,Ninguna,Vertical,Ninguna,Sin restricción
2020,6558,2020-09-05,Sabado,15:15:00,Ruta Provincial 15,162,1,Moto/Ciclomotor,,1,0,1,0,0,0,0,"-32.92320235964509, -61.69486277739",Ruta,15,ARMSTRONG,Belgrano,Asfalto,Natural,III,Dentro,Rural,Ninguna,No existe,Recta,Bueno,Buena,Diurna,Buen Tiempo,S/D,S/D,Despiste,Ninguna,S/D,Ninguna,Obra en Construcción
2020,6559,2020-11-25,Miercoles,,Ruta Nacional Rosario -Cordoba,57,1,Camión,,1,1,0,0,0,0,0,"    -31.57378, -61.38775",Ruta,Rosario -Cordoba,SA PEREIRA,Las Colonias,Asfalto,Pavimento,XI,Dentro,Rural,S/D,No existe,Recta,S/D,S/D,S/D,S/D,S/D,S/D,Vuelco,S/D,S/D,S/D,S/D
2020,6560,2020-09-05,Sabado,17:45:00,,0,2,"Automóvil,Moto/Ciclomotor",Belgrano Y Lisandro de la Torre,2,1,0,0,1,0,0,"-32.777766439125,-61.598655316517",Calle,,ARMSTRONG,Belgrano,Asfalto,No existe,III,Dentro,Urbana,Ninguna,No existe,Intersección,Bueno,Buena,Diurna,Buen Tiempo,Lateral,S/D,Colisión,Ninguna,Faltante,Ninguna,Sin restricción
2020,6561,2020-09-07,Lunes,6:30:00,,0,2,"Taxi/Remis,Automóvil",Pascual Rosas Y Santa Fe,2,1,0,0,1,0,0,"-32.93650746345522,-60.685563683509",Calle,,ROSARIO,Rosario,Asfalto,No existe,II,Dentro,Urbana,Semáforo,Funciona,Intersección,Bueno,Buena,Diurna,Buen Tiempo,Lateral,S/D,"Colisión,Vuelco",Ninguna,"Horizontal,Vertical",Ninguna,Sin restricción
2020,6562,2020-09-07,Lunes,11:45:00,,0,2,"Bicicleta,Automóvil",Bv Tortugas Y San Nicolas,2,1,0,0,1,0,0,"-32.786569641029,-61.607852978819",Avenida,,ARMSTRONG,Belgrano,Asfalto,No existe,III,Dentro,Urbana,Ninguna,No existe,Intersección,Bueno,Buena,Diurna,Buen Tiempo,S/D,Ciclista,Atropello,Ninguna,Faltante,Ninguna,Sin restricción
2020,6563,2020-09-19,Sabado,11:55:00,,0,1,Automóvil,Av. Battle y Ordo�ez Y Pueyrredon,1,1,0,0,0,0,0,"-33.009455502033234,-60.66885754466",Avenida,,ROSARIO,Rosario,Asfalto,No existe,II,Dentro,Urbana,Ninguna,No existe,Intersección,Bueno,Buena,Diurna,Buen Tiempo,S/D,S/D,Vuelco,Ninguna,Faltante,Ninguna,Sin restricción
2020,6564,2020-09-10,Jueves,18:35:00,,0,2,"Pickup/Utilitario,Bicicleta",Bv Roldan Y Dr Jose Iraci,2,0,1,0,1,0,0,"-32.782390268712,-61.606849258274",Avenida,,ARMSTRONG,Belgrano,Asfalto,No existe,III,Dentro,Urbana,Ninguna,No existe,Intersección,Bueno,Buena,Atardecer,Buen Tiempo,S/D,Ciclista,Atropello,Ninguna,Faltante,Ninguna,Sin restricción
2020,6565,2020-09-21,Lunes,9:10:00,,0,2,"Moto/Ciclomotor,Bicicleta",Av. Uriburu Y Bv. Oro�o,2,1,0,0,1,0,0,"-32.99125134944917,-60.665200352668",Avenida,,ROSARIO,Rosario,Asfalto,No existe,II,Dentro,Urbana,Semáforo,Funciona,Rotonda,Bueno,Buena,Diurna,Buen Tiempo,S/D,Ciclista,Atropello,Ninguna,"Horizontal,Vertical",Cordón divisorio,Sin restricción
2020,6566,2020-09-26,Sabado,14:10:00,Ruta Provincial 15,0,1,Moto/Ciclomotor,,1,1,0,0,0,0,0,"-32.792987823486335,-61.61922454833",Ruta,15,ARMSTRONG,Belgrano,Asfalto,Natural,III,Dentro,Rural,Ninguna,No existe,Recta,Con baches,Buena,Diurna,Buen Tiempo,S/D,S/D,Despiste,Ninguna,Faltante,Ninguna,Sin restricción
2020,6567,2020-09-23,Miercoles,12:30:00,,0,2,"Moto/Ciclomotor,Pickup/Utilitario",Santiago 1250,3,1,0,0,2,0,0,"-32.948979463605,-60.657456498032",Calle,,ROSARIO,Rosario,Asfalto,No existe,II,Dentro,Urbana,Ninguna,No existe,Recta,Bueno,Buena,Diurna,Buen Tiempo,De alcance,S/D,Colisión,Ninguna,Faltante,Ninguna,Sin restricción
2020,6568,2020-11-25,Miercoles,,,0,2,"Pickup/Utilitario,Automóvil",Marcos Ciani Y Felix Goumonde,2,2,0,0,0,0,0,"    -33.7356, -61.98926",S/D,,VENADO TUERTO,General LÓPEZ,Asfalto,S/D,VIII,S/D,S/D,S/D,S/D,Intersección,S/D,S/D,S/D,S/D,S/D,S/D,Colisión,S/D,S/D,S/D,S/D
2020,6569,2020-09-10,Jueves,14:25:00,,0,2,"Moto/Ciclomotor,Automóvil",Avenida 21 Y Calle 12,2,1,0,0,1,0,0,"-32.680640594558,-61.524403382471",Avenida,,LAS PAREJAS,Belgrano,Asfalto,No existe,III,Dentro,Urbana,Ninguna,No existe,Intersección,Bueno,Buena,Diurna,Buen Tiempo,Lateral,S/D,Colisión,Ninguna,Horizontal,"Cordón divisorio,Vegetación",Sin restricción
2020,6570,2020-09-23,Miercoles,16:00:00,,0,2,"Moto/Ciclomotor,Pickup/Utilitario",Av. Francia Y Av. Uriburu,3,1,0,0,2,0,0,"-32.99160003662106,-60.678176879882",Avenida,,ROSARIO,Rosario,Asfalto,No existe,II,Dentro,Urbana,Semáforo,Funciona,Intersección,Bueno,Buena,Diurna,Buen Tiempo,Lateral,S/D,Colisión,Ninguna,"Horizontal,Vertical",Cordón divisorio,Sin restricción
2020,6571,2020-09-30,Miercoles,2:00:00,,0,2,"Moto/Ciclomotor,Transporte de Pasajeros Urbano (> 8 asientos)",Entre Rios Y Santa Fe,2,1,0,0,1,0,0,"-32.944558283451,-60.640617994454",Calle,,ROSARIO,Rosario,Asfalto,No existe,II,Dentro,Urbana,Semáforo,Intermitente,Intersección,Bueno,Buena,"Nocturna,Con luz artificial",Buen Tiempo,Lateral,S/D,Colisión,Ninguna,"Horizontal,Vertical",Ninguna,Sin restricción
2020,6572,2020-09-23,Miercoles,17:55:00,,0,2,"Moto/Ciclomotor,Automóvil",Cafferata Y Pte.Quintana,2,1,0,0,1,0,0,"-32.976632534275,-60.680065731969",Calle,,ROSARIO,Rosario,Asfalto,No existe,II,Dentro,Urbana,Ninguna,No existe,Intersección,Bueno,Buena,Diurna,Buen Tiempo,Lateral,S/D,Colisión,Ninguna,Faltante,Ninguna,Sin restricción
2020,6573,2020-11-26,Jueves,10:00:00,,0,2,"Automóvil,Pickup/Utilitario",Suipacha,3,1,0,0,2,0,0,"    -32.81295, -61.39701",Calle,,CAÑADA DE GÓMEZ,Iriondo,S/D,S/D,X,Dentro,Urbana,S/D,S/D,Intersección,S/D,S/D,Diurna,S/D,Lateral,S/D,Colisión,S/D,S/D,S/D,S/D
2020,6574,2020-09-24,Jueves,22:40:00,,0,2,"Moto/Ciclomotor,Automóvil",Catamarca Y Constitucion,2,0,1,0,1,0,0,"-32.934244346398,-60.672202652986",Calle,,ROSARIO,Rosario,Asfalto,No existe,II,Dentro,Urbana,Señal Pare,No existe,Recta,Bueno,Buena,"Nocturna,Con luz artificial",Buen Tiempo,De alcance,S/D,Colisión,Ninguna,Vertical,Ninguna,Sin restricción
2020,6575,2020-09-17,Jueves,11:20:00,,0,2,"Moto/Ciclomotor,Camión Chasis",Montevideo Y Vera Mujica,2,1,0,0,1,0,0,"-32.95100073685,-60.669324241088",Calle,,ROSARIO,Rosario,Asfalto,No existe,II,Dentro,Urbana,Ninguna,No existe,Recta,Bueno,Buena,Diurna,Buen Tiempo,Lateral,S/D,Colisión,Ninguna,Faltante,Ninguna,Sin restricción
2020,6576,2020-09-04,Viernes,16:20:00,,0,2,"Bicicleta,Automóvil",Buenos Aires Y La Paz,2,1,0,0,1,0,0,"-32.965139173001,-60.63715485983",Calle,,ROSARIO,Rosario,Asfalto,No existe,II,Dentro,Urbana,Ninguna,No existe,Intersección,Bueno,Buena,Diurna,Buen Tiempo,S/D,Ciclista,Atropello,Ninguna,Faltante,Ninguna,Sin restricción
2020,6577,2020-09-25,Viernes,7:00:00,,0,2,"Moto/Ciclomotor,Automóvil",Pte.Quintana Y Suipacha,2,1,0,0,1,0,0,"-32.977851011503,-60.673263185018",Calle,,ROSARIO,Rosario,Asfalto,No existe,II,Dentro,Urbana,Ninguna,No existe,Intersección,Bueno,Buena,Diurna,Buen Tiempo,Lateral,S/D,Colisión,Ninguna,Faltante,Ninguna,Sin restricción
2020,6578,2020-09-13,Domingo,17:10:00,,0,3,"Moto/Ciclomotor,Moto/Ciclomotor,Automóvil",Genral Lopez Y Paso de los Andes,4,1,0,0,3,0,0,"-32.467035374216,-61.577963758596",Calle,,LAS ROSAS,Belgrano,Asfalto,No existe,III,Dentro,Urbana,Ninguna,No existe,Intersección,Bueno,Buena,Diurna,Buen Tiempo,Múltiple,S/D,Colisión,Ninguna,S/D,Ninguna,Sin restricción
2020,6579,2020-09-18,Viernes,16:45:00,,0,2,"Bicicleta,Moto/Ciclomotor",Av. Ing.Acevedo Y Av. Ovidio Lagos,3,1,0,0,2,0,0,"-32.984045594930656,-60.67171342670",Avenida,,ROSARIO,Rosario,Asfalto,No existe,II,Dentro,Urbana,Semáforo,Funciona,Intersección,Bueno,Buena,Diurna,Buen Tiempo,S/D,Ciclista,Atropello,Ninguna,Vertical,Cordón divisorio,Sin restricción
2020,6580,2020-09-26,Sabado,4:05:00,,0,2,"Moto/Ciclomotor,Automóvil",Bv. Segui Y San Nicolas,2,1,0,0,1,0,0,"-32.972858261047,-60.680552611412",Avenida,,ROSARIO,Rosario,Asfalto,No existe,II,Dentro,Urbana,Semáforo,Funciona,Intersección,Bueno,Buena,Diurna,S/D,De alcance,S/D,Colisión,Ninguna,Vertical,Cordón divisorio,Sin restricción
2020,6581,2020-09-07,Lunes,15:30:00,,0,2,"Automóvil,Automóvil",Av. Ovidio Lagos Y Guemes,2,1,0,0,1,0,0,"-32.931767225891,-60.658790127982",Calle,,ROSARIO,Rosario,Asfalto,No existe,II,Dentro,Urbana,Ninguna,No existe,Recta,Bueno,Buena,Diurna,Buen Tiempo,Otro,S/D,Colisión,Ninguna,Horizontal,Ninguna,Sin restricción
2020,6582,2020-09-03,Jueves,11:00:00,,0,2,"Bicicleta,Pickup/Utilitario",San Martin 1630,2,1,0,0,1,0,0,"-32.956723947892,-60.639195164217",Avenida,,ROSARIO,Rosario,Asfalto,No existe,II,Dentro,Urbana,Ninguna,No existe,Recta,Bueno,Buena,Diurna,Buen Tiempo,S/D,Ciclista,Atropello,Ninguna,Faltante,Ninguna,Sin restricción
2020,6583,2020-09-24,Jueves,9:15:00,Ruta Provincial 18,0,2,"Bicicleta,Automóvil",Av. Ovidio Lagos 7300,2,1,0,0,1,0,0,"-33.023957243363,-60.680556920771",Ruta,18,ROSARIO,Rosario,Asfalto,No existe,II,Dentro,Urbana,Semáforo,Funciona,Recta,Bueno,Buena,Diurna,Buen Tiempo,S/D,Ciclista,Atropello,Ninguna,Vertical,Cordón divisorio,Sin restricción
2020,6584,2020-09-26,Sabado,13:10:00,,0,2,"Peatón,Automóvil",Av. Francia Y Pje. Arias,2,1,0,0,1,0,0,"-32.979258347518,-60.674927307394",Avenida,,ROSARIO,Rosario,Asfalto,No existe,II,Dentro,Urbana,Señal Pare,No existe,Intersección,Bueno,Buena,Diurna,Buen Tiempo,S/D,Peatón,Atropello,Ninguna,Vertical,Cordón divisorio,Sin restricción
2020,6585,2020-09-07,Lunes,18:15:00,,0,2,"Moto/Ciclomotor,Pickup/Utilitario",P P Sellares Y Presidente B Rivadavia,2,1,0,0,1,0,0,"-31.102735977387,-60.090627278795",Calle,,HELVECIA,Garay,"Asfalto,Tierra",No existe,VII,Dentro,Urbana,Ninguna,No existe,Intersección,Bueno,Buena,Diurna,Buen Tiempo,S/D,S/D,Colisión,Ninguna,Faltante,Ninguna,Sin restricción
2020,6586,2020-09-07,Lunes,10:20:00,,0,3,"Automóvil,Automóvil,Automóvil",Montevideo Y Rodriguez,3,1,0,0,2,0,0,"-32.95246196844,-60.661178976953",Calle,,ROSARIO,Rosario,Asfalto,No existe,II,Dentro,Urbana,Paso Peatonal,No existe,Recta,Bueno,Buena,Diurna,Buen Tiempo,De alcance,S/D,Colisión,Ninguna,Horizontal,Ninguna,Sin restricción
2020,6587,2020-09-27,Domingo,15:00:00,,0,2,"Pickup/Utilitario,Moto/Ciclomotor",Garay Y San Juan,2,0,1,0,1,0,0,"-34.267562637595,-62.701925739387",Calle,,RUFINO,General LÓPEZ,Asfalto,No existe,VIII,Dentro,Urbana,Ninguna,No existe,Intersección,Bueno,Buena,Diurna,Buen Tiempo,S/D,S/D,Colisión,S/D,Faltante,Ninguna,S/D
2020,6588,2020-09-08,Martes,5:50:00,Ruta Provincial 1,0,2,"Automóvil,Moto/Ciclomotor",A Rossi Y Ruta Provic 1,5,1,0,0,4,0,0,"-31.408309179587,-60.329485773782",Ruta,1,SANTA ROSA DE CALCHINES,Garay,Asfalto,Ripio,VII,Dentro,Urbana,Ninguna,No existe,Intersección,Bueno,Buena,Diurna,Buen Tiempo,De alcance,S/D,Colisión,Ninguna,Horizontal,Línea divisoria pintada,Sin restricción
2020,6589,2020-11-26,Jueves,,,0,1,Moto/Ciclomotor,,1,1,0,0,0,0,0,"    -33.74529, -61.96849",S/D,,VENADO TUERTO,General LÓPEZ,Asfalto,S/D,VIII,S/D,S/D,S/D,S/D,S/D,S/D,S/D,Diurna,S/D,Atropello animal,S/D,Colisión,S/D,S/D,S/D,S/D
2020,6590,2020-09-08,Martes,21:00:00,,0,2,"Moto/Ciclomotor,Bicicleta",Neuquen Y Ricardo Salvadores,3,2,1,0,0,0,0,"-33.752755842154,-61.940805837003",Calle,,VENADO TUERTO,General LÓPEZ,Tierra,No existe,VIII,Dentro,Urbana,Ninguna,No existe,Intersección,Bueno,Reducida,Nocturna,Buen Tiempo,S/D,Ciclista,Atropello,Ninguna,Faltante,Ninguna,Sin restricción
2020,6591,2020-11-26,Jueves,,Ruta Provincial 32,0,2,"Bicicleta,Pickup/Utilitario",,2,1,0,0,1,0,0,"    -28.49389, -59.41094",Ruta,32,VILLA ADELA,General Obligado,Asfalto,S/D,IX,Dentro,Rural,S/D,S/D,Recta,S/D,S/D,S/D,S/D,S/D,Ciclista,Atropello,S/D,S/D,S/D,S/D
2020,6592,2020-09-11,Viernes,21:00:00,Ruta Provincial 1,37,2,"Camión c / Semirremolque,Moto/Ciclomotor",,3,0,2,0,1,0,0,"-31.440448825689273, -60.3608124060",Ruta,1,SANTA ROSA DE CALCHINES,Garay,Asfalto,Natural,VII,Dentro,Urbana,Ninguna,No existe,Curva,Bueno,Buena,Nocturna,Buen Tiempo,S/D,S/D,Colisión,Ninguna,Horizontal,Línea divisoria pintada,Sin restricción
2020,6593,2020-09-14,Lunes,18:30:00,,0,2,"Moto/Ciclomotor,Automóvil",Av. Francia Y Av. Luis Carballo,2,1,0,0,1,0,0,"-32.925040801586,-60.661491126118",Avenida,,ROSARIO,Rosario,Asfalto,No existe,II,Dentro,Urbana,Semáforo,Funciona,Recta,Bueno,Buena,Diurna,Buen Tiempo,De alcance,S/D,Colisión,Ninguna,"Horizontal,Vertical",Cordón divisorio,Sin restricción
2020,6594,2020-09-14,Lunes,14:50:00,Ruta Secundaria 281-s,0,1,Moto/Ciclomotor,,2,0,1,0,1,0,0,"-30.876372456550612,-60.04316389560",Ruta,281-s,SALADERO CABAL,Garay,Tierra,Natural,VII,Dentro,Rural,Ninguna,No existe,Recta,Bueno,Buena,Diurna,Buen Tiempo,S/D,S/D,Cañda ocupante,Ninguna,Faltante,Ninguna,Sin restricción
2020,6595,2020-09-01,Martes,7:30:00,,0,2,"Pickup/Utilitario,Bicicleta",Pringles Y Rivadavia,2,1,0,0,1,0,0,"-31.459468030554,-60.931488367234",Calle,,ESPERANZA,Las Colonias,Asfalto,No existe,XI,Dentro,Urbana,Ninguna,No existe,Intersección,Bueno,Buena,Diurna,Buen Tiempo,S/D,Ciclista,Atropello,Ninguna,Faltante,Ninguna,Sin restricción
2020,6596,2020-11-28,Sabado,,,0,2,"Moto/Ciclomotor,Automóvil",Casey Y Iturraspe,2,1,0,0,1,0,0,"    -33.75144, -61.96412",Calle,,VENADO TUERTO,General LÓPEZ,Asfalto,S/D,VIII,Dentro,Urbana,S/D,S/D,Intersección,S/D,S/D,S/D,S/D,S/D,S/D,Colisión,S/D,S/D,S/D,S/D
2020,6597,2020-09-03,Jueves,,,0,2,"Pickup/Utilitario,Moto/Ciclomotor",Guemes Y R P A Janssen,2,1,0,0,1,0,0,"-31.451486370014,-60.93894694178",Calle,,ESPERANZA,Las Colonias,Asfalto,No existe,XI,Dentro,Urbana,Ninguna,No existe,Intersección,Bueno,Buena,Diurna,Buen Tiempo,S/D,S/D,Colisión,Ninguna,Horizontal,Ninguna,Sin restricción
2020,6598,2020-09-09,Miercoles,17:05:00,,0,2,"Bicicleta,Automóvil",Av. Belgrano Y Buenos Aires,3,0,1,0,2,0,0,"-32.945535760591,-60.632212413664",Avenida,,ROSARIO,Rosario,Asfalto,No existe,II,Dentro,Urbana,Semáforo,Funciona,Intersección,Bueno,Buena,Diurna,Buen Tiempo,S/D,Ciclista,Atropello,Ninguna,"Horizontal,Vertical",Ninguna,Sin restricción