anio_acci,nro_acci,fecha,desc_dia,hora_aprox,desc_ruta,km,cant_participantes,desc_participante,calle_avenida_km,total,heridos_leves,heridos_graves,heridos_gravisimos,ilesos,fallecidos,sin_datos,posicion_XY,desc_tipo_via,desc_ruta_ori,desc_loc,desc_dpto,desc_tipo_calzada,desc_tipo_banquina,desc_unidad_regional,desc_lugar_calzada,desc_zona,desc_prioridad,desc_estado_semaforo,desc_lugar_via,desc_estado_via,desc_estado_visibilidad,desc_luminosidad,desc_estado_clima,desc_tipo_colision,desc_tipo_atropello,desc_tipo_hecho,desc_pres_calzada,desc_senializacion,desc_separacion_via,desc_restriccion
2020,6719,2020-09-27,Domingo,17:30:00,,0,2,"Peatón,Camión c / Acoplado",RAUL ALFONSIN 2700,2,1,0,0,1,0,0,"-32.902121, -60.815311",Calle,,FUNES,Rosario,Asfalto,No existe,II,Dentro,Urbana,Ninguna,No existe,Recta,Bueno,Buena,Diurna,Buen Tiempo,S/D,Peatón,Atropello,Ninguna,Faltante,Ninguna,Sin restricción
2020,6720,2020-09-10,Jueves,23:15:00,,0,2,"Moto/Ciclomotor,Moto/Ciclomotor",Independencia Y Zavalia,3,3,0,0,0,0,0,"-31.667076394114,-60.724665304629",Calle,,SANTA FE,La Capital,Asfalto,No existe,I,Dentro,Urbana,Ninguna,No existe,Intersección,Bueno,Buena,Con luz artificial,Buen Tiempo,S/D,S/D,Colisión,Ninguna,Faltante,Ninguna,Sin restricción
2020,6721,2020-09-09,Miercoles,18:30:00,,0,2,"Moto/Ciclomotor,Pickup/Utilitario",Av Eduardo Minetti Y Manuel Belgrano,2,1,0,0,1,0,0,"-28.622618814833,-61.624851499732",Avenida,,VILLA MINETTI,9 de Julio,Asfalto,No existe,XII,Dentro,Urbana,Ninguna,No existe,Intersección,Con baches,Reducida,Diurna,Buen Tiempo,Lateral,S/D,Colisión,Ninguna,Faltante,Ninguna,Sin restricción
2020,6722,2020-09-15,Martes,22:30:00,,0,2,"Moto/Ciclomotor,Moto/Ciclomotor",BV BOUCHARD Y PASAJE 1353,3,2,1,0,0,0,0,"-32.890513, -60.736112",Avenida,,ROSARIO,Rosario,Asfalto,No existe,II,Dentro,Urbana,Ninguna,No existe,Intersección,Bueno,Buena,Diurna,Buen Tiempo,Lateral,S/D,Colisión,Ninguna,Faltante,Ninguna,Sin restricción
2020,6723,2020-09-18,Viernes,11:25:00,,0,2,"Automóvil,Moto/Ciclomotor",Cristobal Colon Y J M Perez,3,1,0,0,2,0,0,"-31.66848088178,-60.727459991754",Calle,,SANTA FE,La Capital,Asfalto,No existe,I,Dentro,Urbana,Ninguna,No existe,Intersección,Bueno,Buena,Diurna,Buen Tiempo,S/D,S/D,Colisión,Ninguna,Faltante,Ninguna,Sin restricción
2020,6724,2020-09-04,Viernes,15:50:00,Ruta Secundaria 292-s,0,1,Moto/Ciclomotor,,2,0,2,0,0,0,0,"-28.63148689270021,-61.523694992065",Ruta,292-s,VILLA MINETTI,9 de Julio,Asfalto,Natural,XII,Dentro,Rural,Ninguna,No existe,Recta,Bueno,Buena,Diurna,Buen Tiempo,Contra objeto fijo,S/D,Colisión,Ninguna,Faltante,Ninguna,Sin restricción
2020,6725,2020-09-24,Jueves,16:05:00,,0,2,"Moto/Ciclomotor,Automóvil",Ayacucho Y Reg.11 de Infanteria,3,1,1,0,1,0,0,"-32.998413033264,-60.636532123609",Calle,,ROSARIO,Rosario,Asfalto,No existe,II,Dentro,Urbana,Paso Peatonal,No existe,Intersección,Bueno,Buena,Diurna,Buen Tiempo,Lateral,S/D,Colisión,Ninguna,Horizontal,Ninguna,Sin restricción
2020,6726,2020-09-08,Martes,22:15:00,,0,2,"Automóvil,Moto/Ciclomotor",25 de Mayo Y Obrero,2,1,0,0,1,0,0,"-31.302964221821,-60.662806640935",Calle,,LAGUNA PAIVA,La Capital,Asfalto,No existe,I,Dentro,Urbana,Ninguna,No existe,Intersección,Bueno,Buena,Diurna,Buen Tiempo,Lateral,S/D,Colisión,Ninguna,Faltante,Ninguna,Sin restricción
2020,6727,2020-09-18,Viernes,11:40:00,,0,2,"Moto/Ciclomotor,Automóvil",9 de Julio Y Mariano Moreno,3,0,1,0,2,0,0,"-28.62308621406555,-61.628730297088",Calle,,VILLA MINETTI,9 de Julio,Ripio,No existe,XII,Dentro,Urbana,Ninguna,No existe,Intersección,Con baches,Buena,Diurna,Buen Tiempo,Frontal,S/D,Colisión,Ninguna,Faltante,Ninguna,Sin restricción
2020,6728,2020-09-30,Miercoles,14:00:00,,0,2,"Moto/Ciclomotor,Automóvil",Pasco Y Pte.Roca,2,1,0,0,1,0,0,"-32.95832511538,-60.648428897269",Calle,,ROSARIO,Rosario,Asfalto,No existe,II,Dentro,Urbana,Señal Pare,No existe,Intersección,Bueno,Buena,Diurna,Buen Tiempo,Lateral,S/D,Colisión,Ninguna,Vertical,Ninguna,Sin restricción
2020,6729,2020-09-06,Domingo,12:00:00,,0,2,"Moto/Ciclomotor,Moto/Ciclomotor",Corrientes Y Rivadavia,2,2,0,0,0,0,0,"-29.465802714847,-60.210837312477",Calle,,VERA,Vera,Asfalto,No existe,XIX,Dentro,Urbana,Ninguna,No existe,Intersección,Bueno,Buena,Diurna,Buen Tiempo,Lateral,S/D,Colisión,Ninguna,Faltante,Ninguna,Sin restricción
2020,6730,2020-09-05,Sabado,23:15:00,,0,2,"Moto/Ciclomotor,Pickup/Utilitario",9 de Julio Y Moreno,2,2,0,0,0,0,0,"-29.458915790009,-60.212951809434",Calle,,VERA,Vera,Asfalto,No existe,XIX,Dentro,Urbana,Ninguna,No existe,Intersección,Bueno,Buena,"Nocturna,Con luz artificial",Buen Tiempo,Lateral,S/D,Colisión,Ninguna,Faltante,Ninguna,Sin restricción
2020,6731,2020-09-08,Martes,,,0,2,"Moto/Ciclomotor,Automóvil",E Aleman Y San Martin,3,2,0,0,1,0,0,"-29.461395505895,-60.210905514175",Calle,,VERA,Vera,Asfalto,No existe,XIX,Dentro,Urbana,Ninguna,No existe,Intersección,Bueno,Buena,"Nocturna,Con luz artificial",Buen Tiempo,Lateral,S/D,Colisión,Ninguna,Faltante,Ninguna,Sin restricción
2020,6732,2020-09-24,Jueves,12:00:00,Ruta Nacional 34,361,1,Pickup/Utilitario,,1,1,0,0,0,0,0,"-29.9824, -61.85272",Ruta,34,HERSILIA,San CRISTÓBAL,Asfalto,Natural,XIII,Fuera,Rural,Marca Vial,No existe,Recta,Bueno,Buena,Diurna,Buen Tiempo,S/D,S/D,Despiste,Ninguna,Horizontal,Ninguna,Sin restricción
2020,6733,2020-09-13,Domingo,5:50:00,,0,1,Moto/Ciclomotor,Cordoba Y Moreau de Justo,1,0,1,0,0,0,0,"-29.465947293525,-60.201961234633",Calle,,VERA,Vera,"Asfalto,Ripio",No existe,XIX,Dentro,Urbana,Ninguna,No existe,Intersección,Bueno,Buena,"Nocturna,Con luz artificial",Buen Tiempo,S/D,S/D,Cañda ocupante,Ninguna,Faltante,Ninguna,Sin restricción
2020,6734,2020-09-12,Sabado,11:30:00,Ruta Secundaria 91-s,0,2,"Automóvil,Moto/Ciclomotor",Av 25 de mayo Y Roque Saenz Pe�a,4,2,0,0,2,0,0,"-30.0014389065,-61.838393268451",Ruta,91-s,HERSILIA,San CRISTÓBAL,Ripio,No existe,XIII,Dentro,Urbana,Ninguna,No existe,Intersección,Bueno,Buena,Diurna,Buen Tiempo,S/D,S/D,Colisión,Ninguna,Faltante,Cordón divisorio,Sin restricción
2020,6735,2020-09-17,Jueves,18:40:00,,0,2,"Moto/Ciclomotor,Peatón",Caramarca 2175,2,1,0,0,1,0,0,"-29.469078045567,-60.218376582381",Calle,,VERA,Vera,Tierra,No existe,XIX,Dentro,Urbana,Ninguna,No existe,Intersección,Con baches,Reducida,"Atardecer,Con luz artificial",Buen Tiempo,S/D,Peatón,Atropello,Ninguna,Faltante,Ninguna,Sin restricción
2020,6736,2020-09-21,Lunes,23:00:00,,0,2,"Automóvil,Moto/Ciclomotor",Bv. Rondeau Y Vucetich,2,1,0,0,0,0,1,"-32.885715172315,-60.694896983303",Avenida,,ROSARIO,Rosario,Asfalto,S/D,II,Dentro,Urbana,Ninguna,S/D,Intersección,Bueno,S/D,Diurna,Buen Tiempo,Lateral,S/D,Colisión,Ninguna,Faltante,Ninguna,Sin restricción
2020,6737,2020-09-17,Jueves,,,0,2,"Bicicleta,Moto/Ciclomotor",SAMBARINO Y EX RUTA 11,3,3,0,0,0,0,0,"-29.480074, -60.212069",Calle,,VERA,Vera,"Asfalto,Ripio",No existe,XIX,Dentro,Urbana,Ninguna,No existe,Intersección,Bueno,Buena,"Nocturna,Con luz artificial",Buen Tiempo,S/D,Ciclista,Atropello,Ninguna,Faltante,Ninguna,Sin restricción
2020,6738,2020-09-24,Jueves,0:50:00,,0,2,"Pickup/Utilitario,Moto/Ciclomotor",25 de Mayo Y Plumerillo,2,0,1,0,1,0,0,"-30.218297315057,-61.876012166768",Calle,,VILLA TRINIDAD,San CRISTÓBAL,Hormigón,No existe,XIII,Dentro,Urbana,Ninguna,No existe,Intersección,Bueno,Buena,Nocturna,Buen Tiempo,Lateral,S/D,Colisión,Ninguna,Faltante,Ninguna,Sin restricción
2020,6739,2020-09-19,Sabado,17:50:00,,0,2,"Moto/Ciclomotor,Pickup/Utilitario",Pte Peron Y Sambarino,2,1,0,0,1,0,0,"-29.468988162358,-60.210338727372",Calle,,VERA,Vera,"Asfalto,Ripio",No existe,XIX,Dentro,Urbana,Ninguna,No existe,Intersección,Bueno,Buena,Diurna,Buen Tiempo,Lateral,S/D,Colisión,Ninguna,Faltante,Ninguna,Sin restricción
2020,6740,2020-09-10,Jueves,17:00:00,,0,2,"Pickup/Utilitario,Moto/Ciclomotor",Clemente Zavaleta Y Dr Fernandez,2,1,0,0,1,0,0,"-30.536379466282,-61.963477259075",Calle,,SUARDI,San CRISTÓBAL,Hormigón,No existe,XIII,Dentro,Urbana,Ninguna,No existe,Intersección,Bueno,Buena,Diurna,Buen Tiempo,Lateral,S/D,Colisión,Ninguna,Faltante,Ninguna,Sin restricción
2020,6741,2020-09-26,Sabado,21:00:00,,0,2,"Bicicleta,Automóvil",9 de Julio Y Sarmiento D,2,1,0,0,1,0,0,"-29.458528479817,-60.215368373745",Calle,,VERA,Vera,Asfalto,No existe,XIX,Dentro,Urbana,Ninguna,No existe,Intersección,Bueno,Buena,Diurna,Buen Tiempo,Lateral,Ciclista,Atropello,Ninguna,Faltante,Ninguna,Sin restricción
2020,6742,2020-04-16,Jueves,18:00:00,,0,2,"Moto/Ciclomotor,Automóvil",Caseros Y Pringles,2,1,0,0,1,0,0,"-30.309636954969,-61.233394522692",Calle,,SAN CRISTÓBAL,San CRISTÓBAL,Asfalto,No existe,XIII,Dentro,Urbana,Ninguna,No existe,Intersección,Bueno,Buena,Diurna,Buen Tiempo,Lateral,S/D,Colisión,Ninguna,Faltante,Ninguna,Sin restricción
2020,6743,2020-09-13,Domingo,15:40:00,Ruta Provincial 2,0,1,Automóvil,ARISTOBULO DEL VALLE 10600,1,1,0,0,0,0,0,"-31.55385017395016,-60.687961578369",Ruta,2,ANGEL GALLARDO,La Capital,Asfalto,Natural,I,Dentro,Rural,Ninguna,No existe,Recta,Bueno,Buena,Diurna,Buen Tiempo,S/D,S/D,Vuelco,Ninguna,Faltante,Ninguna,Sin restricción
2020,6744,2020-09-27,Domingo,14:20:00,,0,2,"Automóvil,Moto/Ciclomotor",Belgrano Y Buenos Aires,2,1,0,0,1,0,0,"-29.46336412591,-60.212553891292",Calle,,VERA,Vera,Asfalto,No existe,XIX,Dentro,Urbana,Ninguna,No existe,Intersección,Bueno,Buena,Diurna,Buen Tiempo,Lateral,S/D,Colisión,Ninguna,Faltante,Ninguna,Sin restricción
2020,6745,2020-09-13,Domingo,4:55:00,,0,1,Moto/Ciclomotor,Junin Y Pueyrredon,1,1,0,0,0,0,0,"-30.320204684116,-61.234686111164",Calle,,SAN CRISTÓBAL,San CRISTÓBAL,S/D,No existe,XIII,Dentro,Urbana,Ninguna,No existe,Paso a Nivel FFCC,Otro,Reducida,Nocturna,Buen Tiempo,S/D,S/D,Cañda ocupante,Material Suelto,Faltante,Ninguna,Sin restricción
2020,6746,2020-09-05,Sabado,13:00:00,,0,2,"Automóvil,Moto/Ciclomotor",L de la Torre Y Pueyrredon,2,1,0,0,1,0,0,"-30.314479172229767,-61.23318627476",Calle,,SAN CRISTÓBAL,San CRISTÓBAL,Asfalto,No existe,XIII,Dentro,Urbana,Ninguna,No existe,Intersección,Bueno,Buena,Diurna,Buen Tiempo,Lateral,S/D,Colisión,Ninguna,Vertical,Ninguna,Sin restricción
2020,6747,2020-09-12,Sabado,21:30:00,,0,2,"Moto/Ciclomotor,Automóvil",Av Pe�aloza Y Hernandarias,2,2,0,0,0,0,0,"-31.603418598416,-60.712902214243",Avenida,,SANTA FE,La Capital,Asfalto,No existe,I,Dentro,Urbana,Ninguna,No existe,Intersección,Bueno,Buena,Nocturna,Otro,S/D,S/D,Colisión,Ninguna,Faltante,Ninguna,Sin restricción
2020,6748,2020-09-30,Miercoles,,,0,2,"Pickup/Utilitario,Moto/Ciclomotor",D Gurel Y L de la Torre,3,1,0,0,2,0,0,"-32.775741026176,-60.732602331693",Calle,,SAN LORENZO,San Lorenzo,Asfalto,No existe,XVII,Dentro,Urbana,Ninguna,No existe,Intersección,Bueno,Buena,Diurna,Buen Tiempo,S/D,S/D,Colisión,Ninguna,Faltante,Ninguna,Sin restricción
2020,6749,2020-09-05,Sabado,21:00:00,,0,2,"Moto/Ciclomotor,Moto/Ciclomotor",Gral Alvear Y Gral Roca,3,3,0,0,0,0,0,"-30.30945806399,-61.240866559236",Calle,,SAN CRISTÓBAL,San CRISTÓBAL,Asfalto,No existe,XIII,Dentro,Urbana,Ninguna,No existe,Intersección,Bueno,Buena,Nocturna,Buen Tiempo,Lateral,S/D,Colisión,Ninguna,Faltante,Ninguna,Sin restricción
2020,6750,2020-09-30,Miercoles,,,0,2,"Moto/Ciclomotor,Pickup/Utilitario",D Gurel Y L de la Torre,3,1,0,0,2,0,0,"-32.775741026176,-60.732602331693",Calle,,SAN LORENZO,San Lorenzo,Asfalto,No existe,XVII,Dentro,Urbana,Ninguna,No existe,Intersección,Bueno,Buena,Diurna,Buen Tiempo,S/D,S/D,Colisión,Ninguna,Faltante,Ninguna,Sin restricción
2020,6751,2020-09-16,Miercoles,6:31:00,,0,2,"Moto/Ciclomotor,Taxi/Remis",Av Blas Parera,3,1,0,0,2,0,0,"-31.606623, -60.720045",Avenida,,SANTA FE,La Capital,Asfalto,No existe,I,Dentro,Urbana,Señal Pare,No existe,Rotonda,Bueno,Buena,Amanecer,Buen Tiempo,De alcance,S/D,Colisión,Ninguna,"Horizontal,Vertical",Ninguna,Sin restricción
2020,6752,2020-09-28,Lunes,12:00:00,,0,2,"Pickup/Utilitario,Moto/Ciclomotor",Las Heras Y Pueyrredon,2,1,0,0,1,0,0,"-30.312191875189,-61.232662438344",Calle,,SAN CRISTÓBAL,San CRISTÓBAL,Asfalto,No existe,XIII,Dentro,Urbana,Ninguna,No existe,Intersección,Bueno,Buena,Diurna,Buen Tiempo,Lateral,S/D,Colisión,Ninguna,Faltante,Ninguna,Sin restricción
2020,6753,2020-09-29,Martes,8:40:00,,0,2,"Moto/Ciclomotor,Moto/Ciclomotor",Av Carlos A Poucel Y San Juan,3,1,0,0,2,0,0,"-32.751356622765,-60.738484743656",Calle,,SAN LORENZO,San Lorenzo,Asfalto,No existe,XVII,Dentro,Urbana,Ninguna,No existe,Recta,Bueno,Buena,Diurna,Buen Tiempo,S/D,S/D,Colisión,Ninguna,Faltante,Ninguna,Sin restricción
2020,6754,2020-09-26,Sabado,21:05:00,,0,2,"Moto/Ciclomotor,Pickup/Utilitario",Cochabamba Y Saavedra,2,0,1,0,1,0,0,"-30.309230646938,-61.229127334678",Calle,,SAN CRISTÓBAL,San CRISTÓBAL,Asfalto,No existe,XIII,Dentro,Urbana,Ninguna,No existe,Intersección,Bueno,Buena,Nocturna,Buen Tiempo,Frontal,S/D,Colisión,Ninguna,Faltante,Ninguna,Sin restricción
2020,6755,2020-09-29,Martes,7:00:00,,0,2,"Automóvil,Moto/Ciclomotor",C Pelegrini Y Congreso,2,1,0,0,1,0,0,"-32.762876674432,-60.734465887594",Calle,,SAN LORENZO,San Lorenzo,Asfalto,No existe,XVII,Dentro,Urbana,Ninguna,No existe,Intersección,Bueno,Buena,Diurna,Buen Tiempo,S/D,S/D,Colisión,Ninguna,Faltante,Ninguna,Sin restricción
2020,6756,2020-09-24,Jueves,21:10:00,,0,2,"Moto/Ciclomotor,Bicicleta",Cochabamba Y Hipolito Irigoyen,2,2,0,0,0,0,0,"-30.306935763295,-61.228584138235",Calle,,SAN CRISTÓBAL,San CRISTÓBAL,Asfalto,No existe,XIII,Dentro,Urbana,Ninguna,No existe,Intersección,Bueno,Buena,Nocturna,Buen Tiempo,S/D,Ciclista,Atropello,Ninguna,Faltante,Ninguna,Sin restricción
2020,6757,2020-09-04,Viernes,11:30:00,,0,2,"Moto/Ciclomotor,Moto/Ciclomotor",Azcuenaga Y Pueyrredon,3,2,0,0,1,0,0,"-30.303000134689,-61.230354128609",Calle,,SAN CRISTÓBAL,San CRISTÓBAL,Asfalto,No existe,XIII,Dentro,Urbana,Ninguna,No existe,Intersección,Bueno,Buena,Diurna,Buen Tiempo,Lateral,S/D,Colisión,Ninguna,Faltante,Ninguna,Sin restricción
2020,6758,2020-09-28,Lunes,17:30:00,Autopista Nacional A012,0,2,"Moto/Ciclomotor,Pickup/Utilitario",C Remondino Y Gdor Saavedra - Ruta 12,3,1,0,0,2,0,0,"-32.766406226283,-60.743726268204",Autopista,A012,SAN LORENZO,San Lorenzo,Asfalto,Ripio,XVII,Dentro,Urbana,Ninguna,No existe,Intersección,Bueno,Buena,Diurna,Buen Tiempo,S/D,S/D,Colisión,Ninguna,Horizontal,Línea divisoria pintada,Sin restricción
2020,6759,2020-09-05,Sabado,9:10:00,,0,2,"Automóvil,Bicicleta",Baigorria Y Valentin Gomez,2,1,0,0,1,0,0,"-32.892569, -60.697965",Calle,,ROSARIO,Rosario,Asfalto,No existe,II,Dentro,Urbana,Señal Pare,No existe,Intersección,Bueno,Buena,Diurna,S/D,S/D,S/D,Atropello,Ninguna,Vertical,Ninguna,Sin restricción
2020,6760,2020-09-03,Jueves,13:00:00,,0,2,"Moto/Ciclomotor,Bicicleta",Av San Martin Y Moreno,2,1,0,0,1,0,0,"-31.399081,-61.081742",Avenida,,HUMBOLDT,Las Colonias,Asfalto,No existe,XI,Dentro,Urbana,Ninguna,No existe,Recta,Bueno,Buena,Diurna,Buen Tiempo,S/D,Ciclista,Atropello,Ninguna,Faltante,Ninguna,Sin restricción
2020,6761,2020-09-30,Miercoles,20:30:00,Ruta Nacional 11,0,2,"Moto/Ciclomotor,Automóvil",Av San Martin Y Luis Braille,4,0,0,1,3,0,0,"-32.76149064302445,-60.732987821102",Ruta,11,SAN LORENZO,San Lorenzo,Asfalto,Pavimento,XVII,Dentro,Urbana,Ninguna,No existe,Rotonda,Bueno,Buena,Nocturna,Buen Tiempo,S/D,S/D,Colisión,Ninguna,"Horizontal,Vertical","Guardarrail,Cordón divisorio,Vegetación",Sin restricción
2020,6762,2020-09-14,Lunes,19:00:00,,0,2,"Automóvil,Moto/Ciclomotor",Baigorria Y Casiano Casas,2,1,0,0,1,0,0,"-32.893905268895,-60.716308961853",Calle,,ROSARIO,Rosario,Asfalto,No existe,II,Dentro,Urbana,Semáforo,Funciona,Intersección,Bueno,Buena,Atardecer,Buen Tiempo,Lateral,S/D,Colisión,Ninguna,"Horizontal,Vertical",Ninguna,Sin restricción
2020,6763,2020-09-26,Sabado,18:40:00,,0,2,"Moto/Ciclomotor,Automóvil",Dorrego Y San Juan,2,1,0,0,1,0,0,"-32.751358585733,-60.737385714613",Avenida,,SAN LORENZO,San Lorenzo,Asfalto,No existe,XVII,Dentro,Urbana,Semáforo,Funciona,Intersección,Bueno,Buena,Diurna,Buen Tiempo,Lateral,S/D,Colisión,Ninguna,"Horizontal,Vertical",Línea divisoria pintada,Sin restricción
2020,6764,2020-09-25,Viernes,16:30:00,Autopista Provincial Brigadier E.LÓPEZ,8,2,"Transporte de Pasajeros Urbano (> 8 asientos),Automóvil",,5,2,0,0,3,0,0,"-32.82006, -60.74136",Autopista,Brigadier E.LÓPEZ,CAPITÁN BERMÚDEZ,San Lorenzo,Asfalto,Natural,XVII,Dentro,Rural,Marca Vial,No existe,Recta,Bueno,Buena,Diurna,S/D,S/D,S/D,Colisión,Ninguna,Horizontal,Guardarrail,S/D
2020,6765,2020-09-07,Lunes,16:00:00,,0,2,"Moto/Ciclomotor,Automóvil",Albert Sabin Y Av. Genova,2,1,0,0,1,0,0,"-32.915336923422,-60.690909003441",Avenida,,ROSARIO,Rosario,Asfalto,No existe,II,Dentro,Urbana,Semáforo,Funciona,Intersección,Bueno,Buena,Diurna,Buen Tiempo,Lateral,S/D,Colisión,Ninguna,"Horizontal,Vertical","Cordón divisorio,Vegetación",Sin restricción
2020,6766,2020-09-24,Jueves,20:40:00,,0,2,"Moto/Ciclomotor,Bicicleta",Dr Rafael Araya Y Republica de Chile,2,0,0,0,0,0,2,"-32.772215765527,-60.740220532663",Calle,,SAN LORENZO,San Lorenzo,Asfalto,No existe,XVII,Dentro,Urbana,Ninguna,No existe,Intersección,Bueno,Buena,Diurna,Buen Tiempo,S/D,Ciclista,Atropello,Ninguna,Faltante,Ninguna,Sin restricción
2020,6767,2020-09-18,Viernes,6:45:00,,0,2,"Automóvil,Moto/Ciclomotor",Av. Sorrento Y Pacheco,2,1,0,0,1,0,0,"-32.907244993606,-60.693360533576",Avenida,,ROSARIO,Rosario,Asfalto,No existe,II,Dentro,Urbana,Ninguna,Funciona,Intersección,Bueno,Buena,Diurna,Buen Tiempo,Lateral,S/D,Colisión,Ninguna,"Horizontal,Vertical",Cordón divisorio,Sin restricción
2020,6768,2020-09-11,Viernes,12:56:00,,0,2,"Automóvil,Moto/Ciclomotor",Av. Genova Y Victor Mercante,2,0,1,0,1,0,0,"-32.915146790614,-60.684149841136",Avenida,,ROSARIO,Rosario,Asfalto,No existe,II,Dentro,Urbana,Otra Señal,No existe,Intersección,Bueno,Buena,Diurna,Buen Tiempo,Lateral,S/D,Colisión,Ninguna,Vertical,Ninguna,Sin restricción
2020,6769,2020-09-27,Domingo,21:40:00,Ruta Nacional 11,0,2,"Automóvil,Moto/Ciclomotor",Av San Lorenzo Y Pte Peron,2,1,0,0,1,0,0,"-32.82209515571594,-60.714713931083",Ruta,11,CAPITÁN BERMÚDEZ,San Lorenzo,Asfalto,Pavimento,XVII,Dentro,Urbana,Ninguna,No existe,Intersección,Bueno,Buena,Nocturna,S/D,S/D,S/D,Colisión,Ninguna,Faltante,Ninguna,S/D
2020,6770,2020-09-19,Sabado,4:45:00,,0,2,"Automóvil,Moto/Ciclomotor",Av Belgrano Y Paraguay,2,1,0,0,1,0,0,"-32.816920002278,-60.724952815934",Avenida,,CAPITÁN BERMÚDEZ,San Lorenzo,Asfalto,No existe,XVII,Dentro,Urbana,Ninguna,No existe,Intersección,Bueno,Buena,Diurna,S/D,S/D,S/D,Colisión,Ninguna,Faltante,Ninguna,S/D
2020,6771,2020-09-21,Lunes,18:20:00,,0,2,"Moto/Ciclomotor,Moto/Ciclomotor",Baigorria Y Pizurno,3,3,0,0,0,0,0,"-32.893792, -60.711768",Calle,,ROSARIO,Rosario,Asfalto,No existe,II,Dentro,Urbana,Ninguna,No existe,Recta,Bueno,Buena,Diurna,Buen Tiempo,De alcance,S/D,Colisión,Ninguna,Faltante,Ninguna,Sin restricción
2020,6772,2020-09-23,Miercoles,8:40:00,Autopista Nacional A012,0,2,"Pickup/Utilitario,Moto/Ciclomotor",Liniers,2,1,0,0,1,0,0,"-32.767256858457,-60.738637349226",Autopista,A012,SAN LORENZO,San Lorenzo,Asfalto,Ripio,XVII,Dentro,Urbana,Ninguna,No existe,Intersección,Bueno,Buena,Diurna,Buen Tiempo,S/D,S/D,Colisión,Ninguna,Faltante,Ninguna,Sin restricción
2020,6773,2020-09-14,Lunes,8:10:00,Ruta Nacional 11,0,2,"Automóvil,Moto/Ciclomotor",Av San Martin Y Estrada,2,1,0,0,1,0,0,"-32.778641878669,-60.727625518603",Ruta,11,FRAY LUIS BELTRÁN,San Lorenzo,Asfalto,Pavimento,XVII,Dentro,Urbana,S/D,No existe,Intersección,Otro,S/D,Diurna,S/D,S/D,S/D,Colisión,Ninguna,Faltante,Ninguna,S/D
2020,6774,2020-09-10,Jueves,13:45:00,,0,2,"Moto/Ciclomotor,Taxi/Remis",R del Brasil 900,2,0,0,0,0,0,2,"-32.771475408636,-60.731174589353",Calle,,SAN LORENZO,San Lorenzo,Tierra,No existe,XVII,Dentro,Urbana,Ninguna,No existe,Intersección,Bueno,Buena,Diurna,Buen Tiempo,S/D,S/D,Colisión,S/D,Faltante,Ninguna,Sin restricción
2020,6775,2020-09-10,Jueves,,Ruta Provincial 2,17,1,Moto/Ciclomotor,,1,1,0,0,0,0,0,"-31.429026, -60.673350",Ruta,2,ARROYO AGUIAR,La Capital,Asfalto,Natural,I,Fuera,Rural,Ninguna,No existe,Recta,Bueno,Buena,Nocturna,Buen Tiempo,S/D,S/D,Cañda ocupante,Ninguna,Faltante,Ninguna,Sin restricción
2020,6776,2020-09-16,Miercoles,18:00:00,,0,2,"Moto/Ciclomotor,Automóvil",Almte Brown Y Galvez,2,1,0,0,1,0,0,"-32.893634931592,-60.907164692241",Calle,,ROLDÁN,San Lorenzo,Asfalto,Pavimento,XVII,Dentro,Urbana,Ninguna,No existe,Intersección,Bueno,Buena,Diurna,Buen Tiempo,Lateral,S/D,Colisión,Ninguna,Faltante,Ninguna,Sin restricción
2020,6777,2020-09-13,Domingo,12:00:00,,0,2,"Moto/Ciclomotor,Moto/Ciclomotor",BERNARDO DE IRIGOYEN Y IRIONDO,2,2,0,0,0,0,0,"-33.176591992378235,-61.07013344764",Calle,,FUENTES,San Lorenzo,Asfalto,No existe,XVII,Dentro,Urbana,Ninguna,No existe,Intersección,Bueno,Buena,"Nocturna,Con luz artificial",Buen Tiempo,Frontal,S/D,Colisión,Ninguna,Faltante,Ninguna,Sin restricción