anio_acci,nro_acci,fecha,desc_dia,hora_aprox,desc_ruta,km,cant_participantes,desc_participante,calle_avenida_km,total,heridos_leves,heridos_graves,heridos_gravisimos,ilesos,fallecidos,sin_datos,posicion_XY,desc_tipo_via,desc_ruta_ori,desc_loc,desc_dpto,desc_tipo_calzada,desc_tipo_banquina,desc_unidad_regional,desc_lugar_calzada,desc_zona,desc_prioridad,desc_estado_semaforo,desc_lugar_via,desc_estado_via,desc_estado_visibilidad,desc_luminosidad,desc_estado_clima,desc_tipo_colision,desc_tipo_atropello,desc_tipo_hecho,desc_pres_calzada,desc_senializacion,desc_separacion_via,desc_restriccion
2020,6842,2020-09-28,Lunes,13:40:00,,0,2,"Automóvil,Moto/Ciclomotor",L Alem Y Urquiza,3,2,0,0,1,0,0,"-29.453773975644,-60.218177610031",Calle,,VERA,Vera,S/D,No existe,XIX,Dentro,Urbana,S/D,S/D,Intersección,S/D,S/D,Diurna,S/D,S/D,S/D,Colisión,S/D,S/D,Ninguna,S/D
2020,6843,2020-09-28,Lunes,15:50:00,,0,2,"Camión Chasis,Moto/Ciclomotor",Bv 9 de Julio Y E Ortiz,2,0,0,1,1,0,0,"-31.902675115825,-61.86834019609",Avenida,,SAN JORGE,San MARTÍN,Asfalto,No existe,XVIII,Dentro,Urbana,Ninguna,No existe,Intersección,S/D,S/D,Diurna,S/D,S/D,S/D,Colisión,S/D,Faltante,Ninguna,S/D
2020,6844,2020-09-28,Lunes,9:00:00,,0,2,"Automóvil,Automóvil",Bv Estanislao Lopez Y Laprida,2,1,0,0,1,0,0,"-32.898405639585,-60.902665683775",Avenida,,ROLDÁN,San Lorenzo,Asfalto,No existe,XVII,Dentro,Urbana,S/D,S/D,Intersección,S/D,S/D,Diurna,S/D,S/D,S/D,Colisión,S/D,S/D,Ninguna,S/D
2020,6845,2020-09-28,Lunes,23:30:00,,0,2,"Moto/Ciclomotor,Pickup/Utilitario",Alberdi Y Jose de San Martin,4,1,0,0,3,0,0,"-31.973468809703,-60.92066258936",Calle,,CORONDA,San JERÓNIMO,Asfalto,No existe,XV,Dentro,Urbana,Ninguna,No existe,Intersección,S/D,S/D,Diurna,S/D,S/D,S/D,Colisión,S/D,Faltante,Ninguna,S/D
2020,6846,2020-09-28,Lunes,12:50:00,,0,2,"Moto/Ciclomotor,Bicicleta",Cordoba Y Echeverria,2,1,0,0,1,0,0,"-32.037913426177,-61.221672521615",Calle,,GÁLVEZ,San JERÓNIMO,Asfalto,No existe,XVI,Dentro,Urbana,Ninguna,No existe,Intersección,Bueno,Buena,Diurna,Buen Tiempo,S/D,Ciclista,Atropello,Ninguna,Faltante,Cordón divisorio,Sin restricción
2020,6847,2020-09-27,Domingo,17:00:00,,0,2,"Moto/Ciclomotor,Automóvil",Aristobulo del Valle Y Moreno,3,2,0,0,1,0,0,"-32.233375579438,-60.979046132971",Calle,,BARRANCAS,San JERÓNIMO,Asfalto,No existe,XV,Dentro,Urbana,Ninguna,No existe,Intersección,S/D,S/D,Diurna,S/D,Lateral,S/D,Colisión,S/D,Faltante,Ninguna,S/D
2020,6848,2020-09-19,Sabado,,Ruta Provincial 1,1,2,"Automóvil,Moto/Ciclomotor",,2,1,0,0,1,0,0,"-31.630565, -60.612518",Ruta,1,COLASTINE,La Capital,Asfalto,Pavimento,I,Dentro,Urbana,Ninguna,No existe,Recta,Bueno,S/D,S/D,S/D,S/D,S/D,Colisión,Ninguna,Horizontal,"Guardarrail,Cordón divisorio",Sin restricción
2020,6849,2020-09-27,Domingo,,,0,2,"Automóvil,Moto/Ciclomotor",1 de Mayo Y Boulevard Lisandro de la Torre,4,3,0,0,1,0,0,"-33.04569081834,-61.166462242317",Avenida,,CASILDA,Caseros,Asfalto,No existe,IV,Dentro,Urbana,Paso Peatonal,No existe,Intersección,S/D,S/D,S/D,S/D,S/D,S/D,Colisión,S/D,Horizontal,Cordón divisorio,S/D
2020,6850,2020-09-19,Sabado,2:55:00,,0,1,Moto/Ciclomotor,J.B.Justo Y Ottone Bis,1,1,0,0,0,0,0,"-32.91456636004,-60.701047328128",Calle,,ROSARIO,Rosario,Asfalto,No existe,II,Dentro,Urbana,Ninguna,No existe,Recta,Bueno,S/D,"Nocturna,Con luz artificial",S/D,S/D,S/D,Cañda ocupante,Ninguna,Faltante,Ninguna,Sin restricción
2020,6851,2020-09-19,Sabado,,,0,2,"Peatón,Automóvil",Bv. Oroño 4500,2,0,1,0,0,0,1,"-32.986666811322,-60.664245678076",Avenida,,ROSARIO,Rosario,Asfalto,No existe,II,Dentro,Urbana,Semáforo,Funciona,Recta,Bueno,S/D,S/D,S/D,S/D,Peatón,Atropello,Ninguna,"Horizontal,Vertical","Cordón divisorio,Vegetación",Sin restricción
2020,6852,2020-09-27,Domingo,6:15:00,,0,2,"Vehículo Oficial,Automóvil",Garibaldi Y Italia,2,1,0,0,1,0,0,"-32.984214384882,-60.657827775478",Calle,,ROSARIO,Rosario,Asfalto,No existe,II,Dentro,Urbana,Ninguna,No existe,Intersección,S/D,S/D,Nocturna,S/D,S/D,S/D,Colisión,S/D,Faltante,Ninguna,S/D
2020,6853,2020-09-26,Sabado,21:00:00,,0,1,Moto/Ciclomotor,Urquiza 1756,2,2,0,0,0,0,0,"-29.693013300079,-60.254902594274",Calle,,MARGARITA,Vera,S/D,No existe,XIX,Dentro,Urbana,S/D,S/D,Recta,S/D,S/D,Nocturna,S/D,S/D,S/D,Cañda ocupante,S/D,S/D,Ninguna,S/D
2020,6854,2020-09-26,Sabado,,Ruta Nacional 11,0,2,"Moto/Ciclomotor,Moto/Ciclomotor",FRUTILLA CORONDINA Y RUTA NACIONAL 11,2,2,0,0,0,0,0,"-31.988832,-60.929972",Ruta,11,CORONDA,San JERÓNIMO,"Asfalto,Tierra",Natural,XV,Dentro,Urbana,Marca Vial,No existe,Intersección,S/D,S/D,S/D,S/D,S/D,S/D,Colisión,S/D,Horizontal,Línea divisoria pintada,S/D
2020,6855,2020-09-19,Sabado,18:05:00,,0,2,"Bicicleta,Automóvil",Av Aristobulo del Valle Y Paraguay,3,2,0,0,1,0,0,"-31.259297, -61.481418",Avenida,,RAFAELA,Castellanos,Asfalto,No existe,V,Dentro,Urbana,S/D,No existe,Intersección,Bueno,Buena,Diurna,S/D,S/D,Ciclista,Atropello,Ninguna,Faltante,"Cordón divisorio,Vegetación",Sin restricción
2020,6856,2020-05-16,Sabado,12:00:00,,0,2,"Bicicleta,Moto/Ciclomotor",Amenabar Y F.More,2,0,1,0,0,0,1,"-32.96348, -60.69286",Calle,,ROSARIO,Rosario,Asfalto,S/D,II,S/D,Urbana,S/D,S/D,Intersección,S/D,S/D,S/D,S/D,S/D,Ciclista,Atropello,S/D,S/D,S/D,S/D
2020,6857,2020-10-09,Viernes,0:15:00,,0,2,"Moto/Ciclomotor,Automóvil",Bv. 27 De Febrero,2,1,0,0,0,0,1,"-32.96241, -60.67278",Calle,,ROSARIO,Rosario,S/D,S/D,II,S/D,Urbana,S/D,S/D,S/D,S/D,S/D,S/D,S/D,S/D,S/D,Colisión,S/D,S/D,S/D,S/D
2020,6858,2020-11-16,Lunes,14:30:00,,0,2,"Moto/Ciclomotor,Automóvil",Bv. Avellaneda Bis 579,2,0,1,0,1,0,0,"-32.92104, -60.67463",Avenida,,ROSARIO,Rosario,S/D,S/D,II,S/D,Urbana,S/D,S/D,Intersección,S/D,S/D,Diurna,S/D,De alcance,S/D,Colisión,S/D,S/D,S/D,S/D
2020,6859,2020-09-19,Sabado,12:00:00,,0,1,Moto/Ciclomotor,Lucio V Lopez Y Sarmiento,1,1,0,0,0,0,0,"-32.02266812324526,-61.226034164428",Calle,,GÁLVEZ,San JERÓNIMO,Asfalto,No existe,XV,Dentro,Urbana,Ninguna,No existe,Distribuidor,Bueno,Buena,Diurna,Buen Tiempo,S/D,S/D,Cañda ocupante,Ninguna,Faltante,"Ninguna,S/D",Sin restricción
2020,6860,2020-09-25,Viernes,12:20:00,,0,3,"Pickup/Utilitario,Moto/Ciclomotor,Bicicleta",Bv Pte Peron Y E Bordabehere,4,3,0,0,1,0,0,"-31.890395601513,-61.865846481493",Calle,,SAN JORGE,San MARTÍN,Asfalto,No existe,XVIII,Dentro,Urbana,Ninguna,No existe,Intersección,Bueno,Buena,Diurna,Buen Tiempo,Múltiple,Ciclista,"Colisión,Atropello",S/D,S/D,Ninguna,Sin restricción
2020,6861,2020-11-16,Lunes,,,0,2,"Bicicleta,Automóvil",Buenos Aires 3500,2,1,0,0,1,0,0,"-33.0522, -61.18052",Calle,,CASILDA,Caseros,S/D,S/D,IV,S/D,Urbana,S/D,S/D,Recta,S/D,S/D,S/D,S/D,S/D,Ciclista,Atropello,S/D,S/D,S/D,S/D
2020,6862,2020-11-16,Lunes,2:40:00,,0,2,"Moto/Ciclomotor,Automóvil",Sarmiento Y Juan Semino,4,2,0,0,2,0,0,"-32.85744, -61.15647",S/D,,CARCARAÑÁ,San Lorenzo,S/D,S/D,XVII,S/D,Urbana,S/D,S/D,Intersección,S/D,S/D,Nocturna,S/D,S/D,S/D,Colisión,S/D,S/D,S/D,S/D
2020,6863,2020-09-25,Viernes,10:15:00,Ruta Nacional 11,0,2,"Bicicleta,Automóvil",,2,1,0,0,1,0,0,"-32.367029, -60.937069",Ruta,11,MONJE,San JERÓNIMO,Asfalto,Ripio,XV,Dentro,Urbana,Ninguna,No existe,Intersección,Bueno,Buena,Diurna,Buen Tiempo,S/D,Ciclista,Atropello,S/D,Horizontal,Ninguna,Sin restricción
2020,6864,2020-09-25,Viernes,4:10:00,,0,2,"Pickup/Utilitario,Moto/Ciclomotor",Sgto Cabral 300,2,1,0,0,1,0,0,"-32.030595866497,-61.228212293861",Calle,,GÁLVEZ,San JERÓNIMO,Asfalto,No existe,XV,Dentro,Urbana,Ninguna,No existe,Intersección,Bueno,Buena,Diurna,Buen Tiempo,Lateral,S/D,Colisión,Ninguna,Faltante,Ninguna,Sin restricción
2020,6865,2020-09-25,Viernes,14:00:00,,0,2,"Moto/Ciclomotor,Automóvil",Capitan Bermudez Y Falucho,2,1,0,0,1,0,0,"-32.02217316673,-61.220802041335",Calle,,GÁLVEZ,San JERÓNIMO,Asfalto,No existe,XV,Dentro,Urbana,Ninguna,No existe,Intersección,Bueno,Buena,Diurna,Buen Tiempo,S/D,S/D,Colisión,Ninguna,Faltante,"Cordón divisorio,Vegetación",Sin restricción
2020,6866,2020-09-19,Sabado,18:55:00,Ruta Nacional 11,0,1,Moto/Ciclomotor,Bv Lucio Ledesma Y 9 de Julio,2,1,0,0,1,0,0,"-32.075523718846,-60.972880073242",Ruta,11,AROCENA,San JERÓNIMO,Asfalto,Natural,XV,Dentro,Urbana,Ninguna,No existe,Recta,Bueno,Buena,Atardecer,Buen Tiempo,S/D,S/D,Cañda ocupante,Ninguna,Faltante,Ninguna,Sin restricción
2020,6867,2020-09-19,Sabado,17:55:00,,0,2,"Moto/Ciclomotor,Moto/Ciclomotor",Avda. Triana,3,2,0,0,1,0,0,"-31.829738107551,-60.873670544487",Avenida,,DESVÍO ARIJÓN,San JERÓNIMO,S/D,S/D,XV,Dentro,Urbana,S/D,S/D,Recta,S/D,S/D,Diurna,S/D,Lateral,S/D,Colisión,S/D,S/D,S/D,S/D
2020,6868,2020-09-25,Viernes,4:10:00,Ruta Nacional 11,108,1,Moto/Ciclomotor,,1,1,0,0,0,0,0,"-31.968261, -60.925785",Ruta,11,CORONDA,San JERÓNIMO,Asfalto,Ripio,XV,Dentro,Urbana,Otra Señal,No existe,Recta,Bueno,Buena,Diurna,Buen Tiempo,S/D,S/D,Cañda ocupante,Ninguna,"Horizontal,Vertical","Cordón divisorio,Línea divisoria pintada",Sin restricción
2020,6869,2020-09-24,Jueves,1:30:00,,0,2,"Moto/Ciclomotor,Moto/Ciclomotor",Belgrano Y Tucuman,2,1,0,0,1,0,0,"-32.858777322221,-61.141191291058",Calle,,CARCARAÑÁ,San Lorenzo,S/D,No existe,XVII,Dentro,Urbana,S/D,S/D,Intersección,S/D,Buena,Nocturna,S/D,S/D,S/D,Colisión,S/D,S/D,S/D,S/D
2020,6870,2020-11-17,Martes,,Ruta Provincial 1,5,2,"Bicicleta,Pickup/Utilitario",,2,0,1,0,1,0,0,"-31.61382, -60.58515",Ruta,1,SANTA FE,La Capital,S/D,S/D,I,S/D,Urbana,S/D,S/D,Recta,S/D,S/D,S/D,S/D,S/D,Ciclista,Atropello,S/D,S/D,S/D,S/D
2020,6871,2020-09-24,Jueves,8:30:00,,0,2,"Otros,Pickup/Utilitario",Boulevard Lisandro de la Torre Y Casado,2,1,0,0,1,0,0,"-33.043966170935,-61.163361833087",Avenida,,CASILDA,Caseros,Asfalto,No existe,IV,Dentro,Urbana,Ninguna,No existe,Recta,Bueno,Buena,Nocturna,Buen Tiempo,S/D,S/D,Colisión,Ninguna,Horizontal,"Cordón divisorio,Vegetación,Línea divisoria pintada",Sin restricción
2020,6872,2020-11-21,Sabado,15:30:00,,0,1,Moto/Ciclomotor,Santa Fe 800,2,1,0,0,0,0,1,"-32.14942, -61.97596",S/D,,PIAMONTE,San MARTÍN,S/D,S/D,XVIII,S/D,Urbana,S/D,S/D,Recta,S/D,S/D,Diurna,S/D,Otro,S/D,Cañda ocupante,S/D,S/D,S/D,S/D
2020,6873,2020-09-20,Domingo,6:30:00,,0,1,Automóvil,Estanislao Lopez 100,4,1,0,0,3,0,0,"-32.057436220627,-61.597391820337",Calle,,CAÑADA ROSQUÍN,San MARTÍN,Asfalto,No existe,XVIII,Dentro,Urbana,S/D,No existe,Recta,Bueno,Buena,Amanecer,S/D,Contra objeto fijo,S/D,Colisión,Ninguna,Faltante,Ninguna,Sin restricción
2020,6874,2020-09-24,Jueves,,,0,2,"Moto/Ciclomotor,Moto/Ciclomotor",Av. Ovidio Lagos Y Galvez,2,2,0,0,0,0,0,"-32.964604866569,-60.666963095499",Avenida,,ROSARIO,Rosario,Asfalto,No existe,II,Dentro,Urbana,Semáforo,Funciona,Intersección,Bueno,Buena,S/D,Buen Tiempo,Contra objeto fijo,S/D,Colisión,Ninguna,"Horizontal,Vertical","Cordón divisorio,Línea divisoria pintada",Sin restricción
2020,6875,2020-09-24,Jueves,23:00:00,,0,2,"Pickup/Utilitario,Moto/Ciclomotor",G.Carrasco Y Martin Fierro,3,2,0,0,1,0,0,"-32.876059613517,-60.688254343803",Calle,,ROSARIO,Rosario,Asfalto,No existe,II,Dentro,Urbana,Semáforo,Funciona,Intersección,Bueno,Buena,"Nocturna,Con luz artificial",Buen Tiempo,S/D,S/D,Colisión,Ninguna,"Horizontal,Vertical","Cordón divisorio,Vegetación,Línea divisoria pintada",Sin restricción
2020,6876,2020-09-20,Domingo,19:55:00,,0,1,Moto/Ciclomotor,,2,0,1,0,1,0,0,"-31.854277, -61.421257",Camino Rural,,COLONIA BELGRANO,San MARTÍN,Tierra,No existe,XVIII,Dentro,Rural,S/D,No existe,Recta,S/D,S/D,Atardecer,S/D,S/D,S/D,Cañda ocupante,S/D,S/D,S/D,Sin restricción
2020,6877,2020-11-18,Miercoles,,,0,2,"Moto/Ciclomotor,Pickup/Utilitario",,3,1,0,0,2,0,0,"-33.88861, -61.6945",S/D,,SANTA ISABEL,General LÓPEZ,S/D,S/D,VIII,S/D,S/D,S/D,S/D,S/D,S/D,S/D,S/D,S/D,S/D,S/D,Colisión,S/D,S/D,S/D,S/D
2020,6878,2020-09-23,Miercoles,21:15:00,,0,2,"Automóvil,Moto/Ciclomotor",Av. Pte.Peron Y Pascual Rosas,2,1,0,0,1,0,0,"-32.958396795739,-60.691110316298",Avenida,,ROSARIO,Rosario,Asfalto,No existe,II,Dentro,Urbana,Semáforo,Funciona,Intersección,Bueno,Buena,Diurna,Buen Tiempo,S/D,S/D,Colisión,Ninguna,"Horizontal,Vertical","Cordón divisorio,Línea divisoria pintada",Sin restricción
2020,6879,2020-09-22,Martes,17:15:00,,0,2,"Moto/Ciclomotor,Automóvil",Hipolito Yrigoyen Y Maipu,3,2,0,0,0,0,1,"-33.050706701817,-61.180039038337",Calle,,CASILDA,Caseros,Asfalto,No existe,IV,Dentro,Urbana,Ninguna,No existe,Intersección,Bueno,Buena,Diurna,Buen Tiempo,S/D,S/D,Colisión,Ninguna,Faltante,Ninguna,Sin restricción
2020,6880,2020-09-19,Sabado,12:25:00,,0,2,"Automóvil,Moto/Ciclomotor",Avenida San Martin Y Balcarce,2,1,0,0,1,0,0,"-29.229967338344,-61.772743902987",Avenida,,TOSTADO,9 de Julio,Asfalto,No existe,XII,Dentro,Urbana,Ninguna,No existe,Intersección,Bueno,Buena,Diurna,Buen Tiempo,Lateral,S/D,Colisión,Ninguna,Faltante,Ninguna,Sin restricción
2020,6881,2020-11-18,Miercoles,,,0,2,"Moto/Ciclomotor,Automóvil",,3,2,0,0,1,0,0,"-31.44898, -60.93036",S/D,,SAN CARLOS CENTRO,Las Colonias,S/D,S/D,XI,S/D,S/D,S/D,S/D,S/D,S/D,S/D,S/D,S/D,S/D,S/D,Colisión,S/D,S/D,S/D,S/D
2020,6882,2020-09-21,Lunes,,,0,2,"Moto/Ciclomotor,Automóvil",Av Pe�aloza Y Estanislao Zeballos,2,1,0,0,1,0,0,"-31.601525656539,-60.712735005069",Avenida,,SANTA FE,La Capital,Asfalto,No existe,I,Dentro,Urbana,Semáforo,Funciona,Intersección,Bueno,Buena,Diurna,Buen Tiempo,S/D,S/D,Colisión,Ninguna,"Horizontal,Vertical","Cordón divisorio,Línea divisoria pintada",Sin restricción
2020,6883,2020-09-18,Viernes,,Ruta Nacional 11,338,1,Camión Chasis,,1,1,0,0,0,0,0,"-32.68201, -60.78114",Ruta,11,TIMBÚES,San Lorenzo,Asfalto,Ripio,XVII,Dentro,Rural,Policía de tránsito,S/D,Recta,S/D,S/D,Nocturna,S/D,S/D,S/D,Vuelco,S/D,Horizontal,Línea divisoria pintada,S/D
2020,6884,2020-09-27,Domingo,12:30:00,Autovía Nacional 168,1,1,Automóvil,,1,1,0,0,0,0,0,"-31.640592882707487,-60.66489087548",Autovía,168,SANTA FE,La Capital,Asfalto,Pavimento,I,Dentro,Urbana,Ninguna,No existe,Recta,Bueno,Buena,Diurna,Buen Tiempo,S/D,S/D,Vuelco,Ninguna,Horizontal,"Barrera de hormigón,Guardarrail,Línea divisoria pintada",Sin restricción
2020,6885,2020-09-18,Viernes,1:40:00,Ruta Nacional 33,629.5,2,"Camión c / Semirremolque,Camión c / Semirremolque",,2,1,0,0,1,0,0,"-34.29951, -62.71876",Ruta,33,RUFINO,General LÓPEZ,S/D,S/D,VIII,Dentro,Rural,S/D,No existe,Recta,S/D,S/D,Nocturna,S/D,S/D,S/D,Colisión,S/D,S/D,"Línea divisoria pintada,S/D",S/D
2020,6886,2020-09-25,Viernes,,Ruta Nacional 34,238,1,Camión c / Acoplado,,1,0,1,0,0,0,0,"-31.10777284082681, -61.46946946948",Ruta,34,LEHMANN,Castellanos,Asfalto,No existe,V,Dentro,Urbana,Señal Pare,No existe,Intersección,Bueno,Buena,Diurna,Buen Tiempo,S/D,S/D,Vuelco,Ninguna,"Horizontal,Vertical",Línea divisoria pintada,Sin restricción
2020,6887,2020-09-20,Domingo,11:00:00,Autovía Nacional 168,2.8,1,Automóvil,,3,3,0,0,0,0,0,"-31.63984, -60.65399",Autovía,168,SANTA FE,La Capital,Asfalto,No existe,I,Dentro,Urbana,Marca Vial,No existe,Recta,S/D,S/D,Diurna,S/D,S/D,S/D,Vuelco,S/D,Horizontal,Guardarrail,S/D
2020,6888,2020-09-01,Martes,10:32:00,,0,2,"Moto/Ciclomotor,Moto/Ciclomotor",Italia Y Roca,2,1,0,0,1,0,0,"-33.748290797171,-61.95642646599",Calle,,VENADO TUERTO,General LÓPEZ,Asfalto,No existe,VIII,Dentro,Urbana,Ninguna,No existe,Intersección,Bueno,Buena,Diurna,Buen Tiempo,S/D,S/D,Colisión,Ninguna,Faltante,Ninguna,Sin restricción
2020,6889,2020-09-30,Miercoles,16:00:00,,0,2,"Automóvil,Moto/Ciclomotor",Calle 13-Iturraspe Y Calle 28 - San Lorenzo,4,2,0,0,2,0,0,"-29.142473778045,-59.652110442154",Calle,,RECONQUISTA,General Obligado,Asfalto,No existe,IX,Dentro,Urbana,Ninguna,No existe,Intersección,Bueno,Buena,Diurna,Buen Tiempo,Lateral,S/D,Colisión,Ninguna,Faltante,Ninguna,Sin restricción
2020,6890,2020-09-01,Martes,20:40:00,,0,2,"Moto/Ciclomotor,Bicicleta",9 de Julio Y Martin de Pueyrredon,2,1,0,0,1,0,0,"-33.747563008147,-61.977207696553",Calle,,VENADO TUERTO,General LÓPEZ,Asfalto,No existe,XII,Dentro,Urbana,Ninguna,No existe,Intersección,Bueno,Buena,Diurna,Buen Tiempo,S/D,Ciclista,Atropello,Ninguna,Faltante,Ninguna,Sin restricción
2020,6891,2020-09-29,Martes,14:30:00,,0,2,"Automóvil,Bicicleta",A. Capdevila Y Quintana,2,1,0,0,1,0,0,"-32.807150115827,-61.397327574228",Calle,,CAÑADA DE GÓMEZ,Iriondo,Tierra,No existe,X,Dentro,Urbana,Ninguna,No existe,Intersección,S/D,S/D,Diurna,S/D,S/D,Ciclista,Atropello,S/D,Faltante,Ninguna,S/D
2020,6892,2020-09-29,Martes,8:15:00,Ruta Provincial 70,0,1,Camión,,1,1,0,0,0,0,0,"-31.498719, -60.750464",Ruta,70,RECREO,La Capital,Asfalto,Natural,I,Dentro,Rural,Marca Vial,No existe,Pendiente,S/D,S/D,Diurna,S/D,S/D,S/D,Vuelco,S/D,Horizontal,Ninguna,S/D
2020,6893,2020-09-28,Lunes,11:00:00,,0,1,Moto/Ciclomotor,,1,1,0,0,0,0,0,"-32.831455, -61.402494",S/D,,CAÑADA DE GÓMEZ,Iriondo,S/D,S/D,X,S/D,Urbana,S/D,S/D,S/D,S/D,S/D,Diurna,S/D,S/D,S/D,Cañda ocupante,S/D,S/D,S/D,S/D
2020,6894,2020-09-01,Martes,21:55:00,Ruta Nacional 11,0,2,"Moto/Ciclomotor,Automóvil",CAlle 37-Bvard. lovato Y Ruta Nacional 11,2,1,0,0,1,0,0,"-29.154603481292693,-59.65761780738",Ruta,11,RECONQUISTA,General Obligado,Asfalto,No existe,IX,Dentro,Urbana,Ninguna,No existe,Intersección,Bueno,Buena,"Nocturna,Con luz artificial",Buen Tiempo,Lateral,S/D,Colisión,Ninguna,Faltante,Guardarrail,Sin restricción
2020,6895,2020-09-02,Miercoles,22:00:00,,0,2,"Moto/Ciclomotor,Moto/Ciclomotor",Bv Jaime Ferre Y C Bolliger,2,1,1,0,0,0,0,"-31.240836773765,-61.476372437801",Avenida,,RAFAELA,Castellanos,Asfalto,No existe,V,Dentro,Urbana,Ninguna,No existe,Intersección,Bueno,Buena,"Nocturna,Con luz artificial",S/D,Lateral,S/D,Colisión,Ninguna,Faltante,Ninguna,Sin restricción
2020,6896,2020-09-02,Miercoles,6:50:00,,0,1,Moto/Ciclomotor,Av A del Valle Y Pavon,1,1,0,0,0,0,0,"-31.596359703326,-60.691933450913",Avenida,,SANTA FE,La Capital,Asfalto,No existe,I,Dentro,Urbana,Ninguna,No existe,Recta,Bueno,Buena,Amanecer,Buen Tiempo,S/D,S/D,Cañda ocupante,Ninguna,Faltante,"Cordón divisorio,Vegetación",Sin restricción
2020,6897,2020-09-27,Domingo,22:30:00,,0,2,"Moto/Ciclomotor,Automóvil",Quintana Y Rivadavia,2,1,0,0,1,0,0,"-32.816868178193,-61.400250434361",Calle,,CAÑADA DE GÓMEZ,Iriondo,Asfalto,No existe,X,Dentro,Urbana,Ninguna,No existe,Intersección,S/D,S/D,Nocturna,S/D,S/D,S/D,Colisión,S/D,Faltante,Ninguna,S/D
2020,6898,2020-09-27,Domingo,0:40:00,Autovía Nacional 168,0,1,Automóvil,,1,1,0,0,0,0,0,"-31.641653, -60.673276",Autovía,168,SANTA FE,La Capital,Asfalto,Natural,I,Dentro,Urbana,Marca Vial,No existe,Recta,S/D,S/D,Nocturna,S/D,Contra objeto fijo,S/D,Colisión,S/D,Horizontal,Guardarrail,S/D
2020,6899,2020-09-27,Domingo,2:50:00,,0,1,Automóvil,Av Almte Brown 3500,1,1,0,0,0,0,0,"-31.622257232666016,-60.67848667502",Avenida,,SANTA FE,La Capital,Asfalto,No existe,I,Dentro,Urbana,Semáforo,Funciona,Recta,S/D,S/D,Nocturna,S/D,Contra objeto fijo,S/D,Colisión,S/D,"Horizontal,Vertical",Cordón divisorio,S/D
2020,6900,2020-09-03,Jueves,,Ruta Nacional 11,0,2,"Automóvil,Automóvil",Av San Martin Y Juan de Garay,2,2,0,0,0,0,0,"-32.787945125223,-60.724872456188",Ruta,11,FRAY LUIS BELTRÁN,San Lorenzo,Asfalto,Pavimento,XVIII,Dentro,Urbana,Ninguna,No existe,Intersección,Bueno,S/D,S/D,S/D,Lateral,S/D,Colisión,Ninguna,Faltante,Ninguna,Sin restricción
2020,6901,2020-09-03,Jueves,6:55:00,Ruta Nacional 11,0,2,"Moto/Ciclomotor,Automóvil",Calle 25-Rivadavia Y Ruta Nacional 11,2,0,0,1,0,0,1,"-29.148509502410857,-59.65666830539",Ruta,11,RECONQUISTA,General Obligado,Asfalto,No existe,IX,Dentro,Urbana,Semáforo,Funciona,Intersección,Bueno,S/D,Diurna,S/D,Lateral,S/D,Colisión,Ninguna,Vertical,"Cordón divisorio,Vegetación",Sin restricción
2020,6902,2020-09-03,Jueves,10:00:00,,0,2,"Pickup/Utilitario,Moto/Ciclomotor",España Y Rivadavia,2,1,0,0,1,0,0,"-32.818149982316,-61.392839095121",Calle,,CAÑADA DE GÓMEZ,Iriondo,Asfalto,No existe,X,Dentro,Urbana,Ninguna,No existe,Intersección,Bueno,Buena,Diurna,Buen Tiempo,Lateral,S/D,Colisión,Ninguna,Faltante,Ninguna,Sin restricción
2020,6903,2020-09-05,Sabado,13:45:00,,0,2,"Automóvil,Moto/Ciclomotor",Antartida Argentina Y Correa Llobet,2,1,0,0,1,0,0,"-33.752764496292,-61.945408278994",Calle,,VENADO TUERTO,General LÓPEZ,Asfalto,No existe,VIII,Dentro,Urbana,Ninguna,No existe,Intersección,Bueno,S/D,Diurna,S/D,Lateral,S/D,Colisión,Ninguna,Faltante,Ninguna,Sin restricción
2020,6904,2020-09-06,Domingo,,,0,1,Automóvil,Av. Pellegrini 700,1,1,0,0,0,0,0,"-33.752764496292,-61.945408278994",Avenida,,ROSARIO,Rosario,Asfalto,No existe,II,Dentro,Urbana,Semáforo,Funciona,Recta,Bueno,Buena,Diurna,Buen Tiempo,Contra objeto fijo,S/D,"Colisión,Vuelco",Ninguna,"Horizontal,Vertical","Cordón divisorio,Vegetación",Sin restricción
2020,6905,2020-06-09,Martes,5:00:00,Ruta Nacional 11,0,1,Pickup/Utilitario,Ruta Nacional 11,2,2,0,0,0,0,0,"-29.049501, -59.616526",Ruta,11,AVELLANEDA,General Obligado,Asfalto,Natural,IX,Fuera,Rural,Ninguna,No existe,Curva,Bueno,S/D,Nocturna,Lluvia,S/D,S/D,"Vuelco,Despiste",Ninguna,Faltante,Línea divisoria pintada,Sin restricción
2020,6906,2020-09-08,Martes,18:20:00,,0,2,"Automóvil,Moto/Ciclomotor",AV MARCONI Y CASTELLI,4,1,0,0,3,0,0,"-33.743755, -61.965668",Avenida,,VENADO TUERTO,General LÓPEZ,Asfalto,No existe,VIII,Dentro,Urbana,Ninguna,No existe,Intersección,Bueno,Buena,Diurna,S/D,"Contra objeto fijo,Lateral",S/D,Colisión,Ninguna,Faltante,Ninguna,Sin restricción