anio_acci,nro_acci,fecha,desc_dia,hora_aprox,desc_ruta,km,cant_participantes,desc_participante,calle_avenida_km,total,heridos_leves,heridos_graves,heridos_gravisimos,ilesos,fallecidos,sin_datos,posicion_XY,desc_tipo_via,desc_ruta_ori,desc_loc,desc_dpto,desc_tipo_calzada,desc_tipo_banquina,desc_unidad_regional,desc_lugar_calzada,desc_zona,desc_prioridad,desc_estado_semaforo,desc_lugar_via,desc_estado_via,desc_estado_visibilidad,desc_luminosidad,desc_estado_clima,desc_tipo_colision,desc_tipo_atropello,desc_tipo_hecho,desc_pres_calzada,desc_senializacion,desc_separacion_via,desc_restriccion
2020,7050,2020-09-28,Lunes,11:00:00,,0,2,"Bicicleta,Otros",,2,1,0,0,0,0,1,"-32.95817760227484,-60.666264034822",S/D,,ROSARIO,Rosario,S/D,S/D,II,S/D,S/D,S/D,S/D,S/D,S/D,S/D,Diurna,S/D,S/D,Ciclista,Atropello,S/D,S/D,S/D,S/D
2020,7051,2020-09-28,Lunes,7:30:00,,0,2,"Bicicleta,Otros",Av. Provincias Unidas,2,1,0,0,0,0,1,"-32.93518781661984,-60.712884664535",Avenida,,ROSARIO,Rosario,Asfalto,S/D,II,Dentro,Urbana,S/D,S/D,Intersección,S/D,S/D,Diurna,S/D,S/D,Ciclista,Atropello,S/D,S/D,Cordón divisorio,Sin restricción
2020,7052,2020-09-27,Domingo,22:00:00,,0,1,Moto/Ciclomotor,,1,1,0,0,0,0,0,"-32.95817760227484,-60.666264034822",S/D,,ROSARIO,Rosario,S/D,S/D,II,S/D,S/D,S/D,S/D,S/D,S/D,S/D,Nocturna,S/D,S/D,S/D,Otro,S/D,S/D,S/D,S/D
2020,7053,2020-09-27,Domingo,21:00:00,Autopista Nacional A008,0,2,"Peatón,Otros",Av. Circunvalacion Y Bv. 27 De Febrero,2,1,0,0,0,0,1,"-32.959644198417664,-60.72046056389",Autopista,A008,ROSARIO,Rosario,Asfalto,No existe,II,Dentro,Urbana,Semáforo,Funciona,Intersección,Bueno,S/D,"Nocturna,Con luz artificial",S/D,S/D,Peatón,Atropello,Ninguna,"Horizontal,Vertical",Cordón divisorio,Sin restricción
2020,7054,2020-09-27,Domingo,18:27:00,,0,2,"Peatón,Camión",Uriarte Y Vieytes,2,1,0,0,1,0,0,"-32.888433719393,-60.747216434025",Calle,,ROSARIO,Rosario,S/D,S/D,II,Dentro,Urbana,Ninguna,S/D,Intersección,S/D,S/D,Diurna,S/D,S/D,Peatón,Atropello,S/D,S/D,Ninguna,Sin restricción
2020,7055,2020-12-25,Viernes,3:50:00,Ruta Provincial 2,0,1,Moto/Ciclomotor,Av Iriondo Y Cno San Roque,1,0,1,0,0,0,0,"    -30.78304, -60.59081",Ruta,2,SAN JUSTO,San Justo,Asfalto,No existe,XVI,Dentro,Urbana,Ninguna,No existe,Intersección,Bueno,Buena,Nocturna,Buen Tiempo,Contra objeto fijo,S/D,Colisión,S/D,Faltante,Ninguna,Sin restricción
2020,7056,2020-12-27,Domingo,8:10:00,Ruta Nacional 34,0,2,"Moto/Ciclomotor,Otros",Ruta Nac 34,2,1,0,0,1,0,0,"    -32.84862, -60.78639",Ruta,34,IBARLUCEA,Rosario,Asfalto,Ripio,II,Dentro,Urbana,Ninguna,No existe,Intersección,Bueno,Buena,Diurna,Buen Tiempo,De alcance,S/D,Colisión,Ninguna,Faltante,Línea divisoria pintada,Sin restricción
2020,7057,2020-12-29,Martes,18:40:00,,0,2,"Automóvil,Moto/Ciclomotor",Chile 162,2,1,0,0,1,0,0,"    -32.84383, -60.7068",Calle,,GRANADERO BAIGORRIA,Rosario,Asfalto,No existe,II,Fuera,Urbana,Ninguna,No existe,Recta,Bueno,Buena,Diurna,Buen Tiempo,Otro,S/D,Otro,Ninguna,Faltante,Ninguna,Sin restricción
2020,7058,2020-12-24,Jueves,16:30:00,,0,2,"Automóvil,Moto/Ciclomotor",3 de Febrero Y 17 de Octubre,2,1,0,0,1,0,0,"    -33.01257, -60.60938",Calle,,VILLA GOBERNADOR GÁLVEZ,Rosario,Asfalto,No existe,II,Dentro,Urbana,Ninguna,No existe,Intersección,Deteriorada,Buena,Diurna,Buen Tiempo,Lateral,S/D,Colisión,Ninguna,Faltante,Ninguna,Sin restricción
2020,7059,2020-12-26,Sabado,,,0,2,"Automóvil,Otros",,2,1,0,0,0,0,1,"    -31.08869, -60.08853",Calle,,HELVECIA,Garay,Tierra,S/D,VII,S/D,Rural,S/D,S/D,S/D,S/D,S/D,Diurna,S/D,Otro,S/D,Colisión,S/D,S/D,S/D,S/D
2020,7060,2020-12-30,Miercoles,23:30:00,Ruta Provincial 1,57,1,Automóvil,,2,1,0,0,1,0,0,"    -31.42252, -60.34119",Ruta,1,SANTA ROSA DE CALCHINES,Garay,Asfalto,Natural,VII,Dentro,Rural,Ninguna,No existe,Recta,Bueno,Buena,Nocturna,Buen Tiempo,S/D,S/D,Despiste,Ninguna,Faltante,Ninguna,Sin restricción
2020,7061,2020-12-29,Martes,10:30:00,Ruta Provincial 4,26,2,"Camión Chasis,Camión Chasis",,2,1,0,0,1,0,0,"    -31.20725, -60.92311",Ruta,4,CULULÚ,Las Colonias,Asfalto,Natural,XI,Dentro,Rural,Ninguna,No existe,Recta,Bueno,Buena,Diurna,Buen Tiempo,S/D,S/D,Colisión,Ninguna,S/D,S/D,Sin restricción
2020,7062,2020-12-24,Jueves,13:30:00,Ruta Provincial 6,0,2,"Automóvil,Automóvil",Paso Vinal,7,1,0,0,6,0,0,"    -31.41048, -60.9051",Ruta,6,ESPERANZA,Las Colonias,Asfalto,Natural,XI,Fuera,Rural,Señal Pare,Intermitente,Recta,Bueno,Buena,Diurna,Buen Tiempo,Lateral,S/D,Colisión,Ninguna,Horizontal,Línea divisoria pintada,Sin restricción
2020,7064,2020-08-25,Martes,20:00:00,,0,2,"Otros,Bicicleta",Albert Sabin Y Av. Luis Carballo,2,1,0,0,0,0,1,"-32.922178325106,-60.685595786532",Avenida,,ROSARIO,Rosario,Asfalto,No existe,II,Dentro,Urbana,Semáforo,Funciona,Rotonda,Bueno,Buena,"Nocturna,Con luz artificial",Buen Tiempo,S/D,Ciclista,Atropello,Ninguna,"Horizontal,Vertical","Cordón divisorio,Vegetación,Línea divisoria pintada",Sin restricción
2020,7065,2020-12-31,Jueves,19:50:00,Ruta Provincial 70,0,2,"Automóvil,Moto/Ciclomotor",,3,1,0,0,2,0,0,"    -31.39055, -61.08368",Ruta,70,HUMBOLDT,Las Colonias,Asfalto,Ripio,XI,S/D,Urbana,Ninguna,No existe,Intersección,Bueno,Buena,Atardecer,Buen Tiempo,Lateral,S/D,Colisión,Ninguna,Vertical,S/D,Sin restricción
2020,7066,2020-08-26,Miercoles,0:05:00,,0,1,Moto/Ciclomotor,Alberdi Y Casilda,1,1,0,0,0,0,0,"-32.928072382194,-60.675480731192",Calle,,ROSARIO,Rosario,Asfalto,No existe,II,Dentro,Urbana,Paso Peatonal,No existe,Intersección,Bueno,Buena,"Nocturna,Con luz artificial",Buen Tiempo,S/D,S/D,Despiste,Ninguna,Horizontal,"Cordón divisorio,Vegetación,Línea divisoria pintada",Sin restricción
2020,7068,2020-08-26,Miercoles,10:15:00,Autopista Nacional A008,0,1,Moto/Ciclomotor,Av. Circunvalacion Y Baigorria,1,1,0,0,0,0,0,"-32.893616927235,-60.719878413639",Autopista,A008,ROSARIO,Rosario,Asfalto,Pavimento,II,Dentro,Urbana,Señal Ceda el Paso,No existe,Intersección,Bueno,Buena,Diurna,Buen Tiempo,S/D,S/D,Despiste,Ninguna,"Horizontal,Vertical","Cordón divisorio,Línea divisoria pintada",Sin restricción
2020,7069,2020-08-26,Miercoles,16:15:00,,0,2,"Otros,Bicicleta",Beruti Y Cerrito,2,0,1,0,0,0,1,"-32.965091483303,-60.623972045316",Calle,,ROSARIO,Rosario,Asfalto,No existe,II,Dentro,Urbana,Ninguna,No existe,Intersección,Bueno,Buena,Diurna,Buen Tiempo,S/D,Ciclista,Atropello,Ninguna,Faltante,Ninguna,Sin restricción
2020,7070,2020-08-27,Jueves,22:00:00,,0,2,"Automóvil,Peatón",Av. Francia Y Pte.Quintana,2,1,0,0,1,0,0,"-32.977586056072,-60.674742461757",Avenida,,ROSARIO,Rosario,Asfalto,No existe,II,Dentro,Urbana,Señal Pare,No existe,Intersección,Bueno,Buena,Diurna,Buen Tiempo,S/D,Peatón,Atropello,Ninguna,"Horizontal,Vertical","Cordón divisorio,Vegetación,Línea divisoria pintada",Sin restricción
2020,7071,2020-08-28,Viernes,0:05:00,,0,1,Automóvil,España 5000,2,1,0,0,0,0,1,"-32.99478498057,-60.657937437678",Calle,,ROSARIO,Rosario,Asfalto,No existe,II,Dentro,Urbana,Ninguna,No existe,Intersección,Bueno,Buena,Diurna,Buen Tiempo,S/D,S/D,Otro,Ninguna,Faltante,Ninguna,Sin restricción
2020,7072,2020-08-28,Viernes,0:30:00,,0,2,"Otros,Bicicleta",Bv. Wilde Y Mendoza,2,1,0,0,0,0,1,"-32.940208769725,-60.738394250595",Avenida,,ROSARIO,Rosario,Asfalto,No existe,II,Dentro,Urbana,Semáforo,Funciona,Rotonda,Bueno,Buena,Diurna,Buen Tiempo,S/D,Ciclista,Atropello,Ninguna,"Horizontal,Vertical","Cordón divisorio,Línea divisoria pintada",Sin restricción
2020,7073,2020-08-28,Viernes,18:00:00,,0,2,"Moto/Ciclomotor,Automóvil",Cafferata Y Marcos Paz,3,2,0,0,0,0,1,"-32.944975375711,-60.67206655283",Calle,,ROSARIO,Rosario,Asfalto,No existe,II,Dentro,Urbana,Paso Peatonal,No existe,Intersección,Bueno,Buena,Diurna,Buen Tiempo,S/D,S/D,Colisión,Ninguna,Horizontal,Ninguna,Sin restricción
2020,7074,2020-08-28,Viernes,19:00:00,,0,1,Moto/Ciclomotor,Av. Ovidio Lagos 2800,1,1,0,0,0,0,0,"-32.965751550894,-60.667241254014",Avenida,,ROSARIO,Rosario,Asfalto,No existe,II,Dentro,Urbana,Paso Peatonal,No existe,Intersección,Bueno,Buena,Diurna,Buen Tiempo,S/D,S/D,Despiste,Ninguna,Horizontal,"Cordón divisorio,Línea divisoria pintada",Sin restricción
2020,7075,2020-08-28,Viernes,19:00:00,,0,1,Moto/Ciclomotor,Av. Ovidio Lagos 3500,1,1,0,0,0,0,0,"-32.973786707502,-60.669204146095",Avenida,,ROSARIO,Rosario,Asfalto,No existe,II,Dentro,Urbana,Paso Peatonal,No existe,Intersección,Bueno,Buena,Diurna,Buen Tiempo,S/D,S/D,Despiste,Ninguna,"Horizontal,Vertical","Cordón divisorio,Línea divisoria pintada",Sin restricción
2020,7076,2020-12-23,Miercoles,18:15:00,,0,2,"Moto/Ciclomotor,Peatón",9 de Julio Y Rivadavia,2,2,0,0,0,0,0,"    -31.73103, -61.09111",Calle,,SAN CARLOS CENTRO,Las Colonias,Asfalto,No existe,XI,S/D,Urbana,Ninguna,No existe,Intersección,Bueno,S/D,Diurna,Buen Tiempo,Lateral,Peatón,Atropello,Ninguna,Faltante,Cordón divisorio,Sin restricción
2020,7079,2020-09-30,Miercoles,14:00:00,,0,1,Moto/Ciclomotor,Bv. 27 De Febrero Y Valparaiso,1,1,0,0,0,0,0,"-32.959698077244,-60.687169365054",Avenida,,ROSARIO,Rosario,Asfalto,No existe,II,Dentro,Urbana,Ninguna,No existe,Intersección,Bueno,Buena,Diurna,Buen Tiempo,S/D,S/D,"Colisión,Otro",Ninguna,Faltante,Cordón divisorio,Sin restricción
2020,7080,2020-12-25,Viernes,7:20:00,,0,2,"Automóvil,Moto/Ciclomotor",Aaron Castellanos Y Rafaela,2,1,0,0,1,0,0,"    -31.45271, -60.91764",Calle,,ESPERANZA,Las Colonias,Asfalto,No existe,XI,Dentro,Urbana,Ninguna,No existe,Intersección,Bueno,Buena,Diurna,S/D,S/D,S/D,Colisión,Ninguna,Faltante,S/D,Sin restricción
2020,7081,2020-08-30,Domingo,18:30:00,,0,1,Moto/Ciclomotor,,1,1,0,0,0,0,0,"-32.95236, -60.66991",S/D,,ROSARIO,Rosario,S/D,S/D,II,S/D,Urbana,S/D,S/D,S/D,S/D,S/D,Diurna,S/D,S/D,S/D,Otro,S/D,S/D,S/D,S/D
2020,7082,2020-12-28,Lunes,21:15:00,,0,2,"Pickup/Utilitario,Moto/Ciclomotor",General Manuel Belgrano Y Ruta provincial 70,2,0,1,0,1,0,0,"    -31.44316, -60.92759",Calle,,ESPERANZA,Las Colonias,Asfalto,No existe,XI,Dentro,Urbana,Ninguna,Funciona,Intersección,Bueno,Buena,Diurna,Buen Tiempo,S/D,S/D,Colisión,Ninguna,Vertical,S/D,Sin restricción
2020,7083,2020-09-27,Domingo,16:00:00,,0,2,"Peatón,Otros",Bv. Segui Y Suipacha,2,1,0,0,0,0,1,"-32.974324412172,-60.672384825041",Avenida,,ROSARIO,Rosario,Asfalto,No existe,II,Dentro,Urbana,Señal Pare,No existe,Intersección,Bueno,S/D,Diurna,S/D,S/D,Peatón,Atropello,Ninguna,Vertical,Cordón divisorio,Sin restricción
2020,7084,2020-09-27,Domingo,11:00:00,,0,2,"Peatón,Otros",Av. Pellegrini,2,1,0,0,0,0,1,"-32.953555583953815,-60.66187977790",Avenida,,ROSARIO,Rosario,Asfalto,S/D,II,Dentro,Urbana,S/D,S/D,Recta,Bueno,S/D,Diurna,S/D,S/D,Peatón,Atropello,S/D,S/D,S/D,Sin restricción
2020,7085,2020-09-26,Sabado,22:55:00,,0,1,Moto/Ciclomotor,,1,1,0,0,0,0,0,"-32.95817760227484,-60.666264034822",S/D,,ROSARIO,Rosario,S/D,S/D,II,S/D,S/D,S/D,S/D,S/D,S/D,S/D,Nocturna,S/D,S/D,S/D,Otro,S/D,S/D,S/D,S/D
2020,7086,2020-09-26,Sabado,19:10:00,,0,1,Moto/Ciclomotor,,1,0,1,0,0,0,0,"-32.95817760227484,-60.666264034822",S/D,,ROSARIO,Rosario,S/D,S/D,II,S/D,S/D,S/D,S/D,S/D,S/D,S/D,Atardecer,S/D,S/D,S/D,Otro,S/D,S/D,S/D,S/D
2020,7087,2020-09-27,Domingo,18:35:00,,0,2,"Bicicleta,Otros",Pje. Perito Moreno Y 3 De Febrero,2,1,0,0,0,0,1,"-32.943336191982,-60.694095062912",Calle,,ROSARIO,Rosario,Asfalto,No existe,II,Dentro,Urbana,Ninguna,No existe,Intersección,Bueno,Buena,Diurna,S/D,S/D,Ciclista,Atropello,Ninguna,Faltante,Ninguna,Sin restricción
2020,7088,2020-09-26,Sabado,17:00:00,,0,1,Moto/Ciclomotor,Amenabar,1,1,0,0,0,0,0,"-33.036103248596156,-60.61591207981",Calle,,VILLA GOBERNADOR GÁLVEZ,Rosario,S/D,S/D,II,Dentro,Urbana,S/D,S/D,S/D,S/D,S/D,Diurna,S/D,S/D,S/D,Otro,S/D,S/D,S/D,S/D
2020,7089,2020-09-26,Sabado,9:30:00,,0,1,Moto/Ciclomotor,Santa Fe Y Vera Mujica,1,1,0,0,0,0,0,"-32.939928208882,-60.666535056457",Calle,,ROSARIO,Rosario,Asfalto,No existe,II,Dentro,Urbana,Ninguna,Funciona,Intersección,Bueno,S/D,Diurna,S/D,S/D,S/D,Otro,Ninguna,"Horizontal,Vertical",Ninguna,Sin restricción
2020,7090,2020-09-24,Jueves,23:30:00,,0,2,"Bicicleta,Otros",Camilo Aldao,2,1,0,0,0,0,1,"-32.97606950943,-60.69458658318",S/D,,ROSARIO,Rosario,S/D,S/D,II,S/D,S/D,S/D,S/D,S/D,S/D,S/D,Nocturna,S/D,S/D,S/D,Colisión,S/D,S/D,S/D,S/D
2020,7091,2020-09-24,Jueves,19:40:00,,0,1,Moto/Ciclomotor,Av. Genova Y Chaco Bis,1,0,1,0,0,0,0,"-32.915494522613,-60.696451623215",Avenida,,ROSARIO,Rosario,Asfalto,No existe,II,Dentro,Urbana,Señal Pare,No existe,Intersección,Bueno,S/D,Atardecer,S/D,S/D,S/D,Otro,Ninguna,Vertical,Ninguna,Sin restricción
2020,7092,2020-09-23,Miercoles,0:14:00,,0,2,"Bicicleta,Otros",Bv. Avellaneda Y Bv. Segui,2,1,0,0,0,0,1,"-32.97165667827,-60.687244626218",Avenida,,ROSARIO,Rosario,Asfalto,No existe,II,Dentro,Urbana,Semáforo,Funciona,Intersección,Bueno,S/D,"Amanecer,Con luz artificial",S/D,S/D,Ciclista,Atropello,Ninguna,"Horizontal,Vertical",Cordón divisorio,Sin restricción
2020,7093,2020-09-22,Martes,20:30:00,,0,1,Moto/Ciclomotor,Alsina,1,1,0,0,0,0,0,"-32.948430529372,-60.678631126103",Calle,,ROSARIO,Rosario,S/D,S/D,II,Dentro,Urbana,S/D,S/D,S/D,S/D,S/D,Nocturna,S/D,S/D,S/D,Otro,S/D,S/D,S/D,S/D
2020,7094,2020-09-22,Martes,20:15:00,,0,2,"Automóvil,Moto/Ciclomotor",Cafferata Y Rueda,2,1,1,0,0,0,0,"-32.965167376816,-60.677174658174",Calle,,ROSARIO,Rosario,Asfalto,No existe,II,Dentro,Urbana,S/D,No existe,Intersección,Bueno,S/D,"Nocturna,Con luz artificial",S/D,S/D,S/D,Colisión,Ninguna,Faltante,Ninguna,S/D
2020,7095,2020-09-22,Martes,16:00:00,,0,1,Automóvil,Uruguay Y Vera Mujica,1,1,0,0,0,0,0,"-32.971628129666,-60.674553390426",Calle,,ROSARIO,Rosario,Asfalto,No existe,II,Dentro,Urbana,Ninguna,No existe,Intersección,Bueno,S/D,Diurna,Buen Tiempo,S/D,S/D,Otro,Ninguna,Faltante,Ninguna,Sin restricción
2020,7096,2020-09-22,Martes,1:50:00,,0,2,"Bicicleta,Automóvil",Garibaldi Y Pte.Roca,2,1,0,0,0,0,1,"-32.984706825096,-60.655074769048",Calle,,ROSARIO,Rosario,Asfalto,No existe,II,Dentro,Urbana,Ninguna,No existe,Intersección,Bueno,S/D,"Nocturna,Con luz artificial",Buen Tiempo,Lateral,Ciclista,Atropello,Ninguna,Faltante,Ninguna,Sin restricción
2020,7097,2020-09-21,Lunes,1:30:00,,0,1,Moto/Ciclomotor,Anchorena,1,1,0,0,0,0,0,"-32.99707174301144,-60.628663301467",Calle,,ROSARIO,Rosario,S/D,S/D,II,S/D,S/D,S/D,S/D,S/D,S/D,S/D,"Nocturna,Con luz artificial",S/D,S/D,S/D,Otro,S/D,S/D,Ninguna,S/D
2020,7098,2020-09-19,Sabado,20:00:00,,0,2,"Bicicleta,Otros",Rioja Y Rodriguez,2,1,0,0,0,0,1,"-32.943891426074,-60.659010594477",Calle,,ROSARIO,Rosario,Asfalto,No existe,II,Dentro,Urbana,Señal Pare,No existe,Intersección,Bueno,S/D,"Nocturna,Con luz artificial",S/D,S/D,Ciclista,Atropello,Ninguna,Vertical,Ninguna,Sin restricción
2020,7099,2020-08-25,Martes,16:00:00,,0,1,Automóvil,España 6400,2,2,0,0,0,0,0,"-33.012152916352,-60.65698807401",Calle,,ROSARIO,Rosario,Asfalto,No existe,II,Dentro,Urbana,Ninguna,No existe,Intersección,Bueno,Buena,Diurna,Buen Tiempo,S/D,S/D,Otro,Ninguna,Faltante,Ninguna,Sin restricción
2020,7100,2020-08-25,Martes,13:00:00,,0,1,Moto/Ciclomotor,Bv. Segui Y Cafferata,1,1,0,0,0,0,0,"-32.973103367852,-60.679187630231",Avenida,,ROSARIO,Rosario,Asfalto,No existe,II,Dentro,Urbana,Semáforo,Funciona,Intersección,Bueno,Buena,Diurna,Buen Tiempo,S/D,S/D,Otro,Ninguna,Vertical,Cordón divisorio,Sin restricción
2020,7101,2020-08-25,Martes,14:00:00,,0,1,Moto/Ciclomotor,Bv. Segui Y Cafferata,1,0,1,0,0,0,0,"-32.973103367852,-60.679187630231",Avenida,,ROSARIO,Rosario,Asfalto,No existe,II,Dentro,Urbana,Semáforo,Funciona,Intersección,Bueno,Buena,Diurna,Buen Tiempo,S/D,S/D,Otro,Ninguna,Vertical,Cordón divisorio,Sin restricción
2020,7102,2020-08-24,Lunes,19:30:00,,0,1,Moto/Ciclomotor,Cochabamba 700,1,1,0,0,0,0,0,"-32.959405806161,-60.635718284102",Calle,,ROSARIO,Rosario,Asfalto,No existe,II,Dentro,Urbana,Señal Pare,No existe,Intersección,Bueno,Buena,Atardecer,Buen Tiempo,S/D,S/D,Otro,Ninguna,"Horizontal,Vertical",Línea divisoria pintada,Sin restricción
2020,7103,2020-08-24,Lunes,13:00:00,,0,1,Otros,CAMINO RURAL,1,0,1,0,0,0,0,"-33.035373687744105,-60.73029756546",Camino Rural,,ROSARIO,Rosario,Tierra,No existe,II,Dentro,Rural,Ninguna,No existe,Intersección,S/D,Buena,Diurna,Buen Tiempo,S/D,S/D,Otro,Ninguna,Faltante,Ninguna,Sin restricción
2020,7104,2020-08-24,Lunes,13:00:00,,0,2,"Automóvil,Automóvil",Av. Pellegrini Y Vera Mujica,2,2,0,0,0,0,0,"-32.95221633665,-60.6696301748",Calle,,ROSARIO,Rosario,Asfalto,No existe,II,Dentro,Urbana,Semáforo,Funciona,Intersección,Bueno,Buena,Diurna,Buen Tiempo,S/D,S/D,Colisión,Ninguna,"Horizontal,Vertical","Cordón divisorio,Línea divisoria pintada",Sin restricción
2020,7106,2020-04-23,Jueves,20:30:00,Ruta Nacional 178,0,1,Otros,,1,1,0,0,0,0,0,"-32.5004768371582,-61.5604734420776",Ruta,178,LAS ROSAS,Belgrano,Asfalto,Ripio,III,S/D,S/D,S/D,No existe,Recta,Bueno,Buena,Nocturna,Buen Tiempo,S/D,S/D,Colisión,Ninguna,Horizontal,Línea divisoria pintada,Sin restricción
2020,7107,2020-04-23,Jueves,20:30:00,Ruta Nacional 178,0,1,Moto/Ciclomotor,,1,1,0,0,0,0,0,"-32.5004768371582,-61.5604734420776",Ruta,178,LAS ROSAS,Belgrano,Asfalto,Ripio,III,S/D,S/D,S/D,No existe,Recta,Bueno,Buena,Nocturna,Buen Tiempo,S/D,S/D,Otro,Ninguna,Horizontal,Línea divisoria pintada,Sin restricción
2020,7108,2020-08-23,Domingo,17:30:00,,0,2,"Moto/Ciclomotor,Moto/Ciclomotor",Alzugaray Y Laprida,2,2,0,0,0,0,0,"-33.012931237244,-60.64655604011",Calle,,ROSARIO,Rosario,Asfalto,No existe,II,Dentro,Urbana,Ninguna,No existe,Intersección,Bueno,Buena,Diurna,Buen Tiempo,S/D,S/D,Colisión,Ninguna,Faltante,Ninguna,Sin restricción
2020,7109,2020-08-23,Domingo,14:00:00,,0,1,Moto/Ciclomotor,Av. Eva Peron Y Parana,1,1,0,0,0,0,0,"-32.936883591133,-60.691357600945",Avenida,,ROSARIO,Rosario,Asfalto,No existe,II,Dentro,Urbana,Paso Peatonal,No existe,Intersección,Bueno,Buena,Diurna,Buen Tiempo,S/D,S/D,Otro,Ninguna,Horizontal,Ninguna,Sin restricción
2020,7110,2020-08-22,Sabado,21:00:00,,0,2,"Moto/Ciclomotor,Moto/Ciclomotor",Roullon 4200,2,1,0,0,0,0,1,"-32.978584,-60.700879",Calle,,ROSARIO,Rosario,Asfalto,No existe,II,Dentro,Urbana,Ninguna,No existe,Intersección,Bueno,Buena,Nocturna,Buen Tiempo,S/D,S/D,Colisión,Ninguna,Faltante,Ninguna,Sin restricción
2020,7112,2020-08-23,Domingo,0:05:00,,0,1,Moto/Ciclomotor,Av. Illia 1500,1,0,1,0,0,0,0,"-32.935949563980124,-60.64188390970",Avenida,,ROSARIO,Rosario,Asfalto,No existe,II,Dentro,Urbana,Ninguna,No existe,Recta,Bueno,Buena,Diurna,Buen Tiempo,S/D,S/D,Despiste,Ninguna,Horizontal,"Cordón divisorio,Vegetación,Línea divisoria pintada",Sin restricción
2020,7113,2020-08-23,Domingo,0:05:00,Ruta Nacional 9,0,1,Automóvil,,1,1,0,0,0,0,0,"-33.046960830688484,-60.60629367828",Ruta,9,VILLA DIEGO,Rosario,Asfalto,Pavimento,II,Dentro,Urbana,Ninguna,No existe,Recta,Bueno,Buena,Diurna,Buen Tiempo,S/D,S/D,Vuelco,Ninguna,Horizontal,Línea divisoria pintada,Sin restricción
2020,7114,2020-08-22,Sabado,20:30:00,,0,1,Moto/Ciclomotor,Alberdi Y French,1,0,1,0,0,0,0,"-32.920874962518,-60.680996006792",Avenida,,ROSARIO,Rosario,Asfalto,No existe,II,Dentro,Urbana,Semáforo,Funciona,Intersección,Bueno,Buena,"Nocturna,Con luz artificial",Buen Tiempo,S/D,S/D,Otro,Ninguna,"Horizontal,Vertical","Cordón divisorio,Vegetación,Línea divisoria pintada",Sin restricción
2020,7115,2020-08-22,Sabado,20:30:00,,0,2,"Otros,Bicicleta",Av. Luis Carballo Y Mar del Plata,2,1,0,0,0,0,1,"-32.922238505919,-60.682111244481",Avenida,,ROSARIO,Rosario,Asfalto,No existe,II,Dentro,Urbana,Paso Peatonal,No existe,Intersección,Bueno,Buena,"Nocturna,Con luz artificial",Buen Tiempo,S/D,Ciclista,Atropello,Ninguna,Horizontal,"Cordón divisorio,Vegetación,Línea divisoria pintada",Sin restricción
2020,7116,2020-08-22,Sabado,2:00:00,,0,1,Moto/Ciclomotor,Colombia Y J.J.Paso,1,0,1,0,0,0,0,"-32.920447144019,-60.716979739782",Calle,,ROSARIO,Rosario,Asfalto,No existe,II,Dentro,Urbana,Ninguna,No existe,Intersección,Bueno,Buena,Nocturna,Buen Tiempo,S/D,S/D,Otro,Ninguna,Faltante,Ninguna,Sin restricción
2020,7117,2020-08-22,Sabado,18:50:00,,0,1,Moto/Ciclomotor,Bv. Segui,1,1,0,0,0,0,0,"-32.971181615662,-60.690184317642",Avenida,,ROSARIO,Rosario,Asfalto,No existe,II,Dentro,Urbana,S/D,S/D,S/D,Bueno,Buena,Diurna,Buen Tiempo,S/D,S/D,Otro,Ninguna,S/D,Cordón divisorio,Sin restricción
2020,7118,2020-12-29,Martes,14:00:00,,0,1,Automóvil,Alvear Y 9 De Julio,3,2,0,0,0,0,1,"-32.950888273386,-60.656516831514",Calle,,ROSARIO,Rosario,Asfalto,No existe,II,Dentro,Urbana,Paso Peatonal,No existe,Intersección,Bueno,S/D,Diurna,S/D,S/D,S/D,Otro,Ninguna,Horizontal,Ninguna,Sin restricción
2020,7119,2020-09-21,Lunes,17:30:00,,0,1,Automóvil,San Luis Y Rodriguez,2,1,0,0,0,0,1,"-32.945353861043,-60.659380537193",Calle,,ROSARIO,Rosario,Asfalto,No existe,II,Dentro,Urbana,Ninguna,No existe,Intersección,Bueno,S/D,Diurna,S/D,S/D,S/D,Otro,Ninguna,Faltante,Ninguna,Sin restricción
2020,7120,2020-09-21,Lunes,11:00:00,,0,1,Moto/Ciclomotor,Junin,1,0,1,0,0,0,0,"-32.92696753861,-60.690591779018",Calle,,ROSARIO,Rosario,S/D,S/D,II,Dentro,Urbana,S/D,S/D,Recta,S/D,S/D,Diurna,S/D,S/D,S/D,Otro,S/D,S/D,S/D,S/D