anio_acci,nro_acci,fecha,desc_dia,hora_aprox,desc_ruta,km,cant_participantes,desc_participante,calle_avenida_km,total,heridos_leves,heridos_graves,heridos_gravisimos,ilesos,fallecidos,sin_datos,posicion_XY,desc_tipo_via,desc_ruta_ori,desc_loc,desc_dpto,desc_tipo_calzada,desc_tipo_banquina,desc_unidad_regional,desc_lugar_calzada,desc_zona,desc_prioridad,desc_estado_semaforo,desc_lugar_via,desc_estado_via,desc_estado_visibilidad,desc_luminosidad,desc_estado_clima,desc_tipo_colision,desc_tipo_atropello,desc_tipo_hecho,desc_pres_calzada,desc_senializacion,desc_separacion_via,desc_restriccion
2020,7193,2020-08-13,Jueves,23:15:00,,0,2,"Automóvil,Automóvil",,2,1,0,0,0,0,1,"-32.86139945413806,-60.701401687759",S/D,,GRANADERO BAIGORRIA,Rosario,S/D,S/D,II,S/D,S/D,S/D,S/D,S/D,S/D,Buena,Nocturna,Buen Tiempo,S/D,S/D,Colisión,Ninguna,S/D,S/D,Sin restricción
2020,7194,2020-08-13,Jueves,20:30:00,,0,2,"Moto/Ciclomotor,Moto/Ciclomotor",J. B. JUSTO Y JUAN PABLO II,2,2,0,0,0,0,0,"-32.915174611041,-60.723160290229",Calle,,ROSARIO,Rosario,Asfalto,No existe,II,Dentro,Urbana,Semáforo,Funciona,Intersección,Bueno,Buena,Nocturna,Buen Tiempo,S/D,S/D,Colisión,Ninguna,Vertical,Ninguna,Sin restricción
2020,7195,2020-08-12,Miercoles,20:00:00,,0,2,"Moto/Ciclomotor,Moto/Ciclomotor",Callao Y Coulin,2,1,0,0,0,0,1,"-32.987757323864,-60.671517986941",Calle,,ROSARIO,Rosario,Asfalto,No existe,II,Dentro,Urbana,Ninguna,No existe,Intersección,Bueno,Buena,Diurna,Buen Tiempo,S/D,S/D,Colisión,Ninguna,Faltante,Ninguna,Sin restricción
2020,7196,2020-08-12,Miercoles,18:00:00,,0,1,Moto/Ciclomotor,,1,1,0,0,0,0,0,"-32.95817760227484,-60.666264034822",S/D,,ROSARIO,Rosario,S/D,S/D,II,S/D,S/D,S/D,S/D,S/D,S/D,Buena,Atardecer,Buen Tiempo,S/D,S/D,Otro,Ninguna,S/D,S/D,S/D
2020,7197,2020-08-12,Miercoles,13:00:00,,0,2,"Otros,Bicicleta",Cerrito Y Italia,2,1,0,0,0,0,1,"-32.960127866368,-60.651760434492",Calle,,ROSARIO,Rosario,Asfalto,No existe,II,Dentro,Urbana,Ninguna,No existe,Intersección,Bueno,Buena,Diurna,Buen Tiempo,S/D,Ciclista,Atropello,Ninguna,Faltante,Ninguna,Sin restricción
2020,7198,2020-08-02,Domingo,1:16:00,,0,1,Moto/Ciclomotor,Dr.Maradona Y Roullon,1,1,0,0,0,0,0,"-32.979594030864,-60.700726660612",Calle,,ROSARIO,Rosario,Asfalto,No existe,II,Dentro,Urbana,Ninguna,No existe,Intersección,Bueno,S/D,"Nocturna,Con luz artificial",S/D,S/D,S/D,Otro,Ninguna,Faltante,Cordón divisorio,Sin restricción
2020,7199,2020-08-02,Domingo,16:30:00,,0,1,Pickup/Utilitario,,2,1,0,0,0,0,1,"-32.95817760227484,-60.666264034822",S/D,,ROSARIO,Rosario,S/D,S/D,II,S/D,S/D,S/D,S/D,S/D,S/D,S/D,Diurna,S/D,S/D,S/D,Colisión,S/D,S/D,S/D,S/D
2020,7200,2020-08-03,Lunes,14:33:00,,0,1,Moto/Ciclomotor,,1,1,0,0,0,0,0,"-32.95817760227484,-60.666264034822",S/D,,ROSARIO,Rosario,S/D,S/D,II,S/D,S/D,S/D,S/D,S/D,S/D,S/D,Diurna,S/D,S/D,S/D,Otro,S/D,S/D,S/D,S/D
2020,7201,2020-08-03,Lunes,19:15:00,Autopista Nacional A008,0,1,Moto/Ciclomotor,Av. Circunvalacion Y Av. Pellegrini,2,1,1,0,0,0,0,"-32.948856353759766,-60.72220802307",Autopista,A008,ROSARIO,Rosario,Asfalto,Pavimento,II,Dentro,Urbana,Ninguna,No existe,Recta,Bueno,S/D,Atardecer,S/D,S/D,S/D,Otro,Ninguna,Horizontal,"Barrera de alto impacto,Línea divisoria pintada",Sin restricción
2020,7202,2020-08-03,Lunes,21:50:00,,0,1,Moto/Ciclomotor,Bv. Segui Y Fraga,1,1,0,0,0,0,0,"-32.970847940647,-60.709187132732",Avenida,,ROSARIO,Rosario,Asfalto,No existe,II,Dentro,Urbana,Ninguna,No existe,Intersección,Bueno,S/D,"Nocturna,Con luz artificial",S/D,S/D,S/D,Otro,Ninguna,Faltante,Cordón divisorio,Sin restricción
2020,7203,2020-08-04,Martes,6:00:00,,0,2,"Peatón,Otros",Castellanos,2,1,0,0,0,0,1,"-32.948675745703,-60.677266675",S/D,,ROSARIO,Rosario,Asfalto,S/D,II,S/D,S/D,S/D,S/D,S/D,Bueno,S/D,Amanecer,S/D,S/D,Peatón,Atropello,S/D,S/D,S/D,S/D
2020,7204,2020-08-04,Martes,9:30:00,,0,1,Automóvil,San Luis Y Valparaiso,1,1,0,0,0,0,0,"-32.941194020183,-60.682491993186",Calle,,ROSARIO,Rosario,Asfalto,No existe,II,Dentro,Urbana,Ninguna,No existe,Intersección,Bueno,S/D,Diurna,S/D,S/D,S/D,Otro,Ninguna,Faltante,Ninguna,Sin restricción
2020,7205,2020-08-04,Martes,11:00:00,,0,1,Moto/Ciclomotor,,1,1,0,0,0,0,0,"-33.02382007758386,-60.640608128941",S/D,,VILLA GOBERNADOR GÁLVEZ,Rosario,S/D,S/D,II,S/D,S/D,S/D,S/D,S/D,S/D,S/D,Diurna,S/D,S/D,S/D,Otro,S/D,S/D,S/D,S/D
2020,7206,2020-08-04,Martes,13:50:00,,0,1,Moto/Ciclomotor,Av. Pellegrini Y Crespo,1,1,0,0,0,0,0,"-32.951818121869,-60.670948896831",Avenida,,ROSARIO,Rosario,Asfalto,No existe,II,Dentro,Urbana,Semáforo,Funciona,Intersección,Bueno,S/D,Diurna,S/D,S/D,S/D,Otro,Ninguna,"Horizontal,Vertical",Cordón divisorio,Sin restricción
2020,7207,2020-08-04,Martes,21:00:00,,0,1,Moto/Ciclomotor,J.J.Paso,1,1,0,0,0,0,0,"-32.91947613835,-60.687491173228",Calle,,ROSARIO,Rosario,Asfalto,S/D,II,S/D,Urbana,S/D,S/D,S/D,S/D,S/D,"Nocturna,Con luz artificial",S/D,S/D,S/D,Otro,S/D,S/D,S/D,S/D
2020,7208,2020-08-04,Martes,,,0,1,Moto/Ciclomotor,Av. Uriburu 2600,1,1,0,0,0,0,0,"-32.991365439737,-60.671506686204",Avenida,,ROSARIO,Rosario,Asfalto,No existe,II,Dentro,Urbana,Paso Peatonal,No existe,Recta,Bueno,S/D,"Nocturna,Con luz artificial",S/D,S/D,S/D,Otro,Ninguna,Horizontal,Cordón divisorio,Sin restricción
2020,7209,2020-08-05,Miercoles,14:35:00,,0,1,Moto/Ciclomotor,Garzon Y Gorriti,1,1,0,0,0,0,0,"-32.924156908021,-60.706326398845",Calle,,ROSARIO,Rosario,Asfalto,No existe,II,Dentro,Urbana,Ninguna,No existe,Intersección,Bueno,S/D,Diurna,S/D,S/D,S/D,Otro,Ninguna,Faltante,Ninguna,Sin restricción
2020,7210,2020-08-05,Miercoles,14:00:00,,0,1,Moto/Ciclomotor,Av. Provincias Unidas,1,1,0,0,0,0,0,"-32.9463672637939,-60.7122731208800",Avenida,,ROSARIO,Rosario,Asfalto,No existe,II,Dentro,Urbana,S/D,S/D,Recta,S/D,S/D,Diurna,S/D,S/D,S/D,Otro,S/D,S/D,Cordón divisorio,S/D
2020,7211,2020-08-06,Jueves,2:00:00,Autopista Nacional A008,0,1,Moto/Ciclomotor,,1,1,0,0,0,0,0,"-32.96344757080079,-60.720233917236",Autopista,A008,ROSARIO,Rosario,Asfalto,S/D,II,Dentro,Urbana,S/D,S/D,Recta,Bueno,S/D,"Nocturna,Con luz artificial",S/D,S/D,S/D,Otro,S/D,S/D,S/D,S/D
2020,7213,2020-08-06,Jueves,14:00:00,,0,1,Moto/Ciclomotor,Av. Del Valle,1,0,1,0,0,0,0,"-32.930972, -60.657494",Avenida,,ROSARIO,Rosario,Asfalto,No existe,II,Dentro,Urbana,S/D,S/D,Recta,S/D,S/D,Diurna,S/D,S/D,S/D,Otro,S/D,S/D,S/D,Sin restricción
2020,7214,2020-08-06,Jueves,16:30:00,Autopista Nacional A008,0,1,Moto/Ciclomotor,Av. Circunvalacion Y Cerrito,1,1,0,0,0,0,0,"-32.953585, -60.721042",Autopista,A008,ROSARIO,Rosario,Asfalto,S/D,II,Dentro,Urbana,S/D,S/D,Recta,S/D,S/D,Diurna,S/D,S/D,S/D,Otro,S/D,S/D,S/D,S/D
2020,7215,2020-08-06,Jueves,16:30:00,,0,1,Moto/Ciclomotor,Tarragona,1,1,0,0,0,0,0,"-32.937689, -60.734186",Calle,,ROSARIO,Rosario,Asfalto,S/D,II,Dentro,Urbana,S/D,S/D,Recta,S/D,S/D,Diurna,S/D,S/D,S/D,Otro,S/D,S/D,S/D,S/D
2020,7216,2020-08-06,Jueves,18:00:00,,0,1,Moto/Ciclomotor,Dr.Maradona Y Liniers,1,1,0,0,0,0,0,"-32.979502937182,-60.697042066752",Calle,,ROSARIO,Rosario,Asfalto,No existe,II,Dentro,Urbana,Ninguna,No existe,Intersección,S/D,S/D,Atardecer,S/D,S/D,S/D,Colisión,S/D,Faltante,Ninguna,S/D
2020,7217,2020-08-06,Jueves,20:15:00,,0,1,Moto/Ciclomotor,Alvear Y Mendoza,1,1,0,0,0,0,0,"-32.948603434645,-60.655939359475",Calle,,ROSARIO,Rosario,Asfalto,No existe,II,Dentro,Urbana,Semáforo,Funciona,Intersección,S/D,S/D,Nocturna,S/D,S/D,S/D,Otro,S/D,"Horizontal,Vertical",Ninguna,S/D
2020,7218,2020-08-07,Viernes,19:30:00,,0,1,Moto/Ciclomotor,Av. Francia Y Av. Pellegrini,1,1,0,0,0,0,0,"-32.952439492342,-60.668385091878",Avenida,,ROSARIO,Rosario,Asfalto,No existe,II,Dentro,Urbana,Semáforo,Funciona,Intersección,S/D,S/D,Nocturna,S/D,S/D,S/D,Otro,S/D,"Horizontal,Vertical",Cordón divisorio,S/D
2020,7219,2020-08-07,Viernes,23:50:00,,0,1,Moto/Ciclomotor,Casilda Y Larrea,1,1,0,0,0,0,0,"-32.928709637618,-60.6976939166",Calle,,ROSARIO,Rosario,Asfalto,No existe,II,Dentro,Urbana,Otra Señal,No existe,Intersección,S/D,S/D,Nocturna,S/D,S/D,S/D,Otro,S/D,Vertical,Ninguna,S/D
2020,7220,2020-08-08,Sabado,7:00:00,Autopista Nacional A008,0,1,Moto/Ciclomotor,Av de Circunvalacion Y Cordoba,1,0,1,0,0,0,0,"-33.012046, -60.618171",Autopista,A008,VILLA GOBERNADOR GÁLVEZ,Rosario,Asfalto,Pavimento,II,Dentro,Urbana,Marca Vial,No existe,Intersección,S/D,S/D,Diurna,S/D,S/D,S/D,Otro,S/D,Horizontal,"Guardarrail,Barrera de alto impacto",S/D
2020,7221,2020-08-08,Sabado,9:19:00,,0,1,Moto/Ciclomotor,Bv. Segui Y Paraguay,1,1,0,0,0,0,0,"-32.977966234357,-60.651920550083",Avenida,,ROSARIO,Rosario,Asfalto,No existe,II,Dentro,Urbana,Señal Pare,No existe,Intersección,S/D,S/D,Diurna,S/D,S/D,S/D,Otro,S/D,"Horizontal,Vertical",Cordón divisorio,S/D
2020,7222,2020-12-29,Martes,8:50:00,,0,2,"Moto/Ciclomotor,Automóvil",Av Los Colonizadores,2,1,0,0,1,0,0,"    -31.45183, -60.91729",S/D,,ESPERANZA,Las Colonias,Asfalto,No existe,XI,S/D,Urbana,Ninguna,No existe,Recta,Bueno,Buena,Diurna,Buen Tiempo,De alcance,S/D,Colisión,Ninguna,Faltante,Vegetación,Sin restricción
2020,7223,2020-08-08,Sabado,8:30:00,,0,1,Automóvil,Av. Pellegrini Y Cafferata,1,1,0,0,0,0,0,"-32.951330852611,-60.673665649436",Avenida,,ROSARIO,Rosario,Asfalto,No existe,II,Dentro,Urbana,Semáforo,Funciona,Intersección,S/D,S/D,Diurna,S/D,S/D,S/D,Otro,S/D,"Horizontal,Vertical",Cordón divisorio,S/D
2020,7224,2020-08-08,Sabado,0:00:00,,0,1,Moto/Ciclomotor,,1,1,0,0,0,0,0,"-32.94541239738466,-60.673611760139",S/D,,ROSARIO,Rosario,S/D,S/D,II,S/D,S/D,S/D,S/D,S/D,S/D,S/D,Nocturna,S/D,S/D,S/D,Otro,S/D,S/D,S/D,S/D
2020,7225,2020-08-08,Sabado,20:00:00,,0,1,Automóvil,3 De Febrero Y Cafferata,1,1,0,0,0,0,0,"-32.94690483846,-60.672552108146",Calle,,ROSARIO,Rosario,Asfalto,No existe,II,Dentro,Urbana,Semáforo,Funciona,Intersección,S/D,S/D,Nocturna,S/D,S/D,S/D,Otro,S/D,"Horizontal,Vertical",Ninguna,S/D
2020,7226,2020-11-16,Lunes,,Autovía Nacional 19,14,1,Automóvil,,2,2,0,0,0,0,0,"-31.6439, -60.92973",Autovía,19,SAN AGUSTÍN,Las Colonias,S/D,S/D,XI,S/D,Rural,S/D,S/D,Recta,S/D,S/D,S/D,S/D,S/D,S/D,Vuelco,S/D,S/D,S/D,S/D
2020,7227,2020-12-30,Miercoles,22:10:00,,0,2,"Bicicleta,Pickup/Utilitario",Av Los Colonizadores Y Nicolas Schneider,2,1,0,0,1,0,0,"    -31.45046, -60.92404",Avenida,,ESPERANZA,Las Colonias,Asfalto,No existe,XI,Dentro,Urbana,Ninguna,No existe,Intersección,Bueno,Buena,S/D,Buen Tiempo,S/D,S/D,Colisión,Ninguna,S/D,Ninguna,Sin restricción
2020,7228,2020-11-17,Martes,10:10:00,,0,2,"Bicicleta,Automóvil",Chacabuco Y Gral Manuel Belgrano,2,1,0,0,1,0,0,"-33.74754, -61.96563",Calle,,VENADO TUERTO,General LÓPEZ,S/D,S/D,VIII,S/D,Urbana,S/D,S/D,Intersección,S/D,S/D,Diurna,S/D,S/D,Ciclista,Atropello,S/D,S/D,S/D,S/D
2020,7229,2020-08-09,Domingo,8:37:00,,0,2,"Peatón,Otros",Lavalle Y Rosario,2,1,0,0,0,0,1,"-33.027041, -60.642634",Avenida,,VILLA GOBERNADOR GÁLVEZ,Rosario,S/D,No existe,II,Dentro,Urbana,S/D,S/D,Intersección,S/D,S/D,Diurna,S/D,S/D,Peatón,Atropello,S/D,S/D,Ninguna,S/D
2020,7230,2020-08-09,Domingo,,,0,2,"Bicicleta,Otros",,2,1,0,0,0,0,1,"-32.97233641147615,-60.650555491447",S/D,,ROSARIO,Rosario,S/D,S/D,II,S/D,S/D,S/D,S/D,S/D,S/D,S/D,S/D,S/D,S/D,Ciclista,Atropello,S/D,S/D,S/D,S/D
2020,7231,2020-08-09,Domingo,9:00:00,,0,1,Moto/Ciclomotor,,1,1,0,0,0,0,0,"-32.941775321960414,-60.68553686141",S/D,,ROSARIO,Rosario,S/D,S/D,II,S/D,S/D,S/D,S/D,S/D,S/D,S/D,Diurna,S/D,S/D,S/D,Otro,S/D,S/D,S/D,S/D
2020,7232,2020-11-18,Miercoles,15:20:00,,0,1,Moto/Ciclomotor,3 de Febrero Y 2 de Abril,1,1,0,0,0,0,0,"-33.75846, -61.96229",Calle,,VENADO TUERTO,General LÓPEZ,S/D,S/D,VIII,S/D,Urbana,S/D,S/D,Intersección,S/D,S/D,Diurna,S/D,S/D,S/D,Cañda ocupante,S/D,S/D,S/D,S/D
2020,7233,2020-11-18,Miercoles,18:37:00,,0,2,"Moto/Ciclomotor,Pickup/Utilitario",Santa Fe Y Dean Funes,3,2,0,0,1,0,0,"-33.73547, -61.96387",Calle,,VENADO TUERTO,General LÓPEZ,S/D,S/D,VIII,S/D,Urbana,S/D,S/D,Intersección,S/D,S/D,Atardecer,S/D,S/D,S/D,Colisión,S/D,S/D,S/D,S/D
2020,7234,2020-08-09,Domingo,3:00:00,,0,1,Moto/Ciclomotor,Jose Ingenieros Y Tarragona Bis,1,0,1,0,0,0,0,"-32.91773,-60.735104",Calle,,ROSARIO,Rosario,Asfalto,No existe,II,Dentro,Urbana,Ninguna,No existe,Intersección,S/D,S/D,Nocturna,S/D,S/D,S/D,Colisión,S/D,Faltante,Ninguna,S/D
2020,7235,2020-11-18,Miercoles,19:12:00,,0,2,"Bicicleta,Moto/Ciclomotor",Santa Fe Y Aguero,2,2,0,0,0,0,0,"-33.73397, -61.96503",Calle,,VENADO TUERTO,General LÓPEZ,S/D,S/D,VIII,S/D,Urbana,S/D,S/D,Intersección,S/D,S/D,Atardecer,S/D,S/D,Ciclista,Atropello,S/D,S/D,S/D,S/D
2020,7236,2020-08-09,Domingo,16:25:00,,0,1,Moto/Ciclomotor,,1,1,0,0,0,0,0,"-32.94642627239229,-60.688084959983",S/D,,ROSARIO,Rosario,S/D,S/D,II,S/D,S/D,S/D,S/D,S/D,S/D,S/D,Diurna,S/D,S/D,S/D,Otro,S/D,S/D,S/D,S/D
2020,7237,2020-11-18,Miercoles,,,0,2,"Moto/Ciclomotor,Pickup/Utilitario",Lamadrid Y Maipu,2,1,0,0,1,0,0,"-31.25016, -61.49554",Calle,,RAFAELA,Castellanos,S/D,S/D,V,S/D,Urbana,S/D,S/D,Intersección,S/D,S/D,Atardecer,S/D,S/D,S/D,Colisión,S/D,S/D,S/D,S/D
2020,7238,2020-12-24,Jueves,12:00:00,,0,2,"Pickup/Utilitario,Moto/Ciclomotor",Guemes Y R P A Janssen,4,1,0,0,3,0,0,"    -31.45153, -60.939",Calle,,ESPERANZA,Las Colonias,Asfalto,S/D,X,Dentro,Urbana,Ninguna,No existe,Intersección,Bueno,Buena,Diurna,Buen Tiempo,S/D,S/D,Colisión,Ninguna,Faltante,Ninguna,Sin restricción
2020,7239,2020-08-09,Domingo,0:00:00,,0,2,"Peatón,Otros",Av. Francia,2,1,0,0,0,0,1,"-32.948913, -60.667467",Avenida,,ROSARIO,Rosario,Asfalto,S/D,II,Dentro,Urbana,S/D,S/D,Intersección,S/D,S/D,Nocturna,S/D,S/D,Peatón,Atropello,S/D,S/D,S/D,S/D
2020,7240,2020-11-18,Miercoles,,,0,3,"Peatón,Moto/Ciclomotor,Camión",Arturo Illia Y Comisario Valentin Kaiser,3,1,1,0,1,0,0,"-31.24736, -61.51376",Calle,,RAFAELA,Castellanos,S/D,S/D,V,S/D,Urbana,S/D,S/D,Intersección,S/D,S/D,S/D,S/D,Múltiple,S/D,Colisión,S/D,S/D,S/D,S/D
2020,7241,2020-08-09,Domingo,19:56:00,Autopista Provincial Brigadier E.LÓPEZ,0,1,Otros,,1,0,1,0,0,0,0,"-32.872919, -60.718446",Autopista,Brigadier E.LÓPEZ,ROSARIO,Rosario,Asfalto,Pavimento,II,Dentro,Rural,Marca Vial,No existe,Recta,S/D,S/D,Nocturna,S/D,S/D,S/D,Colisión,S/D,Horizontal,Vegetación,S/D
2020,7242,2020-11-18,Miercoles,,,0,2,"Moto/Ciclomotor,Automóvil",Falucho Y Ituzaingo,2,1,0,0,1,0,0,"-31.2569, -61.49509",Calle,,RAFAELA,Castellanos,S/D,S/D,V,S/D,Urbana,S/D,S/D,Intersección,S/D,S/D,S/D,S/D,S/D,S/D,Colisión,S/D,S/D,S/D,S/D
2020,7243,2020-08-09,Domingo,15:00:00,,0,2,"Bicicleta,Otros",Av. Dante Alighieri Y Bv. Oro�o,2,0,1,0,0,0,1,"-32.961865, -60.657949",Avenida,,ROSARIO,Rosario,Asfalto,No existe,II,Dentro,Urbana,Paso Peatonal,No existe,Intersección,S/D,S/D,Diurna,S/D,S/D,Ciclista,Atropello,S/D,Horizontal,Ninguna,S/D
2020,7244,2020-12-25,Viernes,6:45:00,,0,1,Moto/Ciclomotor,G Alvear Y Nicolas Schneider,1,1,0,0,0,0,0,"    -31.45858, -60.92657",Calle,,ESPERANZA,Las Colonias,Asfalto,No existe,XI,Dentro,Urbana,Ninguna,S/D,Intersección,Bueno,Buena,Diurna,Buen Tiempo,S/D,S/D,Vuelco,Ninguna,Faltante,Ninguna,Sin restricción
2020,7245,2020-11-19,Jueves,13:15:00,,0,1,Bicicleta,25 de Mayo Y España,2,1,0,0,1,0,0,"-33.74354, -61.96279",Calle,,VENADO TUERTO,General LÓPEZ,S/D,S/D,VIII,S/D,Urbana,S/D,S/D,Intersección,S/D,S/D,Diurna,S/D,S/D,S/D,Cañda ocupante,S/D,S/D,S/D,S/D
2020,7246,2020-08-10,Lunes,20:00:00,,0,1,Moto/Ciclomotor,,1,0,1,0,0,0,0,"-32.95410811901095,-60.678632855415",Calle,,ROSARIO,Rosario,S/D,S/D,II,Dentro,Urbana,S/D,S/D,S/D,S/D,S/D,Nocturna,S/D,S/D,S/D,Otro,S/D,S/D,S/D,S/D
2020,7247,2020-11-19,Jueves,13:55:00,Ruta Nacional 8,333,1,Moto/Ciclomotor,,1,1,0,0,0,0,0,"-33.76746, -61.96433",Ruta,8,VENADO TUERTO,General LÓPEZ,S/D,S/D,VIII,S/D,Urbana,S/D,S/D,Cruce,S/D,S/D,Diurna,S/D,Atropello animal,S/D,Colisión,S/D,S/D,S/D,S/D
2020,7248,2020-08-10,Lunes,11:00:00,,0,1,Moto/Ciclomotor,Bv. Avellaneda,1,1,0,0,0,0,0,"-32.955599427223206,-60.68342998623",Avenida,,ROSARIO,Rosario,S/D,No existe,II,Dentro,Urbana,S/D,No existe,Intersección,S/D,S/D,Diurna,S/D,S/D,S/D,Otro,S/D,S/D,S/D,S/D
2020,7249,2020-12-23,Miercoles,10:10:00,,0,1,Moto/Ciclomotor,Berutti 2000,1,1,0,0,0,0,0,"    -31.44496, -60.93568",Calle,,ESPERANZA,Las Colonias,Asfalto,No existe,XI,Dentro,Urbana,Ninguna,No existe,Recta,Bueno,Buena,Diurna,Buen Tiempo,S/D,S/D,Cañda ocupante,S/D,Faltante,Ninguna,Sin restricción
2020,7250,2020-08-10,Lunes,15:30:00,,0,1,Moto/Ciclomotor,Bv. Segui Y Roullon,1,1,0,0,0,0,0,"-32.97069489955904,-60.701066851615",Avenida,,ROSARIO,Rosario,Asfalto,No existe,II,Dentro,Urbana,Semáforo,Funciona,Intersección,S/D,S/D,Diurna,S/D,S/D,S/D,Otro,S/D,Vertical,Cordón divisorio,S/D
2020,7251,2020-08-10,Lunes,16:00:00,,0,1,Moto/Ciclomotor,,1,1,0,0,0,0,0,"-32.958523035049396,-60.67405700683",S/D,,ROSARIO,Rosario,S/D,S/D,II,S/D,S/D,S/D,S/D,S/D,S/D,S/D,Diurna,S/D,S/D,S/D,Otro,S/D,S/D,S/D,S/D
2020,7252,2020-11-19,Jueves,19:30:00,Ruta Provincial 40,8,1,Automóvil,,3,3,0,0,0,0,0,"-29.14579, -59.74003",Ruta,40,DV. DR. BARROS PAZOS,General Obligado,S/D,S/D,IX,S/D,Rural,S/D,S/D,Recta,S/D,S/D,Atardecer,S/D,S/D,S/D,Vuelco,S/D,S/D,S/D,S/D
2020,7253,2020-08-10,Lunes,19:00:00,,0,2,"Bicicleta,Otros",Riobamba,2,1,0,0,0,0,1,"-32.957322, -60.674164",Calle,,ROSARIO,Rosario,Asfalto,No existe,II,Dentro,Urbana,S/D,S/D,Intersección,S/D,S/D,Nocturna,S/D,S/D,Ciclista,Atropello,S/D,S/D,Ninguna,S/D
2020,7254,2020-08-10,Lunes,19:00:00,,0,2,"Bicicleta,Otros",Av. Dante Alighieri Y Av. Gob.Caesar,2,1,0,0,0,0,1,"-32.961952, -60.662303",Avenida,,ROSARIO,Rosario,Asfalto,No existe,II,Dentro,Urbana,S/D,No existe,Intersección,S/D,S/D,Nocturna,S/D,S/D,Ciclista,Atropello,S/D,Faltante,Ninguna,S/D
2020,7255,2020-12-23,Miercoles,12:00:00,,0,2,"Bicicleta,Automóvil",Av Los Colonizadores Y Rafaela,2,1,0,0,1,0,0,"    -31.45201, -60.91743",Calle,,ESPERANZA,Las Colonias,Asfalto,No existe,XI,S/D,Urbana,Ninguna,Funciona,Intersección,Bueno,Buena,Diurna,Buen Tiempo,S/D,S/D,Colisión,Ninguna,S/D,Vegetación,Sin restricción
2020,7256,2020-11-20,Viernes,,,0,2,"Automóvil,Pickup/Utilitario",Ayacucho Y Necochea,2,0,0,0,0,0,2,"-32.81723, -61.38409",Calle,,CAÑADA DE GÓMEZ,Iriondo,S/D,S/D,X,S/D,Urbana,S/D,S/D,Intersección,S/D,S/D,Diurna,S/D,S/D,S/D,Colisión,S/D,S/D,S/D,S/D
2020,7257,2020-08-10,Lunes,19:15:00,,0,2,"Bicicleta,Otros",Cafferata Y Rioja,2,1,0,0,0,0,1,"-32.941696057086,-60.671241357194",Calle,,ROSARIO,Rosario,Asfalto,No existe,II,Dentro,Urbana,Semáforo,Funciona,Intersección,S/D,S/D,Nocturna,S/D,S/D,Ciclista,Atropello,S/D,"Horizontal,Vertical",S/D,S/D
2020,7258,2020-11-20,Viernes,,Ruta Nacional 9,350,2,"Moto/Ciclomotor,Automóvil",,2,1,0,0,1,0,0,"-32.81255, -61.38155",Ruta,9,CAÑADA DE GÓMEZ,Iriondo,S/D,S/D,X,S/D,Urbana,S/D,S/D,Cruce,S/D,S/D,Diurna,S/D,S/D,S/D,Colisión,S/D,S/D,S/D,S/D
2020,7259,2020-08-11,Martes,0:00:00,,0,1,Moto/Ciclomotor,Melian Y Pje. 509,1,0,1,0,0,0,0,"-33.012907, -60.659212",Calle,,ROSARIO,Rosario,Asfalto,No existe,II,Dentro,Urbana,Ninguna,No existe,Intersección,S/D,S/D,Nocturna,S/D,S/D,S/D,Otro,S/D,Faltante,Ninguna,S/D
2020,7260,2020-11-20,Viernes,,Ruta Provincial 61,63,1,Pickup/Utilitario,,2,2,0,0,0,0,0,"-30.78611, -60.60705",Ruta,61,SAN JUSTO,San Justo,S/D,S/D,XVI,S/D,Urbana,S/D,S/D,Recta,S/D,S/D,Diurna,S/D,S/D,S/D,Despiste,S/D,S/D,S/D,S/D
2020,7261,2020-12-30,Miercoles,21:00:00,,0,1,Moto/Ciclomotor,General Manuel Belgrano Y Santa Fe,1,1,0,0,0,0,0,"    -32.42414, -61.89125",Calle,,BOUQUET,Belgrano,Asfalto,No existe,III,S/D,Urbana,Ninguna,No existe,Recta,Bueno,Buena,"Nocturna,Con luz artificial",Buen Tiempo,S/D,S/D,Cañda ocupante,Ninguna,Vertical,Ninguna,Sin restricción
2020,7262,2020-11-20,Viernes,,,0,1,Bicicleta,9 de Julio Y N J Zamaro,1,1,0,0,0,0,0,"-30.78667, -60.60378",Calle,,SAN JUSTO,San Justo,S/D,S/D,XVI,S/D,Urbana,S/D,S/D,Intersección,S/D,S/D,Nocturna,S/D,S/D,S/D,Cañda ocupante,S/D,S/D,S/D,S/D
2020,7263,2020-08-11,Martes,12:00:00,,0,1,Moto/Ciclomotor,Bv. 27 De Febrero Y P.L.Funes,1,0,1,0,0,0,0,"-32.958873, -60.700471",Avenida,,ROSARIO,Rosario,Asfalto,No existe,II,Dentro,Urbana,Ninguna,No existe,Intersección,S/D,S/D,Diurna,S/D,S/D,S/D,Otro,S/D,Horizontal,Cordón divisorio,S/D
2020,7264,2020-11-21,Sabado,19:30:00,,0,2,"Moto/Ciclomotor,Moto/Ciclomotor",Alvear Y Bernardo de Monteagudo,2,1,0,0,0,0,1,"-33.75506, -61.97721",Calle,,VENADO TUERTO,General LÓPEZ,S/D,S/D,VIII,S/D,Urbana,S/D,S/D,Intersección,S/D,S/D,Atardecer,S/D,S/D,S/D,Colisión,S/D,S/D,S/D,S/D
2020,7265,2020-11-22,Domingo,19:00:00,Autopista Provincial Brigadier E.LÓPEZ,81,1,Camión c / Semirremolque,,1,1,0,0,0,0,0,"-32.23637, -60.9954",Autopista,Brigadier E.LÓPEZ,BARRANCAS,San JERÓNIMO,S/D,S/D,XV,S/D,Rural,S/D,S/D,S/D,S/D,S/D,Atardecer,S/D,S/D,S/D,Vuelco,S/D,S/D,S/D,S/D
2020,7266,2020-11-22,Domingo,,,0,1,Automóvil,Santa Fe Y Belgrano,1,1,0,0,0,0,0,"-31.06098, -61.16494",Calle,,SARMIENTO,Las Colonias,S/D,S/D,XI,S/D,Urbana,S/D,S/D,Intersección,S/D,S/D,S/D,S/D,Contra objeto fijo,S/D,Colisión,S/D,S/D,S/D,S/D
2020,7267,2020-11-22,Domingo,21:45:00,Ruta Nacional 11,477,2,"Moto/Ciclomotor,Automóvil",,4,3,0,0,1,0,0,"-29.13477, -59.65491",Ruta,11,RECONQUISTA,General Obligado,S/D,S/D,IX,S/D,Urbana,S/D,S/D,Cruce,S/D,S/D,Nocturna,S/D,S/D,S/D,Colisión,S/D,S/D,S/D,S/D