anio_acci,nro_acci,fecha,desc_dia,hora_aprox,desc_ruta,km,cant_participantes,desc_participante,calle_avenida_km,total,heridos_leves,heridos_graves,heridos_gravisimos,ilesos,fallecidos,sin_datos,posicion_XY,desc_tipo_via,desc_ruta_ori,desc_loc,desc_dpto,desc_tipo_calzada,desc_tipo_banquina,desc_unidad_regional,desc_lugar_calzada,desc_zona,desc_prioridad,desc_estado_semaforo,desc_lugar_via,desc_estado_via,desc_estado_visibilidad,desc_luminosidad,desc_estado_clima,desc_tipo_colision,desc_tipo_atropello,desc_tipo_hecho,desc_pres_calzada,desc_senializacion,desc_separacion_via,desc_restriccion
2020,7268,2020-11-22,Domingo,,,0,2,"Automóvil,Pickup/Utilitario",Bv. Oroño Y Cordoba,3,3,0,0,0,0,0,"-32.94367, -60.65341",Avenida,,ROSARIO,Rosario,S/D,S/D,II,S/D,Urbana,S/D,S/D,Intersección,S/D,S/D,Diurna,S/D,S/D,S/D,Colisión,S/D,S/D,S/D,S/D
2020,7270,2020-08-11,Martes,19:14:00,,0,2,"Bicicleta,Otros",,2,1,0,0,0,0,1,"-32.952917218208334,-60.67836999893",S/D,,ROSARIO,Rosario,S/D,S/D,II,S/D,S/D,S/D,S/D,S/D,S/D,S/D,Nocturna,S/D,S/D,Ciclista,Atropello,S/D,S/D,S/D,S/D
2020,7271,2020-08-10,Lunes,21:00:00,,0,2,"Bicicleta,Automóvil",Dorrego Y San Juan,2,1,0,0,0,0,1,"-32.948170414009,-60.650168883488",Calle,,ROSARIO,Rosario,Asfalto,No existe,II,Dentro,Urbana,Paso Peatonal,No existe,Intersección,S/D,S/D,Nocturna,S/D,S/D,Ciclista,Atropello,S/D,Horizontal,Ninguna,S/D
2020,7272,2020-12-25,Viernes,7:00:00,,0,2,"Automóvil,Automóvil",Peru Y Pio Domingo Chiodi,6,4,0,0,2,0,0,"    -32.78377, -61.6029",Calle,,ARMSTRONG,Belgrano,Asfalto,Pavimento,III,Dentro,Urbana,Ninguna,No existe,Intersección,S/D,S/D,Diurna,Buen Tiempo,Frontal,S/D,Colisión,S/D,S/D,Ninguna,Sin restricción
2020,7273,2020-12-29,Martes,9:35:00,,0,2,"Bicicleta,Pickup/Utilitario",Avenida 16 Y Avenida 21,2,0,1,0,1,0,0,"    -32.68138, -61.52122",Avenida,,LAS PAREJAS,Belgrano,Asfalto,No existe,III,Dentro,Urbana,S/D,No existe,Intersección,Bueno,Buena,Diurna,Buen Tiempo,Lateral,Ciclista,Atropello,Ninguna,S/D,Ninguna,Sin restricción
2020,7274,2020-12-25,Viernes,8:20:00,Ruta Nacional 178,0,1,Moto/Ciclomotor,Calle 25 Y Ruta 178,2,0,2,0,0,0,0,"    -32.67936, -61.52747",Ruta,178,LAS PAREJAS,Belgrano,Hormigón,Ripio,III,Fuera,Urbana,Ninguna,No existe,Recta,Bueno,Buena,Diurna,Buen Tiempo,S/D,S/D,Despiste,Ninguna,Faltante,S/D,Sin restricción
2020,7275,2020-12-25,Viernes,6:30:00,,0,1,Moto/Ciclomotor,Tucuman Y Belgrano,1,1,0,0,0,0,0,"    -32.47958, -61.57433",Calle,,LAS ROSAS,Belgrano,Hormigón,S/D,III,S/D,Urbana,Ninguna,No existe,Recta,Bueno,Buena,Diurna,Buen Tiempo,S/D,S/D,Cañda ocupante,Ninguna,Vertical,Ninguna,Sin restricción
2020,7276,2020-12-27,Domingo,20:00:00,Ruta Nacional A012,13,2,"Automóvil,Moto/Ciclomotor",,3,1,0,0,2,0,0,"    -33.09216, -60.78346",Ruta,A012,PIÑERO,Rosario,Asfalto,Natural,II,Dentro,Rural,Ninguna,No existe,Recta,Bueno,Buena,Nocturna,Buen Tiempo,Lateral,S/D,Colisión,Ninguna,Vertical,Línea divisoria pintada,Sin restricción
2020,7277,2020-12-24,Jueves,13:45:00,,0,2,"Automóvil,Moto/Ciclomotor",Iturraspe Y Gral Jose de San Martin,2,0,1,0,1,0,0,"    -33.74325, -61.95775",Calle,,VENADO TUERTO,General LÓPEZ,Asfalto,No existe,VII,S/D,Urbana,Ninguna,No existe,Intersección,Bueno,Buena,Diurna,Buen Tiempo,Lateral,S/D,Colisión,Ninguna,Faltante,Línea divisoria pintada,Sin restricción
2020,7278,2020-12-27,Domingo,18:50:00,Ruta Nacional 8,0,2,"Automóvil,Moto/Ciclomotor",Roque Saenz Pe�a Y Ruta Nac 8,2,0,1,0,1,0,0,"    -33.74292, -61.98355",Ruta,8,VENADO TUERTO,General LÓPEZ,Asfalto,Ripio,VIII,S/D,Urbana,S/D,No existe,Intersección,Bueno,Buena,Diurna,Buen Tiempo,Lateral,S/D,Colisión,Ninguna,S/D,Línea divisoria pintada,S/D
2020,7279,2020-12-29,Martes,8:20:00,,0,2,"Pickup/Utilitario,Moto/Ciclomotor",Lisandro de la Torre Y Lopez,2,0,1,0,1,0,0,"    -33.74572, -61.97606",Calle,,VENADO TUERTO,General LÓPEZ,Asfalto,No existe,VIII,S/D,Urbana,Ninguna,No existe,Intersección,Bueno,Buena,Diurna,Buen Tiempo,Lateral,S/D,Colisión,Ninguna,Faltante,Ninguna,Sin restricción
2020,7280,2020-12-29,Martes,19:40:00,,0,2,"Moto/Ciclomotor,Moto/Ciclomotor",Dorrego Y Pje Julio Avila,2,1,0,0,1,0,0,"    -30.31976, -61.23098",Calle,,SAN CRISTÓBAL,San CRISTÓBAL,Ripio,No existe,XIII,Dentro,Urbana,Ninguna,No existe,Intersección,Bueno,Buena,Diurna,Buen Tiempo,Lateral,S/D,Colisión,Ninguna,S/D,Ninguna,Sin restricción
2020,7281,2020-12-28,Lunes,9:30:00,,0,2,"Pickup/Utilitario,Peatón",Alberdi,3,0,2,0,1,0,0,"    -30.62227, -60.91253",Calle,,SOLEDAD,San CRISTÓBAL,Ripio,Pavimento,XIII,Dentro,Urbana,Ninguna,No existe,Intersección,Bueno,Buena,Diurna,Buen Tiempo,Otro,S/D,Cañda ocupante,Ninguna,Faltante,Ninguna,S/D
2020,7282,2020-12-24,Jueves,12:50:00,,0,2,"Pickup/Utilitario,Moto/Ciclomotor",Av Falucho,2,2,0,0,0,0,0,"    -29.88414, -61.95348",Avenida,,CERES,San CRISTÓBAL,Asfalto,S/D,XIII,S/D,Urbana,S/D,No existe,Intersección,Bueno,Buena,Diurna,Buen Tiempo,S/D,S/D,Colisión,S/D,S/D,S/D,Sin restricción
2020,7283,2020-12-23,Miercoles,18:20:00,,0,2,"Automóvil,Moto/Ciclomotor",Azcuenaga Y Ituzaingo,2,1,0,0,1,0,0,"    -30.30235, -61.23416",Calle,,SAN CRISTÓBAL,San CRISTÓBAL,Ripio,Natural,XIII,Dentro,Urbana,Ninguna,No existe,Recta,Resbaladiza,Buena,Diurna,Buen Tiempo,Lateral,S/D,Colisión,S/D,Faltante,S/D,S/D
2020,7284,2020-12-23,Miercoles,21:30:00,,0,1,Moto/Ciclomotor,Belgrano Y Santa Fe,1,0,1,0,0,0,0,"    -29.88476, -61.94187",Calle,,CERES,San CRISTÓBAL,Asfalto,Pavimento,XVI,S/D,Urbana,S/D,No existe,Intersección,Bueno,Buena,Nocturna,Buen Tiempo,Atropello animal,S/D,"Cañda ocupante,Colisión",S/D,S/D,S/D,Sin restricción
2020,7285,2020-12-24,Jueves,16:15:00,Ruta Nacional 11,645,2,"Automóvil,Automóvil",,3,1,0,0,2,0,0,"    -30.14431, -60.33654",Ruta,11,VERA Y PINTADO,San Justo,Asfalto,Pavimento,XVI,Dentro,Urbana,Ninguna,No existe,Intersección,Bueno,Buena,Diurna,Buen Tiempo,Frontal,S/D,Colisión,Ninguna,Horizontal,Línea divisoria pintada,Sin restricción
2020,7286,2020-12-24,Jueves,12:10:00,Ruta Nacional 11,663,2,"Automóvil,Moto/Ciclomotor",,3,1,0,0,2,0,0,"    -30.03836, -60.31461",Ruta,11,PEDRO GÓMEZ CELLO,San Justo,Asfalto,Natural,XVI,Dentro,Rural,Ninguna,No existe,Recta,Bueno,Buena,Diurna,Buen Tiempo,De alcance,S/D,Colisión,Ninguna,Horizontal,Línea divisoria pintada,Sin restricción
2020,7287,2020-12-24,Jueves,12:35:00,,0,2,"Moto/Ciclomotor,Automóvil",Gral Urquiza 2469,2,1,0,0,1,0,0,"    -30.78996, -60.58968",Calle,,SAN JUSTO,San Justo,Hormigón,S/D,XVI,Dentro,Urbana,Ninguna,S/D,Recta,Bueno,Buena,Diurna,Buen Tiempo,Frontal,S/D,Colisión,S/D,S/D,S/D,Sin restricción
2020,7288,2020-12-23,Miercoles,12:00:00,,0,2,"Bicicleta,Automóvil",Alvear Y San Luis,2,0,1,0,1,0,0,"    -32.94609, -60.6553",Calle,,ROSARIO,Rosario,Hormigón,S/D,II,S/D,S/D,S/D,S/D,Recta,S/D,S/D,Diurna,Buen Tiempo,S/D,S/D,Colisión,S/D,S/D,S/D,S/D
2020,7289,2020-12-29,Martes,,,0,2,"Moto/Ciclomotor,Automóvil",Dorrego Y Montevideo,2,1,0,0,1,0,0,"    -32.95418, -60.65166",Calle,,ROSARIO,Rosario,Asfalto,S/D,II,S/D,Urbana,S/D,S/D,Recta,Bueno,S/D,Diurna,S/D,S/D,S/D,Colisión,S/D,S/D,S/D,S/D
2020,7290,2020-12-25,Viernes,15:00:00,,0,2,"Moto/Ciclomotor,Automóvil",Maipu Y Mendoza,2,1,0,0,1,0,0,"-32.95889, -60.69279",Calle,,ROSARIO,Rosario,S/D,S/D,II,S/D,Urbana,Ninguna,S/D,Recta,S/D,S/D,Diurna,S/D,S/D,S/D,Colisión,S/D,S/D,Ninguna,S/D
2020,7291,2020-12-28,Lunes,12:10:00,,0,2,"Pickup/Utilitario,Moto/Ciclomotor",4 de Enero Y Junin,2,1,0,0,1,0,0,"    -31.63778, -60.70948",Calle,,SANTA FE,La Capital,Asfalto,Pavimento,I,Dentro,Urbana,Semáforo,Funciona,Intersección,Bueno,Buena,Diurna,Buen Tiempo,Lateral,S/D,Colisión,Ninguna,Faltante,Ninguna,Sin restricción
2020,7292,2020-12-24,Jueves,17:50:00,,0,2,"Moto/Ciclomotor,Moto/Ciclomotor",Salta 2731,2,1,0,0,1,0,0,"    -31.64983, -60.70929",Calle,,SANTA FE,La Capital,Asfalto,Pavimento,I,Dentro,Urbana,Ninguna,No existe,Recta,Bueno,Buena,Diurna,Buen Tiempo,Lateral,S/D,Colisión,Ninguna,Faltante,Ninguna,Sin restricción
2020,7293,2020-12-24,Jueves,17:00:00,,0,2,"Moto/Ciclomotor,Automóvil",Necochea 3657,2,1,0,0,1,0,0,"    -31.63558, -60.69389",Calle,,SANTA FE,La Capital,Asfalto,No existe,I,Dentro,Urbana,S/D,No existe,Recta,Bueno,S/D,Diurna,S/D,S/D,S/D,Colisión,S/D,S/D,S/D,S/D
2020,7294,2020-12-24,Jueves,13:50:00,,0,2,"Moto/Ciclomotor,Otros",Juan Bautista Alberdi Y Valentin Alsina,3,1,1,0,0,0,1,"    -31.68251, -60.7611",Calle,,SANTO TOMÉ,La Capital,Asfalto,Pavimento,I,S/D,Urbana,Ninguna,No existe,Cruce,Bueno,Buena,Diurna,Buen Tiempo,Otro,S/D,Colisión,Ninguna,Faltante,S/D,Sin restricción
2020,7295,2020-12-24,Jueves,19:30:00,Ruta Provincial 2,17.5,2,"Moto/Ciclomotor,Automóvil",Ruta pcial 2 Av San Martin 17.5,2,1,0,0,1,0,0,"    -31.51104, -60.67904",Ruta,2,MONTE VERA,La Capital,Asfalto,Natural,I,S/D,Rural,Ninguna,No existe,Intersección,Bueno,Buena,Diurna,Buen Tiempo,Frontal,S/D,Colisión,Ninguna,S/D,Ninguna,Sin restricción
2020,7296,2020-12-25,Viernes,5:00:00,,0,2,"Moto/Ciclomotor,Moto/Ciclomotor",Entre Rios Y Av Gral Lopez,3,2,0,0,1,0,0,"    -32.97437, -60.6481",Calle,,SANTA FE,La Capital,S/D,No existe,I,Dentro,Urbana,Ninguna,No existe,Intersección,Bueno,Buena,Nocturna,Buen Tiempo,Lateral,S/D,Colisión,Ninguna,Faltante,S/D,Sin restricción
2020,7297,2020-12-26,Sabado,18:00:00,,0,2,"Moto/Ciclomotor,Automóvil",,3,2,0,0,1,0,0,"    -31.55526, -60.67668",S/D,,ANGEL GALLARDO,La Capital,Ripio,Natural,I,S/D,Urbana,Ninguna,No existe,Intersección,Bueno,Buena,Diurna,Buen Tiempo,Lateral,S/D,Colisión,Ninguna,Faltante,Ninguna,Sin restricción
2020,7298,2020-12-29,Martes,20:30:00,,0,2,"Peatón,Automóvil",Av Gral Lopez Y Av Freyre,2,1,0,0,1,0,0,"    -31.65517, -60.7213",Avenida,,SANTA FE,La Capital,Asfalto,Pavimento,I,S/D,Urbana,Ninguna,Funciona,Intersección,Bueno,Buena,"Nocturna,Con luz artificial",Buen Tiempo,S/D,Peatón,Atropello,S/D,Vertical,S/D,Sin restricción
2020,7299,2020-12-24,Jueves,11:00:00,,0,2,"Moto/Ciclomotor,Otros",Regis Martinez Y Santiago de Chile,2,1,0,0,0,0,1,"    -31.61555, -60.71546",Calle,,SANTA FE,La Capital,Asfalto,No existe,I,S/D,Urbana,Semáforo,Funciona,Intersección,Bueno,Buena,Diurna,Buen Tiempo,S/D,S/D,Colisión,Ninguna,Vertical,Línea divisoria pintada,Sin restricción
2020,7300,2020-12-28,Lunes,9:45:00,,0,2,"Moto/Ciclomotor,Automóvil",Av Lopez y Planes Y Pje Irala,2,1,0,0,1,0,0,"    -31.62991, -60.71391",Avenida,,SANTA FE,La Capital,Asfalto,No existe,I,S/D,S/D,Semáforo,No existe,Intersección,Bueno,Buena,Diurna,Buen Tiempo,Lateral,S/D,Colisión,Ninguna,Vertical,Línea divisoria pintada,Sin restricción
2020,7301,2020-12-29,Martes,10:20:00,,0,2,"Peatón,Moto/Ciclomotor",Padre Catena 4200,2,1,0,0,1,0,0,"    -31.63086, -60.72047",Calle,,SANTA FE,La Capital,Asfalto,No existe,I,S/D,Urbana,Semáforo,No existe,Recta,Bueno,Buena,Diurna,Buen Tiempo,S/D,Peatón,Atropello,Ninguna,Vertical,Línea divisoria pintada,Sin restricción
2020,7302,2020-10-10,Sabado,3:00:00,,0,2,"Bicicleta,Automóvil",Diaz Velez Y  Remedios de Escalada de San M,2,1,0,0,1,0,0,"-33.051914867947,-61.186687450262",Calle,,CASILDA,Caseros,S/D,S/D,IV,Dentro,Urbana,S/D,S/D,Intersección,S/D,S/D,Nocturna,S/D,S/D,Ciclista,Atropello,S/D,S/D,S/D,S/D
2020,7303,2020-12-29,Martes,12:00:00,,0,2,"Moto/Ciclomotor,Otros",Regis Martinez,4,1,0,0,2,0,1,"    -31.61782, -60.70446",Calle,,SANTA FE,La Capital,Asfalto,No existe,I,Dentro,Urbana,Semáforo,Funciona,Intersección,Bueno,Buena,Diurna,Buen Tiempo,Lateral,S/D,Colisión,Ninguna,Vertical,Línea divisoria pintada,Sin restricción
2020,7304,2020-12-24,Jueves,11:15:00,,0,2,"Bicicleta,Automóvil",Av Freyre Y Primera Junta,2,0,1,0,1,0,0,"    -31.64503, -60.71835",Avenida,,SANTA FE,La Capital,Asfalto,No existe,I,Dentro,Urbana,Ninguna,No existe,Recta,Bueno,Buena,Diurna,Buen Tiempo,S/D,Ciclista,Atropello,Ninguna,Vertical,Ninguna,Sin restricción
2020,7305,2020-12-25,Viernes,6:10:00,,0,2,"Moto/Ciclomotor,Bicicleta",Francia Y Hipolito Yrigoyen,2,0,2,0,0,0,0,"    -31.64083, -60.71315",Calle,,SANTA FE,La Capital,Asfalto,No existe,I,Dentro,Urbana,Ninguna,No existe,Intersección,Bueno,Buena,Diurna,Buen Tiempo,S/D,Ciclista,Atropello,Ninguna,Faltante,Ninguna,Sin restricción
2020,7306,2020-12-26,Sabado,13:00:00,,0,3,"Moto/Ciclomotor,Automóvil,Automóvil",Av Freyre Y Obispo Gelabert,3,1,0,0,2,0,0,"    -31.63425, -60.71537",Calle,,SANTA FE,La Capital,Asfalto,No existe,I,Dentro,Urbana,Ninguna,No existe,Intersección,Bueno,Reducida polvo,Diurna,S/D,Lateral,S/D,Colisión,Ninguna,Faltante,Línea divisoria pintada,S/D
2020,7307,2020-12-26,Sabado,18:30:00,Ruta Provincial 2,17,1,Automóvil,Ruta pcial 2 Av San Martin 17,2,2,0,0,0,0,0,"    -31.5209, -60.68234",Ruta,2,MONTE VERA,La Capital,Asfalto,No existe,I,Fuera,Rural,Ninguna,No existe,Recta,S/D,Buena,Diurna,Buen Tiempo,S/D,S/D,Vuelco,Ninguna,Vertical,Ninguna,Sin restricción
2020,7308,2020-12-28,Lunes,14:30:00,Ruta Provincial 2,0,2,"Moto/Ciclomotor,Automóvil",Ruta pcial 2 Av San Martin Y Santiago del Estero,3,2,0,0,1,0,0,"    -31.51329, -60.67988",Ruta,2,MONTE VERA,La Capital,Asfalto,Ripio,I,Dentro,Urbana,Ninguna,Funciona,Intersección,Bueno,Buena,Diurna,Buen Tiempo,Lateral,S/D,Colisión,Ninguna,Faltante,Ninguna,Sin restricción
2020,7309,2020-12-25,Viernes,2:00:00,,0,1,Moto/Ciclomotor,Mangol Cacique,2,1,1,0,0,0,0,"    -32.67274, -60.78366",Calle,,TIMBÚES,San Lorenzo,Ripio,No existe,XVII,Dentro,Urbana,Ninguna,No existe,Intersección,Bueno,Buena,Nocturna,Buen Tiempo,S/D,S/D,Cañda ocupante,Ninguna,Faltante,Ninguna,Sin restricción
2020,7310,2020-12-27,Domingo,21:00:00,Ruta Nacional 11,0,1,Moto/Ciclomotor,Ruta Nac 11 Y Belgrano,2,2,0,0,0,0,0,"-32.95883, -60.693",Ruta,11,TIMBÚES,San Lorenzo,Asfalto,Ripio,XVII,Dentro,Urbana,Ninguna,No existe,Recta,Bueno,Buena,Nocturna,Buen Tiempo,Atropello animal,S/D,Colisión,Ninguna,Vertical,Ninguna,Sin restricción
2020,7311,2020-12-28,Lunes,9:40:00,,0,2,"Bicicleta,Automóvil",Bv Oroño,2,1,0,0,1,0,0,"-32.95883, -60.693",Calle,,SAN LORENZO,San Lorenzo,Asfalto,S/D,XVII,Dentro,Urbana,Ninguna,No existe,Intersección,S/D,Buena,Diurna,S/D,S/D,Ciclista,Atropello,S/D,S/D,S/D,S/D
2020,7312,2020-12-27,Domingo,20:00:00,,0,2,"Pickup/Utilitario,Moto/Ciclomotor",M Diaz Velez Y Luna,4,2,0,0,2,0,0,"-32.95889, -60.69279",Calle,,SAN LORENZO,San Lorenzo,Hormigón,No existe,XVII,S/D,Urbana,S/D,No existe,Intersección,S/D,S/D,Nocturna,S/D,Lateral,S/D,Colisión,S/D,S/D,S/D,S/D
2020,7313,2020-12-26,Sabado,22:00:00,,0,2,"Bicicleta,Automóvil",Av San Martin Y Cordoba,2,1,0,0,1,0,0,"-32.95889, -60.69279",Avenida,,PUERTO SAN MARTÍN,San Lorenzo,Asfalto,No existe,XVII,Dentro,Urbana,Ninguna,No existe,Intersección,Bueno,Buena,Nocturna,Buen Tiempo,Lateral,Ciclista,Atropello,Ninguna,Horizontal,Ninguna,Sin restricción
2020,7314,2020-12-29,Martes,18:20:00,,0,2,"Moto/Ciclomotor,Automóvil",Av San Martin Y Cordoba,2,1,0,0,1,0,0,"    -32.71751, -60.73117",Avenida,,PUERTO SAN MARTÍN,San Lorenzo,S/D,No existe,XVII,Dentro,Urbana,Ninguna,No existe,Distribuidor,S/D,S/D,Diurna,Buen Tiempo,Lateral,S/D,Colisión,Ninguna,S/D,Ninguna,Sin restricción
2020,7315,2020-12-30,Miercoles,21:30:00,,0,2,"Moto/Ciclomotor,Automóvil",Cordoba Y Reconquista,3,2,0,0,1,0,0,"    -32.71625, -60.73837",Avenida,,PUERTO SAN MARTÍN,San Lorenzo,Asfalto,No existe,XVII,Dentro,Urbana,Ninguna,No existe,Intersección,Bueno,Reducida,Nocturna,Buen Tiempo,Lateral,S/D,Colisión,Ninguna,S/D,Ninguna,Sin restricción
2020,7316,2020-12-31,Jueves,15:00:00,,0,2,"Automóvil,Moto/Ciclomotor",Ing White Y Lavalle,3,2,0,0,1,0,0,"    -32.76301, -60.73874",Calle,,SAN LORENZO,San Lorenzo,Asfalto,S/D,XVII,Dentro,Urbana,S/D,S/D,Intersección,S/D,S/D,Diurna,Buen Tiempo,S/D,S/D,Colisión,S/D,S/D,Ninguna,Sin restricción
2020,7317,2020-12-31,Jueves,18:00:00,,0,2,"Moto/Ciclomotor,Automóvil",Tte. roca Y B de Astrada,2,1,0,0,1,0,0,"    -32.73795, -60.74675",Calle,,SAN LORENZO,San Lorenzo,S/D,S/D,XVII,Dentro,Urbana,Ninguna,S/D,Intersección,S/D,S/D,Atardecer,S/D,S/D,S/D,Colisión,S/D,S/D,Ninguna,S/D
2020,7318,2020-12-29,Martes,7:55:00,,0,2,"Moto/Ciclomotor,Automóvil",Bateria Independencia 500,2,1,0,0,1,0,0,"-31.61555, -60.71546",Calle,,SAN LORENZO,San Lorenzo,S/D,S/D,XVII,S/D,Urbana,S/D,S/D,Recta,Bueno,Buena,Amanecer,S/D,S/D,S/D,Colisión,S/D,S/D,S/D,S/D
2020,7319,2020-12-27,Domingo,5:15:00,Ruta Nacional 11,0,2,"Moto/Ciclomotor,Transporte de Pasajeros Urbano (> 8 asientos)",Av San Martin Y Rivadavia,2,1,0,0,1,0,0,"    -32.7506, -60.73415",Ruta,11,SAN LORENZO,San Lorenzo,Asfalto,S/D,XVII,S/D,Urbana,S/D,S/D,Intersección,S/D,S/D,Nocturna,S/D,S/D,S/D,Colisión,S/D,S/D,S/D,S/D
2020,7320,2020-12-13,Domingo,3:20:00,Ruta Nacional 178,194,1,Moto/Ciclomotor,,2,1,0,0,1,0,0,"-32.53366, -61.55094",Ruta,178,LAS ROSAS,Belgrano,Asfalto,Natural,III,Fuera,Rural,Ninguna,No existe,Recta,Bueno,Reducida,Nocturna,Buen Tiempo,S/D,S/D,Despiste,Ninguna,Horizontal,Ninguna,Sin restricción
2020,7321,2020-12-11,Viernes,16:00:00,,0,2,"Moto/Ciclomotor,Automóvil",Cordoba 1900,2,0,1,0,1,0,0,"-32.94444, -60.64927",Calle,,ROSARIO,Rosario,S/D,S/D,II,S/D,Urbana,S/D,S/D,Recta,S/D,S/D,Diurna,S/D,S/D,S/D,Colisión,S/D,S/D,S/D,S/D
2020,7322,2020-06-28,Domingo,,,0,2,"Bicicleta,Pickup/Utilitario",Bv. Oroño Y Urquiza,2,1,0,0,1,0,0,"-32.94028, -60.65234",Avenida,,ROSARIO,Rosario,Asfalto,S/D,II,S/D,Urbana,S/D,S/D,Intersección,S/D,S/D,Diurna,S/D,S/D,S/D,Colisión,S/D,S/D,S/D,S/D
2020,7323,2020-01-22,Miercoles,19:15:00,,0,2,"Moto/Ciclomotor,Pickup/Utilitario",Matienzo Y Marcos Paz,3,0,2,0,1,0,0,"-32.9386, -60.69476",Calle,,ROSARIO,Rosario,Asfalto,No existe,II,Dentro,Urbana,Ninguna,No existe,Intersección,Bueno,Buena,Atardecer,Buen Tiempo,Lateral,S/D,Colisión,Ninguna,S/D,Ninguna,S/D
2020,7324,2020-12-22,Martes,12:40:00,,0,2,"Automóvil,Moto/Ciclomotor",Friuli Y Tucuman,3,2,0,0,1,0,0,"-32.93318, -60.73552",Calle,,ROSARIO,Rosario,Asfalto,No existe,II,Dentro,Urbana,Ninguna,No existe,Intersección,Bueno,Buena,Diurna,Buen Tiempo,S/D,S/D,Colisión,Ninguna,Faltante,Ninguna,Sin restricción
2020,7325,2020-12-22,Martes,19:35:00,,0,2,"Camión Chasis,Moto/Ciclomotor",Hipolito Irigoyen Y Av. de los Trabaj. Ferroviario,3,1,1,0,1,0,0,"-30.30567, -61.23569",Avenida,,SAN CRISTÓBAL,San CRISTÓBAL,Asfalto,Pavimento,XIII,S/D,Urbana,Ninguna,No existe,Intersección,Bueno,Buena,Diurna,Buen Tiempo,S/D,S/D,Colisión,S/D,S/D,S/D,S/D
2020,7326,2020-12-22,Martes,12:45:00,,0,2,"Moto/Ciclomotor,Pickup/Utilitario",Mitre Y San Luis,2,1,0,0,1,0,0,"-31.74649, -61.10064",Calle,,SAN CARLOS CENTRO,Las Colonias,Ripio,No existe,XI,Dentro,Urbana,Ninguna,No existe,Intersección,Bueno,Buena,Diurna,Buen Tiempo,Lateral,S/D,Colisión,Ninguna,Faltante,Ninguna,Sin restricción
2020,7327,2020-09-13,Domingo,21:15:00,,0,2,"Automóvil,Moto/Ciclomotor",Rivadavia Y Urquiza,2,1,0,0,1,0,0,"-32.143113049637,-61.98225191684",Calle,,PIAMONTE,San MARTÍN,Asfalto,No existe,XVIII,Dentro,Urbana,Ninguna,No existe,Intersección,Bueno,Buena,Nocturna,Buen Tiempo,Lateral,S/D,Colisión,Ninguna,Vertical,Ninguna,Sin restricción
2020,7328,2020-12-22,Martes,23:00:00,Ruta Secundaria 69-s,0,2,"Automóvil,Automóvil",,6,4,1,1,0,0,0,"-30.50877, -62.06511",Ruta,69-s,MONTE OSCURIDAD,San CRISTÓBAL,Ripio,Natural,XIII,S/D,Rural,Ninguna,No existe,Cruce,Bueno,Buena,Nocturna,Buen Tiempo,Lateral,S/D,Colisión,Ninguna,S/D,Ninguna,Sin restricción
2020,7329,2020-12-22,Martes,18:30:00,Ruta Provincial 20,118,1,Moto/Ciclomotor,,1,0,1,0,0,0,0,"-31.86595, -62.09789",Ruta,20,LAS PETACAS,San MARTÍN,Tierra,Natural,XVIII,Dentro,Rural,Ninguna,No existe,Recta,Bueno,Buena,Diurna,Buen Tiempo,S/D,S/D,Despiste,Ninguna,Faltante,Ninguna,Sin restricción
2020,7330,2020-12-22,Martes,,,0,2,"Automóvil,Moto/Ciclomotor",Sargento Cabral 2200,2,1,0,0,1,0,0,"-32.74059, -60.73049",Calle,,SAN LORENZO,San Lorenzo,S/D,S/D,XVII,S/D,Urbana,S/D,S/D,Recta,S/D,S/D,S/D,S/D,S/D,S/D,Colisión,S/D,S/D,S/D,S/D
2020,7331,2020-12-22,Martes,21:30:00,Ruta Provincial 1,2,2,"Automóvil,Automóvil",,5,0,0,0,2,0,3,"-31.62914, -60.60973",Ruta,1,COLASTINE,La Capital,Asfalto,No existe,I,S/D,Urbana,Semáforo,Funciona,Recta,Bueno,Buena,Nocturna,Buen Tiempo,Frontal,S/D,Colisión,Ninguna,Vertical,Cordón divisorio,Sin restricción
2020,7332,2020-12-22,Martes,0:30:00,,0,2,"Automóvil,Moto/Ciclomotor",Alvear Y Angel Cassanello,3,1,0,0,2,0,0,"-31.61058, -60.68875",Calle,,SANTA FE,La Capital,Asfalto,No existe,I,Dentro,Urbana,Ninguna,No existe,Intersección,Bueno,Reducida,Nocturna,Buen Tiempo,Lateral,S/D,Colisión,Ninguna,S/D,Ninguna,Sin restricción
2020,7333,2020-12-22,Martes,19:00:00,,0,2,"Moto/Ciclomotor,Automóvil",Salvador del Carril 1450,2,1,0,0,1,0,0,"-31.62062, -60.68548",Calle,,SANTA FE,La Capital,Asfalto,No existe,I,Dentro,Urbana,Ninguna,No existe,Recta,Bueno,Buena,Diurna,Buen Tiempo,De alcance,S/D,Colisión,Ninguna,S/D,Ninguna,Sin restricción
2020,7334,2020-12-16,Miercoles,20:00:00,,0,2,"Moto/Ciclomotor,Automóvil",Maciel Y Fray Luis Beltran,2,1,0,0,1,0,0,"-32.89409, -60.91014",Calle,,ROLDÁN,San Lorenzo,Asfalto,Pavimento,XVII,S/D,Urbana,Ninguna,No existe,Intersección,Bueno,Buena,Nocturna,Buen Tiempo,Lateral,S/D,Colisión,Ninguna,Vertical,Ninguna,Sin restricción