anio_acci,nro_acci,fecha,desc_dia,hora_aprox,desc_ruta,km,cant_participantes,desc_participante,calle_avenida_km,total,heridos_leves,heridos_graves,heridos_gravisimos,ilesos,fallecidos,sin_datos,posicion_XY,desc_tipo_via,desc_ruta_ori,desc_loc,desc_dpto,desc_tipo_calzada,desc_tipo_banquina,desc_unidad_regional,desc_lugar_calzada,desc_zona,desc_prioridad,desc_estado_semaforo,desc_lugar_via,desc_estado_via,desc_estado_visibilidad,desc_luminosidad,desc_estado_clima,desc_tipo_colision,desc_tipo_atropello,desc_tipo_hecho,desc_pres_calzada,desc_senializacion,desc_separacion_via,desc_restriccion
2020,7336,2020-12-22,Martes,19:50:00,,0,2,"Moto/Ciclomotor,Automóvil",Av Lopez y Planes 4300,2,0,0,0,0,0,2,"-31.62575, -60.71361",Avenida,,SANTA FE,La Capital,Asfalto,No existe,I,S/D,Urbana,Semáforo,Funciona,Recta,Bueno,Buena,Atardecer,Buen Tiempo,Lateral,S/D,Colisión,Ninguna,Vertical,Línea divisoria pintada,Sin restricción
2020,7337,2020-12-22,Martes,10:45:00,,0,2,"Moto/Ciclomotor,Peatón",Junin Y San Luis,2,1,0,0,1,0,0,"-31.63961, -60.70107",Calle,,SANTA FE,La Capital,Asfalto,Pavimento,I,Dentro,Urbana,Ninguna,No existe,Intersección,Bueno,Buena,Diurna,Buen Tiempo,S/D,Peatón,Atropello,Ninguna,Faltante,Ninguna,Sin restricción
2020,7338,2020-12-22,Martes,7:10:00,Autopista Provincial Brigadier E.LÓPEZ,154,2,"Pickup/Utilitario,Otros",,6,2,2,0,2,0,0,"-31.62576, -60.73767",Autopista,Brigadier E.LÓPEZ,ROSARIO,Rosario,Asfalto,S/D,II,S/D,Urbana,Ninguna,S/D,Recta,Bueno,S/D,Amanecer,Buen Tiempo,Lateral,S/D,Colisión,Ninguna,Faltante,Vegetación,Sin restricción
2020,7339,2020-12-22,Martes,12:00:00,,0,2,"Moto/Ciclomotor,Moto/Ciclomotor",Melincue Y Cabildo,2,0,1,0,1,0,0,"-33.00733, -60.64767",Calle,,ROSARIO,Rosario,Asfalto,No existe,II,Dentro,Urbana,Ninguna,No existe,Intersección,Bueno,Buena,Diurna,Buen Tiempo,Lateral,S/D,Colisión,Ninguna,Faltante,Ninguna,Sin restricción
2020,7340,2020-12-23,Miercoles,14:45:00,,0,2,"Automóvil,Moto/Ciclomotor",Av Gral Paz Y Ricardo Aldao,2,1,0,0,1,0,0,"-31.61332, -60.68059",Avenida,,SANTA FE,La Capital,Asfalto,No existe,I,Dentro,Urbana,Ninguna,No existe,Intersección,Bueno,Buena,Diurna,Buen Tiempo,Lateral,S/D,Colisión,Ninguna,S/D,Ninguna,Sin restricción
2020,7341,2020-12-23,Miercoles,18:10:00,,0,2,"Peatón,Moto/Ciclomotor",Bv. Oroño Y Olegario V.Andrade,2,2,0,0,0,0,0,"-32.99637, -60.66508",Calle,,ROSARIO,Rosario,Asfalto,No existe,II,Dentro,Urbana,Ninguna,No existe,Intersección,Bueno,Buena,Atardecer,Buen Tiempo,S/D,Peatón,Atropello,Ninguna,Faltante,Ninguna,Sin restricción
2020,7342,2020-12-23,Miercoles,10:45:00,Ruta Nacional 11,50,1,Moto/Ciclomotor,,1,1,0,0,0,0,0,"-32.71342, -60.75682",Ruta,11,PUERTO SAN MARTÍN,San Lorenzo,Asfalto,Natural,XVII,S/D,Urbana,Ninguna,No existe,Cruce,Deteriorada,Buena,Diurna,S/D,S/D,S/D,Cañda ocupante,Ninguna,Horizontal,Ninguna,Sin restricción
2020,7343,2020-12-23,Miercoles,19:25:00,,0,2,"Automóvil,Moto/Ciclomotor",San Jeronimo Y J P Lopez,2,1,0,0,1,0,0,"-31.60795, -60.69665",Calle,,SANTA FE,La Capital,Asfalto,No existe,I,Dentro,Urbana,Ninguna,No existe,Intersección,Bueno,Buena,Diurna,Buen Tiempo,Lateral,S/D,Colisión,Ninguna,S/D,Ninguna,Sin restricción
2020,7344,2020-12-26,Sabado,17:40:00,,0,2,"Pickup/Utilitario,Moto/Ciclomotor",Larrea Y Las Heras,4,0,0,0,3,0,1,"-31.59672, -60.68583",Calle,,ROSARIO,Rosario,S/D,No existe,II,Dentro,Urbana,Ninguna,No existe,Intersección,S/D,Reducida,Diurna,S/D,S/D,S/D,Colisión,S/D,Faltante,Ninguna,Sin restricción
2020,7345,2020-12-23,Miercoles,20:00:00,,0,2,"Automóvil,Peatón",San Martin Y Tucuman,3,2,0,0,1,0,0," -31.64682, -60.70664",Calle,,SANTA FE,La Capital,Asfalto,Pavimento,I,Dentro,Urbana,Semáforo,Funciona,Intersección,Bueno,Buena,Atardecer,Buen Tiempo,S/D,Peatón,Atropello,Ninguna,Faltante,Ninguna,Sin restricción
2020,7346,2020-12-23,Miercoles,9:30:00,,0,2,"Taxi/Remis,Automóvil",Av Urquiza Y Junin,2,1,0,0,1,0,0,"-31.63743, -60.7108",Calle,,SANTA FE,La Capital,Asfalto,Pavimento,I,Dentro,Urbana,Semáforo,Funciona,Intersección,Bueno,Buena,Diurna,Buen Tiempo,Frontal,S/D,Colisión,Ninguna,Faltante,Ninguna,Sin restricción
2020,7347,2020-12-23,Miercoles,12:10:00,,0,2,"Pickup/Utilitario,Moto/Ciclomotor",Av 27 de Febrero Y Mendoza,2,1,0,0,1,0,0,"-31.64972, -60.70458",Calle,,SANTA FE,La Capital,Asfalto,Pavimento,I,Dentro,Urbana,Ninguna,No existe,Intersección,Bueno,Buena,Diurna,Buen Tiempo,Lateral,S/D,Colisión,Ninguna,Faltante,Ninguna,Sin restricción
2020,7348,2020-12-23,Miercoles,13:05:00,,0,2,"Bicicleta,Pickup/Utilitario",San Juan Y Parana,2,0,1,0,1,0,0,"-32.94062, -60.69235",Calle,,ROSARIO,Rosario,Asfalto,S/D,II,S/D,Urbana,S/D,S/D,Intersección,S/D,S/D,Diurna,S/D,S/D,Ciclista,Atropello,S/D,S/D,S/D,S/D
2020,7349,2020-12-23,Miercoles,12:10:00,,0,2,"Moto/Ciclomotor,Pickup/Utilitario",Av. Ntra.Sra.del Rosario Y Av. Circunvalacion,2,1,0,0,1,0,0,"-33.00132, -60.6878",Calle,,ROSARIO,Rosario,Asfalto,No existe,II,Dentro,Urbana,Ninguna,No existe,Intersección,Bueno,Buena,Diurna,Buen Tiempo,Lateral,S/D,Colisión,Ninguna,Faltante,Ninguna,Sin restricción
2020,7351,2020-12-23,Miercoles,,,0,1,Automóvil,Av Alberdi 1157,2,1,0,0,1,0,0,"    -31.89667, -61.85659",S/D,,SAN JORGE,San MARTÍN,S/D,S/D,XVIII,S/D,S/D,S/D,S/D,Intersección,S/D,S/D,S/D,S/D,Contra objeto fijo,S/D,Colisión,S/D,S/D,S/D,S/D
2020,7353,2020-12-24,Jueves,14:40:00,,0,2,"Moto/Ciclomotor,Automóvil",Av. Ntra.Sra.del Rosario 3920,4,3,0,0,1,0,0,"-32.95883, -60.693",S/D,,ROSARIO,Rosario,S/D,S/D,II,S/D,Urbana,S/D,S/D,Recta,S/D,S/D,Diurna,S/D,S/D,S/D,Colisión,S/D,S/D,S/D,S/D
2020,7355,2020-12-23,Miercoles,22:30:00,,0,2,"Moto/Ciclomotor,Automóvil",San Juan,3,2,0,0,1,0,0,"    -32.20953, -61.70403",Calle,,EL TRÉBOL,San MARTÍN,S/D,S/D,XVIII,S/D,S/D,S/D,S/D,Intersección,S/D,S/D,Nocturna,S/D,S/D,S/D,Colisión,S/D,S/D,S/D,S/D
2020,7356,2020-12-21,Lunes,18:40:00,,0,2,"Bicicleta,Automóvil",Belgrano Manuel 400,2,1,0,0,1,0,0,"-31.46352, -60.93381",Calle,,SAN CARLOS CENTRO,Las Colonias,Asfalto,No existe,XI,Dentro,Urbana,Ninguna,No existe,Intersección,Bueno,Buena,Atardecer,Buen Tiempo,S/D,Ciclista,Atropello,Ninguna,Vertical,S/D,Sin restricción
2020,7357,2020-12-24,Jueves,,,0,2,"Moto/Ciclomotor,Pickup/Utilitario",6 de Caballeria Y Independencia,2,1,0,0,1,0,0,"-32.95883, -60.693",Calle,,TOSTADO,9 de Julio,Asfalto,S/D,XII,Dentro,Urbana,S/D,S/D,Intersección,S/D,S/D,S/D,S/D,S/D,S/D,Colisión,S/D,S/D,S/D,S/D
2020,7358,2020-12-24,Jueves,9:05:00,,0,2,"Pickup/Utilitario,Bicicleta",Capitan Bermudez Y Sarmiento,2,0,0,0,1,1,0,"    -32.02437, -61.22478",Calle,,GÁLVEZ,San JERÓNIMO,S/D,No existe,XV,Dentro,Urbana,Ninguna,No existe,Intersección,S/D,Buena,Diurna,S/D,S/D,Ciclista,Atropello,Ninguna,Faltante,"Ninguna,S/D",Sin restricción
2020,7359,2020-10-25,Domingo,,Autopista Provincial Brigadier E.LÓPEZ,121,2,"Automóvil,Automóvil",,3,2,0,0,1,0,0,"    -31.87761, -60.89802",Autopista,Brigadier E.LÓPEZ,DESVÍO ARIJÓN,San JERÓNIMO,Asfalto,Pavimento,XV,Dentro,Rural,S/D,No existe,Recta,Bueno,S/D,S/D,S/D,S/D,S/D,Colisión,S/D,S/D,S/D,S/D
2020,7360,2020-12-20,Domingo,15:40:00,,0,2,"Moto/Ciclomotor,Pickup/Utilitario",Av. Ovidio Lagos 6500,2,1,0,0,1,0,0,"    -33.0129, -60.67815",Calle,,ROSARIO,Rosario,S/D,S/D,II,S/D,S/D,S/D,S/D,S/D,S/D,S/D,S/D,S/D,S/D,S/D,Colisión,S/D,S/D,S/D,S/D
2020,7361,2020-12-26,Sabado,,Ruta Nacional 9,0,1,Vehículo Oficial,San Sebastian Y Ruta Nacional 9,1,1,0,0,0,0,0,"    -32.9128, -60.86782",Ruta,9,FUNES,Rosario,Asfalto,Natural,II,S/D,S/D,S/D,Funciona,Intersección,S/D,S/D,Diurna,S/D,S/D,S/D,Vuelco,S/D,S/D,S/D,S/D
2020,7362,2020-12-26,Sabado,6:00:00,,0,2,"Moto/Ciclomotor,Moto/Ciclomotor",San Jeronimo Y Rivadavia,2,1,0,0,0,0,1,"    -31.97517, -60.91812",Calle,,CORONDA,San JERÓNIMO,S/D,S/D,XV,Dentro,Urbana,S/D,S/D,S/D,S/D,S/D,Amanecer,S/D,S/D,S/D,Colisión,S/D,S/D,S/D,S/D
2020,7363,2020-12-26,Sabado,,Ruta Provincial 65,12,1,Automóvil,,2,1,0,0,1,0,0,"    -32.37395, -61.05386",Ruta,65,ESTACIÓN DÍAZ,San JERÓNIMO,Asfalto,Natural,XV,Fuera,Rural,S/D,No existe,Recta,S/D,S/D,S/D,S/D,S/D,S/D,Vuelco,S/D,S/D,Ninguna,S/D
2020,7364,2020-12-26,Sabado,8:40:00,,0,1,Moto/Ciclomotor,,1,1,0,0,0,0,0,"    -32.19732, -61.71039",Calle,,EL TRÉBOL,San MARTÍN,S/D,S/D,XVIII,Dentro,Urbana,S/D,S/D,Recta,S/D,S/D,Diurna,S/D,Contra objeto fijo,S/D,Colisión,S/D,S/D,S/D,S/D
2020,7365,2020-12-26,Sabado,20:00:00,,0,1,Moto/Ciclomotor,General Las Heras,1,1,0,0,0,0,0,"-32.20213, -61.71226",Calle,,EL TRÉBOL,San MARTÍN,S/D,S/D,XVIII,Dentro,Urbana,S/D,S/D,S/D,S/D,S/D,Nocturna,S/D,Contra objeto fijo,S/D,Colisión,S/D,S/D,S/D,S/D
2020,7366,2020-12-26,Sabado,16:30:00,,0,2,"Moto/Ciclomotor,Automóvil",Corrientes Y San Lorenzo,2,1,0,0,1,0,0,"    -32.20816, -61.70526",Calle,,EL TRÉBOL,San MARTÍN,Asfalto,S/D,XVIII,Dentro,Urbana,S/D,Intermitente,Intersección,S/D,S/D,Diurna,S/D,Lateral,S/D,Colisión,S/D,S/D,S/D,S/D
2020,7367,2020-08-20,Jueves,1:00:00,,0,1,Moto/Ciclomotor,Godoy Cruz Y Roullon,1,0,1,0,0,0,0,"-32.962788518054,-60.701377217196",Calle,,ROSARIO,Rosario,Asfalto,No existe,II,Dentro,Urbana,Semáforo,Funciona,Intersección,Bueno,Buena,"Nocturna,Con luz artificial",Buen Tiempo,S/D,S/D,Cañda ocupante,Ninguna,"Horizontal,Vertical","Cordón divisorio,Línea divisoria pintada",Sin restricción
2020,7368,2020-07-31,Viernes,20:00:00,,0,1,Moto/Ciclomotor,Cerrito Y Lima,1,1,0,0,0,0,0,"-32.953791168306,-60.687099480898",Calle,,ROSARIO,Rosario,Asfalto,No existe,II,Dentro,Urbana,Ninguna,No existe,Recta,Bueno,S/D,Nocturna,S/D,S/D,S/D,Otro,S/D,Faltante,Ninguna,Sin restricción
2020,7369,2020-08-19,Miercoles,22:00:00,,0,1,Moto/Ciclomotor,Velez Sarsfield,1,0,1,0,0,0,0,"-32.925978554062,-60.711433185453",Calle,,ROSARIO,Rosario,S/D,S/D,II,Dentro,Urbana,S/D,S/D,S/D,S/D,S/D,Nocturna,S/D,S/D,S/D,Cañda ocupante,S/D,S/D,S/D,S/D
2020,7370,2020-12-26,Sabado,5:00:00,,0,1,Moto/Ciclomotor,Roque Saenz Pe�a Y Tucuman,1,1,0,0,0,0,0,"    -29.88755, -60.28243",Calle,,CALCHAQUÍ,Vera,S/D,S/D,XIX,Dentro,Urbana,S/D,S/D,Intersección,S/D,S/D,Diurna,S/D,Contra objeto fijo,S/D,Colisión,S/D,S/D,Ninguna,S/D
2020,7371,2020-09-27,Domingo,13:17:00,,0,1,Moto/Ciclomotor,Dr.Rivas,1,1,0,0,0,0,0,"-32.982130, -60.656103",Calle,,ROSARIO,Rosario,S/D,No existe,II,Dentro,Urbana,S/D,S/D,S/D,S/D,S/D,Diurna,S/D,S/D,S/D,Otro,S/D,S/D,S/D,S/D
2020,7372,2020-12-29,Martes,,,0,2,"Moto/Ciclomotor,Moto/Ciclomotor",3 de Febrero Bis Y De Pinedo,2,2,0,0,0,0,0,"    -32.0321, -61.21007",Calle,,GÁLVEZ,San JERÓNIMO,Asfalto,S/D,XV,Dentro,Urbana,S/D,S/D,Intersección,S/D,S/D,Nocturna,S/D,S/D,S/D,Colisión,S/D,S/D,S/D,S/D
2020,7373,2020-12-29,Martes,9:05:00,,0,2,"Moto/Ciclomotor,Automóvil",España Y Dorrego,2,1,0,0,1,0,0,"    -32.02607, -61.21982",Calle,,GÁLVEZ,San JERÓNIMO,Asfalto,S/D,XV,Dentro,Urbana,S/D,S/D,Intersección,S/D,S/D,Diurna,S/D,Lateral,S/D,Colisión,S/D,S/D,S/D,S/D
2020,7374,2020-12-23,Miercoles,23:00:00,,0,2,"Moto/Ciclomotor,Bicicleta",Sancti Spiritu,2,2,0,0,0,0,0,"    -32.43532, -60.81953",Calle,,ROSARIO,Rosario,S/D,S/D,II,Dentro,Urbana,S/D,S/D,Intersección,S/D,S/D,Nocturna,S/D,Lateral,Ciclista,Atropello,S/D,S/D,S/D,S/D
2020,7375,2020-12-30,Miercoles,16:35:00,,0,1,Moto/Ciclomotor,Ayacucho Y Italia,3,3,0,0,0,0,0,"-31.603118, -60.665302",Calle,,SANTA FE,La Capital,Asfalto,S/D,I,S/D,S/D,S/D,S/D,Intersección,S/D,S/D,Diurna,S/D,S/D,S/D,Cañda ocupante,S/D,S/D,S/D,S/D
2020,7376,2020-12-30,Miercoles,19:30:00,,0,1,Moto/Ciclomotor,,2,2,0,0,0,0,0,"    -32.13631, -60.98255",Calle,,SAN FABIÁN,San JERÓNIMO,S/D,S/D,XV,Dentro,Urbana,S/D,No existe,Recta,S/D,S/D,Atardecer,S/D,S/D,S/D,Cañda ocupante,S/D,S/D,S/D,S/D
2020,7377,2020-10-30,Viernes,17:00:00,,0,1,Moto/Ciclomotor,,1,1,0,0,0,0,0,"-32.95883, -60.693",S/D,,BERNARDO DE IRIGOYEN,San JERÓNIMO,Asfalto,S/D,XV,S/D,S/D,S/D,S/D,Recta,S/D,S/D,S/D,S/D,S/D,S/D,Cañda ocupante,S/D,S/D,S/D,S/D
2020,7378,2020-12-31,Jueves,12:00:00,,0,2,"Moto/Ciclomotor,Automóvil",Bv 9 de Julio Y Catamarca,2,0,1,0,1,0,0,"    -31.89226, -61.86569",Calle,,SAN JORGE,San MARTÍN,Asfalto,S/D,XVIII,Dentro,Urbana,S/D,S/D,Intersección,S/D,S/D,Diurna,S/D,Lateral,S/D,Colisión,S/D,S/D,S/D,S/D
2020,7379,2020-12-31,Jueves,21:30:00,,0,2,"Pickup/Utilitario,Moto/Ciclomotor",,2,1,0,0,1,0,0,"    -32.14096, -61.97906",Calle,,PIAMONTE,San MARTÍN,S/D,S/D,XVIII,Dentro,Urbana,S/D,S/D,S/D,S/D,S/D,Nocturna,S/D,S/D,S/D,Colisión,S/D,S/D,S/D,S/D
2020,7380,2020-12-23,Miercoles,12:20:00,,0,2,"Bicicleta,Automóvil",Av. Corrientes Y Dean Funes,2,1,0,0,1,0,0,"-32.97488, -60.64972",Calle,,ROSARIO,Rosario,Asfalto,No existe,II,Dentro,Urbana,Ninguna,No existe,Intersección,Bueno,Buena,Diurna,Buen Tiempo,S/D,Ciclista,Atropello,S/D,Faltante,Ninguna,S/D
2020,7381,2020-12-23,Miercoles,19:40:00,,0,2,"Moto/Ciclomotor,Automóvil",Mariano Moreno Y Hilarion de la Quintana,3,2,0,0,1,0,0,"-33.00144, -60.66202",Calle,,ROSARIO,Rosario,Asfalto,No existe,II,Dentro,Urbana,Ninguna,No existe,Intersección,Bueno,Buena,Atardecer,Buen Tiempo,Lateral,S/D,Colisión,S/D,Faltante,Ninguna,Sin restricción
2020,7382,2020-12-17,Jueves,17:40:00,,0,2,"Moto/Ciclomotor,Pickup/Utilitario",Cordoba Y Reconquista,2,0,1,0,1,0,0,"-32.71623, -60.73847",Avenida,,PUERTO SAN MARTÍN,San Lorenzo,Asfalto,No existe,XVII,Dentro,Urbana,Ninguna,No existe,Intersección,Bueno,Buena,Diurna,S/D,Frontal,S/D,Colisión,Ninguna,Horizontal,Ninguna,Sin restricción
2020,7383,2020-12-17,Jueves,19:30:00,,0,2,"Moto/Ciclomotor,Automóvil",Cayetano Nerbutti Y J B Alberdi,3,1,0,0,2,0,0,"-32.7186, -60.73027",Calle,,PUERTO SAN MARTÍN,San Lorenzo,Asfalto,No existe,XVII,Dentro,Urbana,Ninguna,No existe,Intersección,Bueno,Buena,Atardecer,Buen Tiempo,De alcance,S/D,Colisión,Ninguna,Horizontal,Ninguna,Sin restricción
2020,7384,2020-12-26,Sabado,13:40:00,,0,2,"Moto/Ciclomotor,Taxi/Remis",Jose Ingenieros Y Tte. roca,3,2,0,0,1,0,0,"-32.74001, -60.73928",Calle,,SAN LORENZO,San Lorenzo,S/D,S/D,XVII,S/D,Urbana,S/D,S/D,Intersección,S/D,S/D,Diurna,S/D,S/D,S/D,Colisión,S/D,S/D,S/D,S/D
2020,7385,2020-12-18,Viernes,17:05:00,Ruta Provincial 1,37,2,"Moto/Ciclomotor,Pickup/Utilitario",,2,1,0,0,1,0,0,"-31.43823, -60.3583",Ruta,1,SANTA ROSA DE CALCHINES,Garay,Tierra,Natural,VII,Dentro,Rural,Ninguna,No existe,Recta,Bueno,Buena,Diurna,Buen Tiempo,De alcance,S/D,Colisión,Ninguna,Faltante,Ninguna,Sin restricción
2020,7386,2020-12-18,Viernes,12:10:00,,0,2,"Automóvil,Moto/Ciclomotor",Gral Lopez Y Pje La Estacion,2,1,0,0,1,0,0,"-31.579553782939932,-60.93961179256",Calle,,FRANCK,Las Colonias,Asfalto,No existe,XI,Dentro,Urbana,Ninguna,No existe,Intersección,Bueno,Buena,Diurna,Buen Tiempo,Lateral,S/D,Colisión,Ninguna,Vertical,Ninguna,Sin restricción
2020,7387,2020-12-18,Viernes,23:10:00,,0,2,"Bicicleta,Automóvil",Simon de Iriondo Y Leandro N Alem,2,1,0,0,1,0,0,"-31.43709, -60.92675",Calle,,ESPERANZA,Las Colonias,Asfalto,No existe,XI,Dentro,Urbana,Ninguna,No existe,Intersección,Bueno,Reducida,"Nocturna,Con luz artificial",Buen Tiempo,S/D,Ciclista,Atropello,Ninguna,Faltante,Ninguna,Sin restricción
2020,7388,2020-12-18,Viernes,17:20:00,,0,2,"Pickup/Utilitario,Moto/Ciclomotor",Dr Ricardo Fischer Y Bv Bell Ville,2,0,1,0,1,0,0,"-32.78941, -61.60709",Avenida,,ARMSTRONG,Belgrano,Asfalto,Pavimento,III,Dentro,Urbana,Ninguna,No existe,Intersección,Bueno,Buena,Diurna,Buen Tiempo,Lateral,S/D,Colisión,Ninguna,Vertical,Cordón divisorio,Sin restricción
2020,7389,2020-12-18,Viernes,8:15:00,,0,1,Moto/Ciclomotor,Gral Alvear 626,1,1,0,0,0,0,0,"-30.31101, -61.23269",Calle,,SAN CRISTÓBAL,San CRISTÓBAL,Asfalto,S/D,XIII,S/D,Urbana,S/D,No existe,Recta,Bueno,Buena,Diurna,Buen Tiempo,S/D,S/D,Cañda ocupante,S/D,S/D,S/D,S/D
2020,7390,2020-12-18,Viernes,12:30:00,,0,2,"Peatón,Moto/Ciclomotor",Av del Libertador Y Caseros,3,0,1,0,1,0,1,"-33.03323, -60.63385",Avenida,,VILLA GOBERNADOR GÁLVEZ,Rosario,Asfalto,No existe,II,S/D,Urbana,S/D,S/D,Intersección,Bueno,Buena,Diurna,S/D,S/D,Peatón,Atropello,Ninguna,S/D,Ninguna,S/D
2020,7391,2020-12-18,Viernes,14:00:00,,0,2,"Moto/Ciclomotor,Automóvil",J.J.Paso Y Ecuador,2,1,0,0,1,0,0,"-32.92042, -60.71586",Avenida,,ROSARIO,Rosario,Asfalto,No existe,II,Dentro,Urbana,Ninguna,No existe,Intersección,Bueno,Buena,Diurna,Buen Tiempo,S/D,S/D,Colisión,Ninguna,Faltante,Ninguna,Sin restricción
2020,7392,2020-12-18,Viernes,5:00:00,,0,2,"Moto/Ciclomotor,Otros",Av. Genova Y Ottone Bis,3,2,0,0,1,0,0,"-32.91569, -60.70103",Avenida,,ROSARIO,Rosario,Asfalto,No existe,II,Dentro,Urbana,S/D,S/D,Intersección,Bueno,Buena,Nocturna,Buen Tiempo,S/D,S/D,Colisión,Ninguna,Faltante,Ninguna,Sin restricción
2020,7393,2020-12-18,Viernes,22:45:00,,0,2,"Moto/Ciclomotor,Automóvil",Nicolas Laguna Y Calle 1331,2,1,0,0,1,0,0,"-32.8862, -60.72417",Calle,,ROSARIO,Rosario,S/D,S/D,II,S/D,Urbana,S/D,S/D,Intersección,S/D,S/D,Nocturna,S/D,S/D,S/D,Colisión,S/D,S/D,S/D,S/D
2020,7394,2020-12-18,Viernes,14:10:00,,0,2,"Moto/Ciclomotor,Peatón",Albert Sabin Y Almafuerte,2,0,1,0,1,0,0,"-32.9174, -60.69066",Calle,,ROSARIO,Rosario,Asfalto,S/D,II,S/D,Urbana,S/D,S/D,Intersección,Bueno,S/D,Diurna,Buen Tiempo,S/D,Peatón,Atropello,Ninguna,"Horizontal,Vertical",Cordón divisorio,Sin restricción
2020,7395,2020-12-18,Viernes,17:45:00,,0,2,"Automóvil,Moto/Ciclomotor",Casiano Casas Y Miller,2,1,1,0,0,0,0,"-32.90136, -60.70633",Calle,,ROSARIO,Rosario,Asfalto,S/D,II,S/D,Urbana,S/D,S/D,Intersección,Bueno,S/D,Diurna,Buen Tiempo,Frontal,S/D,Colisión,Ninguna,Faltante,S/D,S/D
2020,7396,2020-12-18,Viernes,17:25:00,,0,2,"Moto/Ciclomotor,Automóvil",Esmeralda Y Pasco,3,3,0,0,0,0,0,"-32.96257, -60.62474",Calle,,ROSARIO,Rosario,Asfalto,No existe,II,Dentro,Urbana,Ninguna,No existe,Intersección,Bueno,Buena,Diurna,Buen Tiempo,Lateral,S/D,Colisión,Ninguna,Faltante,Ninguna,Sin restricción
2020,7397,2020-12-18,Viernes,11:00:00,,0,2,"Automóvil,Moto/Ciclomotor",9 De Julio Y Av. Corrientes,2,1,0,0,1,0,0,"-32.95308, -60.64421",Avenida,,ROSARIO,Rosario,S/D,S/D,II,S/D,Urbana,S/D,S/D,Intersección,S/D,S/D,Diurna,S/D,S/D,S/D,Colisión,S/D,S/D,S/D,S/D
2020,7398,2020-12-18,Viernes,20:00:00,,0,2,"Automóvil,Peatón",Maipu Y Cerrito,2,1,0,0,1,0,0,"-32.96238, -60.63936",Calle,,ROSARIO,Rosario,S/D,S/D,II,S/D,Urbana,S/D,S/D,Intersección,S/D,S/D,Nocturna,S/D,S/D,Peatón,Atropello,S/D,S/D,S/D,S/D
2020,7399,2020-12-18,Viernes,,,0,2,"Automóvil,Automóvil",Balcarce Y Belgrano,2,1,0,0,1,0,0,"-31.63752, -60.69895",Calle,,SANTA FE,La Capital,Asfalto,Pavimento,I,S/D,Urbana,S/D,S/D,Intersección,S/D,S/D,S/D,S/D,Lateral,S/D,Colisión,S/D,S/D,S/D,S/D
2020,7400,2020-12-18,Viernes,17:00:00,,0,2,"Moto/Ciclomotor,Pickup/Utilitario",Luciano Molinas Y Pedro Alejandro Vittori,2,1,0,0,1,0,0,"-31.63236, -60.69994",Calle,,SANTA FE,La Capital,Asfalto,S/D,I,Dentro,Urbana,S/D,No existe,Intersección,Bueno,S/D,Diurna,S/D,Lateral,S/D,Colisión,S/D,S/D,S/D,S/D
2020,7401,2020-12-18,Viernes,19:30:00,,0,2,"Bicicleta,Automóvil",Av Lopez y Planes Y Iturraspe,2,1,0,0,0,0,1,"-31.62594, -60.71377",Avenida,,SANTA FE,La Capital,Asfalto,No existe,I,S/D,Urbana,Semáforo,Funciona,Intersección,Bueno,Buena,Atardecer,Buen Tiempo,S/D,Ciclista,Atropello,Ninguna,Vertical,Línea divisoria pintada,Sin restricción
2020,7402,2020-12-18,Viernes,10:00:00,,0,2,"Moto/Ciclomotor,Automóvil",Dr Zavalla Y Santiago del Estero,2,1,0,0,1,0,0,"-31.63497, -60.71702",Calle,,SANTA FE,La Capital,Hormigón,No existe,I,Dentro,Urbana,Ninguna,No existe,Intersección,Bueno,Buena,Diurna,Buen Tiempo,Lateral,S/D,Colisión,Ninguna,Faltante,Ninguna,Sin restricción
2020,7403,2020-12-18,Viernes,11:20:00,,0,2,"Moto/Ciclomotor,Automóvil",Mariano Comas Y San Lorenzo,2,2,0,0,0,0,0,"-31.63069, -60.713",Calle,,SANTA FE,La Capital,Hormigón,No existe,I,S/D,Urbana,Ninguna,No existe,Intersección,Bueno,Buena,Diurna,Buen Tiempo,Lateral,S/D,Colisión,Ninguna,Faltante,Ninguna,Sin restricción
2020,7404,2020-12-18,Viernes,17:30:00,,0,2,"Transporte de Pasajeros Urbano (> 8 asientos),Moto/Ciclomotor",Av A del Valle Y French,2,1,0,0,1,0,0,"-31.59251, -60.69215",Avenida,,SANTA FE,La Capital,Asfalto,S/D,I,Dentro,Urbana,Semáforo,Funciona,Intersección,Bueno,Buena,Diurna,Buen Tiempo,S/D,S/D,Colisión,Ninguna,Vertical,Cordón divisorio,Sin restricción
2020,7405,2020-12-22,Martes,18:00:00,,0,2,"Automóvil,Moto/Ciclomotor",Gorriti Y Dr Zavalla,2,1,0,0,1,0,0,"-31.58813, -60.70337",Calle,,SANTA FE,La Capital,Asfalto,S/D,I,S/D,Urbana,Otra Señal,No existe,Intersección,S/D,Buena,Atardecer,Buen Tiempo,Lateral,S/D,Colisión,S/D,S/D,Cordón divisorio,Sin restricción
2020,7406,2020-12-18,Viernes,8:00:00,,0,2,"Moto/Ciclomotor,Moto/Ciclomotor",Gorriti Y Dr Zavalla,2,1,0,0,0,0,1,"-31.58813, -60.70337",Avenida,,SANTA FE,La Capital,Asfalto,S/D,I,S/D,Urbana,Otra Señal,No existe,Intersección,Bueno,Buena,Diurna,Buen Tiempo,S/D,S/D,Colisión,Ninguna,S/D,Cordón divisorio,S/D
2020,7407,2020-12-18,Viernes,11:30:00,,0,2,"Moto/Ciclomotor,Pickup/Utilitario",Av Pte Peron Y Balcarce,2,0,1,0,1,0,0,"-31.31467, -60.65838",Avenida,,LAGUNA PAIVA,La Capital,Ripio,No existe,I,S/D,Urbana,Ninguna,No existe,Intersección,Bueno,Buena,Diurna,Buen Tiempo,Lateral,S/D,Colisión,Ninguna,Faltante,Ninguna,Sin restricción
2020,7408,2020-12-19,Sabado,15:30:00,Ruta Nacional 11,305,1,Automóvil,,4,3,0,0,1,0,0,"-30.37092, -60.40226",Ruta,11,GOBERNADOR CRESPO,San Justo,Asfalto,Natural,XVI,Fuera,Rural,Ninguna,No existe,Recta,Bueno,Buena,Diurna,Buen Tiempo,S/D,S/D,Vuelco,Ninguna,S/D,Línea divisoria pintada,Sin restricción