anio_acci,nro_acci,fecha,desc_dia,hora_aprox,desc_ruta,km,cant_participantes,desc_participante,calle_avenida_km,total,heridos_leves,heridos_graves,heridos_gravisimos,ilesos,fallecidos,sin_datos,posicion_XY,desc_tipo_via,desc_ruta_ori,desc_loc,desc_dpto,desc_tipo_calzada,desc_tipo_banquina,desc_unidad_regional,desc_lugar_calzada,desc_zona,desc_prioridad,desc_estado_semaforo,desc_lugar_via,desc_estado_via,desc_estado_visibilidad,desc_luminosidad,desc_estado_clima,desc_tipo_colision,desc_tipo_atropello,desc_tipo_hecho,desc_pres_calzada,desc_senializacion,desc_separacion_via,desc_restriccion
2020,7409,2020-12-19,Sabado,21:00:00,,0,2,"Moto/Ciclomotor,Automóvil",Simon de Iriondo Y Leon Gauchat,3,2,1,0,0,0,0,"-31.42719, -60.92364",Calle,,ESPERANZA,Las Colonias,Asfalto,S/D,XI,Dentro,Urbana,Ninguna,No existe,Intersección,Bueno,S/D,Nocturna,Buen Tiempo,S/D,S/D,Colisión,Ninguna,Faltante,S/D,S/D
2020,7410,2020-12-19,Sabado,3:00:00,,0,2,"Moto/Ciclomotor,Peatón",San Martin Y Suipacha,2,2,0,0,0,0,0,"-31.72345, -61.09209",Calle,,SAN CARLOS CENTRO,Las Colonias,Asfalto,No existe,XI,Dentro,Urbana,Ninguna,No existe,Intersección,Bueno,Reducida,Nocturna,Lluvia,S/D,Peatón,Atropello,Agua,"Horizontal,Vertical",Ninguna,Sin restricción
2020,7411,2020-12-19,Sabado,11:10:00,,0,2,"Moto/Ciclomotor,Pickup/Utilitario",Caseros Y Gral Alvear,3,2,0,0,1,0,0,"-30.31083, -61.2337",Calle,,SAN CRISTÓBAL,San CRISTÓBAL,Hormigón,No existe,XIII,S/D,Urbana,Semáforo,Funciona,Intersección,Bueno,Buena,Diurna,Buen Tiempo,Lateral,S/D,Colisión,Agua,Faltante,Ninguna,Sin restricción
2020,7412,2020-12-19,Sabado,18:15:00,Ruta Provincial 2,226,1,Bicicleta,,1,1,0,0,0,0,0,"-30.32534, -61.22635",Ruta,2,SAN CRISTÓBAL,San CRISTÓBAL,Asfalto,Natural,XIII,S/D,Urbana,Ninguna,No existe,Curva,Bueno,Buena,Atardecer,Buen Tiempo,S/D,S/D,Cañda ocupante,Ninguna,S/D,S/D,Sin restricción
2020,7413,2020-12-19,Sabado,22:45:00,,0,1,Moto/Ciclomotor,Bv Oreste Botturi 600,1,1,0,0,0,0,0,"-30.35457, -61.915",Avenida,,SAN GUILLERMO,San CRISTÓBAL,Asfalto,No existe,XIII,Dentro,Urbana,Ninguna,No existe,Recta,Bueno,Buena,Nocturna,Buen Tiempo,S/D,S/D,Cañda ocupante,Ninguna,Faltante,Cordón divisorio,Sin restricción
2020,7414,2020-12-19,Sabado,0:40:00,,0,2,"Moto/Ciclomotor,Automóvil",9 de Julio Y Brig. Lopez,3,1,0,0,2,0,0,"-30.36109, -60.40059",Calle,,GOBERNADOR CRESPO,San Justo,Asfalto,No existe,XVI,S/D,Urbana,Ninguna,No existe,Intersección,Bueno,Reducida,"Nocturna,Con luz artificial",Viento Fuerte,Lateral,S/D,Colisión,Agua,Vertical,Ninguna,Sin restricción
2020,7415,2020-12-19,Sabado,10:30:00,Ruta Nacional 33,778,2,"Moto/Ciclomotor,Automóvil",,2,1,0,0,1,0,0,"-33.00875, -60.79542",Ruta,33,PEREZ,Rosario,Asfalto,Pavimento,II,Dentro,Rural,Semáforo,Funciona,Recta,Bueno,Buena,Diurna,Buen Tiempo,S/D,S/D,Colisión,Ninguna,S/D,Ninguna,Sin restricción
2020,7416,2020-12-19,Sabado,20:00:00,,0,2,"Moto/Ciclomotor,Automóvil",Bv. Avellaneda Y Garay,2,1,0,0,1,0,0,"-32.96713, -60.6863",Calle,,ROSARIO,Rosario,Asfalto,No existe,II,Dentro,Urbana,Ninguna,No existe,Intersección,Bueno,Buena,Nocturna,Buen Tiempo,Lateral,S/D,Colisión,Ninguna,Faltante,Cordón divisorio,Sin restricción
2020,7417,2020-12-19,Sabado,9:45:00,,0,5,"Moto/Ciclomotor,Automóvil,Taxi/Remis,Automóvil,Transporte de Pasajeros Urbano (> 8 asientos)",España Y Av. Battle y Ordo�ez,5,1,0,0,4,0,0,"-33.00916, -60.6573",Avenida,,ROSARIO,Rosario,Asfalto,No existe,II,Dentro,Urbana,Ninguna,Funciona,Intersección,Bueno,Buena,Diurna,Buen Tiempo,Lateral,S/D,Colisión,Ninguna,Faltante,Ninguna,Sin restricción
2020,7418,2020-12-19,Sabado,8:50:00,,0,2,"Moto/Ciclomotor,Bicicleta",Av. Ovidio Lagos Y Pte.Quintana,2,2,0,0,0,0,0,"-32.97842, -60.67028",Calle,,ROSARIO,Rosario,Asfalto,No existe,II,Dentro,Urbana,Ninguna,No existe,Intersección,Bueno,Buena,Diurna,Buen Tiempo,S/D,Ciclista,Atropello,Agua,Faltante,Cordón divisorio,Sin restricción
2020,7419,2020-12-19,Sabado,14:20:00,,0,2,"Moto/Ciclomotor,Automóvil",Italia Y Ameghino,2,0,1,0,1,0,0,"-32.98536, -60.65809",Calle,,ROSARIO,Rosario,Asfalto,No existe,II,Dentro,Urbana,Ninguna,No existe,Intersección,Bueno,Buena,Diurna,Buen Tiempo,Lateral,S/D,Colisión,S/D,Faltante,Ninguna,Sin restricción
2020,7420,2020-12-20,Domingo,2:00:00,,0,2,"Automóvil,Automóvil",Ayacucho Y Caupolican,4,3,0,0,1,0,0,"-33.00954, -60.63576",Calle,,FIGHIERA,Rosario,Asfalto,No existe,II,Dentro,Urbana,Ninguna,No existe,Intersección,Bueno,S/D,S/D,Buen Tiempo,De alcance,S/D,Colisión,S/D,S/D,Ninguna,Sin restricción
2020,7421,2020-12-19,Sabado,19:00:00,,0,2,"Automóvil,Moto/Ciclomotor",Lamadrid Y Buenos Aires,3,2,0,0,1,0,0,"-32.997, -60.64515",Calle,,ROSARIO,Rosario,Asfalto,No existe,II,Dentro,Urbana,Ninguna,No existe,Intersección,Bueno,Buena,Atardecer,Buen Tiempo,S/D,S/D,Colisión,Ninguna,Faltante,Ninguna,Sin restricción
2020,7422,2020-12-19,Sabado,21:00:00,,0,2,"Bicicleta,Pickup/Utilitario",San Martin Y Garay,2,1,0,0,1,0,0,"-32.97477, -60.64371",Calle,,ROSARIO,Rosario,Asfalto,No existe,II,Dentro,Urbana,Ninguna,No existe,Intersección,Bueno,Buena,Nocturna,Buen Tiempo,S/D,Ciclista,Atropello,Ninguna,Faltante,Ninguna,Sin restricción
2020,7423,2020-12-19,Sabado,11:30:00,,0,2,"Automóvil,Moto/Ciclomotor",Rivadavia Y Irigoyen Freyre,2,1,0,0,1,0,0,"-31.64379, -60.70346",Calle,,SANTA FE,La Capital,Asfalto,Pavimento,I,Dentro,Urbana,Semáforo,Funciona,Intersección,Bueno,Buena,Diurna,Buen Tiempo,Lateral,S/D,Colisión,Ninguna,Faltante,Ninguna,Sin restricción
2020,7424,2020-12-19,Sabado,13:35:00,,0,2,"Moto/Ciclomotor,Automóvil",Luciano Molinas Y Brasil,2,0,0,0,0,0,2,"-31.62886, -60.71769",Avenida,,SANTA FE,La Capital,Asfalto,No existe,I,S/D,Urbana,Semáforo,Funciona,Intersección,Bueno,Buena,Diurna,Buen Tiempo,Lateral,S/D,Colisión,Ninguna,Vertical,Línea divisoria pintada,Sin restricción
2020,7425,2020-12-19,Sabado,21:00:00,Ruta Nacional 9,300,4,"Automóvil,Automóvil,Automóvil,Automóvil",,6,2,0,0,4,0,0,"-32.91283, -60.86784",Ruta,9,ROLDÁN,San Lorenzo,Asfalto,Natural,XVII,Dentro,Urbana,Semáforo,Funciona,Recta,Bueno,Buena,"Nocturna,Con luz artificial",Buen Tiempo,Múltiple,S/D,Colisión,Ninguna,"Horizontal,Vertical",Ninguna,Sin restricción
2020,7426,2020-12-19,Sabado,12:30:00,,0,2,"Bicicleta,Automóvil",Francia Y Gdor Crespo,2,1,0,0,1,0,0,"-31.63959, -60.71283",Calle,,SANTA FE,La Capital,Hormigón,No existe,I,Dentro,Urbana,Ninguna,No existe,Intersección,Bueno,Buena,Diurna,Buen Tiempo,Lateral,Ciclista,Atropello,Ninguna,Faltante,Ninguna,Sin restricción
2020,7427,2020-12-19,Sabado,11:30:00,,0,2,"Automóvil,Automóvil",4 de Enero Y Hernandarias,2,1,0,0,1,0,0,"-31.60617, -60.70029",Calle,,SANTA FE,La Capital,Asfalto,No existe,I,Dentro,Urbana,Ninguna,No existe,Intersección,Bueno,Buena,Diurna,Buen Tiempo,Lateral,S/D,Colisión,Ninguna,S/D,Ninguna,Sin restricción
2020,7428,2020-12-19,Sabado,19:30:00,,0,2,"Moto/Ciclomotor,Automóvil",Av A del Valle Y Azcuenaga,2,0,0,0,0,0,2,"-31.5944, -60.69211",Avenida,,SANTA FE,La Capital,S/D,S/D,I,Dentro,Urbana,S/D,S/D,Intersección,S/D,S/D,Atardecer,S/D,S/D,S/D,Colisión,S/D,Faltante,S/D,Sin restricción
2020,7429,2020-12-19,Sabado,19:00:00,,0,2,"Pickup/Utilitario,Moto/Ciclomotor",Av A del Valle Y Alberti,2,1,0,0,1,0,0,"-31.60215, -60.69199",Calle,,SANTA FE,La Capital,S/D,No existe,I,S/D,Urbana,S/D,S/D,Intersección,S/D,S/D,Atardecer,S/D,S/D,S/D,Colisión,S/D,Faltante,S/D,Sin restricción
2020,7430,2020-12-19,Sabado,3:33:00,,0,2,"Moto/Ciclomotor,Automóvil",Av Galicia Y Mitre,4,0,0,0,3,0,1,"-31.60215, -60.69199",Calle,,SANTA FE,La Capital,S/D,S/D,I,Dentro,Urbana,S/D,S/D,Intersección,S/D,S/D,S/D,S/D,S/D,S/D,Colisión,S/D,S/D,S/D,Sin restricción
2020,7431,2020-12-19,Sabado,19:30:00,Ruta Secundaria 80-s,12,2,"Moto/Ciclomotor,Automóvil",Av Pte Peron,2,1,0,0,1,0,0,"-31.30856, -60.65815",Ruta,80-s,LAGUNA PAIVA,La Capital,Asfalto,Natural,I,S/D,Urbana,Ninguna,No existe,Recta,Bueno,Buena,Atardecer,Buen Tiempo,De alcance,S/D,Colisión,Ninguna,Faltante,Ninguna,Sin restricción
2020,7432,2020-12-19,Sabado,19:15:00,,0,2,"Bicicleta,Moto/Ciclomotor",Brigadier Estanislao Lopez Y Santa Fe,2,1,0,0,1,0,0,"-31.51551, -60.679",Calle,,MONTE VERA,La Capital,"Asfalto,Ripio",No existe,I,Dentro,Urbana,Ninguna,No existe,Intersección,Bueno,Buena,Atardecer,Buen Tiempo,S/D,Ciclista,Atropello,Ninguna,Faltante,Ninguna,Sin restricción
2020,7433,2020-12-19,Sabado,20:20:00,Ruta Nacional 9,334,1,Automóvil,,1,1,0,0,0,0,0,"-32.85579, -61.2078",Ruta,9,CARCARAÑÁ,San Lorenzo,Asfalto,Natural,XVII,S/D,S/D,S/D,No existe,Recta,Bueno,Buena,Atardecer,Buen Tiempo,S/D,S/D,Despiste,Ninguna,S/D,S/D,S/D
2020,7434,2020-12-19,Sabado,19:00:00,,0,2,"Moto/Ciclomotor,Automóvil",Av Pte Peron Y Iturraspe,2,0,0,0,0,0,2,"-31.62576, -60.71879",Avenida,,SANTA FE,La Capital,Asfalto,No existe,I,S/D,Urbana,Semáforo,Funciona,Intersección,Bueno,Buena,Atardecer,Buen Tiempo,Lateral,S/D,Colisión,Ninguna,Vertical,Línea divisoria pintada,Sin restricción
2020,7435,2020-12-20,Domingo,18:15:00,,0,2,"Automóvil,Automóvil",Mitre Y Uruguay,2,1,0,0,1,0,0,"-32.97653, -60.64719",Calle,,ROSARIO,Rosario,Asfalto,No existe,II,Dentro,Urbana,Ninguna,No existe,Intersección,Bueno,Buena,Diurna,Buen Tiempo,Lateral,S/D,Colisión,Ninguna,Faltante,Ninguna,Sin restricción
2020,7436,2020-12-20,Domingo,0:20:00,,0,2,"Automóvil,Automóvil",Soldado Aguirre Y San Lorenzo,5,1,0,0,4,0,0,"-33.02957, -60.64527",Calle,,VILLA GOBERNADOR GÁLVEZ,Rosario,"Asfalto,Tierra",No existe,II,S/D,Urbana,Ninguna,No existe,Intersección,Deteriorada,Buena,Nocturna,Buen Tiempo,Lateral,S/D,Colisión,Material Suelto,Faltante,Cordón divisorio,Sin restricción
2020,7437,2020-12-20,Domingo,8:30:00,Ruta Nacional 34,8,2,"Moto/Ciclomotor,Transporte de Pasajeros Larga Distancia (Doble Piso)",,2,0,1,0,1,0,0,"-32.86075, -60.7745",Ruta,34,IBARLUCEA,Rosario,Asfalto,Ripio,II,Dentro,Urbana,Ninguna,No existe,Intersección,Bueno,Buena,"Nocturna,Con luz artificial",Buen Tiempo,Frontal,S/D,Colisión,Ninguna,Faltante,Ninguna,Sin restricción
2020,7438,2020-12-18,Viernes,3:00:00,,0,2,"Automóvil,Pickup/Utilitario",,5,3,0,0,2,0,0,"-31.42574, -60.34372",Calle,,ROSARIO,Rosario,Asfalto,Natural,II,Dentro,Urbana,Semáforo,Intermitente,Recta,Bueno,Buena,Nocturna,Buen Tiempo,De alcance,S/D,Colisión,Ninguna,Vertical,Cordón divisorio,Sin restricción
2020,7439,2020-12-20,Domingo,21:40:00,Ruta Nacional 11,280,2,"Moto/Ciclomotor,Automóvil",,2,1,0,0,1,0,0,"-30.57913, -60.46706",Ruta,11,MARCELINO ESCALADA,San Justo,Asfalto,Ripio,XVI,Dentro,Urbana,Ninguna,No existe,Intersección,Deteriorada,Reducida,"Nocturna,Con luz artificial",Buen Tiempo,Lateral,S/D,Colisión,Ninguna,Faltante,Línea divisoria pintada,Sin restricción
2020,7440,2020-12-20,Domingo,8:20:00,Ruta Nacional 33,769,2,"Moto/Ciclomotor,Pickup/Utilitario",,3,1,1,0,1,0,0,"-33.01901, -60.87917",Ruta,33,ZAVALLA,Rosario,Asfalto,Pavimento,II,Dentro,Urbana,Semáforo,Funciona,Recta,Bueno,Buena,Diurna,Buen Tiempo,S/D,S/D,Colisión,Ninguna,"Horizontal,Vertical",Línea divisoria pintada,Sin restricción
2020,7441,2020-12-20,Domingo,20:35:00,,0,2,"Automóvil,Moto/Ciclomotor",Baigorria Y Av. J.Suarez,2,1,0,0,1,0,0,"-32.8943, -60.72112",Avenida,,ROSARIO,Rosario,Asfalto,S/D,II,S/D,Urbana,S/D,S/D,Intersección,S/D,Buena,Nocturna,Buen Tiempo,S/D,S/D,Colisión,S/D,S/D,S/D,S/D
2020,7442,2020-12-20,Domingo,17:20:00,,0,2,"Moto/Ciclomotor,Automóvil",Salta Y Callao,3,2,0,0,1,0,0,"-32.93555, -60.65829",Calle,,ROSARIO,Rosario,Asfalto,No existe,II,S/D,Urbana,Semáforo,Funciona,Intersección,Bueno,Buena,Diurna,Buen Tiempo,De alcance,S/D,Colisión,Ninguna,Faltante,Ninguna,Sin restricción
2020,7443,2020-12-20,Domingo,6:50:00,,0,2,"Automóvil,Moto/Ciclomotor",Av Urquiza Y Bv Pellegrini,2,1,0,0,1,0,0,"-31.63424, -60.70987",Calle,,SANTA FE,La Capital,Asfalto,Pavimento,I,Dentro,Urbana,Semáforo,Funciona,Intersección,Bueno,Buena,Amanecer,Buen Tiempo,Lateral,S/D,Colisión,Ninguna,Faltante,Ninguna,Sin restricción
2020,7444,2020-12-20,Domingo,12:45:00,,0,2,"Taxi/Remis,Moto/Ciclomotor",Eva Peron Y Rivadavia,2,1,0,0,1,0,0,"-31.64492, -60.7038",Calle,,SANTA FE,La Capital,Asfalto,Pavimento,I,Dentro,Urbana,Semáforo,Funciona,Intersección,Bueno,Buena,Diurna,Buen Tiempo,Lateral,S/D,Colisión,Ninguna,Faltante,Ninguna,Sin restricción
2020,7445,2020-12-20,Domingo,,,0,2,"Moto/Ciclomotor,Pickup/Utilitario",Belgrano Y Castellanos,2,1,0,0,1,0,0,"-31.63555, -60.69837",Calle,,SANTA FE,La Capital,Asfalto,No existe,I,Dentro,Urbana,S/D,No existe,Intersección,Bueno,S/D,S/D,S/D,Lateral,S/D,Colisión,S/D,S/D,S/D,S/D
2020,7446,2020-12-20,Domingo,1:30:00,,0,2,"Moto/Ciclomotor,Automóvil",San Lorenzo Y Entre Rios,2,1,0,0,0,0,1,"-31.65828, -60.721",Calle,,SANTA FE,La Capital,Asfalto,Pavimento,I,S/D,Urbana,Ninguna,No existe,Intersección,Bueno,Buena,"Nocturna,Con luz artificial",Buen Tiempo,De alcance,S/D,Colisión,Ninguna,Vertical,Ninguna,Sin restricción
2020,7447,2020-12-20,Domingo,7:15:00,,0,2,"Moto/Ciclomotor,Transporte de Pasajeros Urbano (> 8 asientos)",Av Lopez y Planes Y Candido Pujato,2,1,0,0,1,0,0,"-31.63157, -60.71392",Avenida,,SANTA FE,La Capital,Hormigón,No existe,I,Dentro,Urbana,Ninguna,No existe,Intersección,Bueno,Buena,Diurna,Buen Tiempo,De alcance,S/D,Colisión,Ninguna,Faltante,Ninguna,Sin restricción
2020,7448,2020-12-20,Domingo,2:55:00,,0,2,"Automóvil,Moto/Ciclomotor",Av A del Valle Y Gutierrez,2,1,0,0,1,0,0,"-31.62374, -60.69959",Avenida,,ROSARIO,Rosario,Asfalto,No existe,I,Dentro,Urbana,Ninguna,No existe,Intersección,Bueno,S/D,"Nocturna,Con luz artificial",Buen Tiempo,Lateral,S/D,Colisión,Ninguna,S/D,Ninguna,Sin restricción
2020,7449,2020-12-21,Lunes,12:15:00,,0,2,"Automóvil,Moto/Ciclomotor",Eva Peron Y Rivadavia,2,1,0,0,1,0,0,"-31.64492, -60.7038",Calle,,SANTA FE,La Capital,Asfalto,Pavimento,I,Dentro,Urbana,Semáforo,Funciona,Intersección,Bueno,Buena,Diurna,Buen Tiempo,Lateral,S/D,Colisión,Ninguna,Faltante,Ninguna,Sin restricción
2020,7450,2020-12-21,Lunes,17:00:00,,0,2,"Moto/Ciclomotor,Automóvil",Chubut Y San Rafael,2,1,0,0,1,0,0,"-33.03342, -60.62099",Calle,,VILLA GOBERNADOR GÁLVEZ,Rosario,Asfalto,S/D,II,S/D,Urbana,Ninguna,No existe,Intersección,Bueno,Buena,Diurna,S/D,S/D,S/D,Colisión,Ninguna,Faltante,Ninguna,Sin restricción
2020,7451,2020-12-21,Lunes,18:00:00,,0,3,"Taxi/Remis,Automóvil,Automóvil",Av. Eva Peron Y Sanchez de Loria Bis,4,2,0,0,2,0,0,"-32.92952, -60.73212",Avenida,,ROSARIO,Rosario,Asfalto,No existe,II,Dentro,Urbana,Semáforo,Funciona,Intersección,Bueno,Buena,Diurna,Buen Tiempo,Múltiple,S/D,Colisión,Ninguna,S/D,Cordón divisorio,Sin restricción
2020,7452,2020-12-21,Lunes,16:30:00,,0,2,"Moto/Ciclomotor,Pickup/Utilitario",Bv. Avellaneda Y Gaboto,2,1,0,0,1,0,0,"-32.96599, -60.68598",Calle,,ROSARIO,Rosario,Asfalto,No existe,II,Dentro,Urbana,Ninguna,No existe,Intersección,Bueno,Buena,Diurna,Buen Tiempo,Lateral,S/D,Colisión,Ninguna,Faltante,Ninguna,Sin restricción
2020,7453,2020-12-21,Lunes,20:30:00,,0,2,"Pickup/Utilitario,Bicicleta",Maria S P de Acebal Y Sarmiento,2,1,0,0,1,0,0,"-33.24192, -60.83864",Calle,,ACEBAL,Rosario,Asfalto,Pavimento,II,Dentro,Urbana,Ninguna,No existe,Intersección,Bueno,Buena,Diurna,Buen Tiempo,S/D,Ciclista,Atropello,Ninguna,Vertical,Cordón divisorio,Sin restricción
2020,7454,2020-12-24,Jueves,,,0,2,"Automóvil,Moto/Ciclomotor",Belgrano Y Bv Centenario,2,1,0,0,1,0,0,"-33.24152, -60.83438",Calle,,ACEBAL,Rosario,Asfalto,No existe,II,Dentro,Urbana,Ninguna,No existe,Intersección,Bueno,Buena,Diurna,Buen Tiempo,Lateral,S/D,Colisión,Ninguna,Faltante,Cordón divisorio,Sin restricción
2020,7455,2020-12-21,Lunes,13:00:00,,0,2,"Automóvil,Moto/Ciclomotor",Maipu 1200,2,1,0,0,1,0,0,"-32.861219488415,-60.716269399489",Calle,,GRANADERO BAIGORRIA,Rosario,Asfalto,No existe,II,Fuera,Urbana,Ninguna,No existe,Recta,Bueno,Buena,Diurna,Buen Tiempo,S/D,S/D,Colisión,Ninguna,Faltante,Ninguna,Sin restricción
2020,7456,2020-12-21,Lunes,11:20:00,,0,1,Moto/Ciclomotor,Independencia 746,1,0,1,0,0,0,0,"-30.36004, -60.40166",Calle,,GOBERNADOR CRESPO,San Justo,Hormigón,No existe,XVI,Dentro,Urbana,Ninguna,No existe,Recta,Bueno,Buena,Diurna,Buen Tiempo,Atropello animal,S/D,Colisión,Ninguna,Faltante,Ninguna,Sin restricción
2020,7457,2020-12-21,Lunes,12:00:00,Ruta Nacional 11,252,2,"Moto/Ciclomotor,Pickup/Utilitario",,2,1,0,0,1,0,0,"-30.79961, -60.5963",Ruta,11,SAN JUSTO,San Justo,Tierra,No existe,XVI,Dentro,Urbana,Ninguna,No existe,Recta,Bueno,Buena,Diurna,Buen Tiempo,De alcance,S/D,Colisión,Ninguna,Faltante,Ninguna,Sin restricción
2020,7458,2020-12-21,Lunes,,,0,2,"Moto/Ciclomotor,Automóvil",9 de Julio Y Santa Fe,3,1,1,0,1,0,0,"-30.78786, -60.59682",Avenida,,SAN JUSTO,San Justo,Asfalto,No existe,XVI,S/D,Urbana,Señal Pare,No existe,Intersección,Bueno,Buena,Diurna,Buen Tiempo,Lateral,S/D,Colisión,Ninguna,S/D,Cordón divisorio,Sin restricción
2020,7459,2020-12-29,Martes,7:45:00,,0,2,"Moto/Ciclomotor,Moto/Ciclomotor",R P A Janssen Y Almafuerte,2,2,0,0,0,0,0,"-31.43865, -60.93498",Calle,,ROSARIO,Rosario,Asfalto,No existe,XI,Dentro,Urbana,Ninguna,No existe,Intersección,Bueno,Buena,Diurna,Buen Tiempo,S/D,S/D,Colisión,Ninguna,Faltante,Ninguna,Sin restricción
2020,7460,2020-12-21,Lunes,21:20:00,Ruta Nacional 11,13,2,"Automóvil,Moto/Ciclomotor",,3,2,0,0,1,0,0,"-32.77284, -60.7295",Ruta,11,SAN LORENZO,San Lorenzo,S/D,S/D,XVII,S/D,Urbana,S/D,S/D,Recta,S/D,S/D,Nocturna,S/D,S/D,S/D,Colisión,S/D,S/D,S/D,S/D
2020,7461,2020-12-21,Lunes,10:00:00,,0,2,"Automóvil,Bicicleta",Santiago Y Tucuman,2,1,0,0,1,0,0,"-32.82124, -60.71603",Calle,,CAPITÁN BERMÚDEZ,San Lorenzo,Asfalto,S/D,XVII,S/D,Urbana,Señal Pare,S/D,Intersección,Bueno,S/D,Diurna,Buen Tiempo,S/D,Ciclista,Atropello,Ninguna,Vertical,Ninguna,Sin restricción
2020,7462,2020-12-21,Lunes,10:40:00,,0,2,"Moto/Ciclomotor,Automóvil",Av Marmol Y Gral Paz,2,1,0,0,1,0,0,"-32.83305, -60.71678",Calle,,CAPITÁN BERMÚDEZ,San Lorenzo,Asfalto,Pavimento,XVII,S/D,Urbana,S/D,No existe,Intersección,Bueno,Buena,Diurna,Buen Tiempo,S/D,S/D,Colisión,Ninguna,Faltante,Ninguna,S/D
2020,7463,2020-12-23,Miercoles,20:40:00,,0,2,"Moto/Ciclomotor,Automóvil",Av San Lorenzo Y Santa fe,2,1,0,0,1,0,0,"-32.82307, -60.7142",Avenida,,CAPITÁN BERMÚDEZ,San Lorenzo,Asfalto,Pavimento,XVII,Dentro,Urbana,Semáforo,Funciona,Intersección,Bueno,Buena,Nocturna,Buen Tiempo,S/D,S/D,Colisión,Ninguna,Vertical,Línea divisoria pintada,Sin restricción
2020,7464,2020-12-21,Lunes,20:40:00,,0,2,"Automóvil,Moto/Ciclomotor",Ruta pcial 2 Av San Martin Y Santa Fe,3,1,0,0,2,0,0,"-31.51594, -60.68077",Avenida,,MONTE VERA,La Capital,"Asfalto,Ripio",Ripio,I,Dentro,Urbana,Ninguna,No existe,Intersección,Bueno,Buena,Nocturna,Buen Tiempo,Lateral,S/D,Colisión,Ninguna,Faltante,Ninguna,Sin restricción
2020,7465,2020-12-21,Lunes,19:00:00,,0,2,"Automóvil,Peatón",Islas Malvinas 3248,2,1,0,0,1,0,0,"-32.72894, -60.73869",Calle,,SAN LORENZO,San Lorenzo,Asfalto,No existe,XVII,S/D,Urbana,S/D,No existe,Recta,S/D,S/D,Atardecer,S/D,S/D,Peatón,Atropello,S/D,S/D,S/D,S/D
2020,7466,2020-12-21,Lunes,8:30:00,,0,2,"Automóvil,Automóvil",Las Heras Y J P Lopez,2,1,0,0,1,0,0,"-31.60945, -60.68954",Calle,,SANTA FE,La Capital,Asfalto,No existe,I,Dentro,Urbana,Ninguna,No existe,Intersección,Bueno,Buena,Diurna,Buen Tiempo,Lateral,S/D,Colisión,Ninguna,S/D,Ninguna,Sin restricción
2020,7467,2020-12-21,Lunes,9:40:00,,0,2,"Moto/Ciclomotor,Moto/Ciclomotor",Av Gral Paz Y Martin Zapata,2,1,0,0,1,0,0,"-31.62243, -60.68747",Avenida,,SANTA FE,La Capital,Asfalto,No existe,I,Dentro,Urbana,Ninguna,No existe,Intersección,Bueno,Buena,Diurna,Buen Tiempo,Lateral,S/D,Colisión,Ninguna,S/D,Ninguna,Sin restricción
2020,7469,2020-12-25,Viernes,9:10:00,,0,2,"Pickup/Utilitario,Bicicleta",San Jeronimo Y Juan de Garay,2,1,0,0,1,0,0,"-31.6523, -60.70967",Calle,,ROSARIO,Rosario,Asfalto,Pavimento,I,S/D,Urbana,Ninguna,No existe,Intersección,Bueno,Buena,Diurna,Buen Tiempo,S/D,Ciclista,Atropello,Ninguna,Faltante,Ninguna,Sin restricción
2020,7470,2020-12-21,Lunes,8:15:00,,0,2,"Bicicleta,Automóvil",España 200,2,1,0,0,1,0,0,"-32.93783, -60.64473",Calle,,ROSARIO,Rosario,Asfalto,S/D,II,S/D,Urbana,S/D,S/D,Intersección,S/D,S/D,Diurna,S/D,S/D,Ciclista,Atropello,S/D,S/D,S/D,Sin restricción
2020,7471,2020-12-24,Jueves,15:45:00,,0,2,"Moto/Ciclomotor,Automóvil",Dorrego Y Amenabar,2,1,0,0,1,0,0,"-32.97017, -60.6557",Calle,,ROSARIO,Rosario,Asfalto,S/D,II,Dentro,Urbana,Ninguna,No existe,Intersección,Bueno,Buena,Diurna,Buen Tiempo,Lateral,S/D,Colisión,Ninguna,Faltante,Ninguna,Sin restricción
2020,7472,2020-12-21,Lunes,16:30:00,,0,2,"Automóvil,Automóvil",Av. Ovidio Lagos Y Sanchez de Bustamante,3,1,0,0,2,0,0,"-33.00284, -60.67587",Calle,,ROSARIO,Rosario,Asfalto,No existe,II,Dentro,Urbana,S/D,No existe,Intersección,Bueno,Buena,Diurna,Buen Tiempo,Lateral,S/D,Colisión,Ninguna,Faltante,Ninguna,Sin restricción
2020,7473,2020-12-17,Jueves,14:10:00,,0,1,Bicicleta,Ayacucho Y Ignacio Crespo,1,1,0,0,0,0,0,"-31.58997, -60.72892",Calle,,SANTA FE,La Capital,S/D,S/D,I,S/D,Urbana,S/D,S/D,Intersección,S/D,S/D,Diurna,S/D,S/D,S/D,Cañda ocupante,S/D,S/D,S/D,S/D