anio_acci,nro_acci,fecha,desc_dia,hora_aprox,desc_ruta,km,cant_participantes,desc_participante,calle_avenida_km,total,heridos_leves,heridos_graves,heridos_gravisimos,ilesos,fallecidos,sin_datos,posicion_XY,desc_tipo_via,desc_ruta_ori,desc_loc,desc_dpto,desc_tipo_calzada,desc_tipo_banquina,desc_unidad_regional,desc_lugar_calzada,desc_zona,desc_prioridad,desc_estado_semaforo,desc_lugar_via,desc_estado_via,desc_estado_visibilidad,desc_luminosidad,desc_estado_clima,desc_tipo_colision,desc_tipo_atropello,desc_tipo_hecho,desc_pres_calzada,desc_senializacion,desc_separacion_via,desc_restriccion
2020,7554,2020-12-30,Miercoles,,,0,2,"Automóvil,Moto/Ciclomotor",Ciudad de Esperanza Y Uruguay,2,0,1,0,0,0,1,"    -31.24615, -61.48442",Calle,,RAFAELA,Castellanos,Asfalto,S/D,V,Dentro,Urbana,S/D,No existe,Intersección,S/D,S/D,S/D,S/D,S/D,S/D,Colisión,S/D,S/D,S/D,S/D
2020,7555,2020-12-31,Jueves,,,0,2,"Moto/Ciclomotor,Moto/Ciclomotor",Calle 47-Islas Malvinas Y Calle 72,2,1,0,0,1,0,0,"    -29.16232, -59.63962",Calle,,RECONQUISTA,General Obligado,Asfalto,S/D,IX,Dentro,Urbana,S/D,No existe,Intersección,S/D,S/D,S/D,S/D,S/D,S/D,Colisión,S/D,S/D,S/D,S/D
2020,7556,2020-12-29,Martes,,,0,2,"Bicicleta,Pickup/Utilitario",Leoncio de la Barrera,2,1,0,0,1,0,0,"    -33.7359, -61.97927",S/D,,VENADO TUERTO,General LÓPEZ,S/D,S/D,VIII,S/D,S/D,S/D,S/D,Intersección,S/D,S/D,S/D,S/D,S/D,Ciclista,Atropello,S/D,S/D,S/D,S/D
2020,7557,2020-10-08,Jueves,2:40:00,,0,1,Automóvil,Av. Pte.Peron Y Av. Provincias Unidas,3,1,1,0,0,1,0,"-32.96974, -60.71502",Avenida,,ROSARIO,Rosario,Asfalto,Pavimento,II,S/D,Urbana,Otra Señal,Funciona,Otro,Bueno,S/D,Nocturna,Buen Tiempo,Contra objeto fijo,S/D,Colisión,S/D,S/D,Ninguna,Sin restricción
2020,7558,2020-10-09,Viernes,1:00:00,Ruta Provincial 1,14,3,"Camión c / Semirremolque,Peatón,Peatón",Calle 58,3,2,0,0,0,1,0,"    -31.38398, -60.89384",Ruta,1,ARROYO LEYES,La Capital,Asfalto,Natural,II,S/D,Urbana,Ninguna,No existe,Curva,Bueno,Buena,"Nocturna,Con luz artificial",Buen Tiempo,S/D,Peatón,Atropello,Ninguna,"Horizontal,Vertical",Línea divisoria pintada,Sin restricción
2020,7559,2020-10-10,Sabado,21:50:00,Ruta Provincial 6,77,1,Moto/Ciclomotor,,2,0,0,1,0,1,0,"    -31.38398, -60.89384",Ruta,6,NELSON,La Capital,Asfalto,Natural,I,Fuera,Rural,Ninguna,No existe,Puente,Bueno,Reducida,Nocturna,Buen Tiempo,Contra objeto fijo,S/D,Colisión,Ninguna,Vertical,Línea divisoria pintada,Sin restricción
2020,7560,2020-10-11,Domingo,18:30:00,,0,2,"Moto/Ciclomotor,Automóvil",R Rodriguez Y Tucuman,3,0,0,0,2,1,0," -32.7199,-60.72829",Calle,,PUERTO SAN MARTÍN,San Lorenzo,Asfalto,No existe,XVII,S/D,Urbana,Ninguna,No existe,Intersección,Bueno,Buena,Diurna,Buen Tiempo,S/D,S/D,Colisión,Ninguna,Horizontal,Ninguna,Sin restricción
2020,7561,2020-10-18,Domingo,22:00:00,,0,1,Moto/Ciclomotor,Juan Jose Paso Y Carlos Chapearouge,1,0,0,0,0,1,0,"-31.69059,-60.78255",Calle,,SANTO TOMÉ,La Capital,Asfalto,Natural,I,Dentro,Urbana,Ninguna,No existe,Recta,Resbaladiza,Buena,Nocturna,Buen Tiempo,S/D,S/D,Cañda ocupante,Ninguna,Faltante,Vegetación,Sin restricción
2020,7562,2020-10-19,Lunes,2:10:00,,0,1,Moto/Ciclomotor,25 de Mayo,1,0,0,0,0,1,0,"-30.53645,-61.96096",Calle,,SUARDI,San CRISTÓBAL,Hormigón,Pavimento,XIII,Dentro,Urbana,Ninguna,No existe,Recta,Bueno,S/D,Nocturna,Buen Tiempo,Otro,S/D,Cañda ocupante,Fluidos,Faltante,Ninguna,Sin restricción
2020,7563,2020-10-25,Domingo,5:20:00,,0,1,Automóvil,Mendoza Y Mejico,2,1,0,0,0,1,0,"-32.94034,-60.71842",Avenida,,ROSARIO,Rosario,Asfalto,No existe,II,Dentro,Urbana,Paso Peatonal,No existe,Intersección,Resbaladiza,Reducida,Nocturna,Lluvia,Contra objeto fijo,S/D,Colisión,Agua,S/D,Cordón divisorio,Sin restricción
2020,7564,2020-10-25,Domingo,5:30:00,Autopista Nacional A008,20,1,Automóvil,San Martin Y Av. Circunvalacion,1,0,0,0,0,1,0,"-33.01669,-60.63383",Autopista,A008,ROSARIO,Rosario,Asfalto,No existe,II,Dentro,Urbana,Ninguna,No existe,Intersección,Bueno,Buena,Nocturna,Buen Tiempo,Contra objeto fijo,S/D,Colisión,Ninguna,Faltante,Línea divisoria pintada,Sin restricción
2020,7565,2020-10-26,Lunes,4:40:00,,0,2,"Moto/Ciclomotor,Automóvil",Cervantes Y Av Argentina,2,0,0,0,1,1,0,"-33.00544,-60.61776",Calle,,VILLA GOBERNADOR GÁLVEZ,Rosario,Asfalto,No existe,II,Dentro,Urbana,Ninguna,No existe,Recta,Bueno,Reducida,"Nocturna,Con luz artificial",Buen Tiempo,Frontal,S/D,Colisión,Ninguna,Faltante,Ninguna,Sin restricción
2020,7566,2020-10-29,Jueves,18:20:00,Autopista Nacional A008,21,2,"Peatón,Pickup/Utilitario",Av. Circunvalacion Y Ayacucho,4,0,0,0,3,1,0,"-33.01571,-60.63478",Autopista,A008,ROSARIO,Rosario,Asfalto,No existe,II,Dentro,Urbana,Ninguna,No existe,Otro,Bueno,Buena,Diurna,Buen Tiempo,S/D,Peatón,Atropello,Ninguna,Faltante,Guardarrail,Sin restricción
2020,7567,2020-10-02,Viernes,8:10:00,Ruta Nacional 11,862,1,Automóvil,,3,2,0,0,0,1,0,"-28.57673,-59.38528",Ruta,11,VILLA OCAMPO,General Obligado,Asfalto,Natural,IX,Dentro,Rural,Ninguna,No existe,Recta,Bueno,S/D,Diurna,S/D,S/D,S/D,Despiste,Ninguna,Faltante,"Línea divisoria pintada,S/D",Sin restricción
2020,7568,2020-10-08,Jueves,13:00:00,Ruta Provincial 90,27,2,"Automóvil,Camión",,2,0,0,0,1,1,0,"    -33.42736, -60.60616",Ruta,90,CEPEDA,Constitución,Asfalto,S/D,VI,Dentro,Rural,Ninguna,No existe,Recta,Bueno,S/D,Diurna,S/D,S/D,S/D,Colisión,Ninguna,Faltante,"Ninguna,S/D",Sin restricción
2020,7571,2020-10-05,Lunes,15:30:00,Ruta Provincial 21,16,2,"Moto/Ciclomotor,Camión",Cristobal Colon,2,0,0,0,1,1,0,"-33.15631,-60.50177",Ruta,21,ARROYO SECO,Rosario,Asfalto,No existe,II,Dentro,Urbana,Ninguna,No existe,Recta,Bueno,S/D,Diurna,S/D,S/D,S/D,Colisión,Ninguna,Faltante,"Ninguna,S/D",Sin restricción
2020,7573,2020-10-18,Domingo,9:36:00,,0,1,Automóvil,Boulevard Colon Y Cordoba,1,0,0,0,0,1,0,"-33.4499,-61.48751",Avenida,,FIRMAT,General LÓPEZ,S/D,S/D,VIII,Dentro,Urbana,S/D,S/D,Recta,S/D,S/D,Diurna,S/D,S/D,S/D,Despiste,S/D,S/D,S/D,S/D
2020,7574,2020-10-29,Jueves,20:00:00,Ruta Secundaria 292-s,14,2,"Moto/Ciclomotor,Tractor",,2,0,0,0,1,1,0,"-28.61522,-61.66364",Ruta,292-s,VILLA MINETTI,9 de Julio,S/D,S/D,XII,S/D,Urbana,S/D,S/D,Recta,S/D,S/D,Nocturna,S/D,De alcance,S/D,Colisión,S/D,S/D,S/D,S/D
2020,7575,2020-10-15,Jueves,4:25:00,,0,2,"Moto/Ciclomotor,Camión",Avenida Libertad  Y SAN LORENZO,2,0,0,0,1,1,0,"-34.32973,-62.03837",Avenida,,SAN GREGORIO,General LÓPEZ,Tierra,No existe,VIII,Dentro,Urbana,Ninguna,No existe,Intersección,Bueno,S/D,Nocturna,S/D,S/D,S/D,Colisión,Ninguna,Faltante,"Ninguna,S/D",Sin restricción
2020,7576,2020-06-04,Jueves,23:00:00,,0,1,Moto/Ciclomotor,Bv. Avellaneda Y Garibaldi,1,1,0,0,0,0,0,"-32.978692, -60.688850",Avenida,,ROSARIO,Rosario,Asfalto,No existe,II,Dentro,Urbana,Ninguna,No existe,Recta,S/D,S/D,Nocturna,S/D,S/D,S/D,Colisión,S/D,Faltante,Cordón divisorio,S/D
2020,7577,2020-10-11,Domingo,2:30:00,Autopista Provincial Brigadier E.LÓPEZ,146,2,"Bicicleta,Pickup/Utilitario",,2,0,0,0,1,1,0,"-31.66876,-60.80041",Autopista,Brigadier E.LÓPEZ,SANTO TOMÉ,La Capital,Asfalto,Natural,I,S/D,Rural,Ninguna,No existe,Recta,Bueno,S/D,Nocturna,S/D,S/D,Ciclista,Atropello,Ninguna,Faltante,"Guardarrail,S/D",Sin restricción
2020,7578,2020-06-05,Viernes,15:30:00,,0,1,Moto/Ciclomotor,Garibaldi Y Sarmiento,1,1,0,0,0,0,0,"-32.985953872148,-60.648100279082",Calle,,ROSARIO,Rosario,Asfalto,No existe,II,Dentro,Urbana,Ninguna,No existe,Intersección,S/D,S/D,Diurna,S/D,S/D,S/D,Colisión,S/D,Faltante,Ninguna,S/D
2020,7579,2020-06-05,Viernes,18:00:00,,0,1,Moto/Ciclomotor,Av. Francia Y Av. Pellegrini,1,1,0,0,0,0,0,"-32.952439492342,-60.668385091878",Avenida,,ROSARIO,Rosario,Asfalto,No existe,II,Dentro,Urbana,Semáforo,Funciona,Intersección,S/D,S/D,Diurna,S/D,S/D,S/D,Colisión,S/D,"Horizontal,Vertical",Cordón divisorio,S/D
2020,7580,2020-06-06,Sabado,0:00:00,,0,2,"Bicicleta,Otros",Alvear Y E.Zeballos,2,1,0,0,0,0,1,"-32.952047440156,-60.656809766822",Calle,,ROSARIO,Rosario,Asfalto,No existe,II,Dentro,Urbana,Paso Peatonal,No existe,Intersección,S/D,S/D,Nocturna,S/D,S/D,Ciclista,Atropello,S/D,Horizontal,Ninguna,S/D
2020,7581,2020-06-07,Domingo,4:45:00,,0,1,Moto/Ciclomotor,Av. Pte.Peron Y Vera Mujica,1,1,0,0,0,0,0,"-32.956015266431,-60.670593346928",Avenida,,ROSARIO,Rosario,Asfalto,No existe,II,Dentro,Urbana,Semáforo,Funciona,Intersección,S/D,S/D,Nocturna,S/D,S/D,S/D,Colisión,S/D,"Horizontal,Vertical",Cordón divisorio,S/D
2020,7582,2020-08-01,Sabado,9:29:00,,0,1,Moto/Ciclomotor,A.Maza Y Gurruchaga,1,1,0,0,0,0,0,"-32.904306484787,-60.685624987925",Calle,,ROSARIO,Rosario,Asfalto,No existe,II,Dentro,Urbana,Ninguna,No existe,Intersección,Bueno,Buena,Diurna,Buen Tiempo,S/D,S/D,Colisión,Ninguna,Faltante,Ninguna,Sin restricción
2020,7583,2020-06-07,Domingo,0:00:00,,0,1,Moto/Ciclomotor,Mejico,1,1,0,0,0,0,0,"-32.91180700063706,-60.719466805458",Calle,,ROSARIO,Rosario,S/D,S/D,II,Dentro,Urbana,S/D,S/D,S/D,S/D,S/D,Nocturna,S/D,S/D,S/D,Colisión,S/D,S/D,S/D,S/D
2020,7584,2020-08-01,Sabado,7:30:00,,0,1,Moto/Ciclomotor,9 De Julio Y Lavalle,1,1,0,0,0,0,0,"-32.946739419559,-60.679627166393",Calle,,ROSARIO,Rosario,Asfalto,No existe,II,Dentro,Urbana,Ninguna,No existe,Intersección,Bueno,Buena,Diurna,Buen Tiempo,S/D,S/D,Colisión,Ninguna,Faltante,Ninguna,Sin restricción
2020,7585,2020-08-01,Sabado,10:00:00,,0,2,"Otros,Bicicleta",Junin Y Larrea,2,0,1,0,0,0,1,"-32.927159162457,-60.697755089918",Calle,,ROSARIO,Rosario,Asfalto,No existe,II,Dentro,Urbana,Ninguna,No existe,Intersección,Bueno,Buena,Diurna,Buen Tiempo,S/D,Ciclista,Atropello,Ninguna,Faltante,Ninguna,Sin restricción
2020,7586,2020-08-02,Domingo,0:05:00,,0,1,Moto/Ciclomotor,Bv. Avellaneda Y Garay,1,1,0,0,0,0,0,"-32.967100063303,-60.686295773492",Avenida,,ROSARIO,Rosario,Asfalto,No existe,II,Dentro,Urbana,Paso Peatonal,No existe,Intersección,Bueno,Buena,Diurna,Buen Tiempo,S/D,S/D,Colisión,Ninguna,"Horizontal,Vertical","Cordón divisorio,Vegetación",Sin restricción
2020,7587,2020-06-07,Domingo,0:00:00,,0,2,"Peatón,Otros",Mariano Moreno,2,1,0,0,1,0,0,"-32.948416471481345,-60.65167665481",Calle,,ROSARIO,Rosario,S/D,S/D,II,Dentro,Urbana,S/D,S/D,S/D,S/D,S/D,Nocturna,S/D,S/D,Peatón,Atropello,S/D,S/D,S/D,S/D
2020,7588,2020-08-22,Sabado,7:00:00,,0,1,Moto/Ciclomotor,Amenabar Y Rodriguez,1,1,0,0,0,0,0,"-32.968505675948,-60.665226960818",Calle,,ROSARIO,Rosario,Asfalto,No existe,II,Dentro,Urbana,Ninguna,No existe,Intersección,Bueno,Buena,Diurna,Buen Tiempo,S/D,S/D,Colisión,Ninguna,Faltante,Ninguna,Sin restricción
2020,7589,2020-06-02,Martes,9:11:00,,0,1,Moto/Ciclomotor,Bv. Segui Y Rio De Janeiro,1,1,0,0,0,0,0,"-32.971562807372,-60.688752040249",Avenida,,ROSARIO,Rosario,Asfalto,No existe,II,Dentro,Urbana,Ninguna,No existe,Intersección,S/D,S/D,Diurna,S/D,S/D,S/D,Colisión,S/D,Faltante,Cordón divisorio,S/D
2020,7590,2020-06-08,Lunes,13:21:00,,0,2,"Bicicleta,Otros",Bv. Avellaneda Y Garay,2,1,0,0,0,0,1,"-32.967135501409,-60.686098273632",Avenida,,ROSARIO,Rosario,Asfalto,No existe,II,Dentro,Urbana,Ninguna,No existe,Intersección,S/D,S/D,Diurna,S/D,S/D,Ciclista,Atropello,S/D,Faltante,Cordón divisorio,S/D
2020,7591,2020-06-09,Martes,19:30:00,,0,2,"Bicicleta,Otros",Ituzaingo Y Larrea,2,1,0,0,0,0,1,"-32.951771847515,-60.696812664629",Calle,,ROSARIO,Rosario,Asfalto,No existe,II,Dentro,Urbana,Ninguna,No existe,Intersección,S/D,S/D,Diurna,S/D,S/D,Ciclista,Atropello,S/D,Faltante,Ninguna,S/D
2020,7592,2020-06-09,Martes,19:00:00,,0,2,"Bicicleta,Otros",Bv. Segui Y Roullon,2,1,0,0,0,0,1,"-32.970791924002,-60.701062445561",Avenida,,ROSARIO,Rosario,Asfalto,No existe,II,Dentro,Urbana,Semáforo,Funciona,Intersección,S/D,S/D,Nocturna,S/D,S/D,Ciclista,Atropello,S/D,Vertical,Cordón divisorio,S/D
2020,7593,2020-09-02,Miercoles,16:10:00,,0,2,"Automóvil,Moto/Ciclomotor",Cafferata Y Pasco,2,1,0,0,0,0,1,"-32.953703296731,-60.674267147499",Calle,,ROSARIO,Rosario,Asfalto,No existe,II,Dentro,Urbana,Ninguna,No existe,Intersección,Deteriorada,Buena,Diurna,Buen Tiempo,S/D,S/D,Colisión,Ninguna,Faltante,Ninguna,Sin restricción
2020,7594,2020-06-09,Martes,19:00:00,,0,1,Moto/Ciclomotor,BV 27 DE FEBRERO Y JUAN PABLO II,1,0,1,0,0,0,0,"-32.959628, -60.720293",Avenida,,ROSARIO,Rosario,Asfalto,No existe,II,Dentro,Urbana,Semáforo,Funciona,Intersección,S/D,S/D,Nocturna,S/D,S/D,S/D,Colisión,S/D,Vertical,Cordón divisorio,S/D
2020,7595,2020-09-03,Jueves,8:00:00,,0,1,Moto/Ciclomotor,ABORIGENES ARGENTINOS Y JUAN PABLO SEGUNDO,1,1,0,0,0,0,0,"-32.98143850594737, -60.70938138464",Calle,,ROSARIO,Rosario,Asfalto,No existe,II,Dentro,Urbana,Ninguna,No existe,Distribuidor,Bueno,Buena,Diurna,Buen Tiempo,S/D,S/D,Colisión,Ninguna,Faltante,Cordón divisorio,Sin restricción
2020,7596,2020-06-09,Martes,18:00:00,,0,2,"Bicicleta,Otros",,2,0,1,0,0,0,1,"-32.945970296859706,-60.68368077278",S/D,,ROSARIO,Rosario,S/D,S/D,II,Dentro,Urbana,S/D,S/D,S/D,S/D,S/D,Diurna,S/D,S/D,Ciclista,Atropello,S/D,S/D,Ninguna,S/D
2020,7597,2020-08-26,Miercoles,18:00:00,,0,2,"Moto/Ciclomotor,Automóvil",Dr.Rivas,2,0,1,0,0,0,1,"-32.97550822815,-60.697862076748",Calle,,ROSARIO,Rosario,S/D,S/D,II,Dentro,Urbana,S/D,S/D,Recta,S/D,S/D,Diurna,S/D,S/D,S/D,Colisión,S/D,S/D,S/D,S/D
2020,7598,2020-09-03,Jueves,21:00:00,,0,2,"Otros,Bicicleta",Bv. 27 De Febrero,2,1,0,0,0,0,1,"-32.958746514193,-60.693637918716",Calle,,ROSARIO,Rosario,S/D,S/D,II,Dentro,Urbana,S/D,S/D,S/D,S/D,S/D,Nocturna,S/D,S/D,Ciclista,Atropello,S/D,S/D,S/D,S/D
2020,7599,2020-09-03,Jueves,19:00:00,Autopista Nacional A008,0,1,Otros,Av. Circunvalacion Y Bv. Segui,1,1,0,0,0,0,0,"-32.970337162875,-60.716091144135",Autopista,A008,ROSARIO,Rosario,Asfalto,Pavimento,II,Dentro,Urbana,Semáforo,Funciona,Intersección,Bueno,Buena,Atardecer,Buen Tiempo,S/D,S/D,S/D,Ninguna,Vertical,Cordón divisorio,Sin restricción
2020,7601,2020-06-10,Miercoles,9:00:00,,0,2,"Bicicleta,Otros",San Juan De Luz Y Montecarlo,2,1,0,0,0,0,1,"-33.027622850915,-60.689205208534",Calle,,ROSARIO,Rosario,Asfalto,No existe,II,Dentro,Urbana,Ninguna,No existe,Intersección,S/D,S/D,Diurna,S/D,S/D,Ciclista,Atropello,S/D,Faltante,Ninguna,S/D
2020,7602,2020-09-04,Viernes,0:05:00,,0,1,Moto/Ciclomotor,,1,1,0,0,0,0,0,"-32.95817760227484,-60.666264034822",S/D,,ROSARIO,Rosario,S/D,S/D,II,S/D,S/D,S/D,S/D,S/D,S/D,S/D,Nocturna,S/D,S/D,S/D,Colisión,S/D,S/D,S/D,S/D
2020,7603,2020-09-04,Viernes,16:00:00,,0,2,"Otros,Bicicleta",,2,1,0,0,0,0,1,"-32.95817760227484,-60.666264034822",S/D,,ROSARIO,Rosario,S/D,S/D,II,S/D,S/D,S/D,S/D,S/D,S/D,S/D,Diurna,S/D,S/D,S/D,Atropello,S/D,S/D,S/D,S/D
2020,7604,2020-06-10,Miercoles,18:00:00,,0,2,"Bicicleta,Otros",Paraguay Y 9 De Julio,2,1,0,0,0,0,1,"-32.956355050349,-60.646486094644",Calle,,ROSARIO,Rosario,Asfalto,No existe,II,Dentro,Urbana,Semáforo,Funciona,Intersección,S/D,S/D,Diurna,S/D,S/D,Ciclista,Atropello,S/D,"Horizontal,Vertical",Cordón divisorio,S/D
2020,7605,2020-08-30,Domingo,17:30:00,,0,1,Moto/Ciclomotor,,1,1,0,0,0,0,0,"-32.9982788682695,-60.7687779628732",S/D,,PEREZ,Rosario,S/D,S/D,II,S/D,S/D,S/D,S/D,S/D,S/D,S/D,Diurna,S/D,S/D,S/D,Colisión,S/D,S/D,S/D,Sin restricción
2020,7606,2020-09-05,Sabado,16:00:00,,0,1,Moto/Ciclomotor,,1,1,0,0,0,0,0,"-32.95817760227484,-60.666264034822",S/D,,ROSARIO,Rosario,S/D,S/D,II,S/D,S/D,S/D,S/D,S/D,S/D,S/D,Diurna,S/D,S/D,S/D,Colisión,S/D,S/D,S/D,S/D
2020,7607,2020-06-09,Martes,19:15:00,,0,1,Automóvil,Bv. Avellaneda Y Gorriti,1,1,0,0,0,0,0,"-32.923336767949,-60.675246322885",Avenida,,ROSARIO,Rosario,Asfalto,No existe,II,Dentro,Urbana,Semáforo,No existe,Intersección,S/D,S/D,Nocturna,S/D,S/D,S/D,Colisión,S/D,"Horizontal,Vertical",Cordón divisorio,S/D
2020,7608,2020-08-31,Lunes,12:33:00,,0,2,"Bicicleta,Otros",Biedma Y Larrea,2,1,0,0,0,0,1,"-32.974513, -60.695969",Calle,,ROSARIO,Rosario,Asfalto,No existe,II,Dentro,Urbana,Ninguna,No existe,Intersección,Bueno,S/D,Diurna,S/D,S/D,Ciclista,Atropello,Ninguna,Faltante,Ninguna,Sin restricción
2020,7610,2020-06-10,Miercoles,19:00:00,,0,1,Moto/Ciclomotor,,2,2,0,0,0,0,0,"-33.0012720823288,-60.7689025998115",S/D,,PEREZ,Rosario,S/D,S/D,II,S/D,S/D,S/D,S/D,S/D,S/D,S/D,Nocturna,S/D,S/D,S/D,Colisión,S/D,S/D,S/D,S/D
2020,7611,2020-06-10,Miercoles,23:00:00,,0,1,Moto/Ciclomotor,Ecuador Y San Lorenzo,1,1,0,0,0,0,0,"-32.934587070883,-60.715275254221",Calle,,ROSARIO,Rosario,Asfalto,No existe,II,Dentro,Urbana,Ninguna,S/D,Intersección,S/D,S/D,Nocturna,S/D,S/D,S/D,Colisión,S/D,Faltante,Ninguna,S/D
2020,7612,2020-09-27,Domingo,0:05:00,,0,2,"Otros,Peatón",Av. Pellegrini,2,1,0,0,0,0,1,"-32.94834136962887,-60.705256462097",Avenida,,ROSARIO,Rosario,S/D,S/D,II,Dentro,Urbana,S/D,S/D,S/D,S/D,S/D,Nocturna,S/D,S/D,Peatón,Atropello,S/D,S/D,S/D,S/D
2020,7613,2020-06-12,Viernes,6:00:00,,0,1,Moto/Ciclomotor,Garay Y Larrea,1,1,0,0,0,0,0,"-32.965869634365,-60.696271608155",Calle,,ROSARIO,Rosario,Asfalto,No existe,II,Dentro,Urbana,Ninguna,No existe,Intersección,S/D,S/D,Diurna,S/D,S/D,S/D,Colisión,S/D,Faltante,Ninguna,S/D
2020,7614,2020-08-31,Lunes,11:40:00,,0,1,Moto/Ciclomotor,Garzon 6500,1,1,0,0,0,0,0,"-32.975760, -60.704251",Calle,,ROSARIO,Rosario,Asfalto,No existe,II,Dentro,Urbana,Ninguna,No existe,Intersección,Bueno,S/D,Diurna,S/D,S/D,S/D,Colisión,S/D,Faltante,Ninguna,Sin restricción
2020,7615,2020-08-31,Lunes,18:20:00,,0,1,Moto/Ciclomotor,Crespo Y Uruguay,1,1,0,0,0,0,0,"-32.971385309248,-60.675905115728",Calle,,ROSARIO,Rosario,Asfalto,No existe,II,Dentro,Urbana,Ninguna,No existe,Intersección,Bueno,Buena,Diurna,S/D,S/D,S/D,Colisión,Ninguna,Faltante,Ninguna,Sin restricción
2020,7616,2020-09-06,Domingo,0:05:00,,0,1,Moto/Ciclomotor,Pje. Patagones 4100,2,1,1,0,0,0,0,"-32.976971, -60.689833",Calle,,ROSARIO,Rosario,S/D,S/D,II,Dentro,Urbana,Ninguna,S/D,Intersección,S/D,S/D,Nocturna,S/D,S/D,S/D,Cañda ocupante,S/D,S/D,Ninguna,Sin restricción
2020,7617,2020-09-06,Domingo,18:00:00,,0,1,Moto/Ciclomotor,Bv. Avellaneda,1,1,0,0,0,0,0,"-33.018282352918,-60.689209046793",Avenida,,ROSARIO,Rosario,S/D,S/D,II,Dentro,Urbana,S/D,S/D,S/D,S/D,S/D,Diurna,S/D,S/D,S/D,Colisión,S/D,S/D,S/D,S/D
2020,7618,2020-09-19,Sabado,4:30:00,Autopista Nacional A008,0,1,Moto/Ciclomotor,Av. Circunvalacion Y Cerrito,1,0,1,0,0,0,0,"-32.95349121093746,-60.721381902694",Autopista,A008,ROSARIO,Rosario,Asfalto,No existe,II,Dentro,Urbana,Ninguna,No existe,Intersección,Bueno,S/D,Nocturna,S/D,S/D,S/D,Colisión,Ninguna,Faltante,Ninguna,Sin restricción
2020,7619,2020-06-12,Viernes,7:00:00,,0,1,Moto/Ciclomotor,Bv. 27 De Febrero Y Valparaiso,1,1,0,0,0,0,0,"-32.959698077244,-60.687169365054",Avenida,,ROSARIO,Rosario,Asfalto,No existe,II,Dentro,Urbana,Ninguna,No existe,Intersección,S/D,S/D,Diurna,S/D,S/D,S/D,Colisión,S/D,Faltante,Cordón divisorio,S/D
2020,7620,2020-06-12,Viernes,17:30:00,,0,1,Moto/Ciclomotor,Av. M. Cisnero Y Matienzo,1,1,0,0,0,0,0,"-32.978447, -60.693277",Calle,,ROSARIO,Rosario,Asfalto,No existe,II,Dentro,Urbana,Ninguna,No existe,Intersección,S/D,S/D,Diurna,S/D,S/D,S/D,Colisión,S/D,Faltante,Ninguna,S/D
2020,7621,2020-06-13,Sabado,16:20:00,,0,1,Moto/Ciclomotor,Bv. Avellaneda,1,1,0,0,0,0,0,"-32.945385575294495,-60.68081617355",Avenida,,ROSARIO,Rosario,S/D,S/D,II,Dentro,Urbana,S/D,S/D,S/D,S/D,S/D,Diurna,S/D,S/D,S/D,Colisión,S/D,S/D,S/D,S/D
2020,7622,2020-06-14,Domingo,15:09:00,,0,1,Moto/Ciclomotor,,1,0,1,0,0,0,0,"-33.02325010299679,-60.637289285659",Calle,,VILLA GOBERNADOR GÁLVEZ,Rosario,S/D,S/D,II,Dentro,Urbana,S/D,S/D,S/D,S/D,S/D,Diurna,S/D,S/D,S/D,Colisión,S/D,S/D,S/D,S/D
2020,7623,2020-06-14,Domingo,14:30:00,,0,1,Moto/Ciclomotor,,1,0,1,0,0,0,0,"-32.918599, -60.712233",Calle,,ROSARIO,Rosario,S/D,S/D,II,Dentro,Urbana,S/D,S/D,S/D,S/D,S/D,Diurna,S/D,S/D,S/D,Colisión,S/D,S/D,S/D,S/D
2020,7624,2020-06-20,Sabado,6:00:00,,0,1,Moto/Ciclomotor,Av. Provincias Unidas,1,1,0,0,0,0,0,"-32.9410886764526,-60.7125306129454",Avenida,,ROSARIO,Rosario,Asfalto,No existe,II,Dentro,Urbana,S/D,No existe,Recta,S/D,S/D,Amanecer,S/D,S/D,S/D,Colisión,S/D,S/D,Cordón divisorio,Sin restricción
2020,7625,2020-06-15,Lunes,12:15:00,,0,1,Automóvil,9 De Julio Y Callao,1,1,0,0,0,0,0,"-32.949913661063,-60.66195233897",Calle,,ROSARIO,Rosario,Asfalto,No existe,II,Dentro,Urbana,Semáforo,Funciona,Intersección,S/D,S/D,Diurna,S/D,S/D,S/D,Colisión,S/D,"Horizontal,Vertical",Ninguna,S/D
2020,7626,2020-06-24,Miercoles,7:40:00,,0,1,Moto/Ciclomotor,Av. Francia Y Bv. 27 De Febrero,1,1,0,0,0,0,0,"-32.962794501847,-60.670771834849",Avenida,,ROSARIO,Rosario,Asfalto,No existe,II,Dentro,Urbana,Semáforo,Funciona,Intersección,Bueno,Buena,Diurna,Buen Tiempo,S/D,S/D,Colisión,Ninguna,"Horizontal,Vertical","Cordón divisorio,Vegetación,Línea divisoria pintada",Sin restricción
2020,7627,2020-06-15,Lunes,12:00:00,,0,2,"Bicicleta,Otros",Tucuman,2,1,0,0,0,0,1,"-32.936164140701315,-60.66845655441",Calle,,ROSARIO,Rosario,S/D,S/D,II,Dentro,Urbana,S/D,S/D,S/D,S/D,S/D,Diurna,S/D,S/D,Ciclista,Atropello,S/D,S/D,S/D,S/D
2020,7628,2020-06-19,Viernes,22:00:00,,0,1,Moto/Ciclomotor,Dean Funes Y Necochea,1,1,0,0,0,0,0,"-32.978129051274,-60.631518162141",Calle,,ROSARIO,Rosario,Asfalto,No existe,II,Dentro,Urbana,Paso Peatonal,No existe,Intersección,Bueno,S/D,"Nocturna,Con luz artificial",S/D,S/D,S/D,Colisión,Ninguna,Horizontal,Ninguna,Sin restricción