anio_acci,nro_acci,fecha,desc_dia,hora_aprox,desc_ruta,km,cant_participantes,desc_participante,calle_avenida_km,total,heridos_leves,heridos_graves,heridos_gravisimos,ilesos,fallecidos,sin_datos,posicion_XY,desc_tipo_via,desc_ruta_ori,desc_loc,desc_dpto,desc_tipo_calzada,desc_tipo_banquina,desc_unidad_regional,desc_lugar_calzada,desc_zona,desc_prioridad,desc_estado_semaforo,desc_lugar_via,desc_estado_via,desc_estado_visibilidad,desc_luminosidad,desc_estado_clima,desc_tipo_colision,desc_tipo_atropello,desc_tipo_hecho,desc_pres_calzada,desc_senializacion,desc_separacion_via,desc_restriccion
2020,7629,2020-06-14,Domingo,22:00:00,,0,1,Moto/Ciclomotor,Bv. Avellaneda Y Pte.Quintana,1,1,0,0,0,0,0,"-32.975189972941,-60.688115683409",Avenida,,ROSARIO,Rosario,S/D,No existe,II,Dentro,Urbana,Ninguna,No existe,Intersección,S/D,S/D,Nocturna,S/D,S/D,S/D,Colisión,S/D,Faltante,Cordón divisorio,S/D
2020,7630,2020-06-14,Domingo,0:00:00,,0,1,Moto/Ciclomotor,Bv. Avellaneda Y Bv. Segui,1,1,0,0,0,0,0,"-32.97165667827,-60.687244626218",Avenida,,ROSARIO,Rosario,Asfalto,No existe,II,Dentro,Urbana,Semáforo,Funciona,Intersección,S/D,S/D,Nocturna,S/D,S/D,S/D,Colisión,S/D,"Horizontal,Vertical",S/D,S/D
2020,7631,2020-06-24,Miercoles,0:05:00,Ruta Nacional 9,0,1,Moto/Ciclomotor,Puerta del Sol Y Ruta Nacional 9,1,1,0,0,0,0,0,"-32.924102502834,-60.780836212511",Ruta,9,FUNES,Rosario,Asfalto,No existe,II,Dentro,Urbana,Ninguna,No existe,Intersección,Bueno,Buena,Diurna,Buen Tiempo,S/D,S/D,Colisión,Ninguna,Horizontal,"Guardarrail,Línea divisoria pintada",Sin restricción
2020,7632,2020-06-25,Jueves,0:05:00,,0,1,Moto/Ciclomotor,Av. Francia Y Bv. Segui,1,1,0,0,0,0,0,"-32.974060784816,-60.673853893732",Avenida,,ROSARIO,Rosario,Asfalto,No existe,II,Dentro,Urbana,Semáforo,Funciona,Intersección,Bueno,Buena,Diurna,Buen Tiempo,S/D,S/D,Colisión,Ninguna,"Horizontal,Vertical","Cordón divisorio,Vegetación,Línea divisoria pintada",Sin restricción
2020,7633,2020-06-25,Jueves,15:00:00,,0,1,Moto/Ciclomotor,,1,1,0,0,0,0,0,"-32.95817760227484,-60.666264034822",S/D,,ROSARIO,Rosario,S/D,S/D,II,S/D,S/D,S/D,S/D,S/D,S/D,S/D,Diurna,S/D,S/D,S/D,Colisión,S/D,S/D,S/D,Sin restricción
2020,7634,2020-06-19,Viernes,1:00:00,,0,2,"Moto/Ciclomotor,Moto/Ciclomotor",ABORIGENES ARGENTINOS Y PATAGONES,2,2,0,0,0,0,0,"-32.980834, -60.689867",Calle,,ROSARIO,Rosario,Asfalto,No existe,II,Dentro,Urbana,Ninguna,No existe,Intersección,Bueno,S/D,Nocturna,S/D,Lateral,S/D,Colisión,Ninguna,Faltante,Ninguna,Sin restricción
2020,7635,2020-06-25,Jueves,17:30:00,,0,1,Moto/Ciclomotor,,1,1,0,0,0,0,0,"-32.95817760227484,-60.666264034822",S/D,,ROSARIO,Rosario,S/D,S/D,II,S/D,S/D,S/D,S/D,S/D,S/D,S/D,Diurna,S/D,S/D,S/D,Colisión,S/D,S/D,S/D,S/D
2020,7636,2020-06-16,Martes,16:15:00,,0,1,Moto/Ciclomotor,Santiago 4100,1,1,0,0,0,0,0,"-32.982013417724,-60.665794893359",Calle,,ROSARIO,Rosario,Asfalto,No existe,II,Dentro,Urbana,Ninguna,No existe,Intersección,S/D,S/D,Diurna,S/D,S/D,S/D,Colisión,S/D,Faltante,Ninguna,S/D
2020,7637,2020-06-25,Jueves,19:00:00,,0,2,"Moto/Ciclomotor,Moto/Ciclomotor",Av. Battle y Ordo�ez Y Paraguay,2,2,0,0,0,0,0,"-33.009010105948,-60.654450705106",Avenida,,ROSARIO,Rosario,Asfalto,No existe,II,Dentro,Urbana,Señal Pare,No existe,Intersección,Bueno,Buena,Diurna,Buen Tiempo,S/D,S/D,Colisión,Ninguna,"Horizontal,Vertical",Cordón divisorio,Sin restricción
2020,7638,2020-06-16,Martes,17:00:00,,0,2,"Moto/Ciclomotor,Moto/Ciclomotor",Barra Y Uruguay,2,2,0,0,0,0,0,"-32.96845266851,-60.705706422233",Calle,,ROSARIO,Rosario,"Asfalto,Tierra",No existe,II,Dentro,Urbana,Ninguna,No existe,Intersección,S/D,S/D,Diurna,S/D,S/D,S/D,Colisión,S/D,Faltante,Ninguna,Sin restricción
2020,7639,2020-06-26,Viernes,0:05:00,,0,2,"Otros,Bicicleta",F.More Y Dr.Maradona,2,1,0,0,0,0,1,"-32.979332859265,-60.691923473516",Calle,,ROSARIO,Rosario,Asfalto,No existe,II,Dentro,Urbana,Ninguna,No existe,Intersección,Bueno,Buena,Nocturna,Buen Tiempo,S/D,Ciclista,Atropello,Ninguna,Faltante,Ninguna,Sin restricción
2020,7640,2020-06-16,Martes,18:00:00,,0,1,Moto/Ciclomotor,Av. Corrientes Y Santa Fe,1,1,0,0,0,0,0,"-32.94430721619,-60.642014472731",Avenida,,ROSARIO,Rosario,Asfalto,No existe,II,Dentro,Urbana,Semáforo,Funciona,Intersección,S/D,S/D,Diurna,S/D,S/D,S/D,Colisión,S/D,"Horizontal,Vertical",Ninguna,S/D
2020,7641,2020-06-19,Viernes,0:01:00,,0,1,Automóvil,Av. Provincias Unidas,2,1,0,0,0,0,1,"-32.96925187110897,-60.711371898651",Avenida,,ROSARIO,Rosario,Asfalto,No existe,II,Dentro,Urbana,Ninguna,S/D,S/D,Bueno,S/D,Diurna,S/D,S/D,S/D,Colisión,S/D,S/D,Cordón divisorio,Sin restricción
2020,7642,2020-06-16,Martes,22:00:00,,0,2,"Moto/Ciclomotor,Moto/Ciclomotor",Gaboto Y Matienzo,2,2,0,0,0,0,0,"-32.964636211808,-60.693752555197",Calle,,ROSARIO,Rosario,Asfalto,No existe,II,Dentro,Urbana,Ninguna,No existe,Intersección,S/D,S/D,Nocturna,S/D,S/D,S/D,Colisión,S/D,Faltante,Ninguna,Sin restricción
2020,7643,2020-06-26,Viernes,18:00:00,,0,1,Moto/Ciclomotor,Garay,1,1,0,0,0,0,0,"-32.966560978863,-60.68927311493",Calle,,ROSARIO,Rosario,S/D,S/D,II,Dentro,Urbana,S/D,S/D,S/D,S/D,S/D,Diurna,S/D,S/D,S/D,Colisión,S/D,S/D,S/D,S/D
2020,7644,2020-06-17,Miercoles,7:30:00,,0,1,Moto/Ciclomotor,Mitre 1500,2,2,0,0,0,0,0,"-32.954745634004,-60.641702781909",Calle,,ROSARIO,Rosario,Asfalto,No existe,II,Dentro,Urbana,Señal Pare,No existe,Intersección,Bueno,S/D,Diurna,S/D,S/D,S/D,Colisión,Ninguna,"Horizontal,Vertical",Ninguna,Sin restricción
2020,7645,2020-06-17,Miercoles,0:00:00,,0,1,Moto/Ciclomotor,,1,1,0,0,0,0,0,"-32.94711828231808,-60.683981180190",S/D,,ROSARIO,Rosario,S/D,S/D,II,S/D,S/D,S/D,S/D,S/D,S/D,S/D,Nocturna,S/D,S/D,S/D,Colisión,S/D,S/D,S/D,S/D
2020,7646,2020-06-27,Sabado,0:05:00,,0,1,Moto/Ciclomotor,Camino de los Granaderos Y Palestina,1,1,0,0,0,0,0,"-32.885977867192,-60.709995509497",Calle,,ROSARIO,Rosario,Asfalto,No existe,II,Dentro,Urbana,Semáforo,Funciona,Intersección,Bueno,Buena,Diurna,Buen Tiempo,S/D,S/D,Colisión,Ninguna,"Horizontal,Vertical","Cordón divisorio,Línea divisoria pintada",Sin restricción
2020,7647,2020-06-27,Sabado,14:00:00,,0,1,Moto/Ciclomotor,Campbell Y Gaboto,1,1,0,0,0,0,0,"-32.96498667662,-60.706972222386",Calle,,ROSARIO,Rosario,Asfalto,No existe,II,Dentro,Urbana,Ninguna,No existe,Intersección,Bueno,Buena,Diurna,Buen Tiempo,S/D,S/D,Colisión,Ninguna,Faltante,Ninguna,Sin restricción
2020,7648,2020-06-27,Sabado,18:00:00,,0,1,Moto/Ciclomotor,Av. Irigoyen Y Zelaya,1,1,0,0,0,0,0,"-32.884546028679,-60.698158833353",Avenida,,ROSARIO,Rosario,Asfalto,No existe,II,Dentro,Urbana,Ninguna,No existe,Intersección,Bueno,Buena,Diurna,Buen Tiempo,S/D,S/D,Colisión,Ninguna,Faltante,Ninguna,Sin restricción
2020,7650,2020-06-17,Miercoles,17:30:00,,0,1,Moto/Ciclomotor,Ameghino,1,1,0,0,0,0,0,"-32.987252, -60.647743",Calle,,ROSARIO,Rosario,Asfalto,No existe,II,Dentro,Urbana,S/D,No existe,Intersección,S/D,S/D,Diurna,S/D,S/D,S/D,Colisión,S/D,S/D,S/D,S/D
2020,7651,2020-06-28,Domingo,11:00:00,,0,1,Automóvil,Bv. 27 De Febrero,1,1,0,0,0,0,0,"-32.958746514193,-60.693637918716",Avenida,,ROSARIO,Rosario,S/D,S/D,II,Dentro,Urbana,S/D,S/D,S/D,S/D,S/D,Diurna,S/D,S/D,S/D,Colisión,S/D,S/D,S/D,S/D
2020,7652,2020-06-16,Martes,18:00:00,,0,2,"Bicicleta,Otros",J.B.Justo,2,1,0,0,0,0,1,"-32.915070, -60.718506",Calle,,ROSARIO,Rosario,Asfalto,S/D,II,Dentro,Urbana,Ninguna,S/D,Intersección,S/D,S/D,Diurna,S/D,S/D,S/D,Atropello,S/D,S/D,S/D,S/D
2020,7653,2020-06-18,Jueves,11:10:00,,0,2,"Bicicleta,Otros",Av. Eva Peron Y Ecuador,2,1,0,0,0,0,1,"-32.932503962048,-60.715387113449",Avenida,,ROSARIO,Rosario,Asfalto,No existe,II,Dentro,Urbana,Semáforo,Funciona,Intersección,Bueno,Buena,Diurna,Buen Tiempo,S/D,Ciclista,Atropello,Ninguna,"Horizontal,Vertical",Cordón divisorio,Sin restricción
2020,7654,2020-06-17,Miercoles,18:30:00,Autopista Nacional A008,0,1,Moto/Ciclomotor,Av. Circunvalacion,1,1,0,0,0,0,0,"-32.944682, -60.722369",Autopista,A008,ROSARIO,Rosario,Asfalto,S/D,II,Dentro,Urbana,S/D,S/D,S/D,Bueno,S/D,Diurna,S/D,S/D,S/D,Colisión,S/D,S/D,S/D,S/D
2020,7655,2020-06-29,Lunes,18:00:00,,0,1,Moto/Ciclomotor,Bv. Avellaneda Y Riobamba,2,2,0,0,0,0,0,"-32.955645359165,-60.68341318688",Avenida,,ROSARIO,Rosario,Asfalto,No existe,II,Dentro,Urbana,Paso Peatonal,No existe,Intersección,Bueno,Buena,Diurna,Buen Tiempo,S/D,S/D,Colisión,Ninguna,"Horizontal,Vertical","Cordón divisorio,Línea divisoria pintada",Sin restricción
2020,7656,2020-06-29,Lunes,0:05:00,,0,1,Moto/Ciclomotor,Ayacucho,1,1,0,0,0,0,0,"-32.989734884446,-60.636821821974",Calle,,ROSARIO,Rosario,S/D,S/D,II,Dentro,Urbana,S/D,S/D,S/D,S/D,S/D,Nocturna,S/D,S/D,S/D,Colisión,S/D,S/D,S/D,S/D
2020,7657,2020-06-29,Lunes,10:50:00,,0,1,Moto/Ciclomotor,3 De Febrero Y Gutenberg,1,1,0,0,0,0,0,"-32.943967067085,-60.688884254043",Calle,,ROSARIO,Rosario,Asfalto,No existe,II,Dentro,Urbana,Ninguna,No existe,Intersección,Bueno,Buena,Diurna,Buen Tiempo,S/D,S/D,Colisión,Ninguna,Faltante,Ninguna,Sin restricción
2020,7658,2020-06-17,Miercoles,18:00:00,,0,1,Moto/Ciclomotor,Av. Casiano Casas 1875,1,0,1,0,0,0,0,"-32.901712038839,-60.708183085331",Avenida,,ROSARIO,Rosario,Asfalto,No existe,II,Dentro,Urbana,Ninguna,No existe,Recta,Bueno,S/D,Diurna,S/D,S/D,S/D,Colisión,Ninguna,Faltante,Ninguna,Sin restricción
2020,7659,2020-06-16,Martes,16:00:00,,0,2,"Bicicleta,Otros",3 De Febrero,2,1,0,0,0,0,1,"-32.949384, -60.658972",Calle,,ROSARIO,Rosario,S/D,S/D,II,Dentro,Urbana,S/D,S/D,S/D,S/D,S/D,Diurna,S/D,S/D,Ciclista,Atropello,S/D,S/D,S/D,S/D
2020,7660,2020-06-30,Martes,7:00:00,,0,1,Moto/Ciclomotor,Guatemala Y Mendoza,1,1,0,0,0,0,0,"-32.940420301875,-60.717264065018",Calle,,ROSARIO,Rosario,Asfalto,No existe,II,Dentro,Urbana,Semáforo,No existe,Intersección,Bueno,Buena,Diurna,Buen Tiempo,S/D,S/D,Colisión,Ninguna,"Horizontal,Vertical","Cordón divisorio,Línea divisoria pintada",Sin restricción
2020,7661,2020-06-23,Martes,22:00:00,,0,1,Moto/Ciclomotor,Bv. Bouchard 3400,1,1,0,0,0,0,0,"-32.890364242959,-60.73216005038",Avenida,,ROSARIO,Rosario,S/D,S/D,II,Dentro,Urbana,Ninguna,S/D,Recta,S/D,S/D,Nocturna,S/D,S/D,S/D,Colisión,S/D,S/D,Ninguna,Sin restricción
2020,7662,2020-06-21,Domingo,3:45:00,,0,1,Moto/Ciclomotor,Jesus Maria,1,1,0,0,0,0,0,"-32.671939730644226,-60.78253895044",Calle,,TIMBÚES,San Lorenzo,S/D,S/D,II,Dentro,Urbana,S/D,S/D,S/D,S/D,S/D,Nocturna,S/D,S/D,S/D,Colisión,S/D,S/D,S/D,S/D
2020,7663,2020-06-20,Sabado,15:00:00,,0,1,Moto/Ciclomotor,Lavalle Y Uruguay,1,1,0,0,0,0,0,"-32.969673718208,-60.685430855661",Calle,,ROSARIO,Rosario,Asfalto,No existe,II,Dentro,Urbana,Ninguna,No existe,Intersección,S/D,S/D,Diurna,S/D,S/D,S/D,Colisión,S/D,Faltante,Ninguna,S/D
2020,7664,2020-06-22,Lunes,0:00:00,,0,1,Moto/Ciclomotor,VENECIA,1,0,1,0,0,0,0,"-32.975672, -60.686229",Calle,,ROSARIO,Rosario,Asfalto,No existe,II,Dentro,Urbana,Ninguna,No existe,Recta,S/D,S/D,Nocturna,S/D,S/D,S/D,Colisión,S/D,Faltante,Ninguna,S/D
2020,7665,2020-06-23,Martes,7:30:00,,0,2,"Bicicleta,Otros",,2,1,0,0,0,0,1,"-32.94774055480957,-60.697145462036",S/D,,ROSARIO,Rosario,S/D,S/D,II,S/D,S/D,S/D,S/D,S/D,S/D,S/D,Diurna,S/D,S/D,Ciclista,Atropello,S/D,S/D,S/D,S/D
2020,7666,2020-06-30,Martes,23:30:00,,0,1,Automóvil,Av. Pte.Peron Y Bv. Segui,1,1,0,0,0,0,0,"-32.970192910163,-60.715805985308",Avenida,,ROSARIO,Rosario,Asfalto,No existe,II,Dentro,Urbana,Semáforo,Funciona,Intersección,Bueno,S/D,"Nocturna,Con luz artificial",S/D,S/D,S/D,Colisión,Ninguna,"Horizontal,Vertical",Cordón divisorio,Sin restricción
2020,7667,2020-08-11,Martes,15:00:00,,0,1,Moto/Ciclomotor,,1,1,0,0,0,0,0,"-32.91602079963969,-60.811209996558",S/D,,FUNES,Rosario,S/D,S/D,II,S/D,S/D,S/D,S/D,S/D,S/D,S/D,Diurna,S/D,S/D,S/D,Otro,S/D,S/D,S/D,S/D
2020,7668,2020-09-04,Viernes,23:30:00,,0,1,Moto/Ciclomotor,,1,1,0,0,0,0,0,"-32.95817760227484,-60.666264034822",S/D,,ROSARIO,Rosario,S/D,S/D,II,S/D,S/D,S/D,S/D,S/D,S/D,S/D,Nocturna,S/D,S/D,S/D,Otro,S/D,S/D,S/D,S/D
2020,7669,2020-08-14,Viernes,21:10:00,,0,1,Moto/Ciclomotor,Bv. Avellaneda Y Dean Funes,1,1,0,0,0,0,0,"-32.968299359267,-60.686393399728",Avenida,,ROSARIO,Rosario,Asfalto,No existe,II,Dentro,Urbana,Ninguna,No existe,Intersección,Bueno,Buena,Diurna,Buen Tiempo,S/D,S/D,Otro,Ninguna,Faltante,Cordón divisorio,Sin restricción
2020,7670,2020-09-05,Sabado,0:00:00,,0,1,Moto/Ciclomotor,Av. Ntra.Sra.del Rosario,1,1,0,0,0,0,0,"-32.999855, -60.648305",Avenida,,ROSARIO,Rosario,S/D,S/D,II,S/D,Urbana,S/D,S/D,S/D,S/D,S/D,Nocturna,S/D,S/D,S/D,Otro,S/D,S/D,S/D,S/D
2020,7671,2020-08-24,Lunes,12:30:00,,0,1,Automóvil,,1,1,0,0,0,0,0,"-32.95817760227484,-60.666264034822",S/D,,ROSARIO,Rosario,S/D,S/D,II,S/D,S/D,S/D,S/D,S/D,S/D,S/D,Diurna,S/D,S/D,S/D,Otro,S/D,S/D,S/D,S/D
2020,7672,2020-09-18,Viernes,12:00:00,,0,1,Moto/Ciclomotor,HERMANA PAULA MARQUEZ,1,1,0,0,0,0,0,"-32.964324, -60.729813",Calle,,ROSARIO,Rosario,S/D,S/D,II,Dentro,Urbana,S/D,S/D,S/D,S/D,S/D,Diurna,S/D,S/D,S/D,Otro,S/D,S/D,S/D,S/D
2020,7673,2020-09-18,Viernes,14:00:00,,0,1,Moto/Ciclomotor,Av. Circunvalacion,1,1,0,0,0,0,0,"-32.9357296228409,-60.7226371765137",Avenida,,ROSARIO,Rosario,Asfalto,S/D,II,Dentro,Urbana,S/D,S/D,S/D,S/D,S/D,Diurna,S/D,S/D,S/D,Otro,S/D,S/D,S/D,S/D
2020,7674,2020-08-29,Sabado,0:51:00,,0,1,Moto/Ciclomotor,Av. Ovidio Lagos Y Uruguay,1,1,0,0,0,0,0,"-32.97263662757,-60.66892141688",Avenida,,ROSARIO,Rosario,Asfalto,No existe,II,Dentro,Urbana,Paso Peatonal,No existe,Intersección,Bueno,S/D,Nocturna,S/D,S/D,S/D,Otro,Ninguna,"Horizontal,Vertical","Cordón divisorio,Línea divisoria pintada",Sin restricción
2020,7675,2020-08-28,Viernes,2:50:00,,0,1,Moto/Ciclomotor,Av. Ovidio Lagos Y Uruguay,1,1,0,0,0,0,0,"-32.97263662757,-60.66892141688",Avenida,,ROSARIO,Rosario,Asfalto,No existe,II,Dentro,Urbana,Paso Peatonal,No existe,Intersección,Bueno,Buena,Diurna,Buen Tiempo,S/D,S/D,Otro,Ninguna,"Horizontal,Vertical","Cordón divisorio,Línea divisoria pintada",Sin restricción
2020,7676,2020-11-08,Domingo,20:10:00,,0,2,"Peatón,Moto/Ciclomotor",Mendoza Y Av. Provincias Unidas,2,0,0,0,1,1,0,"-32.9402,-60.71225",Avenida,,ROSARIO,Rosario,Asfalto,No existe,II,Dentro,Urbana,Semáforo,Funciona,Intersección,Bueno,Buena,Nocturna,Buen Tiempo,S/D,Peatón,Atropello,Ninguna,Vertical,Cordón divisorio,Sin restricción
2020,7677,2020-11-08,Domingo,5:15:00,Ruta Nacional 33,640,2,"Moto/Ciclomotor,Pickup/Utilitario",Belgrano,6,0,1,0,4,1,0,"-33.64559,-61.855",Ruta,33,MURPHY,General LÓPEZ,Asfalto,Natural,VIII,Dentro,Urbana,S/D,No existe,Intersección,Deteriorada,S/D,"Nocturna,Con luz artificial",Buen Tiempo,Frontal,S/D,Colisión,Ninguna,S/D,S/D,Sin restricción
2020,7678,2020-11-08,Domingo,3:45:00,,0,1,Moto/Ciclomotor,Guemes Y Roberta Cavanagh,1,0,0,0,0,1,0,"-33.74217,-61.93963",Calle,,VENADO TUERTO,General LÓPEZ,Tierra,Natural,VIII,Dentro,Urbana,Ninguna,No existe,Intersección,Bueno,Reducida,Nocturna,Buen Tiempo,Atropello animal,S/D,Colisión,Ninguna,Faltante,Ninguna,Sin restricción
2020,7679,2020-11-11,Miercoles,0:00:00,,0,1,Moto/Ciclomotor,San Martin Y Ayolas,1,0,0,0,0,1,0,"-32.97702,-60.6443",Calle,,ROSARIO,Rosario,Asfalto,No existe,II,Dentro,Urbana,Ninguna,No existe,Otro,Bueno,Buena,Nocturna,Buen Tiempo,Contra objeto fijo,S/D,Colisión,S/D,Faltante,Ninguna,Sin restricción
2020,7680,2020-11-11,Miercoles,1:25:00,,0,2,"Moto/Ciclomotor,Automóvil",L.N.Alem Y Garay,3,1,0,0,1,1,0,"-32.97623, -60.63541",Calle,,ROSARIO,Rosario,Asfalto,No existe,II,Dentro,Urbana,Ninguna,No existe,Intersección,Bueno,Buena,Nocturna,Buen Tiempo,Lateral,S/D,Colisión,Ninguna,Vertical,Ninguna,Sin restricción
2020,7681,2020-11-12,Jueves,23:40:00,Ruta Provincial 2,17,1,Automóvil,,3,2,0,0,0,1,0,"-31.47039, -60.67967",Ruta,2,RECREO,La Capital,Tierra,No existe,I,Dentro,Rural,Ninguna,No existe,Recta,S/D,Reducida,Nocturna,Buen Tiempo,S/D,S/D,"Vuelco,Despiste",S/D,Faltante,Ninguna,Sin restricción
2020,7682,2020-11-14,Sabado,21:30:00,,0,1,Moto/Ciclomotor,Pte Hipolito Irigoyen Y Rivadavia,1,0,0,0,0,1,0,"-32.7077,-60.74735",Calle,,PUERTO SAN MARTÍN,San Lorenzo,Asfalto,No existe,XVII,Fuera,Rural,Ninguna,No existe,Intersección,Ahuellamiento,Reducida,Nocturna,Buen Tiempo,Contra objeto fijo,S/D,Colisión,Ninguna,Horizontal,Ninguna,Sin restricción
2020,7683,2020-11-16,Lunes,20:15:00,,0,2,"Automóvil,Moto/Ciclomotor",Ituzaingo Y Simon de Iriondo,2,0,0,0,1,1,0,"    -32.4812, -61.5845",Calle,,LAS ROSAS,Belgrano,Ripio,No existe,III,Dentro,Urbana,Ninguna,No existe,Intersección,Bueno,Reducida,Nocturna,Buen Tiempo,Frontal,S/D,Colisión,"Material Suelto,Fluidos",Faltante,Ninguna,Sin restricción
2020,7684,2020-11-22,Domingo,15:50:00,,0,2,"Moto/Ciclomotor,Camión c / Acoplado",San Martin Y Buenos Aires,2,0,0,0,1,1,0,"    -29.46353, -60.21133",Calle,,VERA,Vera,Asfalto,No existe,XIX,S/D,Urbana,Ninguna,S/D,Intersección,Bueno,Buena,Diurna,Buen Tiempo,S/D,S/D,Colisión,Ninguna,S/D,Ninguna,Sin restricción
2020,7685,2020-11-22,Domingo,6:15:00,,0,2,"Moto/Ciclomotor,Transporte de Pasajeros Urbano (> 8 asientos)",Blas Parera Y Jose Marquez,2,0,0,0,1,1,0,"    -32.7664, -60.73632",Calle,,SAN LORENZO,San Lorenzo,S/D,S/D,XVII,S/D,Urbana,S/D,S/D,S/D,S/D,S/D,Nocturna,S/D,S/D,S/D,Colisión,S/D,S/D,S/D,S/D
2020,7686,2020-11-29,Domingo,19:25:00,,0,2,"Moto/Ciclomotor,Automóvil",Av. Castro Barros Y Sanchez de Bustamante,3,1,0,0,1,1,0,"-33.0013808570931, -60.629523260359",Calle,,ROSARIO,Rosario,Asfalto,No existe,II,Dentro,Urbana,Ninguna,No existe,Intersección,Bueno,Buena,Nocturna,Buen Tiempo,S/D,S/D,Colisión,Ninguna,Faltante,Ninguna,Sin restricción
2020,7687,2020-11-30,Lunes,7:50:00,Ruta Nacional 33,540,2,"Automóvil,Pickup/Utilitario",,2,1,0,0,0,1,0,"    -34.25243, -62.66301",Ruta,33,RUFINO,General LÓPEZ,Asfalto,Natural,VIII,S/D,Rural,Otra Señal,No existe,Curva,Bueno,Buena,Diurna,Buen Tiempo,Frontal,S/D,Colisión,S/D,Horizontal,Línea divisoria pintada,Sin restricción
2020,7688,2020-11-01,Domingo,22:10:00,Ruta Nacional 11,424,1,Automóvil,Vera,1,0,0,0,0,1,0,"    -31.95576, -60.92704",Ruta,11,CORONDA,San JERÓNIMO,Asfalto,Natural,XV,Dentro,Urbana,Ninguna,No existe,Intersección,Bueno,S/D,Nocturna,S/D,Contra objeto fijo,S/D,Colisión,Ninguna,Faltante,"Línea divisoria pintada,S/D",Sin restricción
2020,7689,2020-11-08,Domingo,21:35:00,,0,2,"Moto/Ciclomotor,Automóvil",Gaboto Y Peru,2,0,0,0,0,1,1,"    -32.96511, -60.71042",Calle,,ROSARIO,Rosario,Asfalto,No existe,II,S/D,Urbana,Ninguna,No existe,Intersección,Bueno,S/D,Nocturna,S/D,S/D,S/D,Colisión,Ninguna,Faltante,"Ninguna,S/D",Sin restricción
2020,7690,2020-11-14,Sabado,22:30:00,,0,2,"Automóvil,Moto/Ciclomotor",Estanislao Zeballos Y Estrada,3,0,0,0,1,2,0,"-31.60042, -60.71781",Calle,,SANTA FE,La Capital,Asfalto,No existe,I,S/D,Urbana,Ninguna,No existe,Intersección,Bueno,S/D,Nocturna,S/D,S/D,S/D,Colisión,Ninguna,Faltante,"Ninguna,S/D",Sin restricción
2020,7691,2020-11-14,Sabado,2:20:00,Ruta Nacional 33,683,1,Automóvil,,4,2,1,0,0,1,0,"-33.45806, -61.50642",Ruta,33,FIRMAT,General LÓPEZ,Asfalto,No existe,VIII,S/D,Rural,Ninguna,No existe,Recta,Bueno,S/D,Nocturna,S/D,S/D,S/D,Despiste,S/D,Faltante,"Ninguna,S/D",Sin restricción
2020,7692,2020-11-16,Lunes,3:45:00,Ruta Secundaria 25-s,55,2,"Automóvil,Automóvil",,3,0,1,0,0,2,0,"-33.53392, -60.42947",Ruta,25-s,VILLA CONSTITUCIÓN,Constitución,S/D,No existe,VI,Dentro,Rural,Ninguna,No existe,Recta,Con baches,Reducida polvo,Nocturna,Buen Tiempo,Frontal,S/D,Colisión,S/D,Faltante,"Ninguna,S/D",Sin restricción
2020,7693,2020-11-17,Martes,13:50:00,Ruta Nacional 33,720,4,"Camión c / Acoplado,Camión c / Acoplado,Automóvil,Camión",,4,0,0,0,3,1,0,"-33.20107, -61.3242",Ruta,33,CHABAS,Caseros,Asfalto,Natural,IV,S/D,Rural,Ninguna,No existe,Recta,Bueno,S/D,Diurna,S/D,Múltiple,S/D,Colisión,S/D,Faltante,"Ninguna,S/D",Sin restricción
2020,7694,2020-11-18,Miercoles,13:50:00,Ruta Nacional 11,884,1,Automóvil,,1,0,0,0,0,1,0,"-28.4129, -59.26917",Ruta,11,TACUARENDÍ,General Obligado,Asfalto,Natural,IX,S/D,Rural,Ninguna,No existe,Recta,Bueno,S/D,Diurna,S/D,S/D,S/D,Despiste,Ninguna,Faltante,"Línea divisoria pintada,S/D",Sin restricción
2020,7695,2020-11-23,Lunes,2:00:00,Autopista Nacional A008,27,1,Automóvil,Bv. Segui Y Av. Uriburu,4,3,0,0,0,1,0,"-32.9833, -60.70922",Autopista,A008,ROSARIO,Rosario,Asfalto,Pavimento,II,Dentro,Urbana,Ninguna,No existe,Recta,Bueno,S/D,Nocturna,S/D,S/D,S/D,Vuelco,Ninguna,Faltante,"Guardarrail,S/D",Sin restricción
2020,7696,2020-11-29,Domingo,22:00:00,Autopista Nacional A008,22,2,"Automóvil,Peatón",Av. Circunvalacion Y Ayacucho,3,0,0,0,2,1,0,"-33.01592, -60.63478",Autopista,A008,ROSARIO,Rosario,Asfalto,No existe,II,S/D,Urbana,Ninguna,S/D,Intersección,Bueno,S/D,Nocturna,S/D,S/D,Peatón,Atropello,Ninguna,Faltante,"Línea divisoria pintada,S/D",Sin restricción
2020,7697,2020-12-06,Domingo,7:20:00,Ruta Secundaria 18-s,1,1,Automóvil,,3,1,0,0,0,2,0,"-32.71258, -60.75985",Ruta,18-s,PUERTO SAN MARTÍN,San Lorenzo,Asfalto,Natural,XVII,Fuera,Rural,Ninguna,No existe,Curva,Bueno,Buena,Diurna,Buen Tiempo,Contra objeto fijo,S/D,"Colisión,Despiste",Ninguna,Horizontal,Ninguna,Sin restricción