anio_acci,nro_acci,fecha,desc_dia,hora_aprox,desc_ruta,km,cant_participantes,desc_participante,calle_avenida_km,total,heridos_leves,heridos_graves,heridos_gravisimos,ilesos,fallecidos,sin_datos,posicion_XY,desc_tipo_via,desc_ruta_ori,desc_loc,desc_dpto,desc_tipo_calzada,desc_tipo_banquina,desc_unidad_regional,desc_lugar_calzada,desc_zona,desc_prioridad,desc_estado_semaforo,desc_lugar_via,desc_estado_via,desc_estado_visibilidad,desc_luminosidad,desc_estado_clima,desc_tipo_colision,desc_tipo_atropello,desc_tipo_hecho,desc_pres_calzada,desc_senializacion,desc_separacion_via,desc_restriccion
2020,7698,2020-12-06,Domingo,17:30:00,,0,2,"Bicicleta,Moto/Ciclomotor",J.M.de Rosas Y Mendoza,2,1,0,0,0,1,0,"-32.94049, -60.72331",Calle,,ROSARIO,Rosario,Asfalto,No existe,II,Dentro,Urbana,S/D,Funciona,Intersección,Bueno,Buena,Diurna,Buen Tiempo,S/D,Ciclista,Atropello,Ninguna,S/D,S/D,Sin restricción
2020,7699,2020-12-07,Lunes,23:20:00,Autopista Nacional A008,9,2,"Peatón,Automóvil",Av. Circunvalacion Y Mendoza,3,0,0,0,2,1,0,"-32.93932, -60.72252",Autopista,A008,ROSARIO,Rosario,Asfalto,Pavimento,II,Dentro,Urbana,S/D,No existe,Recta,Deteriorada,Buena,"Nocturna,Con luz artificial",Buen Tiempo,S/D,Peatón,Atropello,Ninguna,S/D,S/D,Sin restricción
2020,7700,2020-10-27,Martes,23:30:00,,0,2,"Automóvil,Moto/Ciclomotor",Bvard 20 de Junio Y Gdor Crespo,2,0,1,0,1,0,0,"-32.02385, -61.21512",S/D,,GÁLVEZ,San JERÓNIMO,Asfalto,S/D,XV,S/D,S/D,S/D,S/D,Intersección,Bueno,S/D,S/D,S/D,S/D,S/D,S/D,Ninguna,Faltante,S/D,S/D
2020,7701,2020-10-28,Miercoles,19:35:00,,0,2,"Moto/Ciclomotor,Automóvil",España Y Sgo de Liniers,2,1,0,0,1,0,0,"-32.02465, -61.21712",Calle,,GÁLVEZ,San JERÓNIMO,Asfalto,No existe,XV,Dentro,Urbana,Ninguna,No existe,Intersección,Bueno,Buena,Atardecer,Buen Tiempo,Lateral,S/D,Colisión,Ninguna,Faltante,Ninguna,Sin restricción
2020,7702,2020-07-17,Viernes,11:50:00,,0,2,"Automóvil,Moto/Ciclomotor",Bvard 20 de Junio Y Belgrano,2,1,0,0,1,0,0,"    -33.02472, -60.61951",Avenida,,GÁLVEZ,San JERÓNIMO,Hormigón,No existe,XV,S/D,Urbana,Ninguna,No existe,Intersección,Bueno,S/D,Diurna,Buen Tiempo,Lateral,S/D,Colisión,Ninguna,Faltante,Ninguna,Sin restricción
2020,7703,2020-11-07,Sabado,3:30:00,,0,1,Moto/Ciclomotor,,1,1,0,0,0,0,0,"-31.87066, -61.12979",Camino Rural,,GESSLER,San JERÓNIMO,Tierra,S/D,XV,Fuera,Rural,Ninguna,No existe,Recta,Bueno,Reducida,Nocturna,Buen Tiempo,S/D,S/D,Cañda ocupante,S/D,Faltante,Ninguna,Sin restricción
2020,7704,2020-11-05,Jueves,12:00:00,,0,2,"Moto/Ciclomotor,Automóvil",Belgrano Y Dorrego,3,2,0,0,1,0,0,"-32.03013, -61.21675",S/D,,GÁLVEZ,San JERÓNIMO,Hormigón,No existe,XV,S/D,S/D,Ninguna,No existe,Recta,Bueno,Buena,Diurna,Buen Tiempo,Otro,S/D,Colisión,Ninguna,Faltante,Ninguna,Sin restricción
2020,7705,2020-07-20,Lunes,19:10:00,,0,1,Pickup/Utilitario,24 de Setiembre Y Avda 9 de Julio,1,1,0,0,0,0,0,"    -32.03139, -61.22956",Avenida,,GÁLVEZ,San JERÓNIMO,Tierra,No existe,XV,Dentro,Urbana,Ninguna,No existe,Recta,Con baches,Buena,Atardecer,Buen Tiempo,Contra objeto fijo,S/D,Colisión,Ninguna,Faltante,Ninguna,Sin restricción
2020,7706,2020-07-22,Miercoles,13:30:00,,0,2,"Automóvil,Moto/Ciclomotor",Venezuela,2,1,0,0,1,0,0,"    -32.03659, -61.20147",Calle,,GÁLVEZ,San JERÓNIMO,Asfalto,Natural,XV,Dentro,Urbana,Ninguna,No existe,Recta,Bueno,Buena,Diurna,Buen Tiempo,Lateral,S/D,Colisión,Ninguna,Horizontal,Ninguna,Sin restricción
2020,7707,2020-11-07,Sabado,11:20:00,,0,2,"Automóvil,Moto/Ciclomotor",Dr Destefanis Y G Spano,3,2,0,0,1,0,0,"-32.03464, -61.22515",S/D,,GÁLVEZ,San JERÓNIMO,Asfalto,No existe,XV,S/D,S/D,S/D,No existe,Intersección,Bueno,Buena,Diurna,Buen Tiempo,Lateral,S/D,Colisión,Ninguna,Faltante,Ninguna,Sin restricción
2020,7708,2020-11-08,Domingo,13:10:00,Ruta Provincial 10,0,1,Pickup/Utilitario,,2,2,0,0,0,0,0,"-32.01556, -61.21454",Ruta,10,GÁLVEZ,San JERÓNIMO,Asfalto,Natural,XV,S/D,Urbana,Ninguna,S/D,Intersección,Bueno,Buena,Diurna,Buen Tiempo,Otro,S/D,Vuelco,Ninguna,Faltante,Línea divisoria pintada,Sin restricción
2020,7710,2020-07-17,Viernes,10:30:00,,0,2,"Moto/Ciclomotor,Automóvil",Calle 33-Pueyrredon Y Calle 16 Gral Obligado,2,1,0,0,1,0,0,"-29.15406, -59.64627",S/D,,RECONQUISTA,General Obligado,Hormigón,No existe,IX,S/D,Urbana,Ninguna,No existe,Intersección,Bueno,Buena,Diurna,Buen Tiempo,Lateral,S/D,Colisión,Ninguna,Vertical,Ninguna,Sin restricción
2020,7711,2020-07-22,Miercoles,8:30:00,,0,2,"Moto/Ciclomotor,Moto/Ciclomotor",Calle 5-Colon,2,1,0,0,1,0,0,"-29.13879, -59.64601",Calle,,RECONQUISTA,General Obligado,Asfalto,No existe,IX,S/D,Urbana,Ninguna,No existe,Intersección,Bueno,Buena,Diurna,Buen Tiempo,Lateral,S/D,Colisión,S/D,Vertical,Ninguna,Sin restricción
2020,7712,2020-07-22,Miercoles,16:00:00,,0,2,"Moto/Ciclomotor,Automóvil",Calle 7-Sarmiento Y Calle 16 Gral Obligado,2,1,0,0,1,0,0,"-29.14005, -59.64427",Calle,,RECONQUISTA,General Obligado,Asfalto,No existe,IX,Dentro,Urbana,Ninguna,No existe,Intersección,Bueno,Buena,Diurna,Buen Tiempo,Otro,S/D,Colisión,Ninguna,"Horizontal,Vertical",Ninguna,Sin restricción
2020,7713,2020-07-28,Martes,12:50:00,,0,2,"Moto/Ciclomotor,Automóvil",Calle 24 - Olessio Y Calle 23-Gral lopez,2,1,0,0,1,0,0,"-29.14811, -59.6504",Calle,,RECONQUISTA,General Obligado,Asfalto,No existe,IX,S/D,Urbana,Ninguna,No existe,Intersección,Bueno,Buena,Diurna,Buen Tiempo,Lateral,S/D,Colisión,Ninguna,Vertical,Ninguna,Sin restricción
2020,7714,2020-03-10,Martes,16:10:00,,0,2,"Moto/Ciclomotor,Automóvil",Estanislao Lopez Y Belgrano,3,0,2,0,1,0,0,"-33.37181, -61.18906",Calle,,BIGAND,Caseros,Hormigón,S/D,IV,Dentro,Urbana,Ninguna,No existe,Intersección,S/D,Buena,Diurna,Buen Tiempo,Frontal,S/D,Colisión,S/D,Faltante,Ninguna,Sin restricción
2020,7715,2020-05-02,Sabado,11:10:00,,0,1,Camión c / Acoplado,,1,0,1,0,0,0,0,"-33.14378, -61.46814",Camino Rural,,AREQUITO,Caseros,Tierra,Natural,IV,Dentro,Rural,S/D,No existe,Recta,Con baches,Buena,Diurna,S/D,S/D,S/D,Vuelco,Otro,Faltante,S/D,S/D
2020,7716,2020-05-07,Jueves,16:10:00,,0,2,"Automóvil,Moto/Ciclomotor",Manino Y Irigoyen,2,1,0,0,1,0,0,"-33.14777, -61.4677",Calle,,AREQUITO,Caseros,Asfalto,No existe,IV,Dentro,Urbana,Ninguna,No existe,Intersección,Bueno,Buena,Diurna,Buen Tiempo,Lateral,S/D,Colisión,Ninguna,Faltante,Ninguna,Sin restricción
2020,7717,2020-05-20,Miercoles,20:35:00,,0,2,"Moto/Ciclomotor,Automóvil",8 de Enero Y Salta,3,2,0,0,1,0,0,"-33.15232, -61.47193",Calle,,AREQUITO,Caseros,Ripio,Natural,IV,Dentro,Urbana,Ninguna,No existe,Intersección,Bueno,Reducida,Con luz artificial,Buen Tiempo,Lateral,S/D,Colisión,Ninguna,Faltante,Ninguna,Sin restricción
2020,7718,2020-05-02,Sabado,23:30:00,,0,1,Automóvil,Boulevard General San Martin,1,1,0,0,0,0,0,"-33.10182, -61.32667",S/D,,LOS MOLINOS,Caseros,Asfalto,S/D,IV,S/D,Urbana,S/D,No existe,Recta,Bueno,Buena,Nocturna,Buen Tiempo,S/D,S/D,S/D,Ninguna,S/D,S/D,S/D
2020,7719,2020-10-29,Jueves,5:00:00,,0,1,Moto/Ciclomotor,JOSÉ Pedroni Y Bvard Argentino,2,2,0,0,0,0,0,"-32.04145, -61.20572",S/D,,GÁLVEZ,San JERÓNIMO,Asfalto,No existe,XV,S/D,S/D,Ninguna,No existe,Intersección,Bueno,Reducida,Amanecer,Niebla,S/D,S/D,Vuelco,Ninguna,Faltante,Ninguna,Sin restricción
2020,7720,2020-04-18,Sabado,7:00:00,Autopista Provincial Brigadier E.LÓPEZ,91.7,1,Camión c / Acoplado,,1,1,0,0,0,0,0,"    -32.13574, -60.99463",Autopista,Brigadier E.LÓPEZ,SAN FABIÁN,San JERÓNIMO,Asfalto,Natural,XV,Fuera,Rural,Marca Vial,No existe,Curva,Bueno,Buena,Amanecer,Buen Tiempo,Otro,S/D,Despiste,Ninguna,S/D,Línea divisoria pintada,Sin restricción
2020,7721,2020-11-17,Martes,21:00:00,,0,2,"Moto/Ciclomotor,Automóvil",Calle 52,2,1,0,0,1,0,0,"    -29.1448, -59.64357",Calle,,RECONQUISTA,General Obligado,Tierra,No existe,IX,Dentro,Urbana,Ninguna,No existe,Intersección,Con baches,Buena,Nocturna,Buen Tiempo,Lateral,S/D,Colisión,Ninguna,Faltante,Ninguna,Sin restricción
2020,7722,2020-11-13,Viernes,23:00:00,,0,2,"Moto/Ciclomotor,Automóvil",Calle 11-Alvear,2,1,0,0,1,0,0,"    -29.1448, -59.64357",Calle,,RECONQUISTA,General Obligado,Asfalto,No existe,IX,Dentro,Urbana,Ninguna,No existe,Intersección,Bueno,Buena,Nocturna,Buen Tiempo,Lateral,S/D,Colisión,Ninguna,Vertical,Ninguna,Sin restricción
2020,7723,2020-11-09,Lunes,12:20:00,,0,1,Moto/Ciclomotor,Calle 33-Pueyrredon,1,1,0,0,0,0,0,"    -29.1448, -59.64357",Calle,,RECONQUISTA,General Obligado,Asfalto,No existe,IX,Dentro,Urbana,Ninguna,No existe,Intersección,Bueno,Buena,Diurna,Buen Tiempo,Múltiple,S/D,Colisión,Ninguna,Vertical,Ninguna,Sin restricción
2020,7724,2020-11-08,Domingo,2:30:00,,0,2,"Automóvil,Moto/Ciclomotor",Calle 26 - Bolivar,2,1,0,0,1,0,0,"    -29.1448, -59.64357",Calle,,RECONQUISTA,General Obligado,Asfalto,No existe,IX,Dentro,Urbana,Ninguna,No existe,Intersección,Bueno,Buena,Nocturna,Buen Tiempo,Lateral,S/D,Colisión,Ninguna,Vertical,Ninguna,Sin restricción
2020,7725,2020-12-28,Lunes,18:40:00,,0,2,"Moto/Ciclomotor,Automóvil",Calle 20 9 de Julio,2,1,0,0,1,0,0,"    -29.1448, -59.64357",Calle,,RECONQUISTA,General Obligado,Asfalto,No existe,IX,Dentro,Urbana,Ninguna,No existe,Intersección,Bueno,Buena,Diurna,Buen Tiempo,S/D,S/D,Colisión,S/D,Vertical,Ninguna,Sin restricción
2020,7726,2020-12-23,Miercoles,13:00:00,,0,2,"Pickup/Utilitario,Bicicleta",,2,1,0,0,1,0,0,"-29.1448, -59.64357",Calle,,RECONQUISTA,General Obligado,Hormigón,No existe,IX,Dentro,Urbana,Ninguna,No existe,Intersección,S/D,Buena,Diurna,Buen Tiempo,S/D,Ciclista,Atropello,Ninguna,Faltante,Ninguna,S/D
2020,7727,2020-12-14,Lunes,10:00:00,,0,2,"Moto/Ciclomotor,Moto/Ciclomotor",Calle 44-27 de Abril,2,2,0,0,0,0,0,"-29.1448, -59.64357",Calle,,RECONQUISTA,General Obligado,Asfalto,No existe,IX,Dentro,Urbana,Ninguna,No existe,Intersección,Bueno,Buena,Diurna,Buen Tiempo,Lateral,S/D,Colisión,Ninguna,Vertical,Ninguna,S/D
2020,7728,2020-09-25,Viernes,21:10:00,,0,2,"Automóvil,Moto/Ciclomotor",Calle 17-Bartolome Mitre Y Roca Pte,2,1,0,0,1,0,0,"-29.145551060054,-59.643811539988",Calle,,RECONQUISTA,General Obligado,Asfalto,No existe,IX,Dentro,Urbana,Ninguna,No existe,Intersección,Bueno,Buena,Nocturna,Buen Tiempo,Lateral,S/D,Colisión,Ninguna,Horizontal,Cordón divisorio,Sin restricción
2020,7729,2020-09-06,Domingo,21:30:00,Ruta Nacional 11,0,2,"Bicicleta,Automóvil",IRENEO FACCIOLI Y RUTA NACIONAL 11,2,1,0,0,1,0,0,"-29.13473904132843,-59.654916822910",Ruta,11,RECONQUISTA,General Obligado,Asfalto,No existe,IX,Dentro,Urbana,Semáforo,Funciona,Intersección,Bueno,Buena,Nocturna,Buen Tiempo,S/D,Ciclista,Atropello,Ninguna,"Horizontal,Vertical",Línea divisoria pintada,Sin restricción
2020,7730,2020-09-23,Miercoles,11:40:00,,0,2,"Moto/Ciclomotor,Automóvil",Calle 9-Mariano Moreno Y Calle 10-Ludue�a,2,1,0,0,1,0,0,"-29.141505573023,-59.640773292624",Calle,,RECONQUISTA,General Obligado,Asfalto,No existe,IX,Dentro,Urbana,Ninguna,No existe,Intersección,Bueno,Buena,Diurna,Buen Tiempo,Lateral,S/D,Colisión,Ninguna,Faltante,Ninguna,Sin restricción
2020,7731,2020-09-21,Lunes,18:20:00,,0,2,"Moto/Ciclomotor,Automóvil",Calle 12 San Martin Y Calle 19-Habegger,3,2,0,0,1,0,0,"-29.146734619737,-59.642743758966",Calle,,RECONQUISTA,General Obligado,Asfalto,No existe,IX,Dentro,Urbana,Ninguna,No existe,Intersección,Bueno,Buena,Diurna,Buen Tiempo,Otro,S/D,Colisión,Ninguna,Horizontal,Ninguna,Sin restricción
2020,7732,2020-09-07,Lunes,17:08:00,,0,2,"Moto/Ciclomotor,Automóvil",Calle 24-Alessio Y Calle 33-Pueyrredon,3,2,0,0,1,0,0,"-29.15355937468,-59.651137798547",Calle,,RECONQUISTA,General Obligado,Asfalto,No existe,IX,Dentro,Urbana,Ninguna,No existe,Intersección,Bueno,Buena,Diurna,Buen Tiempo,Lateral,S/D,Colisión,Ninguna,Faltante,Ninguna,Sin restricción
2020,7733,2020-09-22,Martes,12:30:00,,0,2,"Moto/Ciclomotor,Automóvil",Calle 6-Ituzaingo Y Calle 13-Iturraspe,2,1,0,0,1,0,0,"-29.143931168639,-59.638596408851",Calle,,RECONQUISTA,General Obligado,Asfalto,No existe,IX,Dentro,Urbana,Ninguna,No existe,Intersección,Bueno,Buena,Diurna,Buen Tiempo,Lateral,S/D,Colisión,Ninguna,Faltante,Ninguna,Sin restricción
2020,7734,2020-09-26,Sabado,12:20:00,,0,2,"Pickup/Utilitario,Moto/Ciclomotor",Pje 23-25-Antartida Argentina 2800,4,2,0,0,2,0,0,"-29.146326, -59.673605",Calle,,RECONQUISTA,General Obligado,Hormigón,No existe,IX,Dentro,Urbana,Ninguna,No existe,Intersección,Bueno,Buena,Diurna,Buen Tiempo,Lateral,S/D,Colisión,Ninguna,Faltante,Ninguna,Sin restricción
2020,7735,2020-09-27,Domingo,0:10:00,,0,2,"Automóvil,Moto/Ciclomotor",Calle 9-Mariano Moreno Y Calle 12 San Martin,2,1,0,0,1,0,0,"-29.141369004522,-59.641996700678",Calle,,RECONQUISTA,General Obligado,Asfalto,No existe,IX,Dentro,Urbana,Ninguna,No existe,Intersección,Bueno,Buena,Nocturna,Buen Tiempo,Lateral,S/D,Colisión,Ninguna,Faltante,Ninguna,Sin restricción
2020,7736,2020-02-03,Lunes,15:30:00,,0,2,"Automóvil,Bicicleta",,2,1,0,0,1,0,0,"-33.37311103709193,-61.185484330411",Calle,,BIGAND,Caseros,Ripio,No existe,IV,Dentro,Urbana,Ninguna,No existe,Intersección,Deteriorada,Buena,Diurna,Buen Tiempo,S/D,Ciclista,Atropello,Ninguna,Faltante,Ninguna,Sin restricción
2020,7737,2020-10-21,Miercoles,21:45:00,,0,2,"Moto/Ciclomotor,Automóvil",Calle 5-Colon Y Calle 16 Gral Obligado,3,2,0,0,1,0,0,"-29.139, -59.64415",Calle,,RECONQUISTA,General Obligado,Hormigón,No existe,IX,S/D,Urbana,S/D,S/D,Intersección,Bueno,S/D,S/D,S/D,S/D,S/D,S/D,Ninguna,Vertical,S/D,S/D
2020,7738,2020-10-22,Jueves,19:10:00,,0,2,"Bicicleta,Automóvil",Calle 13-Iturraspe Y Calle 16 Gral Obligado,2,1,0,0,1,0,0,"-29.14327, -59.64474",Calle,,RECONQUISTA,General Obligado,Asfalto,No existe,IX,S/D,Urbana,Ninguna,No existe,Intersección,Bueno,Buena,Nocturna,Buen Tiempo,Lateral,Ciclista,Atropello,Ninguna,Vertical,Ninguna,Sin restricción
2020,7739,2020-08-10,Lunes,11:30:00,,0,2,"Automóvil,Moto/Ciclomotor",Bme Mitre Y Rivadavia,2,1,0,0,1,0,0,"-32.029761388616,-61.218907406386",Calle,,GÁLVEZ,San JERÓNIMO,Asfalto,No existe,XV,Dentro,Urbana,Ninguna,No existe,Intersección,Bueno,Buena,Diurna,Buen Tiempo,Lateral,S/D,Colisión,Ninguna,Faltante,Ninguna,Sin restricción
2020,7740,2020-10-24,Sabado,12:25:00,,0,2,"Bicicleta,Otros",Calle 7-Sarmiento Y Calle 8-Chacabuco,2,1,0,0,0,0,1,"-29.14058, -59.63938",S/D,,RECONQUISTA,General Obligado,Asfalto,No existe,IX,S/D,S/D,Ninguna,No existe,Intersección,Bueno,Buena,Diurna,Buen Tiempo,Lateral,Ciclista,Atropello,Ninguna,Vertical,Ninguna,Sin restricción
2020,7741,2020-10-25,Domingo,11:30:00,,0,2,"Automóvil,Bicicleta",BV HIPOLITO YRIGOYEN Y JORGE NEWBERY,2,1,0,0,1,0,0,"-29.15177, -59.65708",Calle,,RECONQUISTA,General Obligado,Hormigón,Pavimento,IX,Dentro,Urbana,Ninguna,No existe,Intersección,Bueno,Buena,Diurna,Buen Tiempo,Lateral,Ciclista,Atropello,Ninguna,Vertical,Cordón divisorio,Sin restricción
2020,7742,2020-08-26,Miercoles,12:10:00,,0,2,"Automóvil,Bicicleta",Roque e Coulin Y San Martin,2,1,0,0,1,0,0,"-32.033194243199,-61.220127878838",Calle,,GÁLVEZ,San JERÓNIMO,Asfalto,No existe,XV,Dentro,Urbana,Ninguna,No existe,Intersección,Bueno,Buena,Diurna,Buen Tiempo,S/D,Ciclista,Atropello,Ninguna,Faltante,Ninguna,Sin restricción
2020,7743,2020-10-30,Viernes,8:30:00,,0,2,"Moto/Ciclomotor,Pickup/Utilitario",Calle 30-Lucas Funes Y Calle 23-Gral lopez,2,1,0,0,1,0,0,"-29.14772, -59.65405",S/D,,RECONQUISTA,General Obligado,Asfalto,No existe,IX,S/D,S/D,Ninguna,No existe,Intersección,Bueno,Buena,Diurna,Buen Tiempo,Lateral,S/D,Colisión,Ninguna,Vertical,Ninguna,Sin restricción
2020,7744,2020-10-30,Viernes,12:30:00,,0,2,"Automóvil,Moto/Ciclomotor",Calle 18 - Gral Belgrano Y Calle 7-Sarmiento,2,1,0,0,1,0,0,"-29.13994, -59.64551",Calle,,RECONQUISTA,General Obligado,Asfalto,No existe,IX,S/D,Urbana,Ninguna,No existe,Intersección,Bueno,Buena,Diurna,Buen Tiempo,Lateral,S/D,Colisión,Ninguna,Vertical,Ninguna,Sin restricción
2020,7745,2020-12-12,Sabado,21:15:00,,0,2,"Bicicleta,Automóvil",Calle 26-Bolivar,2,1,0,0,1,0,0,"-32.74734, -60.75485",Calle,,RECONQUISTA,General Obligado,Asfalto,No existe,IX,Dentro,Urbana,Ninguna,No existe,Intersección,Bueno,Buena,Nocturna,Buen Tiempo,Lateral,Ciclista,Atropello,Ninguna,Vertical,Ninguna,Sin restricción
2020,7746,2020-10-31,Sabado,8:30:00,,0,2,"Moto/Ciclomotor,Automóvil",Calle 8-Chacabuco 571,2,1,0,0,1,0,0,"-29.14349, -59.63972",Calle,,RECONQUISTA,General Obligado,Asfalto,No existe,IX,S/D,Urbana,Ninguna,No existe,Intersección,Bueno,Buena,Diurna,Buen Tiempo,Otro,S/D,Colisión,Ninguna,Vertical,Ninguna,Sin restricción
2020,7747,2020-12-09,Miercoles,14:00:00,,0,2,"Moto/Ciclomotor,Otros",Calle 16 Gral Obligado,2,1,0,0,1,0,0,"-31.62481, -60.71369",Calle,,RECONQUISTA,General Obligado,Asfalto,No existe,IX,Dentro,Urbana,Ninguna,No existe,Intersección,Bueno,Buena,Diurna,Buen Tiempo,Lateral,S/D,Colisión,Ninguna,Vertical,Ninguna,Sin restricción
2020,7748,2020-12-02,Miercoles,10:00:00,,0,2,"Moto/Ciclomotor,Automóvil",Calle 20 9 de Julio,2,1,0,0,1,0,0,"-32.74734, -60.75485",Calle,,RECONQUISTA,General Obligado,Asfalto,No existe,IX,Dentro,Urbana,Ninguna,No existe,Intersección,Bueno,Buena,Diurna,Buen Tiempo,Lateral,S/D,Colisión,Ninguna,Vertical,Ninguna,Sin restricción
2020,7749,2020-10-31,Sabado,10:00:00,,0,2,"Moto/Ciclomotor,Automóvil",Calle 19-Habegger 150,2,1,0,0,1,0,0,"-29.14602, -59.6501",Calle,,RECONQUISTA,General Obligado,Asfalto,No existe,IX,Dentro,Urbana,Ninguna,No existe,Recta,Bueno,Buena,Diurna,Buen Tiempo,Otro,S/D,Colisión,Ninguna,Vertical,Ninguna,Sin restricción
2020,7750,2020-11-26,Jueves,14:00:00,,0,2,"Moto/Ciclomotor,Automóvil",Calle 18 - Gral Belgrano,2,1,0,0,1,0,0,"-32.74734, -60.75485",Calle,,RECONQUISTA,General Obligado,Asfalto,No existe,IX,Dentro,Urbana,Ninguna,No existe,Intersección,Bueno,Buena,Diurna,Buen Tiempo,Lateral,S/D,Colisión,Ninguna,Vertical,Ninguna,Sin restricción
2020,7751,2020-08-29,Sabado,22:15:00,,0,2,"Moto/Ciclomotor,Automóvil",Calle 32 - Amenabar Y Calle 33-Pueyrredon,2,1,0,0,1,0,0,"-29.153008215274,-59.65605764293",Calle,,RECONQUISTA,General Obligado,Asfalto,No existe,IX,Dentro,Urbana,Ninguna,No existe,Recta,Bueno,Buena,"Nocturna,Con luz artificial",Buen Tiempo,Otro,S/D,Colisión,Ninguna,Faltante,Ninguna,Sin restricción
2020,7752,2020-07-03,Viernes,18:58:00,Ruta Nacional 11,0,2,"Moto/Ciclomotor,Bicicleta",,2,2,0,0,0,0,0,"-29.17584, -59.67288",Ruta,11,RECONQUISTA,General Obligado,Hormigón,Natural,IX,Dentro,Urbana,Ninguna,No existe,Recta,Bueno,Buena,Atardecer,Buen Tiempo,Otro,Ciclista,Atropello,Ninguna,Horizontal,Línea divisoria pintada,Sin restricción
2020,7753,2020-11-27,Viernes,18:15:00,,0,2,"Moto/Ciclomotor,Automóvil",,2,1,0,0,1,0,0,"-32.74734, -60.75485",Calle,,RECONQUISTA,General Obligado,Asfalto,No existe,IX,Dentro,Urbana,Ninguna,No existe,Recta,Bueno,Buena,Diurna,Buen Tiempo,Lateral,S/D,Colisión,Ninguna,S/D,Ninguna,Sin restricción
2020,7754,2020-07-02,Jueves,20:25:00,,0,2,"Moto/Ciclomotor,Automóvil",Calle 25 - Pietropaolo,2,1,0,0,1,0,0,"-29.14646, -59.68053",Calle,,RECONQUISTA,General Obligado,Ripio,No existe,IX,S/D,Urbana,Ninguna,No existe,Intersección,Bueno,Buena,Nocturna,Buen Tiempo,Otro,S/D,Colisión,Ninguna,Faltante,Ninguna,Sin restricción
2020,7755,2020-08-25,Martes,5:55:00,,0,2,"Moto/Ciclomotor,Moto/Ciclomotor",Calle 18 - Gral Belgrano Y Calle 21-Gdor. iriondo,2,2,0,0,0,0,0,"-29.147439545643,-59.646600466984",Calle,,RECONQUISTA,General Obligado,Asfalto,No existe,IX,Dentro,Urbana,Paso Peatonal,No existe,Intersección,Bueno,Buena,Amanecer,Buen Tiempo,Otro,S/D,Colisión,Ninguna,Horizontal,Ninguna,Sin restricción
2020,7756,2020-08-13,Jueves,8:40:00,,0,2,"Automóvil,Moto/Ciclomotor",Calle 17-Bartolome Mitre Y Calle 18 - Gral Belgrano,2,2,0,0,0,0,0,"-29.145264365004,-59.646273903449",Calle,,RECONQUISTA,General Obligado,Hormigón,No existe,IX,Dentro,Urbana,Ninguna,No existe,Intersección,Bueno,Buena,Diurna,Buen Tiempo,Lateral,S/D,Colisión,Ninguna,Horizontal,Ninguna,Sin restricción
2020,7757,2020-02-25,Martes,20:45:00,Ruta Secundaria 50-s,0,1,Moto/Ciclomotor,,2,1,0,0,1,0,0,"-32.0681262016296,-61.1139607429503",Ruta,50-s,GÁLVEZ,San JERÓNIMO,Asfalto,Natural,XV,Dentro,Urbana,Ninguna,No existe,Recta,Bueno,Reducida,Nocturna,Buen Tiempo,S/D,S/D,Despiste,Ninguna,Horizontal,Línea divisoria pintada,Sin restricción
2020,7758,2020-11-22,Domingo,20:50:00,Ruta Nacional 11,0,2,"Automóvil,Moto/Ciclomotor",Ruta Nacional 11,4,3,0,0,1,0,0,"-32.74734, -60.75485",Ruta,11,RECONQUISTA,General Obligado,Asfalto,Natural,IX,Dentro,Urbana,Semáforo,Funciona,Intersección,Bueno,Buena,Nocturna,Buen Tiempo,Lateral,S/D,Colisión,Ninguna,Vertical,Vegetación,Sin restricción
2020,7759,2020-11-18,Miercoles,13:00:00,,0,2,"Moto/Ciclomotor,Pickup/Utilitario",Calle 26-Bolivar,2,1,0,0,1,0,0,"-32.74734, -60.75485",Calle,,RECONQUISTA,General Obligado,Asfalto,No existe,IX,Dentro,Urbana,Ninguna,No existe,Intersección,Bueno,Buena,Diurna,Buen Tiempo,Lateral,S/D,Colisión,Ninguna,Vertical,Ninguna,Sin restricción
2020,7760,2020-11-18,Miercoles,8:10:00,,0,2,"Moto/Ciclomotor,Automóvil",Calle 19-Habegger 720,2,1,0,0,1,0,0,"-32.74734, -60.75485",Calle,,RECONQUISTA,General Obligado,Asfalto,No existe,IX,Dentro,Urbana,Ninguna,No existe,S/D,Bueno,Buena,Diurna,Buen Tiempo,Otro,S/D,Colisión,Ninguna,Vertical,Ninguna,Sin restricción