anio_acci,nro_acci,fecha,desc_dia,hora_aprox,desc_ruta,km,cant_participantes,desc_participante,calle_avenida_km,total,heridos_leves,heridos_graves,heridos_gravisimos,ilesos,fallecidos,sin_datos,posicion_XY,desc_tipo_via,desc_ruta_ori,desc_loc,desc_dpto,desc_tipo_calzada,desc_tipo_banquina,desc_unidad_regional,desc_lugar_calzada,desc_zona,desc_prioridad,desc_estado_semaforo,desc_lugar_via,desc_estado_via,desc_estado_visibilidad,desc_luminosidad,desc_estado_clima,desc_tipo_colision,desc_tipo_atropello,desc_tipo_hecho,desc_pres_calzada,desc_senializacion,desc_separacion_via,desc_restriccion
2020,8006,2020-11-18,Miercoles,16:59:00,,0,1,Moto/Ciclomotor,Av. Battle y Ordo�ez,1,1,0,0,0,0,0,"-33.00975, -60.67633",S/D,,ROSARIO,Rosario,S/D,S/D,II,S/D,S/D,S/D,S/D,S/D,S/D,S/D,S/D,S/D,S/D,S/D,Otro,S/D,S/D,S/D,S/D
2020,8007,2020-11-18,Miercoles,17:44:00,,0,1,Moto/Ciclomotor,San Juan Y Lavalle,1,1,0,0,0,0,0,"-32.9431, -60.67875",S/D,,ROSARIO,Rosario,S/D,S/D,II,S/D,S/D,S/D,S/D,S/D,S/D,S/D,S/D,S/D,S/D,S/D,Otro,S/D,S/D,S/D,S/D
2020,8008,2020-11-18,Miercoles,19:30:00,,0,1,Moto/Ciclomotor,,1,1,0,0,0,0,0,"-33.02139, -60.75439",S/D,,SOLDINI,Rosario,S/D,S/D,II,S/D,S/D,S/D,S/D,S/D,S/D,S/D,S/D,S/D,S/D,S/D,Otro,S/D,S/D,S/D,S/D
2020,8010,2020-11-10,Martes,7:30:00,,0,2,"Moto/Ciclomotor,Moto/Ciclomotor",Emilio Zola Y Pasteur,2,2,0,0,0,0,0,"-33.029504950898,-60.622037340298",S/D,,VILLA GOBERNADOR GÁLVEZ,Rosario,Asfalto,No existe,II,S/D,S/D,Ninguna,No existe,Intersección,Bueno,Buena,Diurna,Buen Tiempo,S/D,S/D,Colisión,Ninguna,Faltante,"Ninguna,S/D",Sin restricción
2020,8011,2020-11-18,Miercoles,,,0,1,Moto/Ciclomotor,Av. Pte.Peron Y Camilo Aldao,1,1,0,0,0,0,0,"-32.959700314319,-60.695222240964",Calle,,ROSARIO,Rosario,Asfalto,No existe,II,Dentro,Urbana,Paso Peatonal,No existe,Intersección,Bueno,Buena,Diurna,Buen Tiempo,S/D,S/D,Otro,Ninguna,Horizontal,"Cordón divisorio,Línea divisoria pintada,S/D",S/D
2020,8012,2020-11-11,Miercoles,21:00:00,,0,1,Moto/Ciclomotor,F.M.Esquiu Y Solis,1,1,0,0,0,0,0,"-32.922874457059,-60.704092713255",Calle,,ROSARIO,Rosario,Asfalto,No existe,II,Dentro,Urbana,Ninguna,No existe,Intersección,S/D,S/D,Nocturna,S/D,S/D,S/D,Otro,S/D,Faltante,"Ninguna,S/D",S/D
2020,8013,2020-11-18,Miercoles,,,0,1,Moto/Ciclomotor,Bv. 27 De Febrero Y Bv. Avellaneda,1,1,0,0,0,0,0,"-32.960321199993,-60.684593378268",Avenida,,ROSARIO,Rosario,Asfalto,No existe,II,Dentro,Urbana,Semáforo,Funciona,Intersección,Bueno,Buena,Diurna,Buen Tiempo,S/D,S/D,Otro,Ninguna,Vertical,"Cordón divisorio,S/D",Sin restricción
2020,8014,2020-11-18,Miercoles,3:00:00,,0,1,Moto/Ciclomotor,Bv. 27 De Febrero Y Bv. Avellaneda,1,1,0,0,0,0,0,"-32.960358973096,-60.684380616245",Avenida,,ROSARIO,Rosario,Asfalto,No existe,II,Dentro,Urbana,Semáforo,Funciona,Intersección,Bueno,Buena,Nocturna,Buen Tiempo,S/D,S/D,Colisión,Ninguna,Vertical,"Cordón divisorio,S/D",Sin restricción
2020,8015,2020-11-18,Miercoles,,,0,1,Otros,,1,1,0,0,0,0,0,"-32.9588, -60.69398",S/D,,ROSARIO,Rosario,S/D,S/D,II,S/D,S/D,S/D,S/D,S/D,S/D,S/D,S/D,S/D,S/D,S/D,Otro,S/D,S/D,S/D,S/D
2020,8016,2020-11-15,Domingo,6:00:00,,0,1,Moto/Ciclomotor,Gorriti Y Guatemala,1,1,0,0,0,0,0,"-32.924482296179,-60.717976726025",Calle,,ROSARIO,Rosario,Asfalto,No existe,II,Dentro,Urbana,Ninguna,No existe,Intersección,Bueno,Buena,Amanecer,Buen Tiempo,S/D,S/D,"Colisión,Otro",Ninguna,Faltante,"Ninguna,S/D",Sin restricción
2020,8017,2020-11-15,Domingo,0:00:00,,0,1,Moto/Ciclomotor,Ocampo Y Roullon,1,1,0,0,0,0,0,"-32.957744093964,-60.701558326099",Calle,,ROSARIO,Rosario,Asfalto,No existe,II,Dentro,Urbana,Ninguna,No existe,Intersección,S/D,S/D,Nocturna,S/D,S/D,S/D,Otro,S/D,Faltante,"Ninguna,S/D",S/D
2020,8018,2020-11-14,Sabado,6:00:00,,0,1,Moto/Ciclomotor,Cafferata Y Pte.Quintana,1,1,0,0,0,0,0,"-32.976632534275,-60.680065731969",Calle,,ROSARIO,Rosario,Asfalto,No existe,II,Dentro,Urbana,Ninguna,No existe,Intersección,S/D,S/D,Nocturna,S/D,S/D,S/D,Otro,S/D,Faltante,"Ninguna,S/D",S/D
2020,8019,2020-11-15,Domingo,12:00:00,,0,1,Moto/Ciclomotor,Lima Y Rueda,1,1,0,0,0,0,0,"-32.962966509548,-60.689423875427",Calle,,ROSARIO,Rosario,Asfalto,No existe,II,Dentro,Urbana,Ninguna,No existe,Intersección,S/D,S/D,Diurna,S/D,S/D,S/D,Otro,S/D,Faltante,"Ninguna,S/D",S/D
2020,8020,2020-11-18,Miercoles,20:45:00,,0,1,Otros,Callao Y Jujuy,1,1,0,0,0,0,0,"-32.934329771543,-60.658015859918",Calle,,ROSARIO,Rosario,Asfalto,No existe,II,Dentro,Urbana,Paso Peatonal,No existe,Intersección,Bueno,Buena,Nocturna,Buen Tiempo,S/D,S/D,Colisión,Ninguna,Horizontal,"Línea divisoria pintada,S/D",Sin restricción
2020,8021,2020-11-18,Miercoles,,,0,1,Otros,,1,1,0,0,0,0,0,"-32.9588, -60.69398",S/D,,ROSARIO,Rosario,S/D,S/D,II,S/D,S/D,S/D,S/D,S/D,S/D,S/D,S/D,S/D,S/D,S/D,S/D,S/D,S/D,S/D,S/D
2020,8022,2020-11-14,Sabado,9:30:00,,0,1,Moto/Ciclomotor,A.Maza Y Maciel,1,1,0,0,0,0,0,"-32.902990255945,-60.685917116794",Calle,,ROSARIO,Rosario,Asfalto,No existe,II,Dentro,Urbana,Otra Señal,No existe,Rotonda,S/D,S/D,Diurna,S/D,S/D,S/D,Otro,S/D,Vertical,"Ninguna,S/D",S/D
2020,8023,2020-11-13,Viernes,22:00:00,,0,1,Moto/Ciclomotor,9 De Julio Y Vera Mujica,1,1,0,0,0,0,0,"-32.94869505707,-60.668743822791",Calle,,ROSARIO,Rosario,Asfalto,No existe,II,Dentro,Urbana,Señal Pare,No existe,Intersección,Bueno,S/D,Nocturna,S/D,S/D,S/D,Otro,S/D,Vertical,"Ninguna,S/D",S/D
2020,8024,2020-11-13,Viernes,,,0,1,Otros,,1,1,0,0,0,0,0,"-32.9588, -60.69398",Avenida,,ROSARIO,Rosario,S/D,S/D,II,S/D,S/D,S/D,S/D,S/D,S/D,S/D,S/D,S/D,S/D,S/D,Otro,S/D,S/D,S/D,S/D
2020,8025,2020-11-18,Miercoles,12:30:00,,0,2,"Moto/Ciclomotor,Moto/Ciclomotor",Garay Y Matienzo,2,2,0,0,0,0,0,"-32.965801520375,-60.693702086134",Calle,,ROSARIO,Rosario,Asfalto,No existe,II,Dentro,Urbana,Ninguna,No existe,Intersección,Bueno,Buena,Diurna,Buen Tiempo,S/D,S/D,Colisión,Ninguna,Faltante,"Ninguna,S/D",Sin restricción
2020,8026,2020-11-16,Lunes,16:30:00,,0,1,Moto/Ciclomotor,Av. Pellegrini Y Cullen,1,1,0,0,0,0,0,"-32.948410510835,-60.708795109082",Avenida,,ROSARIO,Rosario,Asfalto,No existe,II,Dentro,Urbana,Semáforo,Funciona,Intersección,Bueno,Buena,Diurna,Buen Tiempo,S/D,S/D,Colisión,Ninguna,"Horizontal,Vertical","Cordón divisorio,Línea divisoria pintada,S/D",Sin restricción
2020,8028,2020-11-12,Jueves,0:05:00,,0,1,Bicicleta,Balcarce Y Uruguay,1,1,0,0,0,0,0,"-32.974311970665,-60.659585061082",Calle,,ROSARIO,Rosario,Asfalto,No existe,II,Dentro,Urbana,Ninguna,No existe,Intersección,Bueno,S/D,Nocturna,S/D,S/D,S/D,Otro,S/D,Faltante,"Ninguna,S/D",S/D
2020,8029,2020-01-05,Domingo,,,0,2,"Transporte de Pasajeros,Moto/Ciclomotor",,2,0,0,0,0,1,1,"-32.7886,-60.72783",S/D,,FRAY LUIS BELTRÁN,San Lorenzo,S/D,S/D,XVII,S/D,S/D,S/D,S/D,S/D,S/D,S/D,S/D,S/D,S/D,S/D,Colisión,S/D,S/D,S/D,S/D
2020,8030,2020-11-13,Viernes,11:30:00,,0,1,Moto/Ciclomotor,P.L.Funes Y Urquiza,1,1,0,0,0,0,0,"-32.933106069639,-60.701489501241",Calle,,ROSARIO,Rosario,Asfalto,No existe,II,Dentro,Urbana,Ninguna,No existe,Intersección,Bueno,S/D,Diurna,S/D,S/D,S/D,Otro,S/D,Faltante,"Ninguna,S/D",S/D
2020,8031,2020-11-16,Lunes,7:00:00,,0,1,Automóvil,Av. Francia Y San Juan,1,1,0,0,0,0,0,"-32.945237110795,-60.666565693148",Avenida,,ROSARIO,Rosario,Asfalto,No existe,II,Dentro,Urbana,Semáforo,Funciona,Intersección,Bueno,Buena,Diurna,Buen Tiempo,S/D,S/D,Colisión,Ninguna,"Horizontal,Vertical","Cordón divisorio,Vegetación,Línea divisoria pintada,S/D",Sin restricción
2020,8032,2020-11-18,Miercoles,11:00:00,,0,1,Moto/Ciclomotor,Av. Luis Carballo Y Ing.Thedy Bis,1,1,0,0,0,0,0,"-32.923435350486,-60.665473238876",Avenida,,ROSARIO,Rosario,Asfalto,No existe,II,Dentro,Urbana,Semáforo,Funciona,Intersección,Bueno,Buena,Diurna,Buen Tiempo,S/D,S/D,Colisión,Ninguna,"Horizontal,Vertical","Cordón divisorio,Vegetación,S/D",Sin restricción
2020,8033,2020-11-18,Miercoles,,Autopista Nacional A008,0,1,Otros,Av. Circunvalacion Y Bv. Segui,1,1,0,0,0,0,0,"-32.970337162875,-60.716091144135",Autopista,A008,ROSARIO,Rosario,Asfalto,No existe,II,Dentro,Urbana,Semáforo,Funciona,Intersección,Bueno,Buena,Diurna,Buen Tiempo,S/D,S/D,Colisión,Ninguna,Vertical,"Cordón divisorio,S/D",Sin restricción
2020,8034,2020-11-18,Miercoles,,,0,1,Automóvil,,1,1,0,0,0,0,0,"-32.95643, -60.69418",S/D,,ROSARIO,Rosario,S/D,S/D,II,S/D,S/D,S/D,S/D,S/D,S/D,S/D,S/D,S/D,S/D,S/D,Otro,S/D,S/D,S/D,S/D
2020,8035,2020-11-18,Miercoles,,,0,1,Otros,,1,1,0,0,0,0,0,"-32.95643, -60.69418",S/D,,ROSARIO,Rosario,S/D,S/D,II,S/D,S/D,S/D,S/D,S/D,S/D,S/D,S/D,S/D,S/D,S/D,Otro,S/D,S/D,S/D,S/D
2020,8036,2020-11-18,Miercoles,8:30:00,,0,1,Bicicleta,Av. Provincias Unidas Y Bv. 27 De Febrero,1,1,0,0,0,0,0,"-32.95936256647111,-60.711733996868",Avenida,,ROSARIO,Rosario,Asfalto,No existe,II,Dentro,Urbana,Semáforo,Funciona,Intersección,S/D,S/D,Diurna,S/D,S/D,S/D,Cañda ocupante,S/D,"Horizontal,Vertical","Cordón divisorio,S/D",S/D
2020,8037,2020-11-18,Miercoles,8:00:00,,0,1,Automóvil,Av. Pellegrini Y Constitucion,1,1,0,0,0,0,0,"-32.95081436634064,-60.676403939723",Avenida,,ROSARIO,Rosario,Asfalto,No existe,II,Dentro,Urbana,Semáforo,Funciona,Intersección,S/D,S/D,Nocturna,S/D,S/D,S/D,Otro,S/D,"Horizontal,Vertical","Cordón divisorio,S/D",S/D
2020,8038,2020-11-19,Jueves,2:15:00,,0,1,Automóvil,Av. Belgrano Y Tucuman,1,1,0,0,0,0,0,"-33.00801, -60.79281",S/D,,ROSARIO,Rosario,S/D,S/D,II,S/D,S/D,S/D,S/D,S/D,S/D,S/D,Nocturna,S/D,Contra objeto fijo,S/D,Colisión,S/D,S/D,S/D,S/D
2020,8039,2020-11-19,Jueves,18:29:00,,0,1,Bicicleta,Av. Ovidio Lagos Y Av. Uriburu,1,0,1,0,0,0,0,"-32.99161, -60.67327",S/D,,ROSARIO,Rosario,S/D,S/D,II,S/D,S/D,S/D,S/D,S/D,S/D,S/D,S/D,S/D,S/D,Ciclista,"Atropello,Otro",S/D,S/D,S/D,S/D
2020,8040,2020-07-23,Jueves,16:00:00,,0,1,Moto/Ciclomotor,Bv. 27 De Febrero Y Iriondo,1,1,0,0,0,0,0,"-32.95883, -60.693",Calle,,ROSARIO,Rosario,Asfalto,S/D,II,Dentro,Urbana,S/D,S/D,Intersección,S/D,S/D,Diurna,S/D,S/D,S/D,S/D,S/D,S/D,S/D,S/D
2020,8041,2020-07-23,Jueves,16:45:00,,0,1,Moto/Ciclomotor,Laprida,1,1,0,0,0,0,0,"-32.95883, -60.693",Calle,,ROSARIO,Rosario,Asfalto,S/D,II,Dentro,Urbana,S/D,S/D,Intersección,S/D,S/D,Nocturna,S/D,S/D,S/D,S/D,S/D,S/D,S/D,S/D
2020,8042,2020-07-23,Jueves,21:30:00,,0,2,"Bicicleta,Otros",Matienzo Y Junin,2,1,0,0,0,0,1,"    -32.92715, -60.69521",Calle,,ROSARIO,Rosario,S/D,S/D,II,Dentro,Urbana,S/D,S/D,Intersección,S/D,S/D,Nocturna,S/D,S/D,Ciclista,Atropello,S/D,S/D,S/D,S/D
2020,8043,2020-11-20,Viernes,12:29:00,,0,1,Moto/Ciclomotor,Medrano Y Castagnino,1,1,0,0,0,0,0,"-32.89922, -60.70039",S/D,,ROSARIO,Rosario,S/D,S/D,II,S/D,S/D,S/D,S/D,S/D,S/D,S/D,S/D,S/D,S/D,S/D,Otro,S/D,S/D,S/D,S/D
2020,8044,2020-11-20,Viernes,19:00:00,,0,1,Moto/Ciclomotor,L.Braile Y Darragueira,1,1,0,0,0,0,0,"-32.88289, -60.69712",S/D,,ROSARIO,Rosario,S/D,S/D,II,S/D,S/D,S/D,S/D,S/D,S/D,S/D,S/D,S/D,S/D,S/D,Otro,S/D,S/D,S/D,S/D
2020,8045,2020-11-20,Viernes,21:20:00,,0,1,Bicicleta,Rep.Dominicana Y Pje. De Pinedo,1,0,1,0,0,0,0,"-32.9224, -60.69064",S/D,,ROSARIO,Rosario,S/D,S/D,II,S/D,S/D,S/D,S/D,S/D,S/D,S/D,S/D,S/D,S/D,Ciclista,"Atropello,Otro",S/D,S/D,S/D,S/D
2020,8046,2020-07-23,Jueves,21:15:00,,0,1,Moto/Ciclomotor,Castellanos Y Centeno,1,1,0,0,0,0,0,"-32.95883, -60.693",Calle,,ROSARIO,Rosario,Asfalto,S/D,II,Dentro,Urbana,S/D,S/D,Intersección,S/D,S/D,S/D,S/D,S/D,S/D,S/D,S/D,S/D,S/D,S/D
2020,8047,2020-07-23,Jueves,21:15:00,Ruta Nacional 34,0,2,"Bicicleta,Otros",,2,1,0,0,0,0,1,"-32.95883, -60.693",Ruta,34,ROSARIO,Rosario,Asfalto,S/D,II,Dentro,Rural,S/D,S/D,Recta,S/D,S/D,Nocturna,S/D,S/D,Ciclista,Atropello,S/D,S/D,S/D,S/D
2020,8048,2020-07-24,Viernes,16:00:00,,0,1,Automóvil,Bv. Avellaneda,1,1,0,0,0,0,0,"-32.95883, -60.693",Avenida,,ROSARIO,Rosario,Asfalto,S/D,II,Dentro,Urbana,S/D,Intermitente,Intersección,S/D,S/D,Diurna,S/D,S/D,S/D,S/D,S/D,S/D,S/D,S/D
2020,8049,2020-07-24,Viernes,9:05:00,,0,2,"Otros,Peatón",Bv. Avellaneda Y Bv. 27 De Febrero,2,1,0,0,0,0,1,"-32.95883, -60.693",Avenida,,ROSARIO,Rosario,Asfalto,S/D,II,Dentro,Urbana,S/D,S/D,Intersección,Bueno,S/D,Diurna,S/D,S/D,Peatón,Atropello,S/D,S/D,S/D,S/D
2020,8050,2020-11-20,Viernes,19:14:00,,0,1,Moto/Ciclomotor,Mejico Y J.B.Justo,1,1,0,0,0,0,0,"-32.91511, -60.71947",S/D,,ROSARIO,Rosario,S/D,S/D,II,S/D,S/D,S/D,S/D,S/D,S/D,S/D,S/D,S/D,S/D,S/D,Otro,S/D,S/D,S/D,S/D
2020,8052,2020-11-21,Sabado,1:30:00,,0,1,Moto/Ciclomotor,Mendoza 9900,1,1,0,0,0,0,0,"-32.94427, -60.68043",S/D,,ROSARIO,Rosario,S/D,S/D,II,S/D,S/D,S/D,S/D,S/D,S/D,S/D,S/D,S/D,S/D,S/D,Otro,S/D,S/D,S/D,S/D
2020,8053,2020-07-24,Viernes,10:30:00,,0,1,Moto/Ciclomotor,Pte.Roca Y Ocampo,1,1,0,0,0,0,0,"-32.95883, -60.693",Calle,,ROSARIO,Rosario,Asfalto,S/D,II,Dentro,Urbana,S/D,S/D,Intersección,S/D,S/D,Diurna,S/D,S/D,S/D,S/D,S/D,S/D,S/D,S/D
2020,8054,2020-11-20,Viernes,3:00:00,,0,1,Moto/Ciclomotor,JACARANDA Y LOS CARDENALES,1,1,0,0,0,0,0,"-32.96657, -60.74248",S/D,,ROSARIO,Rosario,S/D,S/D,II,S/D,S/D,S/D,S/D,S/D,S/D,S/D,S/D,S/D,S/D,S/D,Otro,S/D,S/D,S/D,S/D
2020,8055,2020-11-21,Sabado,7:59:00,,0,1,Moto/Ciclomotor,,1,0,1,0,0,0,0,"-32.95846, -60.69045",S/D,,ROSARIO,Rosario,S/D,S/D,II,S/D,S/D,S/D,S/D,S/D,S/D,S/D,S/D,S/D,S/D,S/D,Otro,S/D,S/D,S/D,S/D
2020,8056,2020-07-24,Viernes,17:30:00,,0,1,Tracción animal / Carro,,1,1,0,0,0,0,0,"-32.95883, -60.693",S/D,,ROSARIO,Rosario,S/D,S/D,II,S/D,S/D,S/D,S/D,S/D,S/D,S/D,Diurna,S/D,S/D,S/D,S/D,S/D,S/D,S/D,S/D
2020,8057,2020-07-24,Viernes,21:45:00,,0,1,Automóvil,,1,1,0,0,0,0,0,"-32.95883, -60.693",S/D,,ROSARIO,Rosario,S/D,S/D,II,S/D,S/D,S/D,S/D,S/D,S/D,S/D,Diurna,S/D,S/D,S/D,S/D,S/D,S/D,S/D,S/D
2020,8058,2020-11-22,Domingo,8:19:00,,0,1,Moto/Ciclomotor,Av. Jorge Newbery Y Donado,1,1,0,0,0,0,0,"-32.90845, -60.72848",S/D,,ROSARIO,Rosario,S/D,S/D,II,S/D,S/D,S/D,S/D,S/D,S/D,S/D,S/D,S/D,S/D,S/D,Otro,S/D,S/D,S/D,S/D
2020,8059,2020-07-24,Viernes,22:10:00,,0,2,"Peatón,Otros",Roullon Y Bv. Segui,2,1,0,0,0,0,1,"-32.95883, -60.693",Calle,,ROSARIO,Rosario,Asfalto,S/D,II,Dentro,Urbana,S/D,S/D,Intersección,S/D,S/D,Diurna,S/D,S/D,Peatón,Atropello,S/D,S/D,S/D,S/D
2020,8060,2020-11-22,Domingo,19:00:00,,0,1,Moto/Ciclomotor,,1,1,0,0,0,0,0,"-33.00034, -60.7764",S/D,,PEREZ,Rosario,S/D,S/D,II,S/D,S/D,S/D,S/D,S/D,S/D,S/D,S/D,S/D,S/D,S/D,Otro,S/D,S/D,S/D,S/D
2020,8061,2020-11-22,Domingo,10:00:00,,0,1,Moto/Ciclomotor,EL OMBU,1,1,0,0,0,0,0,"-33.08118, -60.69544",S/D,,LA CAROLINA,Rosario,S/D,S/D,II,S/D,S/D,S/D,S/D,S/D,S/D,S/D,S/D,S/D,S/D,S/D,Otro,S/D,S/D,S/D,S/D
2020,8062,2020-07-25,Sabado,10:00:00,,0,1,Automóvil,Viamonte Y Av. Corrientes,1,1,0,0,0,0,0,"    -32.96458, -60.64707",Calle,,ROSARIO,Rosario,Asfalto,S/D,II,Dentro,Urbana,S/D,S/D,Intersección,S/D,S/D,Diurna,S/D,S/D,S/D,S/D,S/D,S/D,S/D,S/D
2020,8063,2020-11-23,Lunes,0:00:00,,0,1,Bicicleta,Moreno,1,1,0,0,0,0,0,"-33.37202, -61.18706",S/D,,BIGAND,Caseros,S/D,S/D,II,S/D,S/D,S/D,S/D,S/D,S/D,S/D,S/D,S/D,S/D,Ciclista,"Atropello,Otro",S/D,S/D,S/D,S/D
2020,8064,2020-06-01,Lunes,18:30:00,,0,1,Moto/Ciclomotor,Dr.Rivas Y Pje. Espinillo,1,1,0,0,0,0,0,"-32.975610, -60.698935",Calle,,ROSARIO,Rosario,Asfalto,No existe,II,Dentro,Urbana,Ninguna,No existe,Intersección,S/D,S/D,Diurna,S/D,S/D,S/D,Otro,S/D,Faltante,Ninguna,S/D
2020,8065,2020-06-02,Martes,21:00:00,,0,1,Bicicleta,Av. Arijon 2400,1,1,0,0,0,0,0,"-33.003540717846,-60.667657111801",Avenida,,ROSARIO,Rosario,Asfalto,No existe,II,Dentro,Urbana,Paso Peatonal,No existe,Recta,S/D,S/D,Nocturna,S/D,S/D,S/D,Cañda ocupante,S/D,Horizontal,Línea divisoria pintada,S/D
2020,8066,2020-06-04,Jueves,15:00:00,,0,1,Bicicleta,Av. Pellegrini Y Cafferata,1,1,0,0,0,0,0,"-32.951485546471,-60.673704787978",Avenida,,ROSARIO,Rosario,Asfalto,No existe,II,Dentro,Urbana,Semáforo,Funciona,Intersección,S/D,S/D,Diurna,S/D,S/D,S/D,Cañda ocupante,S/D,"Horizontal,Vertical","Cordón divisorio,Línea divisoria pintada",S/D
2020,8067,2020-06-09,Martes,15:00:00,,0,1,Moto/Ciclomotor,Av. Alberdi Bis 4100,1,1,0,0,0,0,0,"-32.915165, -60.685678",Avenida,,ROSARIO,Rosario,Asfalto,No existe,II,Dentro,Urbana,Semáforo,Funciona,Recta,S/D,S/D,Diurna,S/D,S/D,S/D,Otro,S/D,"Horizontal,Vertical","Cordón divisorio,Línea divisoria pintada",S/D
2020,8068,2020-07-25,Sabado,15:40:00,Ruta Nacional 34,3,1,Automóvil,,1,1,0,0,0,0,0,"    -32.87747, -60.74663",Ruta,34,ROSARIO,Rosario,Asfalto,Pavimento,II,Dentro,Rural,S/D,No existe,Recta,S/D,S/D,Diurna,S/D,S/D,S/D,S/D,S/D,S/D,Ninguna,S/D
2020,8069,2020-06-11,Jueves,23:00:00,,0,1,Moto/Ciclomotor,Galvez Y Tte.Agneta,1,1,0,0,0,0,0,"-32.96005725860596,-60.699073970317",Calle,,ROSARIO,Rosario,Asfalto,No existe,II,Dentro,Urbana,Ninguna,No existe,Intersección,S/D,S/D,Nocturna,S/D,S/D,S/D,Otro,S/D,Faltante,Ninguna,S/D
2020,8070,2020-11-23,Lunes,8:30:00,,0,1,Moto/Ciclomotor,Vera Mujica Y Lamadrid,1,0,1,0,0,0,0,"-32.99809, -60.67934",S/D,,ROSARIO,Rosario,S/D,S/D,II,S/D,S/D,S/D,S/D,S/D,S/D,S/D,S/D,S/D,S/D,S/D,Otro,S/D,S/D,S/D,S/D
2020,8071,2020-06-13,Sabado,17:00:00,,0,1,Bicicleta,Mendoza,1,1,0,0,0,0,0,"-32.940943421301,-60.698632430079",Calle,,ROSARIO,Rosario,Asfalto,S/D,II,Dentro,Urbana,S/D,S/D,S/D,S/D,S/D,Diurna,S/D,S/D,S/D,Cañda ocupante,S/D,S/D,S/D,S/D
2020,8072,2020-11-23,Lunes,7:59:00,,0,1,Moto/Ciclomotor,Grandoli Y J.M.Gutierrez,1,0,1,0,0,0,0,"-32.99341, -60.62875",S/D,,ROSARIO,Rosario,S/D,S/D,II,S/D,S/D,S/D,S/D,S/D,S/D,S/D,S/D,S/D,S/D,S/D,Otro,S/D,S/D,S/D,S/D
2020,8073,2020-06-24,Miercoles,0:00:00,,0,1,Bicicleta,Italia Y San Lorenzo,1,1,0,0,0,0,0,"-32.942397594451926,-60.64729392528",Calle,,ROSARIO,Rosario,Asfalto,No existe,II,Dentro,Urbana,Semáforo,Funciona,Intersección,S/D,S/D,Nocturna,S/D,S/D,S/D,Cañda ocupante,S/D,"Horizontal,Vertical",Ninguna,S/D
2020,8074,2020-11-23,Lunes,9:00:00,,0,1,Moto/Ciclomotor,,1,0,1,0,0,0,0,"-32.95896, -60.69656",S/D,,ROSARIO,Rosario,S/D,S/D,II,S/D,S/D,S/D,S/D,S/D,S/D,S/D,S/D,S/D,S/D,S/D,Otro,S/D,S/D,S/D,S/D
2020,8075,2020-09-19,Sabado,16:15:00,,0,1,Moto/Ciclomotor,Barra Y Zuviria,1,1,0,0,0,0,0,"-32.936769420723,-60.706976772873",Calle,,ROSARIO,Rosario,Asfalto,No existe,II,Dentro,Urbana,Ninguna,No existe,Intersección,S/D,S/D,Diurna,S/D,S/D,S/D,Otro,S/D,Faltante,Ninguna,S/D
2020,8076,2020-11-24,Martes,6:29:00,Ruta Provincial 14,0,1,Moto/Ciclomotor,,1,1,0,0,0,0,0,"-33.02132, -60.75566",Ruta,14,ROSARIO,Rosario,S/D,S/D,II,S/D,S/D,S/D,S/D,S/D,S/D,S/D,S/D,S/D,S/D,S/D,Otro,S/D,S/D,S/D,S/D
2020,8077,2020-11-24,Martes,13:00:00,,0,2,"Moto/Ciclomotor,Moto/Ciclomotor",Bv. Segui Y J.M.de Rosas,2,2,0,0,0,0,0,"-32.98043, -60.6395",S/D,,ROSARIO,Rosario,S/D,S/D,II,S/D,S/D,S/D,S/D,S/D,S/D,S/D,S/D,S/D,S/D,S/D,Otro,S/D,S/D,S/D,S/D
2020,8078,2020-11-24,Martes,17:30:00,,0,1,Bicicleta,BV. SEGUI Y JUAN PABLO II,1,1,0,0,0,0,0,"-32.97301, -60.68042",S/D,,ROSARIO,Rosario,S/D,S/D,II,S/D,S/D,S/D,S/D,S/D,S/D,S/D,S/D,S/D,S/D,Ciclista,"Atropello,Otro",S/D,S/D,S/D,S/D
2020,8079,2020-11-24,Martes,19:30:00,,0,1,Otros,Av. Circunvalacion Y Av. Uriburu,1,1,0,0,0,0,0,"-32.99236, -60.70276",S/D,,ROSARIO,Rosario,S/D,S/D,II,S/D,S/D,S/D,S/D,S/D,S/D,S/D,S/D,S/D,S/D,S/D,Otro,S/D,S/D,S/D,S/D
2020,8080,2020-07-25,Sabado,16:30:00,,0,2,"Peatón,Otros",Vera Mujica Y Cordoba,2,1,0,0,0,0,1,"-32.95883, -60.693",Calle,,ROSARIO,Rosario,Asfalto,S/D,II,Dentro,Urbana,S/D,S/D,Intersección,S/D,S/D,Diurna,S/D,S/D,Peatón,Atropello,S/D,S/D,S/D,S/D
2020,8082,2020-11-24,Martes,15:00:00,,0,1,Peatón,Bv. Oroño Y Av. Lugones,1,1,0,0,0,0,0,"-32.95835, -60.65702",S/D,,ROSARIO,Rosario,S/D,S/D,II,S/D,S/D,S/D,S/D,S/D,S/D,S/D,S/D,S/D,S/D,Peatón,"Atropello,Otro",S/D,S/D,S/D,S/D
2020,8083,2020-11-24,Martes,21:29:00,,0,1,Moto/Ciclomotor,,1,1,0,0,0,0,0,"-32.95886, -60.69395",S/D,,ROSARIO,Rosario,S/D,S/D,II,S/D,S/D,S/D,S/D,S/D,S/D,S/D,S/D,S/D,S/D,S/D,Otro,S/D,S/D,S/D,S/D
2020,8084,2020-11-24,Martes,21:29:00,,0,1,Bicicleta,,1,1,0,0,0,0,0,"-32.85829, -60.70377",S/D,,GRANADERO BAIGORRIA,Rosario,S/D,S/D,II,S/D,S/D,S/D,S/D,S/D,S/D,S/D,S/D,S/D,S/D,Ciclista,"Atropello,Otro",S/D,S/D,S/D,S/D
2020,8085,2020-11-25,Miercoles,0:00:00,,0,1,Moto/Ciclomotor,San Martin Y Garay,1,1,0,0,0,0,0,"-32.97477, -60.6437",S/D,,ROSARIO,Rosario,S/D,S/D,II,S/D,S/D,S/D,S/D,S/D,S/D,S/D,S/D,S/D,S/D,S/D,Otro,S/D,S/D,S/D,S/D
2020,8086,2020-11-25,Miercoles,7:59:00,,0,1,Moto/Ciclomotor,Pte.Roca Y Riobamba,1,1,0,0,0,0,0,"-32.96183, -60.6493",S/D,,ROSARIO,Rosario,S/D,S/D,II,S/D,S/D,S/D,S/D,S/D,S/D,S/D,S/D,S/D,S/D,S/D,Otro,S/D,S/D,S/D,S/D
2020,8087,2020-11-25,Miercoles,10:00:00,,0,1,Moto/Ciclomotor,,1,1,0,0,0,0,0,"-32.95652, -60.69011",S/D,,ROSARIO,Rosario,S/D,S/D,II,S/D,S/D,S/D,S/D,S/D,S/D,S/D,S/D,S/D,S/D,S/D,Otro,S/D,S/D,S/D,S/D
2020,8088,2020-11-25,Miercoles,14:44:00,,0,1,Bicicleta,Garzon Y Velez Sarsfield,1,0,1,0,0,0,0,"-32.9259, -60.70627",S/D,,ROSARIO,Rosario,S/D,S/D,II,S/D,S/D,S/D,S/D,S/D,S/D,S/D,S/D,S/D,S/D,Ciclista,"Atropello,Otro",S/D,S/D,S/D,S/D
2020,8089,2020-11-25,Miercoles,22:00:00,,0,1,Automóvil,,1,0,1,0,0,0,0,"-32.95643, -60.69418",S/D,,ROSARIO,Rosario,S/D,S/D,II,S/D,S/D,S/D,S/D,S/D,S/D,S/D,S/D,S/D,S/D,S/D,Otro,S/D,S/D,S/D,S/D
2020,8090,2020-11-27,Viernes,18:00:00,,0,1,Moto/Ciclomotor,Matienzo Y Junin,1,0,1,0,0,0,0,"-32.92717, -60.69522",S/D,,ROSARIO,Rosario,S/D,S/D,II,S/D,S/D,S/D,S/D,S/D,S/D,S/D,S/D,S/D,S/D,S/D,Otro,S/D,S/D,S/D,S/D
2020,8091,2020-11-27,Viernes,,,0,1,Moto/Ciclomotor,Salvat Y Villa del Parque,1,1,0,0,0,0,0,"-32.88364, -60.72822",S/D,,ROSARIO,Rosario,S/D,S/D,II,S/D,S/D,S/D,S/D,S/D,S/D,S/D,S/D,S/D,S/D,S/D,Otro,S/D,S/D,S/D,S/D