anio_acci,nro_acci,fecha,desc_dia,hora_aprox,desc_ruta,km,cant_participantes,desc_participante,calle_avenida_km,total,heridos_leves,heridos_graves,heridos_gravisimos,ilesos,fallecidos,sin_datos,posicion_XY,desc_tipo_via,desc_ruta_ori,desc_loc,desc_dpto,desc_tipo_calzada,desc_tipo_banquina,desc_unidad_regional,desc_lugar_calzada,desc_zona,desc_prioridad,desc_estado_semaforo,desc_lugar_via,desc_estado_via,desc_estado_visibilidad,desc_luminosidad,desc_estado_clima,desc_tipo_colision,desc_tipo_atropello,desc_tipo_hecho,desc_pres_calzada,desc_senializacion,desc_separacion_via,desc_restriccion
2020,8092,2020-11-28,Sabado,,,0,1,Pickup/Utilitario,,1,1,0,0,0,0,0,"-33.10953, -60.79586",S/D,,PIÑERO,Rosario,S/D,S/D,II,S/D,S/D,S/D,S/D,S/D,S/D,S/D,S/D,S/D,S/D,S/D,Otro,S/D,S/D,S/D,S/D
2020,8093,2020-11-28,Sabado,0:00:00,,0,1,Moto/Ciclomotor,Saavedra Y Cafferata,1,0,1,0,0,0,0,"-32.97209, -60.67892",S/D,,ROSARIO,Rosario,S/D,S/D,II,S/D,S/D,S/D,S/D,S/D,S/D,S/D,S/D,S/D,S/D,S/D,Otro,S/D,S/D,S/D,S/D
2020,8094,2020-11-28,Sabado,6:00:00,,0,1,Moto/Ciclomotor,Tucuman Y Entre Rios,1,0,1,0,0,0,0,"-32.94134, -60.63978",S/D,,ROSARIO,Rosario,S/D,S/D,II,S/D,S/D,S/D,S/D,S/D,S/D,S/D,S/D,S/D,S/D,S/D,Otro,S/D,S/D,S/D,S/D
2020,8095,2020-11-28,Sabado,19:00:00,,0,1,Moto/Ciclomotor,Cochabamba Y Mariano Moreno,1,1,0,0,0,0,0,"-32.95623, -60.65358",S/D,,ROSARIO,Rosario,S/D,S/D,II,S/D,S/D,S/D,S/D,S/D,S/D,S/D,S/D,S/D,S/D,S/D,Otro,S/D,S/D,S/D,S/D
2020,8096,2020-11-28,Sabado,19:00:00,,0,1,Bicicleta,Valparaiso Y Av. Eva Peron,1,1,0,0,0,0,0,"-32.93864, -60.68183",S/D,,ROSARIO,Rosario,S/D,S/D,II,S/D,S/D,S/D,S/D,S/D,S/D,S/D,S/D,S/D,S/D,Ciclista,"Atropello,Otro",S/D,S/D,S/D,S/D
2020,8097,2020-11-29,Domingo,0:00:00,,0,1,Moto/Ciclomotor,Velez Sarfield,1,0,1,0,0,0,0,"-31.25355, -61.50459",S/D,,RAFAELA,Castellanos,S/D,S/D,V,S/D,S/D,S/D,S/D,S/D,S/D,S/D,S/D,S/D,S/D,S/D,Otro,S/D,S/D,S/D,S/D
2020,8098,2020-07-25,Sabado,23:00:00,,0,1,Automóvil,,1,1,0,0,0,0,0,"-32.95883, -60.693",S/D,,ROSARIO,Rosario,S/D,S/D,II,S/D,S/D,S/D,S/D,S/D,S/D,S/D,Nocturna,S/D,S/D,S/D,S/D,S/D,S/D,S/D,S/D
2020,8099,2020-11-30,Lunes,7:00:00,,0,1,Moto/Ciclomotor,Bv. Wilde,1,1,0,0,0,0,0,"-32.92818, -60.73903",S/D,,ROSARIO,Rosario,S/D,S/D,II,S/D,S/D,S/D,S/D,S/D,S/D,S/D,S/D,S/D,S/D,S/D,Otro,S/D,S/D,S/D,S/D
2020,8100,2020-07-26,Domingo,11:20:00,,0,1,Automóvil,Av. Pellegrini,1,1,0,0,0,0,0,"-32.95883, -60.693",Calle,,ROSARIO,Rosario,Asfalto,S/D,II,Dentro,Urbana,S/D,S/D,Intersección,S/D,S/D,Diurna,S/D,S/D,S/D,S/D,S/D,S/D,S/D,S/D
2020,8101,2020-11-30,Lunes,9:00:00,,0,1,Moto/Ciclomotor,Miller 1800,1,0,1,0,0,0,0,"-32.9001, -60.70671",S/D,,ROSARIO,Rosario,S/D,S/D,II,S/D,S/D,S/D,S/D,S/D,S/D,S/D,S/D,S/D,S/D,S/D,Otro,S/D,S/D,S/D,S/D
2020,8102,2020-11-30,Lunes,12:29:00,,0,1,Moto/Ciclomotor,Virasoro Y Alsina,1,1,0,0,0,0,0,"-32.96309, -60.68232",S/D,,ROSARIO,Rosario,S/D,S/D,II,S/D,S/D,S/D,S/D,S/D,S/D,S/D,S/D,S/D,S/D,S/D,Otro,S/D,S/D,S/D,S/D
2020,8103,2020-11-30,Lunes,19:59:00,,0,1,Moto/Ciclomotor,F.More Y Urquiza,1,1,0,0,0,0,0,"-32.93294, -60.69376",S/D,,ROSARIO,Rosario,S/D,S/D,II,S/D,S/D,S/D,S/D,S/D,S/D,S/D,S/D,S/D,S/D,S/D,Otro,S/D,S/D,S/D,S/D
2020,8104,2020-07-26,Domingo,20:50:00,,0,1,Moto/Ciclomotor,,1,1,0,0,0,0,0,"-32.95883, -60.693",Calle,,ROSARIO,Rosario,S/D,S/D,II,Dentro,Urbana,S/D,S/D,S/D,S/D,S/D,Nocturna,S/D,S/D,S/D,Colisión,S/D,S/D,S/D,S/D
2020,8105,2020-07-26,Domingo,17:20:00,,0,1,Otros,Cordoba Y Alvear,1,1,0,0,0,0,0,"-32.95883, -60.693",Calle,,ROSARIO,Rosario,S/D,S/D,II,Dentro,Urbana,S/D,S/D,Intersección,S/D,S/D,Diurna,S/D,S/D,S/D,S/D,S/D,S/D,S/D,S/D
2020,8106,2020-07-27,Lunes,15:40:00,,0,1,Bicicleta,Galvez Y Matienzo,1,1,0,0,0,0,0,"-32.95883, -60.693",Calle,,ROSARIO,Rosario,Asfalto,S/D,II,Dentro,Urbana,S/D,S/D,S/D,S/D,S/D,Diurna,S/D,S/D,Ciclista,Atropello,S/D,S/D,S/D,S/D
2020,8107,2020-07-27,Lunes,16:00:00,,0,1,Moto/Ciclomotor,9 De Julio 3100,1,1,0,0,0,0,0,"-32.95883, -60.693",Calle,,ROSARIO,Rosario,Asfalto,S/D,II,Dentro,Urbana,S/D,No existe,Intersección,S/D,S/D,Diurna,S/D,S/D,S/D,S/D,S/D,S/D,S/D,S/D
2020,8108,2020-07-30,Jueves,21:00:00,,0,1,Bicicleta,Castagnino Y Pavlov,1,1,0,0,0,0,0,"-32.95883, -60.693",Calle,,ROSARIO,Rosario,Asfalto,S/D,II,Dentro,Urbana,S/D,S/D,Intersección,S/D,S/D,Nocturna,S/D,S/D,S/D,S/D,S/D,S/D,S/D,S/D
2020,8109,2020-07-30,Jueves,12:00:00,,0,1,Moto/Ciclomotor,Av. Pellegrini,1,1,0,0,0,0,0,"-32.95883, -60.693",Calle,,ROSARIO,Rosario,Asfalto,S/D,II,Dentro,Urbana,S/D,S/D,Intersección,S/D,S/D,Diurna,S/D,S/D,S/D,S/D,S/D,S/D,S/D,S/D
2020,8110,2020-07-30,Jueves,20:20:00,,0,1,Bicicleta,Av. Pellegrini,1,1,0,0,0,0,0,"-32.95883, -60.693",Calle,,ROSARIO,Rosario,Asfalto,S/D,II,Dentro,Urbana,S/D,S/D,Intersección,S/D,S/D,Diurna,S/D,S/D,S/D,S/D,S/D,S/D,S/D,S/D
2020,8111,2020-07-30,Jueves,21:40:00,,0,1,Automóvil,,1,1,0,0,0,0,0,"-32.95883, -60.693",S/D,,ROSARIO,Rosario,S/D,No existe,II,S/D,S/D,S/D,No existe,Puente,S/D,S/D,Nocturna,S/D,S/D,S/D,S/D,S/D,S/D,S/D,S/D
2020,8112,2020-10-20,Martes,2:37:00,Ruta Provincial 13,0,2,"Camión c / Semirremolque,Moto/Ciclomotor",Ruta Pcial 13 118,3,1,1,0,1,0,0,"-31.52215, -61.7255",Ruta,13,ESTACIÓN CLUCELLAS,Castellanos,Asfalto,Natural,V,Dentro,Rural,Marca Vial,No existe,Recta,Bueno,Buena,Amanecer,Buen Tiempo,De alcance,S/D,Colisión,Ninguna,Horizontal,Línea divisoria pintada,Sin restricción
2020,8113,2020-11-17,Martes,4:30:00,Ruta Nacional 19,0,1,Automóvil,,2,1,0,0,1,0,0,"-31.43037, -62.01831",Ruta,19,JOSEFINA,Castellanos,Asfalto,Natural,V,Dentro,Rural,Ninguna,No existe,Recta,Bueno,Buena,Nocturna,Buen Tiempo,Atropello animal,S/D,Colisión,Ninguna,S/D,Línea divisoria pintada,Sin restricción
2020,8114,2020-11-20,Viernes,22:30:00,,0,1,Moto/Ciclomotor,,1,1,0,0,0,0,0,"-30.822, -61.74473",Camino Rural,,TACURALES,Castellanos,Tierra,No existe,V,S/D,Rural,Ninguna,No existe,Recta,Bueno,Reducida,Nocturna,Buen Tiempo,Atropello animal,S/D,Colisión,Ninguna,Faltante,Ninguna,Sin restricción
2020,8115,2020-11-04,Miercoles,15:45:00,Ruta Nacional 34,0,2,"Automóvil,Camión c / Acoplado",,3,2,0,0,0,0,1,"-31.54799, -61.53082",Ruta,34,ANGÉLICA,Castellanos,Asfalto,Natural,V,Dentro,Rural,Ninguna,No existe,Recta,Bueno,Buena,Diurna,Buen Tiempo,Lateral,S/D,Colisión,Ninguna,Horizontal,Vegetación,Sin restricción
2020,8116,2020-11-06,Viernes,19:55:00,,0,2,"Automóvil,Moto/Ciclomotor",Ayohuma Y Santa Fe,2,1,0,0,1,0,0,"-31.12862, -61.44982",Calle,,LEHMANN,Castellanos,Ripio,No existe,V,Dentro,Urbana,Ninguna,No existe,Intersección,Deteriorada,Reducida polvo,Atardecer,Buen Tiempo,Lateral,S/D,Colisión,Ninguna,Faltante,Vegetación,Sin restricción
2020,8117,2020-11-28,Sabado,,Ruta Nacional 34,0,1,Automóvil,,2,2,0,0,0,0,0,"-31.55054, -61.54577",Ruta,34,ANGÉLICA,Castellanos,Hormigón,Natural,V,S/D,S/D,S/D,No existe,Recta,Bueno,S/D,S/D,S/D,S/D,S/D,S/D,Agua,S/D,S/D,S/D
2020,8119,2020-10-01,Jueves,0:00:00,,0,1,Bicicleta,Bv. Avellaneda Y Garay,1,1,0,0,0,0,0,"-32.95883, -60.693",Calle,,ROSARIO,Rosario,Asfalto,S/D,II,Dentro,Urbana,S/D,S/D,Intersección,S/D,S/D,Nocturna,S/D,S/D,S/D,S/D,S/D,S/D,S/D,S/D
2020,8120,2020-10-02,Viernes,11:35:00,,0,2,"Otros,Peatón",Francia F Y Fraga,2,1,0,0,0,0,1,"-32.95883, -60.693",Calle,,ROSARIO,Rosario,Asfalto,S/D,II,Dentro,Urbana,S/D,S/D,Intersección,S/D,S/D,Diurna,S/D,S/D,Peatón,Atropello,S/D,S/D,S/D,S/D
2020,8121,2020-10-02,Viernes,14:10:00,,0,1,Moto/Ciclomotor,Pte.Roca Y Dr.Rivas,1,1,0,0,0,0,0,"-32.95883, -60.693",Calle,,ROSARIO,Rosario,Asfalto,S/D,II,Dentro,Urbana,S/D,S/D,Intersección,S/D,S/D,Diurna,S/D,S/D,S/D,S/D,S/D,S/D,S/D,S/D
2020,8122,2020-10-02,Viernes,18:30:00,,0,1,Moto/Ciclomotor,Blas Parera Y Calvo,1,1,0,0,0,0,0,"-32.95883, -60.693",Calle,,ROSARIO,Rosario,Asfalto,S/D,II,Dentro,Urbana,S/D,S/D,Intersección,S/D,S/D,Diurna,S/D,S/D,S/D,S/D,S/D,S/D,S/D,S/D
2020,8123,2020-10-02,Viernes,,,0,1,Moto/Ciclomotor,,1,1,0,0,0,0,0,"-32.95883, -60.693",S/D,,ROSARIO,Rosario,S/D,S/D,II,Dentro,Urbana,S/D,S/D,S/D,S/D,S/D,Diurna,S/D,S/D,S/D,S/D,S/D,S/D,S/D,S/D
2020,8124,2020-10-03,Sabado,15:15:00,,0,1,Moto/Ciclomotor,,1,1,0,0,0,0,0,"-32.95883, -60.693",Calle,,ROSARIO,Rosario,Asfalto,S/D,II,S/D,S/D,S/D,S/D,Intersección,S/D,S/D,Diurna,S/D,S/D,S/D,S/D,S/D,S/D,S/D,S/D
2020,8125,2020-10-03,Sabado,,,0,1,Moto/Ciclomotor,Gaboto Y Campbell,1,1,0,0,0,0,0,"-32.95883, -60.693",Calle,,ROSARIO,Rosario,Asfalto,S/D,II,S/D,S/D,S/D,S/D,Intersección,S/D,S/D,Diurna,S/D,S/D,S/D,S/D,S/D,S/D,S/D,S/D
2020,8126,2020-10-04,Domingo,16:00:00,,0,1,Moto/Ciclomotor,,1,1,0,0,0,0,0,"-32.95883, -60.693",S/D,,ROSARIO,Rosario,S/D,S/D,II,S/D,S/D,S/D,No existe,S/D,S/D,S/D,Diurna,S/D,S/D,S/D,S/D,S/D,S/D,S/D,S/D
2020,8127,2020-10-04,Domingo,14:45:00,,0,1,Moto/Ciclomotor,Bv. Avellaneda 2000,1,1,0,0,0,0,0,"-32.95883, -60.693",Avenida,,ROSARIO,Rosario,S/D,S/D,II,Dentro,Urbana,S/D,S/D,Intersección,S/D,S/D,Diurna,S/D,S/D,S/D,S/D,S/D,S/D,Ninguna,S/D
2020,8128,2020-10-05,Lunes,,,0,1,Moto/Ciclomotor,Ayolas Y Bv. Oro�o,1,1,0,0,0,0,0,"    -32.97518, -60.66137",Avenida,,ROSARIO,Rosario,Asfalto,S/D,II,Dentro,Urbana,S/D,S/D,Intersección,S/D,S/D,Diurna,S/D,S/D,S/D,S/D,S/D,S/D,S/D,S/D
2020,8129,2020-10-05,Lunes,0:30:00,,0,1,Moto/Ciclomotor,,1,1,0,0,0,0,0,"-32.95883, -60.693",S/D,,ROSARIO,Rosario,S/D,S/D,II,Dentro,Urbana,S/D,S/D,Intersección,S/D,S/D,Nocturna,S/D,S/D,S/D,S/D,S/D,S/D,S/D,S/D
2020,8130,2020-10-07,Miercoles,21:30:00,,0,1,Moto/Ciclomotor,Av. Circunvalacion,1,1,0,0,0,0,0,"-29.1448, -59.64357",Avenida,,ROSARIO,Rosario,Asfalto,S/D,II,Dentro,Urbana,S/D,S/D,Recta,S/D,S/D,Nocturna,S/D,S/D,S/D,S/D,S/D,S/D,S/D,S/D
2020,8131,2020-10-07,Miercoles,23:10:00,,0,1,Moto/Ciclomotor,E.Zeballos,1,1,0,0,0,0,0,"-32.95883, -60.693",Calle,,ROSARIO,Rosario,Asfalto,S/D,II,Dentro,Urbana,S/D,S/D,Intersección,S/D,S/D,Nocturna,S/D,S/D,S/D,S/D,S/D,S/D,S/D,S/D
2020,8132,2020-10-07,Miercoles,10:00:00,,0,1,Moto/Ciclomotor,Rioja 1618,1,1,0,0,0,0,0,"    -32.94627, -60.64573",Calle,,ROSARIO,Rosario,Asfalto,S/D,II,Dentro,Urbana,S/D,S/D,Recta,S/D,S/D,Nocturna,S/D,S/D,S/D,S/D,S/D,S/D,S/D,S/D
2020,8133,2020-10-08,Jueves,10:30:00,,0,1,Moto/Ciclomotor,3 De Febrero Y Bv. Avellaneda,1,1,0,0,0,0,0,"-32.95883, -60.693",Avenida,,ROSARIO,Rosario,Asfalto,S/D,II,Dentro,Urbana,S/D,S/D,Intersección,S/D,S/D,Nocturna,S/D,S/D,S/D,S/D,S/D,S/D,S/D,S/D
2020,8134,2020-10-08,Jueves,15:00:00,,0,1,Moto/Ciclomotor,Cafferata,1,1,0,0,0,0,0,"-32.95883, -60.693",Calle,,ROSARIO,Rosario,Asfalto,S/D,II,Dentro,Urbana,S/D,S/D,Intersección,S/D,S/D,Diurna,S/D,S/D,S/D,S/D,S/D,S/D,S/D,S/D
2020,8135,2020-10-11,Domingo,6:10:00,,0,1,Moto/Ciclomotor,,2,2,0,0,0,0,0,"-32.95883, -60.693",Calle,,ROSARIO,Rosario,Asfalto,S/D,II,Dentro,Urbana,S/D,S/D,Intersección,S/D,S/D,Amanecer,S/D,S/D,S/D,S/D,S/D,S/D,S/D,S/D
2020,8136,2020-10-12,Lunes,20:00:00,,0,1,Moto/Ciclomotor,Av. Circunvalacion Y Av. Ovidio Lagos,1,1,0,0,0,0,0,"-32.95883, -60.693",Avenida,,ROSARIO,Rosario,Asfalto,S/D,II,Dentro,Urbana,S/D,S/D,Intersección,Bueno,S/D,Diurna,S/D,S/D,S/D,S/D,S/D,S/D,S/D,S/D
2020,8137,2020-10-16,Viernes,19:10:00,,0,1,Moto/Ciclomotor,,1,1,0,0,0,0,0,"-32.74734, -60.75485",S/D,,ROSARIO,Rosario,Asfalto,S/D,II,S/D,S/D,S/D,S/D,Intersección,S/D,S/D,Diurna,S/D,S/D,S/D,S/D,S/D,S/D,S/D,S/D
2020,8138,2020-10-18,Domingo,10:10:00,,0,1,Moto/Ciclomotor,Pje. 1001 Y Cerrito,1,1,0,0,0,0,0,"-32.95883, -60.693",Calle,,ROSARIO,Rosario,Asfalto,S/D,II,Dentro,Urbana,S/D,S/D,Intersección,S/D,S/D,Diurna,S/D,S/D,S/D,S/D,S/D,S/D,S/D,S/D
2020,8139,2020-10-18,Domingo,11:15:00,,0,1,Moto/Ciclomotor,Callao Y Pte.Quintana,1,1,0,0,0,0,0,"-32.95883, -60.693",Calle,,ROSARIO,Rosario,Asfalto,S/D,II,Dentro,Urbana,S/D,S/D,Intersección,S/D,S/D,Diurna,S/D,S/D,S/D,S/D,S/D,S/D,S/D,S/D
2020,8140,2020-10-19,Lunes,8:30:00,,0,2,"Moto/Ciclomotor,Peatón",Av. Circunvalacion,2,0,1,0,0,0,1,"-32.95883, -60.693",Avenida,,ROSARIO,Rosario,Asfalto,S/D,II,Dentro,Urbana,S/D,No existe,Intersección,S/D,S/D,Diurna,S/D,S/D,S/D,S/D,S/D,S/D,S/D,S/D
2020,8141,2020-10-20,Martes,9:30:00,,0,1,Moto/Ciclomotor,Bv. Avellaneda,1,1,0,0,0,0,0,"-32.95883, -60.693",Avenida,,ROSARIO,Rosario,S/D,S/D,II,Dentro,Urbana,S/D,S/D,S/D,S/D,S/D,Diurna,S/D,S/D,S/D,S/D,S/D,S/D,S/D,S/D
2020,8142,2020-10-21,Miercoles,20:30:00,,0,1,Moto/Ciclomotor,Av. Provincias Unidas Y Cochabamba,1,1,0,0,0,0,0,"-32.95883, -60.693",Calle,,ROSARIO,Rosario,S/D,No existe,II,Dentro,Urbana,S/D,S/D,Intersección,S/D,S/D,Diurna,S/D,S/D,S/D,S/D,Agua,S/D,S/D,S/D
2020,8143,2020-10-22,Jueves,1:10:00,,0,1,Automóvil,Santa Fe 500,1,0,1,0,0,0,0,"-32.95883, -60.693",Calle,,ROSARIO,Rosario,Asfalto,Ripio,II,Dentro,Urbana,S/D,S/D,Recta,S/D,S/D,Nocturna,S/D,S/D,S/D,Vuelco,S/D,S/D,S/D,S/D
2020,8144,2020-10-22,Jueves,16:30:00,,0,1,Moto/Ciclomotor,Crespo Y Amenabar,1,1,0,0,0,0,0,"-32.95883, -60.693",Calle,,ROSARIO,Rosario,Asfalto,S/D,II,Dentro,Urbana,S/D,S/D,Intersección,S/D,S/D,Diurna,S/D,S/D,S/D,S/D,S/D,S/D,S/D,S/D
2020,8145,2020-10-24,Sabado,22:25:00,,0,1,Bicicleta,Av. Alberti Y Jose Ingenieros,1,1,0,0,0,0,0,"    -32.91636, -60.6848",Calle,,ROSARIO,Rosario,S/D,S/D,II,Dentro,Urbana,S/D,S/D,S/D,S/D,S/D,Diurna,S/D,S/D,S/D,S/D,S/D,S/D,S/D,S/D
2020,8146,2020-10-24,Sabado,2:00:00,,0,1,Moto/Ciclomotor,Camilo Aldao B Y Bv. Segui,1,1,0,0,0,0,0,"-32.95883, -60.693",Avenida,,ROSARIO,Rosario,Asfalto,S/D,II,Dentro,Urbana,S/D,S/D,Intersección,S/D,S/D,Nocturna,S/D,S/D,S/D,S/D,S/D,S/D,S/D,S/D
2020,8147,2020-10-25,Domingo,,,0,1,Moto/Ciclomotor,Av. Ovidio Lagos Y Av. Pellegrini,1,1,0,0,0,0,0,"-32.95883, -60.693",Calle,,ROSARIO,Rosario,Asfalto,S/D,II,Dentro,Urbana,S/D,S/D,Intersección,S/D,S/D,Diurna,S/D,S/D,S/D,S/D,S/D,S/D,S/D,S/D
2020,8148,2020-10-26,Lunes,23:40:00,,0,1,Automóvil,,1,1,0,0,0,0,0,"-32.97518, -60.66137",S/D,,PAVÓN ARRIBA,Constitución,S/D,S/D,VI,S/D,S/D,S/D,S/D,S/D,S/D,S/D,Nocturna,S/D,S/D,S/D,S/D,S/D,S/D,S/D,S/D
2020,8149,2020-10-28,Miercoles,18:30:00,,0,1,Moto/Ciclomotor,Bv. Avellaneda,1,1,0,0,0,0,0,"-32.95883, -60.693",Avenida,,ROSARIO,Rosario,Asfalto,S/D,II,Dentro,Urbana,S/D,S/D,Intersección,S/D,S/D,Atardecer,S/D,S/D,S/D,S/D,S/D,S/D,S/D,S/D
2020,8150,2020-10-31,Sabado,1:43:00,,0,1,Moto/Ciclomotor,Mendoza,1,1,0,0,0,0,0,"    -32.94045, -60.72179",Calle,,ROSARIO,Rosario,Asfalto,S/D,II,Dentro,Urbana,S/D,S/D,Intersección,S/D,S/D,Diurna,S/D,S/D,S/D,S/D,S/D,S/D,S/D,S/D
2020,8151,2020-10-31,Sabado,21:45:00,,0,1,Moto/Ciclomotor,P.Rivarola Y Av. De Las Palmeras,1,1,0,0,0,0,0,"-32.74734, -60.75485",Avenida,,ROSARIO,Rosario,Asfalto,S/D,II,Dentro,Urbana,S/D,S/D,Intersección,S/D,S/D,Nocturna,S/D,S/D,S/D,S/D,S/D,S/D,S/D,S/D
2020,8152,2020-10-08,Jueves,,,0,2,"Pickup/Utilitario,Automóvil",,2,0,0,0,0,1,1,"    -28.35005, -59.26001",S/D,,LAS TOSCAS,General Obligado,S/D,S/D,IX,S/D,S/D,S/D,S/D,S/D,S/D,S/D,S/D,S/D,S/D,S/D,Colisión,S/D,S/D,S/D,S/D
2020,8153,2020-10-26,Lunes,,,0,2,"Bicicleta,Automóvil",,2,0,0,0,0,1,1,"    -28.61522, -61.66364",S/D,,TOSTADO,9 de Julio,S/D,S/D,XII,S/D,S/D,S/D,S/D,S/D,S/D,S/D,S/D,S/D,S/D,Ciclista,Atropello,S/D,S/D,S/D,S/D
2020,8154,2020-11-29,Domingo,0:05:00,,0,1,Moto/Ciclomotor,Olavarria Bis Y Olive,1,1,0,0,0,0,0,"-32.91356, -60.70469",Calle,,ROSARIO,Rosario,Asfalto,No existe,II,Dentro,Urbana,S/D,S/D,Intersección,Bueno,Buena,Nocturna,S/D,S/D,S/D,Colisión,S/D,S/D,S/D,S/D
2020,8155,2020-12-02,Miercoles,16:00:00,,0,1,Moto/Ciclomotor,Av. Corrientes Y Viamonte,1,1,0,0,0,0,0,"-32.964552149398,-60.647107971038",Avenida,,ROSARIO,Rosario,Asfalto,No existe,II,Dentro,Urbana,Ninguna,No existe,Intersección,Bueno,Buena,Diurna,Buen Tiempo,S/D,S/D,Otro,Ninguna,Horizontal,"Línea divisoria pintada,S/D",Sin restricción
2020,8156,2020-11-28,Sabado,0:05:00,,0,1,Moto/Ciclomotor,Bv. 27 De Febrero Y Vera Mujica,1,1,0,0,0,0,0,"-32.96253113938,-60.672245640321",Avenida,,ROSARIO,Rosario,Hormigón,No existe,II,Dentro,Urbana,S/D,S/D,Otro,Bueno,Buena,Nocturna,Buen Tiempo,S/D,S/D,Colisión,S/D,S/D,"Cordón divisorio,S/D",Sin restricción
2020,8157,2020-12-03,Jueves,,,0,1,Moto/Ciclomotor,,1,1,0,0,0,0,0,"-32.95883, -60.693",S/D,,ROSARIO,Rosario,S/D,S/D,II,S/D,S/D,S/D,S/D,S/D,S/D,S/D,S/D,S/D,S/D,S/D,S/D,S/D,S/D,S/D,S/D
2020,8158,2020-12-02,Miercoles,0:05:00,,0,1,Moto/Ciclomotor,,1,1,0,0,0,0,0,"    -32.95871, -60.69303",S/D,,ROSARIO,Rosario,S/D,S/D,II,S/D,S/D,S/D,S/D,S/D,S/D,S/D,Nocturna,S/D,S/D,S/D,Colisión,S/D,S/D,S/D,S/D
2020,8159,2020-11-25,Miercoles,23:20:00,,0,1,Moto/Ciclomotor,Av. Eva Peron Y Donado,1,1,0,0,0,0,0,"-32.930378, -60.727391",Avenida,,ROSARIO,Rosario,Asfalto,No existe,II,Dentro,Urbana,Semáforo,Funciona,Intersección,S/D,S/D,Nocturna,S/D,S/D,S/D,Otro,S/D,"Horizontal,Vertical","Ninguna,S/D",S/D
2020,8160,2020-12-02,Miercoles,20:15:00,,0,1,Moto/Ciclomotor,Cullen Y Ituzaingo,1,1,0,0,0,0,0,"-32.952089879453,-60.708607591621",Calle,,ROSARIO,Rosario,Asfalto,No existe,II,Dentro,Urbana,Ninguna,No existe,Intersección,Bueno,Buena,Nocturna,Buen Tiempo,S/D,S/D,Colisión,Ninguna,Faltante,"Ninguna,S/D",Sin restricción
2020,8161,2020-12-01,Martes,18:00:00,,0,1,Moto/Ciclomotor,9 De Julio Y San Martin,1,1,0,0,0,0,0,"-32.954117950696,-60.638525011189",Calle,,ROSARIO,Rosario,Asfalto,No existe,II,Dentro,Urbana,Paso Peatonal,No existe,Intersección,S/D,S/D,Diurna,S/D,S/D,S/D,S/D,S/D,Horizontal,"Ninguna,S/D",S/D
2020,8163,2020-12-02,Miercoles,20:45:00,,0,1,Moto/Ciclomotor,Av. Genova Y Av. Provincias Unidas,1,1,0,0,0,0,0,"-32.916012724222,-60.7138704799",Avenida,,ROSARIO,Rosario,Asfalto,No existe,II,Dentro,Urbana,Semáforo,Funciona,Intersección,Bueno,Buena,Diurna,Buen Tiempo,S/D,S/D,Colisión,Ninguna,"Horizontal,Vertical","Cordón divisorio,Línea divisoria pintada,S/D",Sin restricción
2020,8164,2020-12-02,Miercoles,0:05:00,Ruta Provincial 18,0,1,Pickup/Utilitario,,1,1,0,0,0,0,0,"-32.95883, -60.693",Ruta,18,ROSARIO,Rosario,Asfalto,Ripio,II,S/D,S/D,S/D,S/D,Recta,Bueno,S/D,Nocturna,S/D,S/D,S/D,Colisión,S/D,Horizontal,"Línea divisoria pintada,S/D",Sin restricción
2020,8165,2020-12-04,Viernes,,,0,1,Moto/Ciclomotor,,2,2,0,0,0,0,0,"-32.95883, -60.693",S/D,,ROSARIO,Rosario,S/D,S/D,II,S/D,S/D,S/D,S/D,S/D,S/D,S/D,S/D,S/D,S/D,S/D,S/D,S/D,S/D,S/D,S/D
2020,8166,2020-12-04,Viernes,9:40:00,,0,1,Moto/Ciclomotor,Riobamba,1,1,0,0,0,0,0,"-32.95883, -60.693",S/D,,ROSARIO,Rosario,Asfalto,S/D,II,S/D,S/D,S/D,S/D,Intersección,S/D,S/D,Diurna,S/D,S/D,S/D,S/D,S/D,S/D,S/D,S/D
2020,8167,2020-12-05,Sabado,14:00:00,,0,1,Moto/Ciclomotor,Santa Fe Y Donado,1,1,0,0,0,0,0,"-32.95883, -60.693",S/D,,ROSARIO,Rosario,Asfalto,S/D,II,S/D,S/D,S/D,S/D,Intersección,S/D,S/D,Diurna,S/D,S/D,S/D,S/D,S/D,S/D,S/D,S/D
2020,8168,2020-12-06,Domingo,19:00:00,Autopista Nacional A008,0,1,Moto/Ciclomotor,Av. Circunvalacion,1,1,0,0,0,0,0,"    -32.9467, -60.72221",Autopista,A008,ROSARIO,Rosario,S/D,S/D,II,S/D,Urbana,S/D,S/D,S/D,S/D,S/D,Diurna,S/D,S/D,S/D,S/D,S/D,S/D,S/D,S/D
2020,8169,2020-12-06,Domingo,22:10:00,,0,1,Bicicleta,,1,0,1,0,0,0,0,"-32.74734, -60.75485",S/D,,VILLA GOBERNADOR GÁLVEZ,Rosario,S/D,S/D,II,S/D,S/D,S/D,S/D,S/D,S/D,S/D,S/D,S/D,S/D,Ciclista,"Cañda ocupante,Atropello",S/D,S/D,S/D,S/D
2020,8170,2020-12-06,Domingo,5:00:00,,0,1,Automóvil,Cordoba Y Lavalle,1,1,0,0,0,0,0,"    -32.93933, -60.67781",Calle,,ROSARIO,Rosario,Asfalto,S/D,II,Dentro,Urbana,S/D,S/D,Intersección,S/D,S/D,Nocturna,S/D,S/D,S/D,S/D,S/D,S/D,S/D,S/D
2020,8171,2020-12-07,Lunes,10:50:00,,0,1,Moto/Ciclomotor,Gorriti Y Echeverria Bis,1,1,0,0,0,0,0,"-32.95883, -60.693",Calle,,ROSARIO,Rosario,Asfalto,S/D,II,Dentro,Urbana,S/D,S/D,Intersección,S/D,S/D,Diurna,S/D,S/D,S/D,S/D,S/D,S/D,S/D,S/D
2020,8172,2020-12-07,Lunes,18:20:00,,0,1,Moto/Ciclomotor,,1,1,0,0,0,0,0,"-32.95883, -60.693",Calle,,ROSARIO,Rosario,S/D,S/D,II,Dentro,Urbana,S/D,S/D,S/D,S/D,S/D,Atardecer,S/D,S/D,S/D,S/D,S/D,S/D,S/D,S/D
2020,8173,2020-12-08,Martes,2:00:00,,0,2,"Bicicleta,Otros",España Y Av. Battle y Ordo�ez,2,1,0,0,0,0,1,"-32.95883, -60.693",Calle,,ROSARIO,Rosario,Asfalto,S/D,II,Dentro,Urbana,S/D,S/D,Intersección,S/D,S/D,Atardecer,S/D,S/D,Ciclista,Atropello,S/D,S/D,S/D,S/D
2020,8174,2020-12-08,Martes,7:50:00,,0,2,"Peatón,Otros",Saavedra Y Dr.Casal,2,1,0,0,0,0,1,"    -32.96962, -60.70286",Calle,,ROSARIO,Rosario,Asfalto,S/D,II,Dentro,Urbana,S/D,S/D,Intersección,S/D,S/D,Diurna,S/D,S/D,Peatón,Atropello,S/D,S/D,S/D,S/D
2020,8175,2020-12-08,Martes,15:40:00,,0,1,Moto/Ciclomotor,Pte.Quintana Y Camilo Aldao,1,1,0,0,0,0,0,"-32.95883, -60.693",Calle,,ROSARIO,Rosario,S/D,S/D,II,Dentro,Urbana,S/D,S/D,S/D,S/D,S/D,Diurna,S/D,S/D,S/D,S/D,S/D,S/D,S/D,S/D
2020,8176,2020-12-09,Miercoles,18:20:00,Autopista Nacional A008,0,1,Moto/Ciclomotor,Av. Circunvalacion Y Av. Pte.Peron,1,1,0,0,0,0,0,"    -32.97037, -60.7161",Autopista,A008,ROSARIO,Rosario,Asfalto,S/D,II,Dentro,Urbana,S/D,S/D,Intersección,S/D,S/D,Diurna,S/D,S/D,S/D,S/D,S/D,S/D,S/D,S/D
2020,8177,2020-12-09,Miercoles,18:30:00,,0,2,"Bicicleta,Otros",Ocampo 4300,2,1,0,0,0,0,1,"-32.95883, -60.693",Calle,,ROSARIO,Rosario,Asfalto,S/D,II,Dentro,Urbana,S/D,S/D,Recta,S/D,S/D,Atardecer,S/D,S/D,Ciclista,Atropello,S/D,S/D,S/D,S/D
2020,8178,2020-12-11,Viernes,16:45:00,,0,1,Moto/Ciclomotor,White,1,1,0,0,0,0,0,"-32.95883, -60.693",Calle,,ROSARIO,Rosario,Asfalto,S/D,II,Dentro,Urbana,S/D,S/D,Intersección,S/D,S/D,Atardecer,S/D,S/D,S/D,S/D,S/D,S/D,S/D,S/D